{
"type": "FeatureCollection",
"name": "fairway",
"crs": { "type": "name", "properties": { "name": "urn:ogc:def:crs:OGC:1.3:CRS84" } },
"features": [
{ "type": "Feature", "properties": { "DRVAL1": null, "OBJNAM": null, "NOBJNM": null, "TRAFIC": null, "INFORM": null, "SCAMIN": 90000 }, "geometry": { "type": "Polygon", "coordinates": [ [ [ 24.73621, 43.685751 ], [ 24.729616, 43.685936 ], [ 24.728968, 43.68596 ], [ 24.727907, 43.686017 ], [ 24.727024, 43.686073 ], [ 24.72568, 43.686177 ], [ 24.724319, 43.686332 ], [ 24.722501, 43.68655 ], [ 24.720927, 43.686789 ], [ 24.719789, 43.686994 ], [ 24.718365, 43.687272 ], [ 24.716459, 43.687758 ], [ 24.71481, 43.688186 ], [ 24.712536, 43.68884 ], [ 24.710362, 43.689558 ], [ 24.708898, 43.690188 ], [ 24.707887, 43.690734 ], [ 24.706243, 43.69164 ], [ 24.688685, 43.70134 ], [ 24.676845, 43.707155 ], [ 24.670497, 43.711785 ], [ 24.664981, 43.715878 ], [ 24.664997, 43.714804 ], [ 24.665047, 43.713592 ], [ 24.667179, 43.712152 ], [ 24.676124, 43.706161 ], [ 24.68786, 43.700141 ], [ 24.692768, 43.697484 ], [ 24.697369, 43.694844 ], [ 24.700181, 43.693271 ], [ 24.703447, 43.691511 ], [ 24.704745, 43.690854 ], [ 24.705962, 43.690261 ], [ 24.70799, 43.68927 ], [ 24.709895, 43.688435 ], [ 24.71109, 43.68797 ], [ 24.712096, 43.687612 ], [ 24.713305, 43.687193 ], [ 24.714892, 43.686612 ], [ 24.716942, 43.685935 ], [ 24.718469, 43.685553 ], [ 24.71982, 43.685247 ], [ 24.721155, 43.685013 ], [ 24.723119, 43.684747 ], [ 24.724533, 43.684614 ], [ 24.73567, 43.684051 ], [ 24.735921, 43.684892 ], [ 24.73621, 43.685751 ] ] ] } },
{ "type": "Feature", "properties": { "DRVAL1": null, "OBJNAM": null, "NOBJNM": null, "TRAFIC": null, "INFORM": null, "SCAMIN": 90000 }, "geometry": { "type": "Polygon", "coordinates": [ [ [ 28.617724, 44.100757 ], [ 28.618018, 44.100748 ], [ 28.618074, 44.100746 ], [ 28.621979, 44.100628 ], [ 28.621995, 44.100655 ], [ 28.62216, 44.10065 ], [ 28.622178, 44.100638 ], [ 28.62219, 44.10063 ], [ 28.622183, 44.100622 ], [ 28.622547, 44.100611 ], [ 28.625372, 44.100539 ], [ 28.63011, 44.100418 ], [ 28.632059, 44.100367 ], [ 28.637251, 44.100231 ], [ 28.63737, 44.100227 ], [ 28.642156, 44.10005 ], [ 28.642134, 44.099671 ], [ 28.642106, 44.09924 ], [ 28.637232, 44.099414 ], [ 28.632051, 44.099604 ], [ 28.630092, 44.099676 ], [ 28.625342, 44.099852 ], [ 28.622692, 44.099956 ], [ 28.622157, 44.099967 ], [ 28.62215, 44.09996 ], [ 28.62214, 44.09995 ], [ 28.62213, 44.09994 ], [ 28.62195, 44.099946 ], [ 28.621939, 44.099974 ], [ 28.618031, 44.100099 ], [ 28.617986, 44.1001 ], [ 28.61769, 44.10011 ], [ 28.614936, 44.10018 ], [ 28.610632, 44.10029 ], [ 28.605401, 44.100423 ], [ 28.60445, 44.100448 ], [ 28.60388, 44.100462 ], [ 28.594748, 44.100701 ], [ 28.592965, 44.100746 ], [ 28.59143, 44.100766 ], [ 28.588228, 44.100771 ], [ 28.581566, 44.100722 ], [ 28.579692, 44.10068 ], [ 28.578925, 44.100673 ], [ 28.566437, 44.100453 ], [ 28.553978, 44.100232 ], [ 28.544378, 44.100058 ], [ 28.541484, 44.099993 ], [ 28.529061, 44.099788 ], [ 28.522059, 44.099622 ], [ 28.522081, 44.10001 ], [ 28.522103, 44.100386 ], [ 28.529053, 44.100506 ], [ 28.541484, 44.100748 ], [ 28.547845, 44.100845 ], [ 28.553978, 44.10098 ], [ 28.566413, 44.101217 ], [ 28.57889, 44.101476 ], [ 28.591436, 44.101585 ], [ 28.603933, 44.101276 ], [ 28.604431, 44.101257 ], [ 28.605386, 44.101222 ], [ 28.610657, 44.101023 ], [ 28.614987, 44.10086 ], [ 28.617724, 44.100757 ] ], [ [ 28.618001, 44.100331 ], [ 28.61771, 44.10034 ], [ 28.617704, 44.10034 ], [ 28.617482, 44.100347 ], [ 28.61683, 44.10038 ], [ 28.6165, 44.10042 ], [ 28.61638, 44.10044 ], [ 28.616344, 44.100448 ], [ 28.61633, 44.100454 ], [ 28.61632, 44.10046 ], [ 28.616309, 44.100471 ], [ 28.616304, 44.100485 ], [ 28.616309, 44.100502 ], [ 28.61632, 44.10051 ], [ 28.616338, 44.100515 ], [ 28.616377, 44.100519 ], [ 28.6166, 44.10053 ], [ 28.61693, 44.10054 ], [ 28.617709, 44.100539 ], [ 28.617741, 44.100539 ], [ 28.618, 44.10053 ], [ 28.618004, 44.10053 ], [ 28.61806, 44.100528 ], [ 28.618064, 44.100528 ], [ 28.621958, 44.100402 ], [ 28.621983, 44.100375 ], [ 28.62215, 44.10037 ], [ 28.622158, 44.100374 ], [ 28.62217, 44.10038 ], [ 28.622171, 44.100395 ], [ 28.622251, 44.100393 ], [ 28.622708, 44.100382 ], [ 28.623189, 44.10035 ], [ 28.624502, 44.10029 ], [ 28.625517, 44.100204 ], [ 28.62451, 44.100169 ], [ 28.623652, 44.10017 ], [ 28.622879, 44.100178 ], [ 28.622673, 44.100186 ], [ 28.62265, 44.10018 ], [ 28.622186, 44.100195 ], [ 28.622174, 44.10021 ], [ 28.62216, 44.10021 ], [ 28.622149, 44.100224 ], [ 28.62197, 44.10023 ], [ 28.621951, 44.100203 ], [ 28.618045, 44.100329 ], [ 28.618001, 44.100331 ] ] ] } },
{ "type": "Feature", "properties": { "DRVAL1": null, "OBJNAM": null, "NOBJNM": null, "TRAFIC": null, "INFORM": null, "SCAMIN": 90000 }, "geometry": { "type": "Polygon", "coordinates": [ [ [ 28.439146, 44.139069 ], [ 28.439407, 44.138071 ], [ 28.439828, 44.135813 ], [ 28.43984, 44.135735 ], [ 28.440154, 44.133638 ], [ 28.440491, 44.131759 ], [ 28.440854, 44.129793 ], [ 28.441078, 44.128453 ], [ 28.441274, 44.126996 ], [ 28.441399, 44.125841 ], [ 28.441609, 44.124885 ], [ 28.441961, 44.123529 ], [ 28.442733, 44.121421 ], [ 28.443551, 44.119669 ], [ 28.444827, 44.117551 ], [ 28.446569, 44.11546 ], [ 28.448395, 44.113563 ], [ 28.449992, 44.112079 ], [ 28.452455, 44.110158 ], [ 28.453981, 44.109185 ], [ 28.455479, 44.108275 ], [ 28.456961, 44.10753 ], [ 28.458851, 44.106649 ], [ 28.462398, 44.10507 ], [ 28.467582, 44.102862 ], [ 28.470048, 44.102006 ], [ 28.473165, 44.101107 ], [ 28.476267, 44.100507 ], [ 28.479224, 44.100101 ], [ 28.481745, 44.099889 ], [ 28.484052, 44.099801 ], [ 28.487838, 44.09989 ], [ 28.491779, 44.099898 ], [ 28.495555, 44.099902 ], [ 28.495868, 44.099894 ], [ 28.496834, 44.099911 ], [ 28.504203, 44.100039 ], [ 28.50762, 44.100113 ], [ 28.511669, 44.100184 ], [ 28.514519, 44.100219 ], [ 28.516571, 44.100268 ], [ 28.519293, 44.100328 ], [ 28.522103, 44.100386 ], [ 28.522081, 44.10001 ], [ 28.522059, 44.099622 ], [ 28.520563, 44.09961 ], [ 28.517568, 44.099566 ], [ 28.51409, 44.0995 ], [ 28.511711, 44.099433 ], [ 28.510628, 44.099414 ], [ 28.507612, 44.099365 ], [ 28.504234, 44.099287 ], [ 28.503566, 44.099273 ], [ 28.50022, 44.099216 ], [ 28.496857, 44.099149 ], [ 28.491779, 44.099086 ], [ 28.487838, 44.099078 ], [ 28.484184, 44.099019 ], [ 28.481568, 44.099105 ], [ 28.47894, 44.09932 ], [ 28.476927, 44.099578 ], [ 28.474513, 44.099992 ], [ 28.472107, 44.100524 ], [ 28.469581, 44.10126 ], [ 28.467201, 44.102081 ], [ 28.465538, 44.102735 ], [ 28.463093, 44.103823 ], [ 28.460516, 44.104968 ], [ 28.458243, 44.105961 ], [ 28.456304, 44.10687 ], [ 28.453576, 44.108362 ], [ 28.451702, 44.109571 ], [ 28.450034, 44.110747 ], [ 28.448573, 44.11192 ], [ 28.447249, 44.113151 ], [ 28.446034, 44.114424 ], [ 28.444955, 44.115719 ], [ 28.44397, 44.117039 ], [ 28.443173, 44.118318 ], [ 28.442455, 44.119538 ], [ 28.441809, 44.120811 ], [ 28.441315, 44.122053 ], [ 28.440879, 44.12331 ], [ 28.440514, 44.12462 ], [ 28.44029, 44.125676 ], [ 28.440139, 44.126952 ], [ 28.439957, 44.128375 ], [ 28.43986, 44.128972 ], [ 28.439739, 44.12969 ], [ 28.439364, 44.131685 ], [ 28.439241, 44.132334 ], [ 28.439034, 44.133548 ], [ 28.438943, 44.134165 ], [ 28.438757, 44.13526 ], [ 28.438707, 44.135643 ], [ 28.43858, 44.136628 ], [ 28.438457, 44.137268 ], [ 28.438309, 44.137995 ], [ 28.438022, 44.139104 ], [ 28.438584, 44.139086 ], [ 28.439146, 44.139069 ] ] ] } },
{ "type": "Feature", "properties": { "DRVAL1": null, "OBJNAM": null, "NOBJNM": null, "TRAFIC": null, "INFORM": null, "SCAMIN": 90000 }, "geometry": { "type": "Polygon", "coordinates": [ [ [ 28.3926, 44.193822 ], [ 28.393262, 44.193802 ], [ 28.393434, 44.193255 ], [ 28.393851, 44.191929 ], [ 28.394678, 44.189468 ], [ 28.395263, 44.187684 ], [ 28.395961, 44.18552 ], [ 28.396864, 44.183164 ], [ 28.397263, 44.182451 ], [ 28.398371, 44.180627 ], [ 28.399756, 44.17858 ], [ 28.401566, 44.176516 ], [ 28.402113, 44.176012 ], [ 28.40444, 44.173891 ], [ 28.40643, 44.172152 ], [ 28.407041, 44.171622 ], [ 28.407205, 44.17148 ], [ 28.408613, 44.170274 ], [ 28.409203, 44.169763 ], [ 28.409793, 44.169267 ], [ 28.410349, 44.16881 ], [ 28.410864, 44.168387 ], [ 28.412169, 44.167288 ], [ 28.413327, 44.166316 ], [ 28.414505, 44.16533 ], [ 28.415702, 44.164323 ], [ 28.416915, 44.163302 ], [ 28.418107, 44.162284 ], [ 28.419329, 44.161266 ], [ 28.420562, 44.160227 ], [ 28.421728, 44.15923 ], [ 28.42293, 44.158213 ], [ 28.424152, 44.157149 ], [ 28.425149, 44.156303 ], [ 28.42623, 44.1554 ], [ 28.427605, 44.154113 ], [ 28.428867, 44.153005 ], [ 28.430186, 44.151873 ], [ 28.431681, 44.150591 ], [ 28.432713, 44.149613 ], [ 28.433829, 44.148451 ], [ 28.434211, 44.148049 ], [ 28.434932, 44.147234 ], [ 28.435335, 44.146687 ], [ 28.435735, 44.146105 ], [ 28.436579, 44.144851 ], [ 28.437426, 44.143346 ], [ 28.437946, 44.142378 ], [ 28.43847, 44.141138 ], [ 28.43884, 44.140032 ], [ 28.439146, 44.139069 ], [ 28.438584, 44.139086 ], [ 28.438022, 44.139104 ], [ 28.437881, 44.139542 ], [ 28.437459, 44.140712 ], [ 28.437223, 44.141311 ], [ 28.436725, 44.142394 ], [ 28.436104, 44.143513 ], [ 28.435471, 44.144585 ], [ 28.434989, 44.145319 ], [ 28.434193, 44.146459 ], [ 28.433309, 44.147472 ], [ 28.431734, 44.149196 ], [ 28.431123, 44.149835 ], [ 28.429559, 44.151206 ], [ 28.42673, 44.153608 ], [ 28.424558, 44.155597 ], [ 28.422079, 44.157773 ], [ 28.419782, 44.159674 ], [ 28.417868, 44.16129 ], [ 28.416831, 44.162184 ], [ 28.41648, 44.16245 ], [ 28.415478, 44.163347 ], [ 28.414236, 44.164351 ], [ 28.413117, 44.165323 ], [ 28.411949, 44.166284 ], [ 28.410883, 44.167188 ], [ 28.409837, 44.168064 ], [ 28.40971, 44.168169 ], [ 28.408776, 44.168944 ], [ 28.407163, 44.170291 ], [ 28.406298, 44.170988 ], [ 28.404615, 44.172344 ], [ 28.403422, 44.173309 ], [ 28.402288, 44.174256 ], [ 28.401169, 44.175249 ], [ 28.400273, 44.176189 ], [ 28.399432, 44.177097 ], [ 28.398673, 44.178037 ], [ 28.397807, 44.179147 ], [ 28.397261, 44.179966 ], [ 28.396803, 44.180724 ], [ 28.396751, 44.18081 ], [ 28.396532, 44.181125 ], [ 28.395883, 44.182049 ], [ 28.395479, 44.182788 ], [ 28.395178, 44.183609 ], [ 28.394453, 44.185627 ], [ 28.394244, 44.186244 ], [ 28.394213, 44.186345 ], [ 28.394078, 44.186797 ], [ 28.393569, 44.188647 ], [ 28.393463, 44.189101 ], [ 28.392836, 44.191164 ], [ 28.392175, 44.193286 ], [ 28.392001, 44.19384 ], [ 28.3926, 44.193822 ] ] ] } },
{ "type": "Feature", "properties": { "DRVAL1": null, "OBJNAM": null, "NOBJNM": null, "TRAFIC": null, "INFORM": null, "SCAMIN": 90000 }, "geometry": { "type": "Polygon", "coordinates": [ [ [ 28.3926, 44.193822 ], [ 28.392001, 44.19384 ], [ 28.391715, 44.194745 ], [ 28.391102, 44.19672 ], [ 28.390545, 44.198494 ], [ 28.388817, 44.203828 ], [ 28.386779, 44.209352 ], [ 28.386048, 44.211174 ], [ 28.385216, 44.212953 ], [ 28.385024, 44.213337 ], [ 28.384694, 44.213889 ], [ 28.384312, 44.214517 ], [ 28.383281, 44.216069 ], [ 28.382476, 44.217046 ], [ 28.381543, 44.218146 ], [ 28.380813, 44.218881 ], [ 28.379741, 44.219922 ], [ 28.378397, 44.221137 ], [ 28.376635, 44.22296 ], [ 28.374872, 44.224595 ], [ 28.373004, 44.226331 ], [ 28.371868, 44.227407 ], [ 28.366907, 44.231919 ], [ 28.363075, 44.235414 ], [ 28.361921, 44.236398 ], [ 28.360159, 44.237866 ], [ 28.358888, 44.238993 ], [ 28.357094, 44.24053 ], [ 28.35613, 44.241411 ], [ 28.354566, 44.242623 ], [ 28.353176, 44.243617 ], [ 28.351482, 44.244643 ], [ 28.349947, 44.245446 ], [ 28.348527, 44.246173 ], [ 28.346277, 44.247118 ], [ 28.344794, 44.247664 ], [ 28.342889, 44.248319 ], [ 28.341094, 44.248816 ], [ 28.339405, 44.249253 ], [ 28.337753, 44.249583 ], [ 28.336035, 44.249856 ], [ 28.334522, 44.250073 ], [ 28.333177, 44.250224 ], [ 28.331877, 44.250316 ], [ 28.331901, 44.250736 ], [ 28.331923, 44.251118 ], [ 28.333111, 44.251026 ], [ 28.334397, 44.25092 ], [ 28.335924, 44.250727 ], [ 28.338018, 44.250392 ], [ 28.339683, 44.250104 ], [ 28.341344, 44.249697 ], [ 28.343157, 44.249177 ], [ 28.344364, 44.24884 ], [ 28.346309, 44.248181 ], [ 28.347758, 44.247551 ], [ 28.348942, 44.246977 ], [ 28.350803, 44.246112 ], [ 28.352211, 44.245407 ], [ 28.353891, 44.244372 ], [ 28.355372, 44.243347 ], [ 28.356864, 44.242261 ], [ 28.358373, 44.241003 ], [ 28.36051, 44.239021 ], [ 28.362773, 44.236971 ], [ 28.364375, 44.235481 ], [ 28.368252, 44.231914 ], [ 28.371761, 44.22872 ], [ 28.376341, 44.224671 ], [ 28.378633, 44.222546 ], [ 28.379909, 44.221516 ], [ 28.380537, 44.221053 ], [ 28.381103, 44.220685 ], [ 28.382506, 44.219867 ], [ 28.384386, 44.219007 ], [ 28.38539, 44.218668 ], [ 28.386439, 44.218383 ], [ 28.387399, 44.218151 ], [ 28.388247, 44.217987 ], [ 28.388785, 44.217891 ], [ 28.389521, 44.217803 ], [ 28.390094, 44.217744 ], [ 28.390681, 44.217707 ], [ 28.391754, 44.21766 ], [ 28.391923, 44.217657 ], [ 28.392499, 44.217657 ], [ 28.393195, 44.217668 ], [ 28.394036, 44.217709 ], [ 28.394637, 44.217753 ], [ 28.395404, 44.217832 ], [ 28.396317, 44.217959 ], [ 28.397322, 44.218139 ], [ 28.398439, 44.218402 ], [ 28.399515, 44.218707 ], [ 28.400668, 44.219063 ], [ 28.401691, 44.219405 ], [ 28.404328, 44.220307 ], [ 28.405267, 44.220611 ], [ 28.40526, 44.22037 ], [ 28.405257, 44.220127 ], [ 28.404776, 44.219966 ], [ 28.403406, 44.219502 ], [ 28.401836, 44.218966 ], [ 28.400817, 44.21863 ], [ 28.399687, 44.218278 ], [ 28.398525, 44.217962 ], [ 28.397414, 44.217697 ], [ 28.396417, 44.217524 ], [ 28.395473, 44.217395 ], [ 28.394785, 44.217329 ], [ 28.394035, 44.217272 ], [ 28.39331, 44.217241 ], [ 28.392414, 44.217221 ], [ 28.391752, 44.217226 ], [ 28.390646, 44.217289 ], [ 28.389976, 44.217333 ], [ 28.388906, 44.217429 ], [ 28.387945, 44.217534 ], [ 28.387502, 44.217549 ], [ 28.387046, 44.21754 ], [ 28.386599, 44.217494 ], [ 28.386491, 44.217478 ], [ 28.386339, 44.217442 ], [ 28.386202, 44.217403 ], [ 28.386009, 44.217311 ], [ 28.385844, 44.217217 ], [ 28.385595, 44.217045 ], [ 28.385379, 44.216861 ], [ 28.385223, 44.216658 ], [ 28.385135, 44.216418 ], [ 28.3851, 44.216146 ], [ 28.385135, 44.215859 ], [ 28.385375, 44.215387 ], [ 28.386772, 44.213088 ], [ 28.387341, 44.211955 ], [ 28.388038, 44.210231 ], [ 28.389062, 44.206944 ], [ 28.389635, 44.205252 ], [ 28.390536, 44.202376 ], [ 28.391036, 44.200829 ], [ 28.391643, 44.198925 ], [ 28.392543, 44.196045 ], [ 28.392984, 44.194681 ], [ 28.393262, 44.193802 ], [ 28.3926, 44.193822 ] ] ] } },
{ "type": "Feature", "properties": { "DRVAL1": null, "OBJNAM": null, "NOBJNM": null, "TRAFIC": null, "INFORM": null, "SCAMIN": 90000 }, "geometry": { "type": "Polygon", "coordinates": [ [ [ 28.208402, 44.259561 ], [ 28.20842, 44.259939 ], [ 28.219958, 44.258187 ], [ 28.232064, 44.256332 ], [ 28.239551, 44.255134 ], [ 28.245172, 44.254188 ], [ 28.251674, 44.252994 ], [ 28.25602, 44.252151 ], [ 28.259367, 44.251457 ], [ 28.261345, 44.251047 ], [ 28.262119, 44.250891 ], [ 28.262688, 44.250783 ], [ 28.263596, 44.250655 ], [ 28.264492, 44.250547 ], [ 28.264533, 44.250542 ], [ 28.265474, 44.250442 ], [ 28.266478, 44.250368 ], [ 28.270269, 44.250202 ], [ 28.280105, 44.249885 ], [ 28.29027, 44.249556 ], [ 28.294921, 44.249403 ], [ 28.299104, 44.249345 ], [ 28.303097, 44.249474 ], [ 28.306475, 44.249685 ], [ 28.310731, 44.249979 ], [ 28.31087, 44.249991 ], [ 28.313681, 44.250237 ], [ 28.31498, 44.250343 ], [ 28.316015, 44.250421 ], [ 28.317832, 44.250559 ], [ 28.322021, 44.250876 ], [ 28.325841, 44.251153 ], [ 28.327631, 44.251218 ], [ 28.329286, 44.251226 ], [ 28.330355, 44.251196 ], [ 28.331599, 44.251143 ], [ 28.331923, 44.251118 ], [ 28.331901, 44.250736 ], [ 28.331877, 44.250316 ], [ 28.330991, 44.250376 ], [ 28.329828, 44.250431 ], [ 28.32775, 44.250434 ], [ 28.325852, 44.250368 ], [ 28.320231, 44.250015 ], [ 28.316086, 44.249721 ], [ 28.315168, 44.249673 ], [ 28.31095, 44.249289 ], [ 28.310857, 44.24928 ], [ 28.310339, 44.249248 ], [ 28.307964, 44.249042 ], [ 28.306581, 44.248929 ], [ 28.304114, 44.248752 ], [ 28.303187, 44.248686 ], [ 28.299258, 44.248517 ], [ 28.29479, 44.248593 ], [ 28.293962, 44.248624 ], [ 28.292993, 44.248664 ], [ 28.290319, 44.248769 ], [ 28.286319, 44.248924 ], [ 28.284214, 44.249007 ], [ 28.280072, 44.249169 ], [ 28.270207, 44.249523 ], [ 28.266455, 44.249716 ], [ 28.264404, 44.249904 ], [ 28.264352, 44.249908 ], [ 28.263496, 44.250001 ], [ 28.262623, 44.250128 ], [ 28.261861, 44.250249 ], [ 28.26118, 44.250366 ], [ 28.259185, 44.250721 ], [ 28.255691, 44.251341 ], [ 28.25141, 44.252187 ], [ 28.245016, 44.253419 ], [ 28.239321, 44.254382 ], [ 28.231818, 44.255569 ], [ 28.219745, 44.2574 ], [ 28.208381, 44.259144 ], [ 28.208402, 44.259561 ] ] ] } },
{ "type": "Feature", "properties": { "DRVAL1": null, "OBJNAM": null, "NOBJNM": null, "TRAFIC": null, "INFORM": null, "SCAMIN": 90000 }, "geometry": { "type": "Polygon", "coordinates": [ [ [ 28.045943, 44.311687 ], [ 28.045976, 44.31165 ], [ 28.0461, 44.311483 ], [ 28.047196, 44.309976 ], [ 28.048829, 44.307729 ], [ 28.049386, 44.306968 ], [ 28.053542, 44.301286 ], [ 28.0559, 44.298539 ], [ 28.057354, 44.296911 ], [ 28.060858, 44.293799 ], [ 28.066068, 44.289229 ], [ 28.070383, 44.285611 ], [ 28.075712, 44.281209 ], [ 28.076195, 44.28083 ], [ 28.079408, 44.278554 ], [ 28.079984, 44.278182 ], [ 28.080493, 44.277881 ], [ 28.082831, 44.276593 ], [ 28.083472, 44.276279 ], [ 28.084103, 44.276005 ], [ 28.086284, 44.275076 ], [ 28.087008, 44.274794 ], [ 28.087703, 44.274547 ], [ 28.089772, 44.273869 ], [ 28.090546, 44.273648 ], [ 28.091371, 44.273433 ], [ 28.092668, 44.273091 ], [ 28.093953, 44.272787 ], [ 28.095368, 44.272491 ], [ 28.100939, 44.271489 ], [ 28.10624, 44.270633 ], [ 28.115619, 44.269222 ], [ 28.123816, 44.267895 ], [ 28.132907, 44.266388 ], [ 28.137043, 44.265689 ], [ 28.141255, 44.264977 ], [ 28.145949, 44.264253 ], [ 28.149747, 44.26388 ], [ 28.154668, 44.263458 ], [ 28.159343, 44.263131 ], [ 28.16014, 44.26309 ], [ 28.161184, 44.263013 ], [ 28.167546, 44.262579 ], [ 28.179307, 44.261757 ], [ 28.186039, 44.261299 ], [ 28.196354, 44.260524 ], [ 28.2044, 44.259714 ], [ 28.207959, 44.259209 ], [ 28.208381, 44.259144 ], [ 28.208402, 44.259561 ], [ 28.20842, 44.259939 ], [ 28.204647, 44.260512 ], [ 28.196518, 44.261264 ], [ 28.186335, 44.262039 ], [ 28.179538, 44.26252 ], [ 28.167546, 44.263342 ], [ 28.161184, 44.263812 ], [ 28.160116, 44.263871 ], [ 28.159475, 44.263918 ], [ 28.158085, 44.264035 ], [ 28.154803, 44.264253 ], [ 28.149882, 44.264676 ], [ 28.146202, 44.265061 ], [ 28.141559, 44.265761 ], [ 28.13728, 44.266436 ], [ 28.133126, 44.267087 ], [ 28.124086, 44.268607 ], [ 28.115889, 44.269909 ], [ 28.106451, 44.271392 ], [ 28.101175, 44.272273 ], [ 28.095603, 44.27325 ], [ 28.094159, 44.273564 ], [ 28.092905, 44.273853 ], [ 28.091796, 44.274127 ], [ 28.090951, 44.274371 ], [ 28.090174, 44.2746 ], [ 28.088237, 44.275279 ], [ 28.087633, 44.275505 ], [ 28.086978, 44.275759 ], [ 28.084685, 44.2767 ], [ 28.084172, 44.27694 ], [ 28.083584, 44.277211 ], [ 28.081211, 44.278424 ], [ 28.080643, 44.278749 ], [ 28.080108, 44.279116 ], [ 28.077113, 44.281363 ], [ 28.07659, 44.281788 ], [ 28.071278, 44.286117 ], [ 28.067014, 44.289735 ], [ 28.06177, 44.294234 ], [ 28.058366, 44.297417 ], [ 28.056727, 44.299191 ], [ 28.05475, 44.301613 ], [ 28.052388, 44.304674 ], [ 28.049783, 44.308013 ], [ 28.048034, 44.310333 ], [ 28.047012, 44.311689 ], [ 28.04681, 44.311689 ], [ 28.046621, 44.311689 ], [ 28.046799, 44.311403 ], [ 28.046872, 44.311272 ], [ 28.046946, 44.311131 ], [ 28.046987, 44.311056 ], [ 28.046983, 44.311034 ], [ 28.046961, 44.311025 ], [ 28.046925, 44.31103 ], [ 28.046766, 44.311193 ], [ 28.04659, 44.311378 ], [ 28.046325, 44.311687 ], [ 28.046133, 44.311687 ], [ 28.045943, 44.311687 ] ] ] } },
{ "type": "Feature", "properties": { "DRVAL1": null, "OBJNAM": null, "NOBJNM": null, "TRAFIC": null, "INFORM": null, "SCAMIN": 90000 }, "geometry": { "type": "Polygon", "coordinates": [ [ [ 28.636292, 44.325662 ], [ 28.63466, 44.325704 ], [ 28.63356, 44.325713 ], [ 28.632707, 44.325673 ], [ 28.632011, 44.325603 ], [ 28.631435, 44.325477 ], [ 28.630663, 44.325257 ], [ 28.629872, 44.324979 ], [ 28.629228, 44.324663 ], [ 28.628687, 44.324346 ], [ 28.62852, 44.324248 ], [ 28.628196, 44.324058 ], [ 28.627401, 44.323537 ], [ 28.627208, 44.323385 ], [ 28.627169, 44.323354 ], [ 28.626916, 44.32316 ], [ 28.626667, 44.322952 ], [ 28.62657, 44.32287 ], [ 28.62657, 44.32287 ], [ 28.626493, 44.322809 ], [ 28.6264, 44.32273 ], [ 28.6262, 44.32256 ], [ 28.626205, 44.322547 ], [ 28.626149, 44.322496 ], [ 28.626126, 44.322498 ], [ 28.624938, 44.321491 ], [ 28.624954, 44.321481 ], [ 28.624938, 44.321467 ], [ 28.624922, 44.321477 ], [ 28.624921, 44.321476 ], [ 28.624898, 44.321457 ], [ 28.62491, 44.32145 ], [ 28.624896, 44.32144 ], [ 28.624885, 44.321446 ], [ 28.624863, 44.321427 ], [ 28.62476, 44.32134 ], [ 28.62466, 44.32126 ], [ 28.624577, 44.321173 ], [ 28.623848, 44.320556 ], [ 28.623238, 44.320042 ], [ 28.62208, 44.319124 ], [ 28.621782, 44.31887 ], [ 28.621295, 44.318452 ], [ 28.620622, 44.31781 ], [ 28.620301, 44.31744 ], [ 28.619926, 44.316963 ], [ 28.619514, 44.316378 ], [ 28.619059, 44.315569 ], [ 28.618963, 44.315223 ], [ 28.618518, 44.312921 ], [ 28.617866, 44.310301 ], [ 28.61731, 44.307049 ], [ 28.616792, 44.303935 ], [ 28.616162, 44.300409 ], [ 28.615826, 44.298735 ], [ 28.615449, 44.297185 ], [ 28.614788, 44.294797 ], [ 28.614368, 44.293686 ], [ 28.61358, 44.292328 ], [ 28.612544, 44.291038 ], [ 28.612078, 44.290572 ], [ 28.611604, 44.290154 ], [ 28.610998, 44.28968 ], [ 28.608887, 44.288237 ], [ 28.607337, 44.287125 ], [ 28.605292, 44.285734 ], [ 28.604825, 44.285749 ], [ 28.604377, 44.285763 ], [ 28.607175, 44.287683 ], [ 28.608538, 44.288688 ], [ 28.610684, 44.290226 ], [ 28.611032, 44.290502 ], [ 28.611474, 44.290888 ], [ 28.612072, 44.291516 ], [ 28.613044, 44.292771 ], [ 28.613735, 44.294006 ], [ 28.614133, 44.294987 ], [ 28.615118, 44.298915 ], [ 28.615504, 44.300513 ], [ 28.616135, 44.304039 ], [ 28.616622, 44.307098 ], [ 28.617238, 44.310419 ], [ 28.617846, 44.313039 ], [ 28.618507, 44.316442 ], [ 28.619442, 44.320903 ], [ 28.620166, 44.324358 ], [ 28.620242, 44.324758 ], [ 28.620934, 44.328392 ], [ 28.621073, 44.329121 ], [ 28.621358, 44.330287 ], [ 28.621839, 44.331755 ], [ 28.622349, 44.332757 ], [ 28.624009, 44.334952 ], [ 28.626999, 44.337531 ], [ 28.629268, 44.33974 ], [ 28.632701, 44.342724 ], [ 28.632713, 44.342734 ], [ 28.633767, 44.343651 ], [ 28.636388, 44.34615 ], [ 28.636806, 44.346649 ], [ 28.637108, 44.347141 ], [ 28.637354, 44.347746 ], [ 28.637477, 44.348564 ], [ 28.637449, 44.349229 ], [ 28.637314, 44.349826 ], [ 28.637072, 44.350524 ], [ 28.636762, 44.351088 ], [ 28.636095, 44.351878 ], [ 28.63146, 44.355426 ], [ 28.631775, 44.355855 ], [ 28.632108, 44.356294 ], [ 28.63684, 44.352939 ], [ 28.637414, 44.35241 ], [ 28.637867, 44.35191 ], [ 28.638216, 44.351451 ], [ 28.63851, 44.350959 ], [ 28.638752, 44.350358 ], [ 28.638935, 44.349673 ], [ 28.63905, 44.348854 ], [ 28.638947, 44.347983 ], [ 28.638661, 44.346975 ], [ 28.638264, 44.346234 ], [ 28.637431, 44.345242 ], [ 28.63466, 44.34273 ], [ 28.633916, 44.342078 ], [ 28.633894, 44.342058 ], [ 28.630092, 44.338724 ], [ 28.627772, 44.336625 ], [ 28.624932, 44.334292 ], [ 28.623565, 44.332618 ], [ 28.622732, 44.331452 ], [ 28.62218, 44.330174 ], [ 28.6218, 44.328941 ], [ 28.62167, 44.328331 ], [ 28.621425, 44.327185 ], [ 28.620871, 44.324692 ], [ 28.620776, 44.324265 ], [ 28.620393, 44.322341 ], [ 28.620131, 44.320849 ], [ 28.620058, 44.320432 ], [ 28.619812, 44.319255 ], [ 28.619612, 44.318202 ], [ 28.619501, 44.317739 ], [ 28.61944, 44.317497 ], [ 28.620771, 44.318825 ], [ 28.621755, 44.319705 ], [ 28.622932, 44.320608 ], [ 28.624068, 44.321389 ], [ 28.624071, 44.321391 ], [ 28.624172, 44.321461 ], [ 28.624342, 44.321591 ], [ 28.62436, 44.321608 ], [ 28.624449, 44.321681 ], [ 28.624468, 44.321697 ], [ 28.624455, 44.321705 ], [ 28.624475, 44.321721 ], [ 28.624488, 44.321714 ], [ 28.624502, 44.321725 ], [ 28.624477, 44.32174 ], [ 28.624501, 44.32176 ], [ 28.624524, 44.321747 ], [ 28.62571, 44.32275 ], [ 28.6257, 44.32277 ], [ 28.62576, 44.32282 ], [ 28.625772, 44.322821 ], [ 28.62578, 44.32281 ], [ 28.626079, 44.32308 ], [ 28.626531, 44.323475 ], [ 28.626775, 44.323688 ], [ 28.626777, 44.32369 ], [ 28.626929, 44.323823 ], [ 28.627447, 44.324257 ], [ 28.627938, 44.324636 ], [ 28.628001, 44.324681 ], [ 28.628598, 44.325099 ], [ 28.629375, 44.325482 ], [ 28.630418, 44.325893 ], [ 28.631233, 44.326124 ], [ 28.631815, 44.326261 ], [ 28.632332, 44.326317 ], [ 28.633409, 44.32634 ], [ 28.634656, 44.326335 ], [ 28.636309, 44.326273 ], [ 28.637061, 44.326246 ], [ 28.641316, 44.326089 ], [ 28.647643, 44.32595 ], [ 28.647635, 44.325445 ], [ 28.641278, 44.325536 ], [ 28.637068, 44.325642 ], [ 28.636292, 44.325662 ] ], [ [ 28.626222, 44.323007 ], [ 28.626661, 44.323367 ], [ 28.626942, 44.323594 ], [ 28.627101, 44.323723 ], [ 28.627566, 44.324076 ], [ 28.628156, 44.324475 ], [ 28.628526, 44.324683 ], [ 28.629073, 44.324884 ], [ 28.628575, 44.324587 ], [ 28.628306, 44.324417 ], [ 28.627986, 44.324195 ], [ 28.627238, 44.323656 ], [ 28.627077, 44.323512 ], [ 28.626791, 44.323257 ], [ 28.626525, 44.323022 ], [ 28.62649, 44.32299 ], [ 28.626393, 44.322909 ], [ 28.626073, 44.322637 ], [ 28.626068, 44.322646 ], [ 28.626052, 44.322641 ], [ 28.626, 44.32259 ], [ 28.626001, 44.322575 ], [ 28.624815, 44.321564 ], [ 28.624802, 44.321571 ], [ 28.624787, 44.321557 ], [ 28.624799, 44.32155 ], [ 28.624798, 44.32155 ], [ 28.624775, 44.32153 ], [ 28.624765, 44.321536 ], [ 28.624752, 44.321525 ], [ 28.624762, 44.321519 ], [ 28.62474, 44.3215 ], [ 28.624431, 44.321251 ], [ 28.624331, 44.32117 ], [ 28.623965, 44.320907 ], [ 28.623668, 44.320698 ], [ 28.623309, 44.320444 ], [ 28.621757, 44.319302 ], [ 28.623224, 44.320542 ], [ 28.623548, 44.320794 ], [ 28.623845, 44.321018 ], [ 28.624227, 44.321305 ], [ 28.62441, 44.32148 ], [ 28.62457, 44.32161 ], [ 28.624589, 44.321628 ], [ 28.624622, 44.321607 ], [ 28.624641, 44.321622 ], [ 28.624608, 44.321641 ], [ 28.624623, 44.321655 ], [ 28.62465, 44.32164 ], [ 28.624674, 44.321662 ], [ 28.624648, 44.321677 ], [ 28.62583, 44.32268 ], [ 28.62586, 44.32268 ], [ 28.625908, 44.322728 ], [ 28.625912, 44.322736 ], [ 28.625902, 44.32274 ], [ 28.62614, 44.32294 ], [ 28.62619, 44.32298 ], [ 28.6262, 44.32299 ], [ 28.626222, 44.323007 ] ] ] } },
{ "type": "Feature", "properties": { "DRVAL1": null, "OBJNAM": null, "NOBJNM": null, "TRAFIC": null, "INFORM": null, "SCAMIN": 90000 }, "geometry": { "type": "Polygon", "coordinates": [ [ [ 28.51497, 44.2691 ], [ 28.51573, 44.26929 ], [ 28.51611, 44.26938 ], [ 28.51717, 44.2697 ], [ 28.51848, 44.26999 ], [ 28.52108, 44.27057 ], [ 28.52288, 44.27097 ], [ 28.52307, 44.27104 ], [ 28.52343, 44.27112 ], [ 28.52419, 44.27132 ], [ 28.52528, 44.27158 ], [ 28.52653, 44.27184 ], [ 28.526665, 44.271872 ], [ 28.526886, 44.27191 ], [ 28.531473, 44.272875 ], [ 28.532708, 44.273075 ], [ 28.533913, 44.273169 ], [ 28.535112, 44.273207 ], [ 28.536, 44.273183 ], [ 28.536854, 44.273127 ], [ 28.53756, 44.27306 ], [ 28.538325, 44.272963 ], [ 28.538976, 44.272846 ], [ 28.539622, 44.272703 ], [ 28.541981, 44.272103 ], [ 28.543827, 44.271627 ], [ 28.543868, 44.271617 ], [ 28.54396, 44.27159 ], [ 28.544178, 44.27153 ], [ 28.544246, 44.271514 ], [ 28.544255, 44.271531 ], [ 28.544283, 44.271524 ], [ 28.544274, 44.271507 ], [ 28.544325, 44.271494 ], [ 28.544335, 44.271512 ], [ 28.544363, 44.271505 ], [ 28.544354, 44.271487 ], [ 28.546242, 44.271017 ], [ 28.546246, 44.271026 ], [ 28.54627, 44.27103 ], [ 28.54635, 44.27101 ], [ 28.54635, 44.271 ], [ 28.54628, 44.27095 ], [ 28.54629, 44.27088 ], [ 28.546274, 44.270872 ], [ 28.546191, 44.270893 ], [ 28.546181, 44.2709 ], [ 28.546186, 44.270912 ], [ 28.545682, 44.271037 ], [ 28.5443, 44.27138 ], [ 28.54429, 44.27136 ], [ 28.544261, 44.271368 ], [ 28.54427, 44.271387 ], [ 28.544221, 44.2714 ], [ 28.54421, 44.271378 ], [ 28.544181, 44.271386 ], [ 28.544191, 44.271407 ], [ 28.544127, 44.271423 ], [ 28.54393, 44.27147 ], [ 28.54356, 44.27153 ], [ 28.543407, 44.271536 ], [ 28.543371, 44.271511 ], [ 28.54337, 44.27149 ], [ 28.543398, 44.271462 ], [ 28.543502, 44.271414 ], [ 28.54361, 44.27137 ], [ 28.543723, 44.271335 ], [ 28.54385, 44.2713 ], [ 28.544044, 44.271249 ], [ 28.544111, 44.271232 ], [ 28.54412, 44.271251 ], [ 28.544147, 44.271244 ], [ 28.544138, 44.271226 ], [ 28.544187, 44.271214 ], [ 28.544195, 44.271231 ], [ 28.544226, 44.271224 ], [ 28.544219, 44.271206 ], [ 28.546107, 44.270741 ], [ 28.546111, 44.27075 ], [ 28.54613, 44.270752 ], [ 28.546212, 44.270732 ], [ 28.54622, 44.27072 ], [ 28.54614, 44.27067 ], [ 28.54616, 44.270602 ], [ 28.546144, 44.270592 ], [ 28.546059, 44.270613 ], [ 28.546048, 44.27062 ], [ 28.546055, 44.270635 ], [ 28.544171, 44.271102 ], [ 28.544161, 44.271079 ], [ 28.544128, 44.271088 ], [ 28.544138, 44.27111 ], [ 28.544091, 44.271121 ], [ 28.544081, 44.2711 ], [ 28.544053, 44.271107 ], [ 28.544063, 44.271128 ], [ 28.543994, 44.271145 ], [ 28.54378, 44.27119 ], [ 28.54354, 44.27123 ], [ 28.543485, 44.271236 ], [ 28.541778, 44.271662 ], [ 28.539407, 44.272234 ], [ 28.538647, 44.272397 ], [ 28.537894, 44.272515 ], [ 28.537384, 44.272583 ], [ 28.536727, 44.272668 ], [ 28.536096, 44.272724 ], [ 28.535532, 44.272759 ], [ 28.535009, 44.272778 ], [ 28.533967, 44.27276 ], [ 28.533184, 44.272699 ], [ 28.531525, 44.272458 ], [ 28.52662, 44.27137 ], [ 28.526604, 44.271367 ], [ 28.52579, 44.2712 ], [ 28.52517, 44.27105 ], [ 28.5244, 44.27087 ], [ 28.52409, 44.27081 ], [ 28.52347, 44.27066 ], [ 28.52299, 44.27054 ], [ 28.52121, 44.2701 ], [ 28.519012, 44.269636 ], [ 28.518543, 44.269529 ], [ 28.51652, 44.269 ], [ 28.516212, 44.268938 ], [ 28.51602, 44.268881 ], [ 28.515679, 44.268801 ], [ 28.51522, 44.2687 ], [ 28.514841, 44.268596 ], [ 28.514786, 44.268585 ], [ 28.512111, 44.268043 ], [ 28.511416, 44.267967 ], [ 28.508662, 44.267295 ], [ 28.505801, 44.266596 ], [ 28.504348, 44.266174 ], [ 28.502672, 44.265531 ], [ 28.500621, 44.264617 ], [ 28.498093, 44.263531 ], [ 28.49454, 44.26185 ], [ 28.49168, 44.260521 ], [ 28.489164, 44.259358 ], [ 28.486841, 44.258272 ], [ 28.484404, 44.257137 ], [ 28.482516, 44.256238 ], [ 28.482428, 44.256197 ], [ 28.482441, 44.256392 ], [ 28.482453, 44.256611 ], [ 28.48312, 44.256924 ], [ 28.487391, 44.258896 ], [ 28.489669, 44.259955 ], [ 28.49382, 44.261893 ], [ 28.496877, 44.263325 ], [ 28.500415, 44.264965 ], [ 28.502783, 44.266016 ], [ 28.503934, 44.266411 ], [ 28.505962, 44.267013 ], [ 28.509303, 44.267767 ], [ 28.512035, 44.268444 ], [ 28.514713, 44.269029 ], [ 28.51497, 44.2691 ] ] ] } },
{ "type": "Feature", "properties": { "DRVAL1": null, "OBJNAM": null, "NOBJNM": null, "TRAFIC": null, "INFORM": null, "SCAMIN": 90000 }, "geometry": { "type": "Polygon", "coordinates": [ [ [ 28.546168, 44.270607 ], [ 28.546152, 44.270668 ], [ 28.546225, 44.270713 ], [ 28.546356, 44.27068 ], [ 28.546361, 44.27069 ], [ 28.546386, 44.270684 ], [ 28.546382, 44.270674 ], [ 28.546405, 44.270668 ], [ 28.546564, 44.270629 ], [ 28.546866, 44.27057 ], [ 28.54699, 44.27055 ], [ 28.547105, 44.270543 ], [ 28.547136, 44.270545 ], [ 28.54716, 44.27056 ], [ 28.54717, 44.27059 ], [ 28.547138, 44.270628 ], [ 28.54704, 44.27067 ], [ 28.546926, 44.27071 ], [ 28.54664, 44.2708 ], [ 28.546501, 44.270835 ], [ 28.546459, 44.270845 ], [ 28.546453, 44.270832 ], [ 28.546428, 44.270838 ], [ 28.546434, 44.270851 ], [ 28.546422, 44.270854 ], [ 28.546299, 44.270885 ], [ 28.54629, 44.27095 ], [ 28.54635, 44.27099 ], [ 28.546482, 44.270957 ], [ 28.546491, 44.270976 ], [ 28.546519, 44.270969 ], [ 28.54651, 44.27095 ], [ 28.546548, 44.27094 ], [ 28.54677, 44.27089 ], [ 28.546827, 44.270881 ], [ 28.54751, 44.270709 ], [ 28.547987, 44.270594 ], [ 28.550599, 44.269965 ], [ 28.552595, 44.269478 ], [ 28.552804, 44.269427 ], [ 28.559786, 44.267706 ], [ 28.561213, 44.267343 ], [ 28.562462, 44.267076 ], [ 28.563425, 44.266872 ], [ 28.565972, 44.266331 ], [ 28.567097, 44.266086 ], [ 28.567495, 44.266038 ], [ 28.568198, 44.265955 ], [ 28.570447, 44.26598 ], [ 28.572459, 44.266116 ], [ 28.574352, 44.266416 ], [ 28.575508, 44.266704 ], [ 28.576724, 44.267102 ], [ 28.578044, 44.26761 ], [ 28.579095, 44.268132 ], [ 28.58043, 44.268941 ], [ 28.581676, 44.269792 ], [ 28.582726, 44.270478 ], [ 28.583807, 44.271219 ], [ 28.585007, 44.272069 ], [ 28.586185, 44.272906 ], [ 28.587776, 44.274059 ], [ 28.589817, 44.275568 ], [ 28.590583, 44.276103 ], [ 28.591438, 44.276693 ], [ 28.593427, 44.278202 ], [ 28.595993, 44.280041 ], [ 28.599948, 44.28273 ], [ 28.603896, 44.285433 ], [ 28.604377, 44.285763 ], [ 28.604825, 44.285749 ], [ 28.605292, 44.285734 ], [ 28.603565, 44.28456 ], [ 28.599629, 44.28185 ], [ 28.597066, 44.280135 ], [ 28.595393, 44.278941 ], [ 28.592785, 44.277061 ], [ 28.590864, 44.275676 ], [ 28.588084, 44.273638 ], [ 28.585431, 44.271717 ], [ 28.58318, 44.270091 ], [ 28.582013, 44.269303 ], [ 28.580768, 44.268459 ], [ 28.579372, 44.267615 ], [ 28.578318, 44.267107 ], [ 28.576982, 44.266593 ], [ 28.575677, 44.266222 ], [ 28.574469, 44.26592 ], [ 28.572452, 44.265617 ], [ 28.570481, 44.265503 ], [ 28.568191, 44.265488 ], [ 28.567104, 44.265612 ], [ 28.565972, 44.265837 ], [ 28.563314, 44.266418 ], [ 28.561239, 44.266872 ], [ 28.559648, 44.267254 ], [ 28.557767, 44.2677 ], [ 28.556875, 44.267912 ], [ 28.555855, 44.268153 ], [ 28.55527, 44.268291 ], [ 28.554819, 44.268398 ], [ 28.553779, 44.268646 ], [ 28.552747, 44.268889 ], [ 28.552442, 44.268966 ], [ 28.550419, 44.269483 ], [ 28.547747, 44.270157 ], [ 28.547382, 44.270251 ], [ 28.546812, 44.270429 ], [ 28.54681, 44.27043 ], [ 28.5467, 44.27047 ], [ 28.546516, 44.270521 ], [ 28.546494, 44.270526 ], [ 28.546351, 44.270562 ], [ 28.54633, 44.270567 ], [ 28.546326, 44.270557 ], [ 28.546297, 44.270565 ], [ 28.546302, 44.270574 ], [ 28.546168, 44.270607 ] ] ] } },
{ "type": "Feature", "properties": { "DRVAL1": null, "OBJNAM": null, "NOBJNM": null, "TRAFIC": null, "INFORM": null, "SCAMIN": 90000 }, "geometry": { "type": "Polygon", "coordinates": [ [ [ 28.405257, 44.220127 ], [ 28.40526, 44.22037 ], [ 28.405267, 44.220611 ], [ 28.406237, 44.220925 ], [ 28.407477, 44.221335 ], [ 28.410677, 44.222359 ], [ 28.415097, 44.223847 ], [ 28.417283, 44.224581 ], [ 28.422263, 44.226235 ], [ 28.428526, 44.228338 ], [ 28.433597, 44.23004 ], [ 28.435639, 44.230753 ], [ 28.437681, 44.231459 ], [ 28.438975, 44.23195 ], [ 28.440873, 44.232788 ], [ 28.44397, 44.234282 ], [ 28.446126, 44.235479 ], [ 28.448913, 44.237237 ], [ 28.45144, 44.23896 ], [ 28.45899, 44.244157 ], [ 28.463128, 44.246966 ], [ 28.464583, 44.247799 ], [ 28.4663, 44.248802 ], [ 28.468169, 44.249812 ], [ 28.469819, 44.25065 ], [ 28.471797, 44.251625 ], [ 28.474642, 44.252968 ], [ 28.477081, 44.254101 ], [ 28.47945, 44.255201 ], [ 28.482453, 44.256611 ], [ 28.482441, 44.256392 ], [ 28.482428, 44.256197 ], [ 28.479989, 44.255061 ], [ 28.47778, 44.254003 ], [ 28.474809, 44.252622 ], [ 28.472811, 44.251681 ], [ 28.471298, 44.250996 ], [ 28.469009, 44.249812 ], [ 28.466619, 44.248519 ], [ 28.464137, 44.247079 ], [ 28.462726, 44.246221 ], [ 28.460214, 44.244477 ], [ 28.456368, 44.241799 ], [ 28.45428, 44.240388 ], [ 28.450713, 44.237883 ], [ 28.447597, 44.235793 ], [ 28.445551, 44.234582 ], [ 28.443501, 44.233489 ], [ 28.441307, 44.232465 ], [ 28.439341, 44.231593 ], [ 28.43787, 44.231032 ], [ 28.435979, 44.230375 ], [ 28.433838, 44.229642 ], [ 28.431025, 44.228721 ], [ 28.428707, 44.227916 ], [ 28.42285, 44.225965 ], [ 28.420044, 44.225037 ], [ 28.417151, 44.22411 ], [ 28.414542, 44.223225 ], [ 28.413347, 44.222802 ], [ 28.411865, 44.222325 ], [ 28.410409, 44.221848 ], [ 28.407603, 44.220906 ], [ 28.406325, 44.220484 ], [ 28.405257, 44.220127 ] ] ] } },
{ "type": "Feature", "properties": { "DRVAL1": null, "OBJNAM": null, "NOBJNM": null, "TRAFIC": null, "INFORM": null, "SCAMIN": null }, "geometry": { "type": "Polygon", "coordinates": [ [ [ 27.90708, 44.57111 ], [ 27.90736, 44.571238 ], [ 27.90775, 44.571403 ], [ 27.908143, 44.571557 ], [ 27.908535, 44.571702 ], [ 27.908928, 44.571839 ], [ 27.909323, 44.571971 ], [ 27.90972, 44.572097 ], [ 27.910121, 44.572218 ], [ 27.910526, 44.572333 ], [ 27.910935, 44.572441 ], [ 27.911349, 44.572544 ], [ 27.911767, 44.572639 ], [ 27.912189, 44.572727 ], [ 27.912614, 44.572808 ], [ 27.913041, 44.572881 ], [ 27.913471, 44.572947 ], [ 27.913901, 44.573005 ], [ 27.914332, 44.573057 ], [ 27.914762, 44.573102 ], [ 27.915188, 44.573141 ], [ 27.915611, 44.573175 ], [ 27.916028, 44.573206 ], [ 27.916439, 44.573236 ], [ 27.916844, 44.573266 ], [ 27.917244, 44.573297 ], [ 27.917639, 44.573331 ], [ 27.918032, 44.573368 ], [ 27.918422, 44.57341 ], [ 27.918811, 44.573456 ], [ 27.919199, 44.573507 ], [ 27.919585, 44.573561 ], [ 27.91997, 44.573621 ], [ 27.920354, 44.573684 ], [ 27.920737, 44.573752 ], [ 27.92112, 44.573824 ], [ 27.921502, 44.5739 ], [ 27.921885, 44.57398 ], [ 27.922268, 44.574063 ], [ 27.922649, 44.574149 ], [ 27.923029, 44.574238 ], [ 27.923405, 44.57433 ], [ 27.923772, 44.574425 ], [ 27.92413, 44.574523 ], [ 27.924476, 44.574627 ], [ 27.924809, 44.574737 ], [ 27.925128, 44.574855 ], [ 27.925435, 44.574982 ], [ 27.925729, 44.575119 ], [ 27.926013, 44.575268 ], [ 27.926288, 44.575428 ], [ 27.926552, 44.575599 ], [ 27.926806, 44.57578 ], [ 27.927048, 44.575971 ], [ 27.927278, 44.576171 ], [ 27.927495, 44.576378 ], [ 27.927699, 44.576591 ], [ 27.927888, 44.576811 ], [ 27.928061, 44.577036 ], [ 27.928219, 44.577266 ], [ 27.92836, 44.5775 ], [ 27.928484, 44.577738 ], [ 27.928592, 44.577981 ], [ 27.928684, 44.578228 ], [ 27.92876, 44.578481 ], [ 27.92882, 44.578738 ], [ 27.928867, 44.578998 ], [ 27.9289, 44.579263 ], [ 27.92892, 44.57953 ], [ 27.928928, 44.5798 ], [ 27.928925, 44.580072 ], [ 27.928912, 44.580347 ], [ 27.928891, 44.580624 ], [ 27.928861, 44.580904 ], [ 27.928825, 44.581185 ], [ 27.928783, 44.581468 ], [ 27.928737, 44.581753 ], [ 27.928687, 44.582038 ], [ 27.928633, 44.582323 ], [ 27.928576, 44.582607 ], [ 27.928515, 44.582891 ], [ 27.928451, 44.583175 ], [ 27.928383, 44.583458 ], [ 27.928312, 44.58374 ], [ 27.928237, 44.584022 ], [ 27.928158, 44.584303 ], [ 27.928075, 44.584584 ], [ 27.927989, 44.584863 ], [ 27.927899, 44.585142 ], [ 27.927804, 44.58542 ], [ 27.927706, 44.585696 ], [ 27.927603, 44.585972 ], [ 27.927496, 44.586246 ], [ 27.927384, 44.586518 ], [ 27.927267, 44.586789 ], [ 27.927144, 44.587058 ], [ 27.927017, 44.587326 ], [ 27.926884, 44.587592 ], [ 27.926746, 44.587857 ], [ 27.926602, 44.58812 ], [ 27.926453, 44.588383 ], [ 27.926298, 44.588643 ], [ 27.926139, 44.588903 ], [ 27.925974, 44.589162 ], [ 27.925805, 44.589419 ], [ 27.92563, 44.589675 ], [ 27.925452, 44.589929 ], [ 27.925268, 44.590182 ], [ 27.925081, 44.590435 ], [ 27.924889, 44.590686 ], [ 27.924694, 44.590936 ], [ 27.924495, 44.591186 ], [ 27.924293, 44.591434 ], [ 27.924087, 44.591682 ], [ 27.923878, 44.591929 ], [ 27.923667, 44.592176 ], [ 27.923453, 44.592423 ], [ 27.923237, 44.59267 ], [ 27.923018, 44.592916 ], [ 27.922799, 44.593162 ], [ 27.922578, 44.593407 ], [ 27.922356, 44.593651 ], [ 27.922134, 44.593893 ], [ 27.92191, 44.594133 ], [ 27.921684, 44.59437 ], [ 27.921456, 44.594604 ], [ 27.921225, 44.594834 ], [ 27.920991, 44.59506 ], [ 27.920752, 44.595282 ], [ 27.92051, 44.595499 ], [ 27.920261, 44.595712 ], [ 27.920007, 44.595919 ], [ 27.919747, 44.596122 ], [ 27.91948, 44.59632 ], [ 27.919207, 44.596512 ], [ 27.918927, 44.596698 ], [ 27.918641, 44.596878 ], [ 27.918349, 44.597052 ], [ 27.918051, 44.597219 ], [ 27.917745, 44.59738 ], [ 27.917432, 44.597536 ], [ 27.91711, 44.597687 ], [ 27.91678, 44.597835 ], [ 27.91644, 44.597982 ], [ 27.916093, 44.598129 ], [ 27.915739, 44.598277 ], [ 27.91538, 44.598427 ], [ 27.915017, 44.598582 ], [ 27.914652, 44.59874 ], [ 27.914287, 44.598905 ], [ 27.913924, 44.599074 ], [ 27.913565, 44.599249 ], [ 27.91321, 44.59943 ], [ 27.912859, 44.599615 ], [ 27.912514, 44.599806 ], [ 27.912174, 44.600003 ], [ 27.91184, 44.600205 ], [ 27.911512, 44.600412 ], [ 27.91119, 44.600625 ], [ 27.910875, 44.600843 ], [ 27.910568, 44.601066 ], [ 27.910267, 44.601295 ], [ 27.909974, 44.601527 ], [ 27.909689, 44.601765 ], [ 27.909411, 44.602006 ], [ 27.90914, 44.602252 ], [ 27.908878, 44.602501 ], [ 27.908623, 44.602754 ], [ 27.908376, 44.603011 ], [ 27.908136, 44.60327 ], [ 27.907904, 44.603533 ], [ 27.90768, 44.603797 ], [ 27.907463, 44.604064 ], [ 27.907252, 44.604333 ], [ 27.907048, 44.604604 ], [ 27.906851, 44.604876 ], [ 27.906659, 44.60515 ], [ 27.906473, 44.605425 ], [ 27.906292, 44.605702 ], [ 27.906116, 44.60598 ], [ 27.905946, 44.606261 ], [ 27.90578, 44.606543 ], [ 27.905621, 44.606829 ], [ 27.905467, 44.607117 ], [ 27.90532, 44.607408 ], [ 27.90518, 44.607702 ], [ 27.905047, 44.608 ], [ 27.904923, 44.608305 ], [ 27.90481, 44.608617 ], [ 27.904712, 44.608938 ], [ 27.904633, 44.609269 ], [ 27.904579, 44.609609 ], [ 27.904556, 44.609957 ], [ 27.904566, 44.61031 ], [ 27.904614, 44.610664 ], [ 27.9047, 44.611016 ], [ 27.904824, 44.611362 ], [ 27.904985, 44.611699 ], [ 27.905179, 44.612024 ], [ 27.905405, 44.612336 ], [ 27.905658, 44.612632 ], [ 27.905931, 44.612912 ], [ 27.906222, 44.613178 ], [ 27.906526, 44.613429 ], [ 27.906839, 44.613668 ], [ 27.907159, 44.613896 ], [ 27.907481, 44.614114 ], [ 27.907805, 44.614323 ], [ 27.90813, 44.614526 ], [ 27.908454, 44.614723 ], [ 27.908776, 44.614916 ], [ 27.909097, 44.615106 ], [ 27.909416, 44.615293 ], [ 27.909731, 44.615478 ], [ 27.910043, 44.615663 ], [ 27.910352, 44.615849 ], [ 27.910659, 44.616035 ], [ 27.910963, 44.616224 ], [ 27.911265, 44.616414 ], [ 27.911565, 44.616606 ], [ 27.911863, 44.6168 ], [ 27.912159, 44.616996 ], [ 27.912452, 44.617194 ], [ 27.912744, 44.617393 ], [ 27.913032, 44.617594 ], [ 27.913319, 44.617797 ], [ 27.913603, 44.618001 ], [ 27.913884, 44.618207 ], [ 27.914162, 44.618415 ], [ 27.914438, 44.618624 ], [ 27.914711, 44.618835 ], [ 27.91498, 44.619047 ], [ 27.915248, 44.619261 ], [ 27.915512, 44.619477 ], [ 27.915773, 44.619695 ], [ 27.916033, 44.619915 ], [ 27.91629, 44.620137 ], [ 27.916545, 44.620361 ], [ 27.916798, 44.620586 ], [ 27.91705, 44.620813 ], [ 27.917299, 44.621042 ], [ 27.917548, 44.621271 ], [ 27.917795, 44.621502 ], [ 27.918041, 44.621734 ], [ 27.918286, 44.621967 ], [ 27.91853, 44.6222 ], [ 27.918772, 44.622435 ], [ 27.919014, 44.62267 ], [ 27.919255, 44.622906 ], [ 27.919495, 44.623143 ], [ 27.919733, 44.623379 ], [ 27.919969, 44.623616 ], [ 27.920202, 44.623853 ], [ 27.920433, 44.62409 ], [ 27.920659, 44.624327 ], [ 27.920881, 44.624565 ], [ 27.921099, 44.624804 ], [ 27.921313, 44.625045 ], [ 27.921522, 44.625287 ], [ 27.921728, 44.625532 ], [ 27.921931, 44.625779 ], [ 27.922133, 44.626029 ], [ 27.922333, 44.626281 ], [ 27.922533, 44.626535 ], [ 27.922732, 44.62679 ], [ 27.922929, 44.627046 ], [ 27.923126, 44.627302 ], [ 27.92332, 44.627557 ], [ 27.923511, 44.627812 ], [ 27.923699, 44.628067 ], [ 27.923882, 44.628321 ], [ 27.924061, 44.628577 ], [ 27.924235, 44.628833 ], [ 27.924405, 44.62909 ], [ 27.924571, 44.62935 ], [ 27.924735, 44.629612 ], [ 27.924895, 44.629877 ], [ 27.925054, 44.630142 ], [ 27.92521, 44.630409 ], [ 27.925364, 44.630677 ], [ 27.925514, 44.630943 ], [ 27.925658, 44.631208 ], [ 27.925796, 44.631472 ], [ 27.925925, 44.631734 ], [ 27.926046, 44.631996 ], [ 27.926155, 44.632257 ], [ 27.926254, 44.632519 ], [ 27.926341, 44.632782 ], [ 27.926417, 44.633046 ], [ 27.926482, 44.633311 ], [ 27.926534, 44.633577 ], [ 27.926573, 44.633842 ], [ 27.9266, 44.634107 ], [ 27.926613, 44.63437 ], [ 27.926611, 44.634631 ], [ 27.926594, 44.634889 ], [ 27.92656, 44.635144 ], [ 27.926509, 44.635396 ], [ 27.926439, 44.635644 ], [ 27.926351, 44.635886 ], [ 27.926245, 44.636119 ], [ 27.92612, 44.636342 ], [ 27.925977, 44.636554 ], [ 27.925814, 44.636752 ], [ 27.92563, 44.636939 ], [ 27.925423, 44.637116 ], [ 27.925191, 44.637287 ], [ 27.924934, 44.637453 ], [ 27.924654, 44.637617 ], [ 27.924355, 44.637779 ], [ 27.924041, 44.637938 ], [ 27.923717, 44.638096 ], [ 27.923386, 44.638252 ], [ 27.923049, 44.638406 ], [ 27.922707, 44.638559 ], [ 27.922362, 44.638711 ], [ 27.922013, 44.638864 ], [ 27.921662, 44.639018 ], [ 27.921309, 44.639172 ], [ 27.920956, 44.639327 ], [ 27.920602, 44.639484 ], [ 27.920249, 44.639641 ], [ 27.919895, 44.6398 ], [ 27.919542, 44.63996 ], [ 27.919191, 44.640122 ], [ 27.918841, 44.640284 ], [ 27.918492, 44.640448 ], [ 27.918144, 44.640612 ], [ 27.917798, 44.640776 ], [ 27.917453, 44.640941 ], [ 27.917109, 44.641107 ], [ 27.916766, 44.641273 ], [ 27.916423, 44.641438 ], [ 27.916081, 44.641604 ], [ 27.91574, 44.64177 ], [ 27.9154, 44.641935 ], [ 27.915059, 44.6421 ], [ 27.914719, 44.642264 ], [ 27.914379, 44.642426 ], [ 27.91404, 44.642588 ], [ 27.9137, 44.642748 ], [ 27.913359, 44.642907 ], [ 27.913019, 44.643064 ], [ 27.912677, 44.643219 ], [ 27.912335, 44.643371 ], [ 27.911991, 44.643521 ], [ 27.911647, 44.64367 ], [ 27.9113, 44.643816 ], [ 27.910951, 44.643959 ], [ 27.910601, 44.644101 ], [ 27.910247, 44.644241 ], [ 27.909892, 44.64438 ], [ 27.909535, 44.644517 ], [ 27.909176, 44.644653 ], [ 27.908814, 44.644788 ], [ 27.908451, 44.644923 ], [ 27.908085, 44.645058 ], [ 27.907716, 44.645194 ], [ 27.907346, 44.645332 ], [ 27.906975, 44.645473 ], [ 27.906603, 44.645616 ], [ 27.906231, 44.645763 ], [ 27.905859, 44.645914 ], [ 27.905488, 44.64607 ], [ 27.90512, 44.646231 ], [ 27.904755, 44.646396 ], [ 27.904393, 44.646567 ], [ 27.904034, 44.646743 ], [ 27.903681, 44.646924 ], [ 27.903331, 44.647111 ], [ 27.902987, 44.647303 ], [ 27.902648, 44.647501 ], [ 27.902315, 44.647704 ], [ 27.901988, 44.647913 ], [ 27.901668, 44.648126 ], [ 27.901354, 44.648345 ], [ 27.901048, 44.648569 ], [ 27.900748, 44.648797 ], [ 27.900455, 44.64903 ], [ 27.90017, 44.649267 ], [ 27.899892, 44.649509 ], [ 27.899622, 44.649754 ], [ 27.899359, 44.650003 ], [ 27.899104, 44.650257 ], [ 27.898857, 44.650513 ], [ 27.898617, 44.650773 ], [ 27.898385, 44.651035 ], [ 27.898161, 44.6513 ], [ 27.897943, 44.651568 ], [ 27.897733, 44.651838 ], [ 27.897529, 44.65211 ], [ 27.897331, 44.652384 ], [ 27.89714, 44.65266 ], [ 27.896955, 44.652939 ], [ 27.896777, 44.65322 ], [ 27.896604, 44.653503 ], [ 27.896438, 44.653789 ], [ 27.896279, 44.654077 ], [ 27.896127, 44.654368 ], [ 27.895983, 44.654663 ], [ 27.895848, 44.654959 ], [ 27.895721, 44.655259 ], [ 27.895605, 44.655561 ], [ 27.895498, 44.655865 ], [ 27.895401, 44.656171 ], [ 27.895314, 44.656478 ], [ 27.895238, 44.656787 ], [ 27.895171, 44.657096 ], [ 27.895114, 44.657406 ], [ 27.895066, 44.657717 ], [ 27.895028, 44.658027 ], [ 27.894998, 44.658338 ], [ 27.894978, 44.658648 ], [ 27.894965, 44.658959 ], [ 27.894961, 44.659269 ], [ 27.894965, 44.659579 ], [ 27.894977, 44.659888 ], [ 27.894997, 44.660197 ], [ 27.895024, 44.660505 ], [ 27.895059, 44.660813 ], [ 27.895101, 44.661119 ], [ 27.895267, 44.662056 ], [ 27.89641, 44.662047 ], [ 27.897557, 44.662038 ], [ 27.897357, 44.660948 ], [ 27.897319, 44.660668 ], [ 27.897287, 44.660388 ], [ 27.897262, 44.660109 ], [ 27.897244, 44.659829 ], [ 27.897233, 44.659549 ], [ 27.89723, 44.659269 ], [ 27.897233, 44.65899 ], [ 27.897245, 44.65871 ], [ 27.897263, 44.658431 ], [ 27.89729, 44.658153 ], [ 27.897324, 44.657876 ], [ 27.897366, 44.657599 ], [ 27.897416, 44.657324 ], [ 27.897475, 44.657051 ], [ 27.897543, 44.656779 ], [ 27.897619, 44.656509 ], [ 27.897704, 44.65624 ], [ 27.897797, 44.655974 ], [ 27.8979, 44.655708 ], [ 27.898012, 44.655443 ], [ 27.898132, 44.65518 ], [ 27.898261, 44.654918 ], [ 27.898397, 44.654656 ], [ 27.898541, 44.654395 ], [ 27.898692, 44.654136 ], [ 27.898849, 44.653878 ], [ 27.899013, 44.653621 ], [ 27.899182, 44.653366 ], [ 27.899358, 44.653112 ], [ 27.899538, 44.652862 ], [ 27.899724, 44.652613 ], [ 27.899915, 44.652368 ], [ 27.900112, 44.652125 ], [ 27.900315, 44.651886 ], [ 27.900524, 44.65165 ], [ 27.900738, 44.651417 ], [ 27.900959, 44.651188 ], [ 27.901186, 44.650962 ], [ 27.90142, 44.650741 ], [ 27.90166, 44.650523 ], [ 27.901907, 44.650308 ], [ 27.90216, 44.650098 ], [ 27.902419, 44.649891 ], [ 27.902685, 44.649689 ], [ 27.902957, 44.64949 ], [ 27.903235, 44.649297 ], [ 27.903518, 44.649108 ], [ 27.903808, 44.648923 ], [ 27.904103, 44.648743 ], [ 27.904403, 44.648567 ], [ 27.904709, 44.648396 ], [ 27.905021, 44.64823 ], [ 27.905338, 44.648068 ], [ 27.90566, 44.647909 ], [ 27.905987, 44.647755 ], [ 27.906319, 44.647605 ], [ 27.906655, 44.647459 ], [ 27.906995, 44.647316 ], [ 27.907341, 44.647175 ], [ 27.90769, 44.647038 ], [ 27.908044, 44.646901 ], [ 27.908402, 44.646766 ], [ 27.908764, 44.646631 ], [ 27.909128, 44.646496 ], [ 27.909495, 44.646361 ], [ 27.909864, 44.646224 ], [ 27.910234, 44.646086 ], [ 27.910604, 44.645946 ], [ 27.910973, 44.645804 ], [ 27.911342, 44.64566 ], [ 27.911711, 44.645514 ], [ 27.912078, 44.645365 ], [ 27.912443, 44.645214 ], [ 27.912807, 44.645061 ], [ 27.913169, 44.644906 ], [ 27.913529, 44.644748 ], [ 27.913886, 44.644589 ], [ 27.914241, 44.644428 ], [ 27.914594, 44.644266 ], [ 27.914945, 44.644102 ], [ 27.915294, 44.643938 ], [ 27.915641, 44.643773 ], [ 27.915986, 44.643607 ], [ 27.91633, 44.643442 ], [ 27.916674, 44.643276 ], [ 27.917016, 44.64311 ], [ 27.917357, 44.642944 ], [ 27.917698, 44.642779 ], [ 27.918038, 44.642614 ], [ 27.918378, 44.642449 ], [ 27.918718, 44.642286 ], [ 27.919059, 44.642123 ], [ 27.919399, 44.641961 ], [ 27.919739, 44.6418 ], [ 27.920081, 44.641641 ], [ 27.920422, 44.641482 ], [ 27.920765, 44.641325 ], [ 27.921108, 44.641169 ], [ 27.921453, 44.641014 ], [ 27.9218, 44.640859 ], [ 27.922148, 44.640706 ], [ 27.922497, 44.640552 ], [ 27.922847, 44.640399 ], [ 27.923199, 44.640245 ], [ 27.923552, 44.64009 ], [ 27.923907, 44.639933 ], [ 27.924263, 44.639773 ], [ 27.924621, 44.63961 ], [ 27.92498, 44.639441 ], [ 27.92534, 44.639266 ], [ 27.9257, 44.639081 ], [ 27.926061, 44.638884 ], [ 27.926419, 44.638671 ], [ 27.92677, 44.63844 ], [ 27.927106, 44.638188 ], [ 27.927421, 44.637915 ], [ 27.927708, 44.637624 ], [ 27.927961, 44.637317 ], [ 27.928181, 44.636998 ], [ 27.928366, 44.636672 ], [ 27.928519, 44.636341 ], [ 27.928642, 44.636007 ], [ 27.928737, 44.635672 ], [ 27.928806, 44.635338 ], [ 27.928851, 44.635005 ], [ 27.928874, 44.634675 ], [ 27.928877, 44.634347 ], [ 27.928862, 44.634022 ], [ 27.92883, 44.633699 ], [ 27.928783, 44.633379 ], [ 27.92872, 44.633061 ], [ 27.928644, 44.632746 ], [ 27.928554, 44.632432 ], [ 27.928451, 44.632122 ], [ 27.928335, 44.631815 ], [ 27.928209, 44.631512 ], [ 27.928072, 44.631214 ], [ 27.927928, 44.630921 ], [ 27.927778, 44.630632 ], [ 27.927623, 44.630348 ], [ 27.927466, 44.630068 ], [ 27.927306, 44.62979 ], [ 27.927144, 44.629513 ], [ 27.926979, 44.629236 ], [ 27.926811, 44.62896 ], [ 27.926639, 44.628684 ], [ 27.926462, 44.628408 ], [ 27.926281, 44.628134 ], [ 27.926095, 44.62786 ], [ 27.925905, 44.627589 ], [ 27.925711, 44.62732 ], [ 27.925515, 44.627053 ], [ 27.925317, 44.626789 ], [ 27.925117, 44.626526 ], [ 27.924917, 44.626265 ], [ 27.924715, 44.626005 ], [ 27.924513, 44.625745 ], [ 27.924309, 44.625485 ], [ 27.924102, 44.625225 ], [ 27.923892, 44.624964 ], [ 27.923678, 44.624704 ], [ 27.923459, 44.624444 ], [ 27.923235, 44.624186 ], [ 27.923007, 44.623929 ], [ 27.922775, 44.623674 ], [ 27.92254, 44.623422 ], [ 27.922302, 44.623173 ], [ 27.922062, 44.622925 ], [ 27.92182, 44.62268 ], [ 27.921578, 44.622437 ], [ 27.921334, 44.622195 ], [ 27.92109, 44.621954 ], [ 27.920845, 44.621714 ], [ 27.920599, 44.621474 ], [ 27.920351, 44.621235 ], [ 27.920102, 44.620997 ], [ 27.919852, 44.620759 ], [ 27.9196, 44.620521 ], [ 27.919346, 44.620284 ], [ 27.91909, 44.620047 ], [ 27.918832, 44.619812 ], [ 27.918571, 44.619577 ], [ 27.918308, 44.619343 ], [ 27.918042, 44.61911 ], [ 27.917774, 44.618878 ], [ 27.917502, 44.618647 ], [ 27.917227, 44.618418 ], [ 27.916949, 44.61819 ], [ 27.916667, 44.617964 ], [ 27.916383, 44.617741 ], [ 27.916096, 44.617519 ], [ 27.915806, 44.617299 ], [ 27.915514, 44.617081 ], [ 27.915219, 44.616865 ], [ 27.914922, 44.616651 ], [ 27.914622, 44.616439 ], [ 27.914319, 44.616229 ], [ 27.914015, 44.61602 ], [ 27.913708, 44.615813 ], [ 27.913398, 44.615608 ], [ 27.913086, 44.615405 ], [ 27.912772, 44.615204 ], [ 27.912456, 44.615004 ], [ 27.912137, 44.614807 ], [ 27.911817, 44.614612 ], [ 27.911497, 44.61442 ], [ 27.911176, 44.61423 ], [ 27.910857, 44.614042 ], [ 27.910539, 44.613856 ], [ 27.910226, 44.613671 ], [ 27.909916, 44.613486 ], [ 27.909611, 44.6133 ], [ 27.909312, 44.613113 ], [ 27.909019, 44.612925 ], [ 27.908736, 44.612734 ], [ 27.908465, 44.612541 ], [ 27.908207, 44.612346 ], [ 27.907967, 44.612149 ], [ 27.907746, 44.61195 ], [ 27.907546, 44.611748 ], [ 27.907369, 44.611543 ], [ 27.907216, 44.611335 ], [ 27.907088, 44.611121 ], [ 27.906983, 44.610902 ], [ 27.906903, 44.610678 ], [ 27.906847, 44.610449 ], [ 27.906816, 44.610217 ], [ 27.90681, 44.609982 ], [ 27.906828, 44.609743 ], [ 27.906869, 44.6095 ], [ 27.906931, 44.60925 ], [ 27.907011, 44.608995 ], [ 27.907107, 44.608735 ], [ 27.907214, 44.608472 ], [ 27.907332, 44.608208 ], [ 27.907458, 44.607944 ], [ 27.907592, 44.60768 ], [ 27.907732, 44.607418 ], [ 27.907878, 44.607157 ], [ 27.908031, 44.606896 ], [ 27.908189, 44.606636 ], [ 27.908352, 44.606378 ], [ 27.908521, 44.60612 ], [ 27.908693, 44.605865 ], [ 27.908871, 44.605611 ], [ 27.909053, 44.60536 ], [ 27.90924, 44.605112 ], [ 27.909432, 44.604866 ], [ 27.909629, 44.604624 ], [ 27.909832, 44.604384 ], [ 27.910041, 44.604148 ], [ 27.910255, 44.603915 ], [ 27.910476, 44.603686 ], [ 27.910703, 44.60346 ], [ 27.910937, 44.603239 ], [ 27.911177, 44.60302 ], [ 27.911423, 44.602806 ], [ 27.911676, 44.602596 ], [ 27.911935, 44.602391 ], [ 27.9122, 44.602189 ], [ 27.912471, 44.601993 ], [ 27.912749, 44.6018 ], [ 27.913033, 44.601613 ], [ 27.913323, 44.601429 ], [ 27.913619, 44.60125 ], [ 27.913921, 44.601076 ], [ 27.914228, 44.600906 ], [ 27.914541, 44.60074 ], [ 27.914859, 44.600578 ], [ 27.915183, 44.600421 ], [ 27.915511, 44.600268 ], [ 27.915845, 44.600118 ], [ 27.916185, 44.59997 ], [ 27.916532, 44.599822 ], [ 27.916885, 44.599675 ], [ 27.917243, 44.599525 ], [ 27.917606, 44.599371 ], [ 27.917971, 44.599213 ], [ 27.918337, 44.599048 ], [ 27.918702, 44.598876 ], [ 27.919065, 44.598696 ], [ 27.919422, 44.598507 ], [ 27.919773, 44.598311 ], [ 27.920115, 44.598107 ], [ 27.920449, 44.597897 ], [ 27.920773, 44.597681 ], [ 27.92109, 44.597459 ], [ 27.921397, 44.597231 ], [ 27.921695, 44.596999 ], [ 27.921984, 44.596763 ], [ 27.922265, 44.596523 ], [ 27.922536, 44.59628 ], [ 27.9228, 44.596035 ], [ 27.923057, 44.595788 ], [ 27.923306, 44.595539 ], [ 27.92355, 44.595289 ], [ 27.923789, 44.595039 ], [ 27.924023, 44.594788 ], [ 27.924254, 44.594537 ], [ 27.924482, 44.594286 ], [ 27.924708, 44.594036 ], [ 27.924932, 44.593784 ], [ 27.925155, 44.593533 ], [ 27.925377, 44.59328 ], [ 27.925597, 44.593026 ], [ 27.925816, 44.59277 ], [ 27.926032, 44.592513 ], [ 27.926247, 44.592255 ], [ 27.926459, 44.591994 ], [ 27.926668, 44.591732 ], [ 27.926874, 44.591468 ], [ 27.927077, 44.591202 ], [ 27.927276, 44.590934 ], [ 27.927471, 44.590664 ], [ 27.927662, 44.590392 ], [ 27.927849, 44.590118 ], [ 27.92803, 44.589842 ], [ 27.928207, 44.589564 ], [ 27.928379, 44.589284 ], [ 27.928546, 44.589003 ], [ 27.928707, 44.588719 ], [ 27.928863, 44.588434 ], [ 27.929013, 44.588147 ], [ 27.929157, 44.587858 ], [ 27.929295, 44.587569 ], [ 27.929427, 44.587277 ], [ 27.929553, 44.586985 ], [ 27.929674, 44.586692 ], [ 27.929789, 44.586399 ], [ 27.929899, 44.586105 ], [ 27.930004, 44.585811 ], [ 27.930104, 44.585516 ], [ 27.9302, 44.58522 ], [ 27.930291, 44.584925 ], [ 27.930378, 44.584629 ], [ 27.930461, 44.584332 ], [ 27.93054, 44.584035 ], [ 27.930615, 44.583738 ], [ 27.930686, 44.583441 ], [ 27.930754, 44.583143 ], [ 27.930817, 44.582845 ], [ 27.930878, 44.582546 ], [ 27.930934, 44.582247 ], [ 27.930987, 44.581947 ], [ 27.931035, 44.581646 ], [ 27.93108, 44.581344 ], [ 27.931119, 44.581038 ], [ 27.931151, 44.58073 ], [ 27.931175, 44.580419 ], [ 27.93119, 44.580105 ], [ 27.931193, 44.579788 ], [ 27.931182, 44.579468 ], [ 27.931158, 44.579146 ], [ 27.931116, 44.578823 ], [ 27.931058, 44.578498 ], [ 27.93098, 44.578174 ], [ 27.930882, 44.57785 ], [ 27.930762, 44.577529 ], [ 27.930621, 44.577211 ], [ 27.930457, 44.576898 ], [ 27.930273, 44.576591 ], [ 27.930067, 44.576291 ], [ 27.929842, 44.575999 ], [ 27.929598, 44.575714 ], [ 27.929335, 44.575438 ], [ 27.929055, 44.575171 ], [ 27.928757, 44.574913 ], [ 27.928442, 44.574665 ], [ 27.928109, 44.574428 ], [ 27.92776, 44.574202 ], [ 27.927395, 44.57399 ], [ 27.927014, 44.573791 ], [ 27.926621, 44.573607 ], [ 27.926217, 44.573439 ], [ 27.925806, 44.573286 ], [ 27.925393, 44.573148 ], [ 27.924979, 44.573023 ], [ 27.924566, 44.572908 ], [ 27.924156, 44.572802 ], [ 27.923749, 44.572703 ], [ 27.923343, 44.572607 ], [ 27.922938, 44.572516 ], [ 27.922531, 44.572428 ], [ 27.922123, 44.572343 ], [ 27.921712, 44.572261 ], [ 27.921298, 44.572183 ], [ 27.920883, 44.57211 ], [ 27.920464, 44.57204 ], [ 27.920044, 44.571976 ], [ 27.919622, 44.571916 ], [ 27.919199, 44.571861 ], [ 27.918774, 44.57181 ], [ 27.918349, 44.571765 ], [ 27.917925, 44.571724 ], [ 27.917502, 44.571688 ], [ 27.917082, 44.571655 ], [ 27.916668, 44.571625 ], [ 27.916259, 44.571595 ], [ 27.915856, 44.571565 ], [ 27.91546, 44.571533 ], [ 27.915069, 44.571497 ], [ 27.914683, 44.571457 ], [ 27.9143, 44.571412 ], [ 27.91392, 44.57136 ], [ 27.913543, 44.571302 ], [ 27.913169, 44.571238 ], [ 27.912797, 44.571168 ], [ 27.912429, 44.571091 ], [ 27.91234, 44.57107 ], [ 27.909336, 44.571088 ], [ 27.90708, 44.57111 ] ] ] } },
{ "type": "Feature", "properties": { "DRVAL1": null, "OBJNAM": null, "NOBJNM": null, "TRAFIC": null, "INFORM": null, "SCAMIN": null }, "geometry": { "type": "Polygon", "coordinates": [ [ [ 27.936779, 44.480849 ], [ 27.936736, 44.481065 ], [ 27.936671, 44.481324 ], [ 27.936592, 44.481578 ], [ 27.936498, 44.481823 ], [ 27.936389, 44.482061 ], [ 27.936262, 44.482292 ], [ 27.936116, 44.482519 ], [ 27.935951, 44.482743 ], [ 27.935768, 44.482967 ], [ 27.935567, 44.48319 ], [ 27.935351, 44.483414 ], [ 27.935124, 44.483638 ], [ 27.934888, 44.48386 ], [ 27.934646, 44.48408 ], [ 27.934398, 44.484296 ], [ 27.934146, 44.484508 ], [ 27.933889, 44.484715 ], [ 27.933628, 44.484919 ], [ 27.933366, 44.485121 ], [ 27.933106, 44.485324 ], [ 27.93284, 44.485523 ], [ 27.932565, 44.485717 ], [ 27.932267, 44.485894 ], [ 27.931968, 44.486069 ], [ 27.931666, 44.486237 ], [ 27.931368, 44.486401 ], [ 27.93105, 44.486544 ], [ 27.930726, 44.486676 ], [ 27.9304, 44.486796 ], [ 27.930077, 44.48691 ], [ 27.929752, 44.487014 ], [ 27.929423, 44.487107 ], [ 27.92909, 44.487187 ], [ 27.928753, 44.487253 ], [ 27.928412, 44.487305 ], [ 27.928069, 44.487344 ], [ 27.927723, 44.487367 ], [ 27.927372, 44.487378 ], [ 27.927015, 44.487375 ], [ 27.926651, 44.487361 ], [ 27.926282, 44.487336 ], [ 27.925907, 44.487302 ], [ 27.925527, 44.487259 ], [ 27.925142, 44.48721 ], [ 27.924754, 44.487155 ], [ 27.924363, 44.487096 ], [ 27.923967, 44.487035 ], [ 27.923566, 44.486971 ], [ 27.923161, 44.486907 ], [ 27.922752, 44.486844 ], [ 27.922338, 44.486784 ], [ 27.921921, 44.486726 ], [ 27.921502, 44.486672 ], [ 27.92108, 44.486622 ], [ 27.920658, 44.486576 ], [ 27.920235, 44.486534 ], [ 27.919812, 44.486496 ], [ 27.919387, 44.486462 ], [ 27.918962, 44.486432 ], [ 27.918537, 44.486407 ], [ 27.918112, 44.486385 ], [ 27.917687, 44.486368 ], [ 27.917262, 44.486354 ], [ 27.916837, 44.486344 ], [ 27.916412, 44.486337 ], [ 27.915987, 44.486334 ], [ 27.915563, 44.486335 ], [ 27.915139, 44.486339 ], [ 27.914715, 44.486346 ], [ 27.914291, 44.486356 ], [ 27.913867, 44.48637 ], [ 27.913441, 44.486388 ], [ 27.913016, 44.486409 ], [ 27.912589, 44.486435 ], [ 27.912163, 44.486466 ], [ 27.911735, 44.486501 ], [ 27.911308, 44.486541 ], [ 27.910881, 44.486587 ], [ 27.910455, 44.486639 ], [ 27.910029, 44.486696 ], [ 27.909605, 44.48676 ], [ 27.909183, 44.486829 ], [ 27.908762, 44.486904 ], [ 27.908344, 44.486984 ], [ 27.907927, 44.487071 ], [ 27.907513, 44.487163 ], [ 27.907102, 44.48726 ], [ 27.906692, 44.487364 ], [ 27.906286, 44.487473 ], [ 27.905882, 44.487587 ], [ 27.905482, 44.487708 ], [ 27.905084, 44.487834 ], [ 27.904689, 44.487966 ], [ 27.904299, 44.488104 ], [ 27.903912, 44.488248 ], [ 27.903529, 44.488398 ], [ 27.903151, 44.488554 ], [ 27.902779, 44.488716 ], [ 27.902412, 44.488883 ], [ 27.902051, 44.489055 ], [ 27.901696, 44.489231 ], [ 27.901347, 44.489411 ], [ 27.901004, 44.489593 ], [ 27.900666, 44.489778 ], [ 27.900332, 44.489965 ], [ 27.900001, 44.490153 ], [ 27.899674, 44.490343 ], [ 27.899349, 44.490534 ], [ 27.899026, 44.490727 ], [ 27.898705, 44.490922 ], [ 27.898385, 44.49112 ], [ 27.898068, 44.49132 ], [ 27.897752, 44.491524 ], [ 27.89744, 44.491731 ], [ 27.89713, 44.491941 ], [ 27.896825, 44.492155 ], [ 27.896523, 44.492372 ], [ 27.896226, 44.492593 ], [ 27.895934, 44.492816 ], [ 27.895646, 44.493041 ], [ 27.895363, 44.493269 ], [ 27.895084, 44.4935 ], [ 27.894809, 44.493733 ], [ 27.894539, 44.493967 ], [ 27.894272, 44.494203 ], [ 27.89401, 44.494442 ], [ 27.893751, 44.494683 ], [ 27.893496, 44.494925 ], [ 27.893244, 44.49517 ], [ 27.892996, 44.495417 ], [ 27.892753, 44.495666 ], [ 27.892513, 44.495918 ], [ 27.892277, 44.496172 ], [ 27.892046, 44.496429 ], [ 27.891819, 44.496688 ], [ 27.891597, 44.496951 ], [ 27.89138, 44.497217 ], [ 27.891168, 44.497487 ], [ 27.890963, 44.49776 ], [ 27.890765, 44.498038 ], [ 27.890575, 44.49832 ], [ 27.890393, 44.498606 ], [ 27.89022, 44.498897 ], [ 27.890057, 44.499191 ], [ 27.889905, 44.49949 ], [ 27.889764, 44.499792 ], [ 27.889635, 44.500097 ], [ 27.889518, 44.500406 ], [ 27.889415, 44.500718 ], [ 27.889325, 44.501032 ], [ 27.889249, 44.501348 ], [ 27.889188, 44.501666 ], [ 27.889142, 44.501984 ], [ 27.889109, 44.5023 ], [ 27.889089, 44.502615 ], [ 27.889079, 44.502927 ], [ 27.889078, 44.503236 ], [ 27.889084, 44.503542 ], [ 27.889095, 44.503845 ], [ 27.889109, 44.504145 ], [ 27.889124, 44.504442 ], [ 27.88914, 44.504736 ], [ 27.889154, 44.505028 ], [ 27.889167, 44.505319 ], [ 27.889178, 44.50561 ], [ 27.889188, 44.505902 ], [ 27.889198, 44.506194 ], [ 27.889206, 44.506488 ], [ 27.889216, 44.506783 ], [ 27.889226, 44.50708 ], [ 27.889237, 44.507378 ], [ 27.889251, 44.507678 ], [ 27.889267, 44.50798 ], [ 27.889287, 44.508284 ], [ 27.889312, 44.508592 ], [ 27.889344, 44.508902 ], [ 27.889384, 44.509214 ], [ 27.889435, 44.50953 ], [ 27.889481, 44.509842 ], [ 27.889576, 44.510479 ], [ 27.889628, 44.510774 ], [ 27.889708, 44.5111 ], [ 27.889831, 44.511487 ], [ 27.889962, 44.511794 ], [ 27.890118, 44.51214 ], [ 27.890317, 44.512519 ], [ 27.890556, 44.512906 ], [ 27.890687, 44.5131 ], [ 27.890843, 44.513273 ], [ 27.891197, 44.51362 ], [ 27.891535, 44.513926 ], [ 27.891954, 44.514221 ], [ 27.892873, 44.514789 ], [ 27.89402, 44.51541 ], [ 27.895829, 44.516232 ], [ 27.898521, 44.517313 ], [ 27.900441, 44.518127 ], [ 27.901432, 44.518655 ], [ 27.901922, 44.518929 ], [ 27.902282, 44.519224 ], [ 27.902771, 44.519655 ], [ 27.903268, 44.520211 ], [ 27.903954, 44.521014 ], [ 27.904717, 44.521956 ], [ 27.904941, 44.522216 ], [ 27.905171, 44.522474 ], [ 27.905406, 44.522729 ], [ 27.905643, 44.52298 ], [ 27.905882, 44.523228 ], [ 27.906121, 44.523473 ], [ 27.90636, 44.523716 ], [ 27.906599, 44.523957 ], [ 27.906836, 44.524197 ], [ 27.907073, 44.524438 ], [ 27.90731, 44.524678 ], [ 27.907548, 44.524919 ], [ 27.907786, 44.52516 ], [ 27.908024, 44.525402 ], [ 27.908264, 44.525644 ], [ 27.908505, 44.525885 ], [ 27.908748, 44.526126 ], [ 27.908992, 44.526368 ], [ 27.909239, 44.526608 ], [ 27.909486, 44.526848 ], [ 27.909735, 44.527086 ], [ 27.909984, 44.527324 ], [ 27.910233, 44.52756 ], [ 27.910481, 44.527795 ], [ 27.910728, 44.528029 ], [ 27.910974, 44.528263 ], [ 27.911217, 44.528496 ], [ 27.911457, 44.528729 ], [ 27.911694, 44.528962 ], [ 27.911928, 44.529196 ], [ 27.912157, 44.529431 ], [ 27.912383, 44.529667 ], [ 27.912605, 44.529904 ], [ 27.912822, 44.530143 ], [ 27.913035, 44.530383 ], [ 27.913244, 44.530626 ], [ 27.913449, 44.53087 ], [ 27.913649, 44.531115 ], [ 27.913844, 44.531363 ], [ 27.914035, 44.531612 ], [ 27.914221, 44.531862 ], [ 27.914401, 44.532114 ], [ 27.914577, 44.532368 ], [ 27.914748, 44.532624 ], [ 27.914913, 44.532881 ], [ 27.915073, 44.53314 ], [ 27.915228, 44.533401 ], [ 27.915377, 44.533663 ], [ 27.915521, 44.533926 ], [ 27.91566, 44.534191 ], [ 27.915793, 44.534458 ], [ 27.915921, 44.534725 ], [ 27.916043, 44.534994 ], [ 27.91616, 44.535264 ], [ 27.916271, 44.535536 ], [ 27.916376, 44.535808 ], [ 27.916477, 44.536082 ], [ 27.916571, 44.536357 ], [ 27.916661, 44.536633 ], [ 27.916745, 44.53691 ], [ 27.916825, 44.537189 ], [ 27.916899, 44.537468 ], [ 27.916968, 44.537748 ], [ 27.917032, 44.538029 ], [ 27.917091, 44.53831 ], [ 27.917144, 44.538592 ], [ 27.917192, 44.538873 ], [ 27.917234, 44.539155 ], [ 27.917271, 44.539436 ], [ 27.917301, 44.539717 ], [ 27.917324, 44.539998 ], [ 27.917341, 44.540279 ], [ 27.917351, 44.540559 ], [ 27.917354, 44.540838 ], [ 27.917349, 44.541117 ], [ 27.917337, 44.541396 ], [ 27.917317, 44.541674 ], [ 27.917289, 44.541952 ], [ 27.917254, 44.542229 ], [ 27.917211, 44.542507 ], [ 27.91716, 44.542784 ], [ 27.917102, 44.54306 ], [ 27.917037, 44.543336 ], [ 27.916965, 44.543611 ], [ 27.916885, 44.543886 ], [ 27.916799, 44.54416 ], [ 27.916707, 44.544434 ], [ 27.916608, 44.544707 ], [ 27.916503, 44.54498 ], [ 27.916393, 44.545252 ], [ 27.916277, 44.545524 ], [ 27.916156, 44.545796 ], [ 27.916031, 44.546067 ], [ 27.915901, 44.546338 ], [ 27.915768, 44.546608 ], [ 27.91563, 44.546877 ], [ 27.915489, 44.547146 ], [ 27.915345, 44.547414 ], [ 27.915197, 44.547682 ], [ 27.915046, 44.547949 ], [ 27.914892, 44.548216 ], [ 27.914735, 44.548481 ], [ 27.914575, 44.548745 ], [ 27.914412, 44.549008 ], [ 27.914246, 44.549268 ], [ 27.914077, 44.549526 ], [ 27.913904, 44.549782 ], [ 27.913727, 44.550036 ], [ 27.913545, 44.550286 ], [ 27.913358, 44.550535 ], [ 27.913166, 44.550781 ], [ 27.912968, 44.551026 ], [ 27.912765, 44.551271 ], [ 27.912557, 44.551514 ], [ 27.912344, 44.551757 ], [ 27.912127, 44.552 ], [ 27.911906, 44.552244 ], [ 27.911683, 44.552488 ], [ 27.911458, 44.552733 ], [ 27.911231, 44.552978 ], [ 27.911004, 44.553224 ], [ 27.910776, 44.553471 ], [ 27.910549, 44.553717 ], [ 27.910322, 44.553965 ], [ 27.910095, 44.554212 ], [ 27.909869, 44.55446 ], [ 27.909644, 44.554709 ], [ 27.909419, 44.554957 ], [ 27.909195, 44.555206 ], [ 27.908971, 44.555456 ], [ 27.908749, 44.555705 ], [ 27.908527, 44.555956 ], [ 27.908306, 44.556207 ], [ 27.908085, 44.556458 ], [ 27.907866, 44.55671 ], [ 27.907647, 44.556962 ], [ 27.907429, 44.557216 ], [ 27.907212, 44.557471 ], [ 27.906996, 44.557727 ], [ 27.906781, 44.557985 ], [ 27.906568, 44.558245 ], [ 27.906357, 44.558508 ], [ 27.90615, 44.558773 ], [ 27.905946, 44.559041 ], [ 27.905747, 44.559312 ], [ 27.905553, 44.559587 ], [ 27.905365, 44.559864 ], [ 27.905184, 44.560144 ], [ 27.905009, 44.560426 ], [ 27.904843, 44.56071 ], [ 27.904682, 44.560995 ], [ 27.904529, 44.561281 ], [ 27.904382, 44.561569 ], [ 27.90424, 44.561857 ], [ 27.904103, 44.562146 ], [ 27.903971, 44.562436 ], [ 27.903844, 44.562729 ], [ 27.903721, 44.563025 ], [ 27.903605, 44.563326 ], [ 27.903498, 44.563631 ], [ 27.903401, 44.563941 ], [ 27.903316, 44.564256 ], [ 27.903246, 44.564576 ], [ 27.903193, 44.5649 ], [ 27.903159, 44.565227 ], [ 27.903145, 44.565557 ], [ 27.903151, 44.565888 ], [ 27.903178, 44.566219 ], [ 27.903226, 44.566549 ], [ 27.903295, 44.566878 ], [ 27.903385, 44.567206 ], [ 27.903496, 44.567531 ], [ 27.903629, 44.567853 ], [ 27.903784, 44.568171 ], [ 27.903961, 44.568485 ], [ 27.904162, 44.568793 ], [ 27.904386, 44.569095 ], [ 27.904634, 44.569387 ], [ 27.904906, 44.56967 ], [ 27.905203, 44.569941 ], [ 27.905524, 44.570198 ], [ 27.905864, 44.570439 ], [ 27.906222, 44.570663 ], [ 27.906593, 44.57087 ], [ 27.906973, 44.571061 ], [ 27.90708, 44.57111 ], [ 27.909336, 44.571088 ], [ 27.91234, 44.57107 ], [ 27.912063, 44.571007 ], [ 27.9117, 44.570918 ], [ 27.911338, 44.570821 ], [ 27.910978, 44.570719 ], [ 27.910619, 44.570611 ], [ 27.910261, 44.570497 ], [ 27.909905, 44.570378 ], [ 27.909552, 44.570255 ], [ 27.909205, 44.570127 ], [ 27.908868, 44.569996 ], [ 27.908543, 44.569859 ], [ 27.908232, 44.569718 ], [ 27.907937, 44.569571 ], [ 27.907659, 44.569418 ], [ 27.9074, 44.569257 ], [ 27.907159, 44.569087 ], [ 27.906934, 44.568906 ], [ 27.906725, 44.568715 ], [ 27.90653, 44.568512 ], [ 27.90635, 44.568298 ], [ 27.906185, 44.568075 ], [ 27.906035, 44.567843 ], [ 27.9059, 44.567604 ], [ 27.905781, 44.567359 ], [ 27.905679, 44.56711 ], [ 27.905592, 44.566858 ], [ 27.905522, 44.566603 ], [ 27.905469, 44.566346 ], [ 27.905431, 44.566089 ], [ 27.90541, 44.56583 ], [ 27.905406, 44.565572 ], [ 27.905417, 44.565314 ], [ 27.905445, 44.565055 ], [ 27.905487, 44.564795 ], [ 27.905545, 44.564535 ], [ 27.905616, 44.564272 ], [ 27.9057, 44.564007 ], [ 27.905795, 44.563739 ], [ 27.905899, 44.56347 ], [ 27.906011, 44.563199 ], [ 27.90613, 44.562927 ], [ 27.906253, 44.562655 ], [ 27.906381, 44.562385 ], [ 27.906513, 44.562116 ], [ 27.90665, 44.56185 ], [ 27.906791, 44.561586 ], [ 27.906938, 44.561325 ], [ 27.90709, 44.561067 ], [ 27.907248, 44.560811 ], [ 27.907412, 44.560557 ], [ 27.907583, 44.560305 ], [ 27.90776, 44.560054 ], [ 27.907944, 44.559804 ], [ 27.908134, 44.559555 ], [ 27.908328, 44.559306 ], [ 27.908528, 44.559057 ], [ 27.908732, 44.558808 ], [ 27.908939, 44.558559 ], [ 27.909149, 44.55831 ], [ 27.909361, 44.558062 ], [ 27.909575, 44.557813 ], [ 27.90979, 44.557564 ], [ 27.910007, 44.557316 ], [ 27.910224, 44.557069 ], [ 27.910442, 44.556821 ], [ 27.910661, 44.556574 ], [ 27.910881, 44.556328 ], [ 27.911101, 44.556081 ], [ 27.911323, 44.555835 ], [ 27.911545, 44.555589 ], [ 27.911768, 44.555344 ], [ 27.911992, 44.555098 ], [ 27.912216, 44.554853 ], [ 27.912442, 44.554607 ], [ 27.912668, 44.554362 ], [ 27.912894, 44.554117 ], [ 27.913121, 44.553871 ], [ 27.913349, 44.553624 ], [ 27.913577, 44.553376 ], [ 27.913805, 44.553127 ], [ 27.914033, 44.552876 ], [ 27.914259, 44.552622 ], [ 27.914483, 44.552366 ], [ 27.914704, 44.552107 ], [ 27.914922, 44.551845 ], [ 27.915136, 44.55158 ], [ 27.915344, 44.551313 ], [ 27.915547, 44.551043 ], [ 27.915744, 44.550771 ], [ 27.915936, 44.550498 ], [ 27.916122, 44.550223 ], [ 27.916302, 44.549948 ], [ 27.916478, 44.549672 ], [ 27.91665, 44.549395 ], [ 27.916817, 44.549118 ], [ 27.916981, 44.548841 ], [ 27.917142, 44.548562 ], [ 27.9173, 44.548283 ], [ 27.917455, 44.548003 ], [ 27.917607, 44.547722 ], [ 27.917755, 44.547439 ], [ 27.9179, 44.547155 ], [ 27.918041, 44.54687 ], [ 27.918178, 44.546583 ], [ 27.918311, 44.546295 ], [ 27.91844, 44.546005 ], [ 27.918564, 44.545713 ], [ 27.918682, 44.54542 ], [ 27.918796, 44.545124 ], [ 27.918903, 44.544827 ], [ 27.919004, 44.544528 ], [ 27.919099, 44.544227 ], [ 27.919186, 44.543924 ], [ 27.919266, 44.54362 ], [ 27.919338, 44.543315 ], [ 27.919402, 44.543008 ], [ 27.919459, 44.542701 ], [ 27.919506, 44.542392 ], [ 27.919546, 44.542083 ], [ 27.919577, 44.541773 ], [ 27.919599, 44.541463 ], [ 27.919613, 44.541153 ], [ 27.919618, 44.540842 ], [ 27.919615, 44.540533 ], [ 27.919604, 44.540223 ], [ 27.919586, 44.539915 ], [ 27.91956, 44.539607 ], [ 27.919527, 44.5393 ], [ 27.919488, 44.538994 ], [ 27.919442, 44.538689 ], [ 27.91939, 44.538384 ], [ 27.919332, 44.538081 ], [ 27.919269, 44.537779 ], [ 27.9192, 44.537477 ], [ 27.919126, 44.537176 ], [ 27.919046, 44.536876 ], [ 27.918961, 44.536577 ], [ 27.91887, 44.536278 ], [ 27.918773, 44.53598 ], [ 27.918671, 44.535683 ], [ 27.918563, 44.535387 ], [ 27.918448, 44.535092 ], [ 27.918328, 44.534798 ], [ 27.918201, 44.534505 ], [ 27.918069, 44.534213 ], [ 27.917931, 44.533923 ], [ 27.917786, 44.533634 ], [ 27.917636, 44.533347 ], [ 27.91748, 44.533062 ], [ 27.917318, 44.532778 ], [ 27.91715, 44.532496 ], [ 27.916977, 44.532216 ], [ 27.916798, 44.531937 ], [ 27.916613, 44.531661 ], [ 27.916424, 44.531386 ], [ 27.916228, 44.531114 ], [ 27.916028, 44.530843 ], [ 27.915823, 44.530575 ], [ 27.915613, 44.530309 ], [ 27.915398, 44.530045 ], [ 27.915178, 44.529784 ], [ 27.914955, 44.529525 ], [ 27.914727, 44.529267 ], [ 27.914494, 44.529012 ], [ 27.914258, 44.528759 ], [ 27.914019, 44.528509 ], [ 27.913776, 44.528261 ], [ 27.913531, 44.528016 ], [ 27.913284, 44.527772 ], [ 27.913036, 44.527531 ], [ 27.912787, 44.527292 ], [ 27.912537, 44.527055 ], [ 27.912288, 44.526818 ], [ 27.91204, 44.526584 ], [ 27.911793, 44.52635 ], [ 27.911548, 44.526116 ], [ 27.911304, 44.525882 ], [ 27.911062, 44.525648 ], [ 27.910822, 44.525414 ], [ 27.910584, 44.525178 ], [ 27.910346, 44.524942 ], [ 27.910108, 44.524704 ], [ 27.909872, 44.524465 ], [ 27.909635, 44.524226 ], [ 27.909398, 44.523986 ], [ 27.909161, 44.523745 ], [ 27.908923, 44.523504 ], [ 27.908685, 44.523263 ], [ 27.908447, 44.523022 ], [ 27.90821, 44.522782 ], [ 27.907974, 44.522542 ], [ 27.907742, 44.522304 ], [ 27.907513, 44.522067 ], [ 27.907289, 44.52183 ], [ 27.907071, 44.521593 ], [ 27.906858, 44.521355 ], [ 27.906651, 44.521115 ], [ 27.906447, 44.520871 ], [ 27.906245, 44.520624 ], [ 27.90573, 44.520013 ], [ 27.904925, 44.519072 ], [ 27.904364, 44.518538 ], [ 27.903625, 44.517956 ], [ 27.903018, 44.517529 ], [ 27.902287, 44.517156 ], [ 27.896732, 44.514846 ], [ 27.89563, 44.514362 ], [ 27.894738, 44.513878 ], [ 27.893846, 44.513329 ], [ 27.893131, 44.512768 ], [ 27.892558, 44.512107 ], [ 27.892199, 44.511599 ], [ 27.891889, 44.510945 ], [ 27.891713, 44.51026 ], [ 27.891636, 44.509666 ], [ 27.891611, 44.509338 ], [ 27.891605, 44.509068 ], [ 27.891582, 44.508771 ], [ 27.891565, 44.50848 ], [ 27.891548, 44.508199 ], [ 27.891529, 44.50791 ], [ 27.891513, 44.50762 ], [ 27.8915, 44.507329 ], [ 27.891489, 44.507037 ], [ 27.891479, 44.506745 ], [ 27.891469, 44.506452 ], [ 27.89146, 44.506158 ], [ 27.891451, 44.505863 ], [ 27.891441, 44.505567 ], [ 27.891429, 44.505271 ], [ 27.891416, 44.504973 ], [ 27.891402, 44.504677 ], [ 27.891386, 44.504381 ], [ 27.891371, 44.504088 ], [ 27.891357, 44.503797 ], [ 27.891347, 44.50351 ], [ 27.891341, 44.503226 ], [ 27.891341, 44.502946 ], [ 27.89135, 44.50267 ], [ 27.891367, 44.502397 ], [ 27.891394, 44.502127 ], [ 27.891433, 44.50186 ], [ 27.891484, 44.501595 ], [ 27.891547, 44.50133 ], [ 27.891622, 44.501067 ], [ 27.89171, 44.500805 ], [ 27.891809, 44.500543 ], [ 27.891919, 44.500283 ], [ 27.89204, 44.500024 ], [ 27.892171, 44.499767 ], [ 27.892312, 44.499512 ], [ 27.892463, 44.499259 ], [ 27.892623, 44.499008 ], [ 27.892791, 44.498759 ], [ 27.892967, 44.498511 ], [ 27.893151, 44.498266 ], [ 27.893343, 44.498022 ], [ 27.893541, 44.497779 ], [ 27.893746, 44.497537 ], [ 27.893956, 44.497298 ], [ 27.894171, 44.497059 ], [ 27.894391, 44.496822 ], [ 27.894614, 44.496587 ], [ 27.894843, 44.496353 ], [ 27.895075, 44.496122 ], [ 27.895311, 44.495892 ], [ 27.895551, 44.495664 ], [ 27.895795, 44.495438 ], [ 27.896042, 44.495213 ], [ 27.896292, 44.494991 ], [ 27.896546, 44.494771 ], [ 27.896803, 44.494553 ], [ 27.897064, 44.494338 ], [ 27.897327, 44.494125 ], [ 27.897594, 44.493916 ], [ 27.897865, 44.493709 ], [ 27.898139, 44.493506 ], [ 27.898418, 44.493305 ], [ 27.8987, 44.493108 ], [ 27.898987, 44.492913 ], [ 27.899278, 44.49272 ], [ 27.899574, 44.492529 ], [ 27.899874, 44.49234 ], [ 27.900177, 44.492152 ], [ 27.900483, 44.491966 ], [ 27.900793, 44.491781 ], [ 27.901105, 44.491598 ], [ 27.901418, 44.491416 ], [ 27.901733, 44.491237 ], [ 27.902048, 44.49106 ], [ 27.902365, 44.490887 ], [ 27.902682, 44.490718 ], [ 27.903001, 44.490554 ], [ 27.903323, 44.490395 ], [ 27.903646, 44.49024 ], [ 27.903973, 44.490091 ], [ 27.904303, 44.489948 ], [ 27.904638, 44.489809 ], [ 27.904977, 44.489676 ], [ 27.905321, 44.489548 ], [ 27.905669, 44.489425 ], [ 27.906021, 44.489307 ], [ 27.906377, 44.489194 ], [ 27.906737, 44.489086 ], [ 27.9071, 44.488984 ], [ 27.907465, 44.488886 ], [ 27.907834, 44.488792 ], [ 27.908205, 44.488704 ], [ 27.908577, 44.488622 ], [ 27.908953, 44.488544 ], [ 27.909329, 44.488471 ], [ 27.909708, 44.488404 ], [ 27.910088, 44.488341 ], [ 27.91047, 44.488285 ], [ 27.910853, 44.488233 ], [ 27.911238, 44.488186 ], [ 27.911625, 44.488145 ], [ 27.912013, 44.488108 ], [ 27.912404, 44.488076 ], [ 27.912796, 44.488048 ], [ 27.91319, 44.488024 ], [ 27.913586, 44.488004 ], [ 27.913984, 44.487988 ], [ 27.914382, 44.487975 ], [ 27.914781, 44.487965 ], [ 27.91518, 44.487958 ], [ 27.91558, 44.487954 ], [ 27.915979, 44.487954 ], [ 27.916377, 44.487957 ], [ 27.916775, 44.487963 ], [ 27.917173, 44.487972 ], [ 27.91757, 44.487985 ], [ 27.917966, 44.488001 ], [ 27.918362, 44.488021 ], [ 27.918758, 44.488045 ], [ 27.919152, 44.488073 ], [ 27.919546, 44.488104 ], [ 27.91994, 44.488139 ], [ 27.920333, 44.488178 ], [ 27.920724, 44.488221 ], [ 27.921115, 44.488268 ], [ 27.921505, 44.488318 ], [ 27.921895, 44.488372 ], [ 27.922287, 44.48843 ], [ 27.922681, 44.48849 ], [ 27.923079, 44.488553 ], [ 27.923482, 44.488617 ], [ 27.92389, 44.48868 ], [ 27.924304, 44.488742 ], [ 27.924726, 44.488801 ], [ 27.925155, 44.488856 ], [ 27.925591, 44.488904 ], [ 27.926036, 44.488944 ], [ 27.926488, 44.488974 ], [ 27.926946, 44.488991 ], [ 27.927411, 44.488993 ], [ 27.927881, 44.488978 ], [ 27.928352, 44.488945 ], [ 27.928821, 44.488893 ], [ 27.929286, 44.488822 ], [ 27.929744, 44.488732 ], [ 27.930194, 44.488625 ], [ 27.930633, 44.488501 ], [ 27.93106, 44.488363 ], [ 27.931474, 44.48821 ], [ 27.931874, 44.488046 ], [ 27.93226, 44.487871 ], [ 27.932632, 44.487688 ], [ 27.932992, 44.487498 ], [ 27.933341, 44.487303 ], [ 27.93368, 44.487104 ], [ 27.934011, 44.486899 ], [ 27.934335, 44.48669 ], [ 27.934652, 44.486475 ], [ 27.934963, 44.486256 ], [ 27.935267, 44.486032 ], [ 27.935563, 44.485804 ], [ 27.935852, 44.485571 ], [ 27.936133, 44.485335 ], [ 27.936408, 44.485095 ], [ 27.936677, 44.484851 ], [ 27.93694, 44.484603 ], [ 27.937198, 44.484348 ], [ 27.93745, 44.484084 ], [ 27.937694, 44.483811 ], [ 27.937926, 44.483526 ], [ 27.938141, 44.48323 ], [ 27.938337, 44.482925 ], [ 27.93851, 44.48261 ], [ 27.938658, 44.482291 ], [ 27.938782, 44.481969 ], [ 27.938884, 44.481646 ], [ 27.938966, 44.481324 ], [ 27.939031, 44.481003 ], [ 27.939057, 44.480832 ], [ 27.937935, 44.480842 ], [ 27.936779, 44.480849 ] ] ] } },
{ "type": "Feature", "properties": { "DRVAL1": null, "OBJNAM": null, "NOBJNM": null, "TRAFIC": null, "INFORM": null, "SCAMIN": null }, "geometry": { "type": "Polygon", "coordinates": [ [ [ 27.874606, 44.400983 ], [ 27.874621, 44.402028 ], [ 27.874645, 44.403059 ], [ 27.874724, 44.403103 ], [ 27.875055, 44.403282 ], [ 27.875386, 44.40346 ], [ 27.875716, 44.403637 ], [ 27.876045, 44.403814 ], [ 27.876374, 44.40399 ], [ 27.876701, 44.404166 ], [ 27.877028, 44.404342 ], [ 27.877353, 44.404518 ], [ 27.877677, 44.404695 ], [ 27.878, 44.404872 ], [ 27.878321, 44.405051 ], [ 27.878641, 44.405229 ], [ 27.87896, 44.405409 ], [ 27.879277, 44.40559 ], [ 27.879592, 44.405772 ], [ 27.879906, 44.405955 ], [ 27.880218, 44.406139 ], [ 27.88053, 44.406325 ], [ 27.880841, 44.406512 ], [ 27.881151, 44.4067 ], [ 27.881461, 44.40689 ], [ 27.88177, 44.40708 ], [ 27.882081, 44.407272 ], [ 27.882391, 44.407464 ], [ 27.882702, 44.407657 ], [ 27.883015, 44.40785 ], [ 27.88333, 44.408043 ], [ 27.883646, 44.408236 ], [ 27.883965, 44.408429 ], [ 27.884287, 44.408621 ], [ 27.884612, 44.408812 ], [ 27.884941, 44.409001 ], [ 27.885273, 44.409189 ], [ 27.88561, 44.409374 ], [ 27.88595, 44.409557 ], [ 27.886295, 44.409738 ], [ 27.886644, 44.409915 ], [ 27.886999, 44.410088 ], [ 27.887357, 44.410258 ], [ 27.887721, 44.410424 ], [ 27.888089, 44.410585 ], [ 27.888461, 44.410742 ], [ 27.888838, 44.410894 ], [ 27.88922, 44.41104 ], [ 27.889605, 44.411182 ], [ 27.889993, 44.411318 ], [ 27.890385, 44.411448 ], [ 27.890779, 44.411573 ], [ 27.891175, 44.411693 ], [ 27.891573, 44.411808 ], [ 27.891973, 44.411918 ], [ 27.892373, 44.412024 ], [ 27.892774, 44.412126 ], [ 27.893176, 44.412224 ], [ 27.893579, 44.412319 ], [ 27.893983, 44.41241 ], [ 27.894388, 44.412498 ], [ 27.894793, 44.412582 ], [ 27.895198, 44.412664 ], [ 27.895604, 44.412743 ], [ 27.896011, 44.41282 ], [ 27.896417, 44.412894 ], [ 27.896824, 44.412966 ], [ 27.89723, 44.413036 ], [ 27.897637, 44.413104 ], [ 27.898043, 44.41317 ], [ 27.89845, 44.413235 ], [ 27.898856, 44.413299 ], [ 27.899262, 44.413361 ], [ 27.899667, 44.413422 ], [ 27.900073, 44.413482 ], [ 27.900479, 44.413541 ], [ 27.900885, 44.4136 ], [ 27.901291, 44.413658 ], [ 27.901697, 44.413714 ], [ 27.902103, 44.413771 ], [ 27.90251, 44.413826 ], [ 27.902916, 44.413881 ], [ 27.903322, 44.413935 ], [ 27.903726, 44.413989 ], [ 27.90413, 44.414042 ], [ 27.904533, 44.414096 ], [ 27.904934, 44.41415 ], [ 27.905333, 44.414204 ], [ 27.905731, 44.41426 ], [ 27.906128, 44.414317 ], [ 27.906522, 44.414376 ], [ 27.906915, 44.414437 ], [ 27.907306, 44.414499 ], [ 27.907696, 44.414565 ], [ 27.908086, 44.414633 ], [ 27.908476, 44.414703 ], [ 27.908865, 44.414776 ], [ 27.909254, 44.41485 ], [ 27.909644, 44.414927 ], [ 27.910034, 44.415006 ], [ 27.910424, 44.415086 ], [ 27.910813, 44.415168 ], [ 27.911204, 44.41525 ], [ 27.911594, 44.415334 ], [ 27.911984, 44.415419 ], [ 27.912374, 44.415505 ], [ 27.912762, 44.415591 ], [ 27.91315, 44.415679 ], [ 27.913537, 44.415767 ], [ 27.913922, 44.415857 ], [ 27.914306, 44.415948 ], [ 27.914689, 44.41604 ], [ 27.915071, 44.416134 ], [ 27.91545, 44.41623 ], [ 27.915829, 44.416328 ], [ 27.916205, 44.416427 ], [ 27.91658, 44.416529 ], [ 27.916953, 44.416634 ], [ 27.917324, 44.416741 ], [ 27.917692, 44.41685 ], [ 27.918058, 44.416962 ], [ 27.918422, 44.417077 ], [ 27.918783, 44.417195 ], [ 27.919141, 44.417316 ], [ 27.919497, 44.417441 ], [ 27.919851, 44.417568 ], [ 27.920202, 44.417699 ], [ 27.92055, 44.417834 ], [ 27.920896, 44.417972 ], [ 27.921239, 44.418113 ], [ 27.921579, 44.418258 ], [ 27.921917, 44.418405 ], [ 27.922252, 44.418557 ], [ 27.922583, 44.418711 ], [ 27.92291, 44.418869 ], [ 27.923233, 44.41903 ], [ 27.923551, 44.419194 ], [ 27.923863, 44.419362 ], [ 27.924171, 44.419533 ], [ 27.924472, 44.419708 ], [ 27.924767, 44.419888 ], [ 27.925056, 44.420071 ], [ 27.925339, 44.420258 ], [ 27.925616, 44.420451 ], [ 27.925887, 44.420648 ], [ 27.926154, 44.42085 ], [ 27.926415, 44.421056 ], [ 27.926672, 44.421267 ], [ 27.926925, 44.421481 ], [ 27.927173, 44.4217 ], [ 27.927417, 44.421921 ], [ 27.927658, 44.422146 ], [ 27.927894, 44.422374 ], [ 27.928127, 44.422604 ], [ 27.928357, 44.422836 ], [ 27.928582, 44.423071 ], [ 27.928804, 44.423307 ], [ 27.929019, 44.423544 ], [ 27.929228, 44.423782 ], [ 27.92943, 44.42402 ], [ 27.929624, 44.42426 ], [ 27.929809, 44.424502 ], [ 27.929985, 44.424746 ], [ 27.930153, 44.424993 ], [ 27.930314, 44.425244 ], [ 27.930506, 44.425486 ], [ 27.930705, 44.425734 ], [ 27.930893, 44.425949 ], [ 27.931075, 44.426159 ], [ 27.93125, 44.426396 ], [ 27.931439, 44.42668 ], [ 27.931591, 44.426948 ], [ 27.931753, 44.427251 ], [ 27.9319, 44.427649 ], [ 27.932, 44.427994 ], [ 27.933384, 44.433082 ], [ 27.933583, 44.433961 ], [ 27.933687, 44.434574 ], [ 27.933759, 44.435104 ], [ 27.933727, 44.43563 ], [ 27.933544, 44.43642 ], [ 27.933321, 44.437114 ], [ 27.932647, 44.438813 ], [ 27.932542, 44.439098 ], [ 27.932437, 44.439386 ], [ 27.932334, 44.439676 ], [ 27.932233, 44.439967 ], [ 27.932135, 44.440259 ], [ 27.93204, 44.44055 ], [ 27.931947, 44.440841 ], [ 27.931856, 44.441132 ], [ 27.931767, 44.441423 ], [ 27.931679, 44.441714 ], [ 27.931593, 44.442005 ], [ 27.931509, 44.442297 ], [ 27.931426, 44.442589 ], [ 27.931345, 44.442882 ], [ 27.931266, 44.443177 ], [ 27.931189, 44.443472 ], [ 27.931116, 44.443768 ], [ 27.931047, 44.444066 ], [ 27.93098, 44.444364 ], [ 27.930917, 44.444662 ], [ 27.930859, 44.444961 ], [ 27.930804, 44.445261 ], [ 27.930753, 44.445561 ], [ 27.930706, 44.445862 ], [ 27.930663, 44.446162 ], [ 27.930624, 44.446464 ], [ 27.930589, 44.446765 ], [ 27.930559, 44.447067 ], [ 27.930532, 44.447369 ], [ 27.93051, 44.447671 ], [ 27.930492, 44.447974 ], [ 27.930478, 44.448276 ], [ 27.930469, 44.448579 ], [ 27.930464, 44.448882 ], [ 27.930463, 44.449184 ], [ 27.930466, 44.449487 ], [ 27.930473, 44.449789 ], [ 27.930484, 44.450091 ], [ 27.930499, 44.450393 ], [ 27.930518, 44.450694 ], [ 27.93054, 44.450995 ], [ 27.930566, 44.451295 ], [ 27.930595, 44.451595 ], [ 27.930626, 44.451894 ], [ 27.930661, 44.452193 ], [ 27.930698, 44.452492 ], [ 27.930737, 44.45279 ], [ 27.930779, 44.453087 ], [ 27.930823, 44.453384 ], [ 27.930869, 44.45368 ], [ 27.930917, 44.453976 ], [ 27.930966, 44.454271 ], [ 27.931016, 44.454566 ], [ 27.931068, 44.454861 ], [ 27.93112, 44.455155 ], [ 27.931174, 44.455449 ], [ 27.931228, 44.455742 ], [ 27.931283, 44.456035 ], [ 27.931338, 44.456328 ], [ 27.931394, 44.456621 ], [ 27.931451, 44.456913 ], [ 27.931507, 44.457206 ], [ 27.931564, 44.457498 ], [ 27.931621, 44.45779 ], [ 27.931678, 44.458081 ], [ 27.931735, 44.458373 ], [ 27.931792, 44.458665 ], [ 27.931849, 44.458957 ], [ 27.931906, 44.459249 ], [ 27.931964, 44.459542 ], [ 27.932022, 44.459834 ], [ 27.932081, 44.460126 ], [ 27.93214, 44.460419 ], [ 27.9322, 44.460712 ], [ 27.93226, 44.461004 ], [ 27.932321, 44.461297 ], [ 27.932383, 44.46159 ], [ 27.932445, 44.461882 ], [ 27.932509, 44.462175 ], [ 27.932573, 44.462467 ], [ 27.932638, 44.46276 ], [ 27.932703, 44.463052 ], [ 27.93277, 44.463344 ], [ 27.932837, 44.463636 ], [ 27.932904, 44.463927 ], [ 27.932973, 44.464219 ], [ 27.933041, 44.464511 ], [ 27.93311, 44.464802 ], [ 27.93318, 44.465094 ], [ 27.933251, 44.465385 ], [ 27.933322, 44.465676 ], [ 27.933393, 44.465967 ], [ 27.933465, 44.466259 ], [ 27.933538, 44.46655 ], [ 27.933611, 44.466841 ], [ 27.933685, 44.467132 ], [ 27.93376, 44.467423 ], [ 27.933835, 44.467714 ], [ 27.93391, 44.468004 ], [ 27.933987, 44.468294 ], [ 27.934063, 44.468584 ], [ 27.93414, 44.468874 ], [ 27.934216, 44.469163 ], [ 27.934293, 44.469452 ], [ 27.934369, 44.469741 ], [ 27.934444, 44.470029 ], [ 27.934518, 44.470317 ], [ 27.934592, 44.470605 ], [ 27.934665, 44.470894 ], [ 27.934737, 44.471183 ], [ 27.934809, 44.471472 ], [ 27.934882, 44.471763 ], [ 27.934954, 44.472054 ], [ 27.935029, 44.472346 ], [ 27.935104, 44.472639 ], [ 27.935181, 44.472932 ], [ 27.935261, 44.473225 ], [ 27.935343, 44.473519 ], [ 27.935429, 44.473813 ], [ 27.935517, 44.474106 ], [ 27.935607, 44.474398 ], [ 27.9357, 44.474689 ], [ 27.935793, 44.474978 ], [ 27.935888, 44.475266 ], [ 27.935983, 44.475553 ], [ 27.936077, 44.475839 ], [ 27.93617, 44.476123 ], [ 27.93626, 44.476407 ], [ 27.936349, 44.47669 ], [ 27.936433, 44.476971 ], [ 27.936513, 44.477251 ], [ 27.936588, 44.47753 ], [ 27.936656, 44.477807 ], [ 27.936717, 44.478082 ], [ 27.93677, 44.478356 ], [ 27.936813, 44.47863 ], [ 27.936847, 44.478902 ], [ 27.936871, 44.479174 ], [ 27.936884, 44.479446 ], [ 27.936886, 44.479718 ], [ 27.936878, 44.47999 ], [ 27.93686, 44.480261 ], [ 27.93683, 44.480531 ], [ 27.936789, 44.4808 ], [ 27.936779, 44.480849 ], [ 27.937935, 44.480842 ], [ 27.939057, 44.480832 ], [ 27.93908, 44.480684 ], [ 27.939115, 44.480365 ], [ 27.939138, 44.480047 ], [ 27.939147, 44.479729 ], [ 27.939144, 44.479412 ], [ 27.939128, 44.479096 ], [ 27.939101, 44.47878 ], [ 27.939062, 44.478467 ], [ 27.939013, 44.478155 ], [ 27.938954, 44.477846 ], [ 27.938887, 44.47754 ], [ 27.938813, 44.477237 ], [ 27.938732, 44.476936 ], [ 27.938647, 44.476638 ], [ 27.938558, 44.476343 ], [ 27.938467, 44.47605 ], [ 27.938374, 44.475758 ], [ 27.938279, 44.475469 ], [ 27.938185, 44.475181 ], [ 27.93809, 44.474895 ], [ 27.937997, 44.47461 ], [ 27.937904, 44.474325 ], [ 27.937814, 44.474043 ], [ 27.937727, 44.47376 ], [ 27.937642, 44.473478 ], [ 27.93756, 44.473195 ], [ 27.93748, 44.472911 ], [ 27.937403, 44.472627 ], [ 27.937328, 44.472341 ], [ 27.937254, 44.472054 ], [ 27.937181, 44.471766 ], [ 27.937108, 44.471478 ], [ 27.937036, 44.471188 ], [ 27.936964, 44.470898 ], [ 27.936891, 44.470607 ], [ 27.936818, 44.470315 ], [ 27.936743, 44.470024 ], [ 27.936668, 44.469733 ], [ 27.936592, 44.469442 ], [ 27.936516, 44.469152 ], [ 27.936439, 44.468862 ], [ 27.936362, 44.468572 ], [ 27.936286, 44.468283 ], [ 27.93621, 44.467994 ], [ 27.936134, 44.467706 ], [ 27.936059, 44.467417 ], [ 27.935984, 44.467129 ], [ 27.93591, 44.466841 ], [ 27.935837, 44.466552 ], [ 27.935764, 44.466263 ], [ 27.935692, 44.465975 ], [ 27.93562, 44.465686 ], [ 27.93555, 44.465397 ], [ 27.935479, 44.465108 ], [ 27.935409, 44.464819 ], [ 27.93534, 44.464529 ], [ 27.935271, 44.46424 ], [ 27.935203, 44.463951 ], [ 27.935136, 44.463661 ], [ 27.935068, 44.463372 ], [ 27.935002, 44.463082 ], [ 27.934936, 44.462793 ], [ 27.934871, 44.462504 ], [ 27.934807, 44.462214 ], [ 27.934743, 44.461925 ], [ 27.934681, 44.461635 ], [ 27.934619, 44.461346 ], [ 27.934558, 44.461056 ], [ 27.934497, 44.460766 ], [ 27.934437, 44.460476 ], [ 27.934378, 44.460186 ], [ 27.93432, 44.459895 ], [ 27.934261, 44.459605 ], [ 27.934203, 44.459314 ], [ 27.934146, 44.459023 ], [ 27.934089, 44.458732 ], [ 27.934031, 44.45844 ], [ 27.933975, 44.458149 ], [ 27.933918, 44.457857 ], [ 27.933861, 44.457566 ], [ 27.933804, 44.457274 ], [ 27.933747, 44.456983 ], [ 27.933691, 44.456692 ], [ 27.933635, 44.456401 ], [ 27.933579, 44.456109 ], [ 27.933524, 44.455819 ], [ 27.93347, 44.455528 ], [ 27.933416, 44.455238 ], [ 27.933363, 44.454947 ], [ 27.933311, 44.454657 ], [ 27.93326, 44.454367 ], [ 27.933211, 44.454077 ], [ 27.933163, 44.453788 ], [ 27.933116, 44.453498 ], [ 27.933072, 44.453209 ], [ 27.933029, 44.45292 ], [ 27.932988, 44.452631 ], [ 27.93295, 44.452343 ], [ 27.932914, 44.452055 ], [ 27.93288, 44.451766 ], [ 27.93285, 44.451478 ], [ 27.932822, 44.45119 ], [ 27.932798, 44.450903 ], [ 27.932777, 44.450615 ], [ 27.932759, 44.450328 ], [ 27.932744, 44.450041 ], [ 27.932734, 44.449754 ], [ 27.932727, 44.449467 ], [ 27.932724, 44.44918 ], [ 27.932725, 44.448894 ], [ 27.93273, 44.448607 ], [ 27.932739, 44.448321 ], [ 27.932752, 44.448035 ], [ 27.932769, 44.447748 ], [ 27.93279, 44.447462 ], [ 27.932815, 44.447176 ], [ 27.932844, 44.446891 ], [ 27.932876, 44.446605 ], [ 27.932913, 44.446319 ], [ 27.932954, 44.446034 ], [ 27.932999, 44.445749 ], [ 27.933047, 44.445464 ], [ 27.933099, 44.44518 ], [ 27.933155, 44.444896 ], [ 27.933214, 44.444612 ], [ 27.933278, 44.444328 ], [ 27.933344, 44.444044 ], [ 27.933414, 44.44376 ], [ 27.933488, 44.443476 ], [ 27.933564, 44.443192 ], [ 27.933642, 44.442908 ], [ 27.933723, 44.442623 ], [ 27.933806, 44.442338 ], [ 27.93389, 44.442053 ], [ 27.933976, 44.441767 ], [ 27.934063, 44.441483 ], [ 27.934152, 44.441199 ], [ 27.934242, 44.440916 ], [ 27.934335, 44.440634 ], [ 27.93443, 44.440352 ], [ 27.934527, 44.440072 ], [ 27.934627, 44.439791 ], [ 27.934729, 44.439509 ], [ 27.934834, 44.439224 ], [ 27.934939, 44.438936 ], [ 27.935043, 44.438645 ], [ 27.935144, 44.438348 ], [ 27.93524, 44.438047 ], [ 27.935328, 44.437742 ], [ 27.935407, 44.437432 ], [ 27.935475, 44.43712 ], [ 27.935531, 44.436804 ], [ 27.935574, 44.436487 ], [ 27.935603, 44.436168 ], [ 27.935619, 44.435848 ], [ 27.935621, 44.435529 ], [ 27.935609, 44.435211 ], [ 27.935585, 44.434894 ], [ 27.935549, 44.434579 ], [ 27.935502, 44.434267 ], [ 27.935446, 44.433958 ], [ 27.935381, 44.433652 ], [ 27.935311, 44.433351 ], [ 27.935236, 44.433053 ], [ 27.935159, 44.432758 ], [ 27.935081, 44.432467 ], [ 27.935002, 44.432177 ], [ 27.934923, 44.431888 ], [ 27.934846, 44.4316 ], [ 27.934769, 44.431313 ], [ 27.934694, 44.431027 ], [ 27.93462, 44.430739 ], [ 27.934547, 44.430452 ], [ 27.934475, 44.430163 ], [ 27.934403, 44.429874 ], [ 27.934331, 44.429583 ], [ 27.934258, 44.429291 ], [ 27.934184, 44.428998 ], [ 27.934107, 44.428704 ], [ 27.934027, 44.428408 ], [ 27.933942, 44.428111 ], [ 27.933851, 44.427813 ], [ 27.933754, 44.427514 ], [ 27.933649, 44.427215 ], [ 27.933538, 44.426917 ], [ 27.933419, 44.42662 ], [ 27.933293, 44.426325 ], [ 27.933159, 44.426032 ], [ 27.933019, 44.425739 ], [ 27.932871, 44.425449 ], [ 27.932715, 44.425159 ], [ 27.932551, 44.424871 ], [ 27.932378, 44.424585 ], [ 27.932195, 44.424301 ], [ 27.932003, 44.424019 ], [ 27.931802, 44.42374 ], [ 27.931592, 44.423466 ], [ 27.931375, 44.423196 ], [ 27.931151, 44.42293 ], [ 27.930922, 44.42267 ], [ 27.930688, 44.422413 ], [ 27.930451, 44.42216 ], [ 27.93021, 44.421909 ], [ 27.929965, 44.421661 ], [ 27.929715, 44.421414 ], [ 27.92946, 44.421169 ], [ 27.929201, 44.420927 ], [ 27.928935, 44.420686 ], [ 27.928664, 44.420448 ], [ 27.928386, 44.420212 ], [ 27.928102, 44.419978 ], [ 27.92781, 44.419749 ], [ 27.927512, 44.419522 ], [ 27.927206, 44.4193 ], [ 27.926892, 44.419083 ], [ 27.926572, 44.41887 ], [ 27.926246, 44.418663 ], [ 27.925914, 44.418462 ], [ 27.925576, 44.418266 ], [ 27.925234, 44.418075 ], [ 27.924888, 44.417889 ], [ 27.924539, 44.417709 ], [ 27.924186, 44.417533 ], [ 27.92383, 44.417361 ], [ 27.923471, 44.417193 ], [ 27.923109, 44.41703 ], [ 27.922745, 44.41687 ], [ 27.922378, 44.416714 ], [ 27.922008, 44.416562 ], [ 27.921635, 44.416413 ], [ 27.92126, 44.416268 ], [ 27.920882, 44.416127 ], [ 27.920501, 44.41599 ], [ 27.920119, 44.415856 ], [ 27.919734, 44.415726 ], [ 27.919347, 44.415599 ], [ 27.918959, 44.415476 ], [ 27.918569, 44.415357 ], [ 27.918178, 44.415241 ], [ 27.917786, 44.415128 ], [ 27.917392, 44.415018 ], [ 27.916998, 44.414911 ], [ 27.916604, 44.414806 ], [ 27.916209, 44.414704 ], [ 27.915813, 44.414604 ], [ 27.915417, 44.414507 ], [ 27.915021, 44.414411 ], [ 27.914625, 44.414317 ], [ 27.914229, 44.414225 ], [ 27.913833, 44.414135 ], [ 27.913436, 44.414045 ], [ 27.91304, 44.413957 ], [ 27.912644, 44.41387 ], [ 27.912247, 44.413784 ], [ 27.911849, 44.413698 ], [ 27.911451, 44.413614 ], [ 27.911052, 44.41353 ], [ 27.910651, 44.413448 ], [ 27.91025, 44.413367 ], [ 27.909846, 44.413287 ], [ 27.909442, 44.41321 ], [ 27.909036, 44.413134 ], [ 27.908629, 44.41306 ], [ 27.90822, 44.412989 ], [ 27.907811, 44.412921 ], [ 27.9074, 44.412855 ], [ 27.90699, 44.412791 ], [ 27.90658, 44.41273 ], [ 27.906171, 44.412671 ], [ 27.905762, 44.412614 ], [ 27.905354, 44.412558 ], [ 27.904947, 44.412503 ], [ 27.904542, 44.412449 ], [ 27.904137, 44.412396 ], [ 27.903734, 44.412342 ], [ 27.903331, 44.412289 ], [ 27.902929, 44.412234 ], [ 27.902528, 44.41218 ], [ 27.902128, 44.412124 ], [ 27.901727, 44.412068 ], [ 27.901327, 44.412011 ], [ 27.900927, 44.411954 ], [ 27.900528, 44.411895 ], [ 27.900129, 44.411836 ], [ 27.89973, 44.411776 ], [ 27.899332, 44.411715 ], [ 27.898935, 44.411653 ], [ 27.898539, 44.41159 ], [ 27.898144, 44.411526 ], [ 27.89775, 44.41146 ], [ 27.897358, 44.411392 ], [ 27.896967, 44.411323 ], [ 27.896577, 44.411252 ], [ 27.896188, 44.411179 ], [ 27.895801, 44.411103 ], [ 27.895416, 44.411026 ], [ 27.895032, 44.410945 ], [ 27.89465, 44.410862 ], [ 27.894269, 44.410776 ], [ 27.893891, 44.410688 ], [ 27.893515, 44.410596 ], [ 27.893141, 44.410501 ], [ 27.89277, 44.410403 ], [ 27.892402, 44.410302 ], [ 27.892037, 44.410196 ], [ 27.891676, 44.410087 ], [ 27.891319, 44.409973 ], [ 27.890965, 44.409856 ], [ 27.890615, 44.409733 ], [ 27.890269, 44.409606 ], [ 27.889926, 44.409474 ], [ 27.889586, 44.409337 ], [ 27.889249, 44.409196 ], [ 27.888916, 44.40905 ], [ 27.888586, 44.408899 ], [ 27.888259, 44.408744 ], [ 27.887935, 44.408585 ], [ 27.887613, 44.408422 ], [ 27.887294, 44.408255 ], [ 27.886977, 44.408085 ], [ 27.886662, 44.407911 ], [ 27.886348, 44.407734 ], [ 27.886036, 44.407554 ], [ 27.885726, 44.407372 ], [ 27.885416, 44.407187 ], [ 27.885107, 44.407 ], [ 27.884798, 44.406812 ], [ 27.884488, 44.406621 ], [ 27.884178, 44.40643 ], [ 27.883868, 44.406238 ], [ 27.883556, 44.406045 ], [ 27.883243, 44.405852 ], [ 27.882929, 44.405659 ], [ 27.882614, 44.405466 ], [ 27.882297, 44.405274 ], [ 27.881979, 44.405082 ], [ 27.881658, 44.404891 ], [ 27.881336, 44.404701 ], [ 27.881013, 44.404512 ], [ 27.880688, 44.404325 ], [ 27.880362, 44.404139 ], [ 27.880035, 44.403954 ], [ 27.879707, 44.403771 ], [ 27.879378, 44.403589 ], [ 27.879049, 44.403408 ], [ 27.878719, 44.403228 ], [ 27.878388, 44.403049 ], [ 27.878058, 44.40287 ], [ 27.877728, 44.402693 ], [ 27.877398, 44.402516 ], [ 27.877069, 44.40234 ], [ 27.876741, 44.402164 ], [ 27.876415, 44.401989 ], [ 27.87609, 44.401813 ], [ 27.875768, 44.401636 ], [ 27.875447, 44.401459 ], [ 27.875129, 44.401282 ], [ 27.874813, 44.401103 ], [ 27.874606, 44.400983 ] ] ] } },
{ "type": "Feature", "properties": { "DRVAL1": null, "OBJNAM": null, "NOBJNM": null, "TRAFIC": null, "INFORM": null, "SCAMIN": null }, "geometry": { "type": "Polygon", "coordinates": [ [ [ 27.798181, 44.323327 ], [ 27.798218, 44.323336 ], [ 27.79857, 44.323428 ], [ 27.798914, 44.323528 ], [ 27.79925, 44.323635 ], [ 27.799577, 44.323752 ], [ 27.799897, 44.323877 ], [ 27.800211, 44.324012 ], [ 27.80052, 44.324156 ], [ 27.800825, 44.32431 ], [ 27.801125, 44.324472 ], [ 27.801419, 44.324641 ], [ 27.801706, 44.324816 ], [ 27.801982, 44.324997 ], [ 27.802246, 44.325182 ], [ 27.802495, 44.325371 ], [ 27.802728, 44.325564 ], [ 27.802946, 44.325764 ], [ 27.803148, 44.325971 ], [ 27.803336, 44.326186 ], [ 27.803513, 44.326411 ], [ 27.803679, 44.326646 ], [ 27.803836, 44.326889 ], [ 27.803986, 44.327139 ], [ 27.804128, 44.327397 ], [ 27.804267, 44.327661 ], [ 27.804402, 44.32793 ], [ 27.804538, 44.328205 ], [ 27.804675, 44.328485 ], [ 27.804817, 44.328768 ], [ 27.804965, 44.329052 ], [ 27.805118, 44.329338 ], [ 27.805279, 44.329622 ], [ 27.805445, 44.329904 ], [ 27.805617, 44.330185 ], [ 27.805796, 44.330466 ], [ 27.805984, 44.330745 ], [ 27.806181, 44.331026 ], [ 27.806391, 44.331306 ], [ 27.806617, 44.331585 ], [ 27.80686, 44.331861 ], [ 27.807122, 44.332132 ], [ 27.807401, 44.332394 ], [ 27.807694, 44.332646 ], [ 27.807998, 44.332887 ], [ 27.808311, 44.333118 ], [ 27.808631, 44.33334 ], [ 27.808959, 44.333554 ], [ 27.809295, 44.333761 ], [ 27.80964, 44.333961 ], [ 27.809992, 44.334153 ], [ 27.81035, 44.334337 ], [ 27.810712, 44.334513 ], [ 27.811076, 44.334682 ], [ 27.811441, 44.334845 ], [ 27.811806, 44.335002 ], [ 27.812171, 44.335155 ], [ 27.812537, 44.335304 ], [ 27.812903, 44.335451 ], [ 27.813269, 44.335595 ], [ 27.813635, 44.335738 ], [ 27.814002, 44.335878 ], [ 27.81437, 44.336018 ], [ 27.814737, 44.336156 ], [ 27.815105, 44.336293 ], [ 27.815473, 44.336428 ], [ 27.815841, 44.336563 ], [ 27.81621, 44.336698 ], [ 27.816579, 44.336831 ], [ 27.816949, 44.336964 ], [ 27.817319, 44.337096 ], [ 27.81769, 44.337227 ], [ 27.818061, 44.337358 ], [ 27.818431, 44.337488 ], [ 27.818801, 44.337617 ], [ 27.81917, 44.337746 ], [ 27.819537, 44.337874 ], [ 27.819901, 44.338003 ], [ 27.820262, 44.338132 ], [ 27.820621, 44.338262 ], [ 27.820976, 44.338394 ], [ 27.821327, 44.338528 ], [ 27.821675, 44.338664 ], [ 27.822019, 44.338803 ], [ 27.82236, 44.338946 ], [ 27.822698, 44.339091 ], [ 27.823033, 44.339241 ], [ 27.823366, 44.339394 ], [ 27.823697, 44.33955 ], [ 27.824026, 44.339709 ], [ 27.824353, 44.339872 ], [ 27.824677, 44.340038 ], [ 27.825, 44.340206 ], [ 27.825321, 44.340377 ], [ 27.825639, 44.34055 ], [ 27.825956, 44.340726 ], [ 27.826271, 44.340904 ], [ 27.826583, 44.341084 ], [ 27.826894, 44.341266 ], [ 27.827203, 44.34145 ], [ 27.827511, 44.341636 ], [ 27.827817, 44.341823 ], [ 27.828121, 44.342012 ], [ 27.828424, 44.342203 ], [ 27.828726, 44.342396 ], [ 27.829026, 44.34259 ], [ 27.829325, 44.342785 ], [ 27.829623, 44.342982 ], [ 27.82992, 44.343179 ], [ 27.830216, 44.343378 ], [ 27.830511, 44.343578 ], [ 27.830805, 44.343779 ], [ 27.831097, 44.343981 ], [ 27.831388, 44.344184 ], [ 27.831677, 44.344386 ], [ 27.831963, 44.34459 ], [ 27.832246, 44.344794 ], [ 27.832526, 44.345 ], [ 27.832802, 44.345207 ], [ 27.833073, 44.345415 ], [ 27.833341, 44.345625 ], [ 27.833603, 44.345836 ], [ 27.833861, 44.34605 ], [ 27.834114, 44.346266 ], [ 27.834363, 44.346485 ], [ 27.834607, 44.346707 ], [ 27.834846, 44.346931 ], [ 27.83508, 44.347158 ], [ 27.83531, 44.347388 ], [ 27.835534, 44.347619 ], [ 27.835754, 44.347854 ], [ 27.835968, 44.34809 ], [ 27.836178, 44.34833 ], [ 27.836383, 44.348571 ], [ 27.836584, 44.348815 ], [ 27.83678, 44.349062 ], [ 27.836971, 44.34931 ], [ 27.837159, 44.349561 ], [ 27.837342, 44.349813 ], [ 27.837521, 44.350068 ], [ 27.837695, 44.350324 ], [ 27.837867, 44.350583 ], [ 27.838034, 44.350842 ], [ 27.838197, 44.351104 ], [ 27.838357, 44.351366 ], [ 27.838514, 44.35163 ], [ 27.838666, 44.351895 ], [ 27.838815, 44.352161 ], [ 27.83896, 44.352428 ], [ 27.839101, 44.352696 ], [ 27.839239, 44.352965 ], [ 27.839372, 44.353235 ], [ 27.839502, 44.353505 ], [ 27.839628, 44.353777 ], [ 27.83975, 44.354049 ], [ 27.839868, 44.354323 ], [ 27.839981, 44.354597 ], [ 27.840091, 44.354871 ], [ 27.840197, 44.355147 ], [ 27.840315, 44.355414 ], [ 27.840418, 44.355675 ], [ 27.84053, 44.355956 ], [ 27.840633, 44.356184 ], [ 27.840755, 44.356518 ], [ 27.840877, 44.356834 ], [ 27.840914, 44.357077 ], [ 27.840957, 44.357353 ], [ 27.840989, 44.357652 ], [ 27.841031, 44.357937 ], [ 27.841074, 44.358237 ], [ 27.841095, 44.35849 ], [ 27.841132, 44.358769 ], [ 27.841163, 44.359049 ], [ 27.841187, 44.359329 ], [ 27.841204, 44.35961 ], [ 27.841216, 44.359893 ], [ 27.841223, 44.360177 ], [ 27.841224, 44.360463 ], [ 27.841221, 44.360749 ], [ 27.841215, 44.361037 ], [ 27.841205, 44.361326 ], [ 27.841193, 44.361617 ], [ 27.841179, 44.361909 ], [ 27.841165, 44.362202 ], [ 27.841149, 44.362497 ], [ 27.841134, 44.362793 ], [ 27.841121, 44.363091 ], [ 27.84111, 44.363391 ], [ 27.841102, 44.363692 ], [ 27.841098, 44.363994 ], [ 27.841098, 44.364298 ], [ 27.841103, 44.364603 ], [ 27.841114, 44.364908 ], [ 27.841131, 44.365213 ], [ 27.841154, 44.365518 ], [ 27.841183, 44.365824 ], [ 27.841217, 44.366129 ], [ 27.841258, 44.366434 ], [ 27.841305, 44.366739 ], [ 27.841358, 44.367044 ], [ 27.841418, 44.367349 ], [ 27.841485, 44.367654 ], [ 27.841561, 44.36796 ], [ 27.841644, 44.368265 ], [ 27.841738, 44.368571 ], [ 27.841842, 44.368876 ], [ 27.841956, 44.369181 ], [ 27.842083, 44.369484 ], [ 27.842222, 44.369786 ], [ 27.842373, 44.370085 ], [ 27.842537, 44.370382 ], [ 27.842712, 44.370674 ], [ 27.8429, 44.370963 ], [ 27.843099, 44.371248 ], [ 27.843309, 44.371528 ], [ 27.843529, 44.371803 ], [ 27.84376, 44.372074 ], [ 27.844001, 44.37234 ], [ 27.844082, 44.372425 ], [ 27.84425, 44.3726 ], [ 27.844507, 44.372855 ], [ 27.844772, 44.373104 ], [ 27.845043, 44.373348 ], [ 27.845319, 44.373586 ], [ 27.845601, 44.37382 ], [ 27.845886, 44.37405 ], [ 27.846176, 44.374275 ], [ 27.846468, 44.374497 ], [ 27.846763, 44.374715 ], [ 27.84706, 44.374931 ], [ 27.847359, 44.375143 ], [ 27.847662, 44.375353 ], [ 27.847773, 44.375429 ], [ 27.848376, 44.375938 ], [ 27.848713, 44.376205 ], [ 27.849073, 44.376456 ], [ 27.849395, 44.376664 ], [ 27.849735, 44.376911 ], [ 27.850085, 44.377132 ], [ 27.850422, 44.377362 ], [ 27.850742, 44.377603 ], [ 27.851043, 44.377857 ], [ 27.851326, 44.378122 ], [ 27.851593, 44.378397 ], [ 27.851846, 44.37868 ], [ 27.852087, 44.378969 ], [ 27.852318, 44.379263 ], [ 27.852541, 44.379559 ], [ 27.852758, 44.379856 ], [ 27.852968, 44.380155 ], [ 27.853174, 44.380456 ], [ 27.853374, 44.380758 ], [ 27.853568, 44.381061 ], [ 27.853757, 44.381367 ], [ 27.853943, 44.381674 ], [ 27.854126, 44.381982 ], [ 27.854308, 44.38229 ], [ 27.854492, 44.382598 ], [ 27.854677, 44.382905 ], [ 27.854865, 44.383212 ], [ 27.855055, 44.383517 ], [ 27.855246, 44.383823 ], [ 27.855437, 44.384128 ], [ 27.85563, 44.384433 ], [ 27.855823, 44.384738 ], [ 27.856017, 44.385042 ], [ 27.856213, 44.385345 ], [ 27.856413, 44.385648 ], [ 27.856616, 44.38595 ], [ 27.856823, 44.386249 ], [ 27.857034, 44.386548 ], [ 27.857249, 44.386845 ], [ 27.857469, 44.38714 ], [ 27.857693, 44.387434 ], [ 27.85792, 44.387726 ], [ 27.858151, 44.388017 ], [ 27.858383, 44.388308 ], [ 27.858617, 44.388597 ], [ 27.858851, 44.388887 ], [ 27.859085, 44.389176 ], [ 27.859319, 44.389466 ], [ 27.859552, 44.389756 ], [ 27.859823, 44.390054 ], [ 27.860283, 44.390512 ], [ 27.861699, 44.391861 ], [ 27.861898, 44.392107 ], [ 27.862105, 44.392363 ], [ 27.862313, 44.392618 ], [ 27.862522, 44.392873 ], [ 27.862732, 44.393129 ], [ 27.862942, 44.393383 ], [ 27.863154, 44.393638 ], [ 27.863367, 44.393893 ], [ 27.863581, 44.394148 ], [ 27.863797, 44.394402 ], [ 27.864014, 44.394657 ], [ 27.864234, 44.394911 ], [ 27.864457, 44.395164 ], [ 27.864682, 44.395417 ], [ 27.86491, 44.395669 ], [ 27.864954, 44.395718 ], [ 27.865141, 44.395921 ], [ 27.865376, 44.396171 ], [ 27.865614, 44.39642 ], [ 27.865855, 44.396668 ], [ 27.866101, 44.396915 ], [ 27.866349, 44.39716 ], [ 27.866602, 44.397403 ], [ 27.866858, 44.397644 ], [ 27.867119, 44.397883 ], [ 27.867383, 44.398121 ], [ 27.86765, 44.398356 ], [ 27.867922, 44.39859 ], [ 27.868198, 44.398821 ], [ 27.868477, 44.39905 ], [ 27.86876, 44.399276 ], [ 27.869047, 44.3995 ], [ 27.869338, 44.399722 ], [ 27.869632, 44.399941 ], [ 27.86993, 44.400158 ], [ 27.870231, 44.400372 ], [ 27.870536, 44.400584 ], [ 27.870844, 44.400793 ], [ 27.871156, 44.400999 ], [ 27.87147, 44.401202 ], [ 27.871787, 44.401403 ], [ 27.872106, 44.401601 ], [ 27.872428, 44.401797 ], [ 27.872752, 44.40199 ], [ 27.873077, 44.402181 ], [ 27.873405, 44.402369 ], [ 27.873733, 44.402555 ], [ 27.874063, 44.40274 ], [ 27.874394, 44.402922 ], [ 27.874645, 44.403059 ], [ 27.874621, 44.402028 ], [ 27.874606, 44.400983 ], [ 27.8745, 44.400922 ], [ 27.874189, 44.40074 ], [ 27.873881, 44.400556 ], [ 27.873576, 44.400371 ], [ 27.873274, 44.400183 ], [ 27.872975, 44.399994 ], [ 27.872679, 44.399802 ], [ 27.872387, 44.399609 ], [ 27.872097, 44.399413 ], [ 27.871812, 44.399215 ], [ 27.871529, 44.399014 ], [ 27.87125, 44.398811 ], [ 27.870975, 44.398606 ], [ 27.870702, 44.398398 ], [ 27.870434, 44.398188 ], [ 27.870168, 44.397976 ], [ 27.869906, 44.397761 ], [ 27.869648, 44.397545 ], [ 27.869393, 44.397326 ], [ 27.869141, 44.397104 ], [ 27.868893, 44.396881 ], [ 27.868648, 44.396656 ], [ 27.868406, 44.396428 ], [ 27.868168, 44.396199 ], [ 27.867933, 44.395967 ], [ 27.867701, 44.395734 ], [ 27.867472, 44.395499 ], [ 27.867245, 44.395262 ], [ 27.867022, 44.395024 ], [ 27.866801, 44.394783 ], [ 27.866582, 44.394541 ], [ 27.866503, 44.394452 ], [ 27.866365, 44.394297 ], [ 27.86615, 44.394052 ], [ 27.865937, 44.393806 ], [ 27.865724, 44.393558 ], [ 27.865513, 44.393309 ], [ 27.865303, 44.393059 ], [ 27.865094, 44.392808 ], [ 27.864885, 44.392557 ], [ 27.864677, 44.392305 ], [ 27.86447, 44.392052 ], [ 27.864263, 44.3918 ], [ 27.864057, 44.391546 ], [ 27.863851, 44.391293 ], [ 27.86385, 44.391292 ], [ 27.862996, 44.389854 ], [ 27.862789, 44.38955 ], [ 27.862598, 44.389247 ], [ 27.862375, 44.388943 ], [ 27.862146, 44.388632 ], [ 27.861939, 44.388359 ], [ 27.861716, 44.388055 ], [ 27.861508, 44.38776 ], [ 27.861287, 44.387472 ], [ 27.861068, 44.387184 ], [ 27.860851, 44.386895 ], [ 27.860636, 44.386605 ], [ 27.860423, 44.386314 ], [ 27.860212, 44.386022 ], [ 27.860004, 44.38573 ], [ 27.859798, 44.385437 ], [ 27.859595, 44.385143 ], [ 27.859394, 44.384847 ], [ 27.859194, 44.384552 ], [ 27.858996, 44.384256 ], [ 27.858799, 44.38396 ], [ 27.858602, 44.383663 ], [ 27.858402, 44.383409 ], [ 27.858168, 44.383111 ], [ 27.857934, 44.382843 ], [ 27.857694, 44.382557 ], [ 27.857439, 44.382261 ], [ 27.857234, 44.382007 ], [ 27.857031, 44.381733 ], [ 27.856849, 44.381489 ], [ 27.856653, 44.38122 ], [ 27.856424, 44.38089 ], [ 27.856251, 44.380586 ], [ 27.856075, 44.380274 ], [ 27.855881, 44.379923 ], [ 27.855733, 44.379658 ], [ 27.855592, 44.379404 ], [ 27.855379, 44.379011 ], [ 27.855176, 44.378726 ], [ 27.854978, 44.378434 ], [ 27.854756, 44.378136 ], [ 27.854528, 44.377832 ], [ 27.854263, 44.377535 ], [ 27.854017, 44.377255 ], [ 27.85374, 44.37699 ], [ 27.853441, 44.376741 ], [ 27.853133, 44.376498 ], [ 27.852813, 44.376262 ], [ 27.852484, 44.376033 ], [ 27.852146, 44.375812 ], [ 27.8518, 44.375597 ], [ 27.85145, 44.375385 ], [ 27.8511, 44.375174 ], [ 27.850752, 44.37496 ], [ 27.850353, 44.374732 ], [ 27.84984, 44.374465 ], [ 27.849086, 44.374087 ], [ 27.848939, 44.373986 ], [ 27.848655, 44.373785 ], [ 27.848375, 44.373582 ], [ 27.848099, 44.373377 ], [ 27.847827, 44.373171 ], [ 27.847559, 44.372962 ], [ 27.847298, 44.372752 ], [ 27.847042, 44.37254 ], [ 27.846794, 44.372325 ], [ 27.846552, 44.372108 ], [ 27.846319, 44.371889 ], [ 27.846093, 44.371666 ], [ 27.845877, 44.37144 ], [ 27.845738, 44.371287 ], [ 27.845669, 44.371211 ], [ 27.845471, 44.370978 ], [ 27.845281, 44.370742 ], [ 27.845101, 44.370502 ], [ 27.844931, 44.370258 ], [ 27.844771, 44.370012 ], [ 27.844622, 44.369763 ], [ 27.844482, 44.369511 ], [ 27.844354, 44.369257 ], [ 27.844235, 44.368999 ], [ 27.844127, 44.368738 ], [ 27.844027, 44.368474 ], [ 27.843937, 44.368206 ], [ 27.843854, 44.367936 ], [ 27.84378, 44.367663 ], [ 27.843712, 44.367387 ], [ 27.843651, 44.367109 ], [ 27.843596, 44.36683 ], [ 27.843547, 44.366549 ], [ 27.843504, 44.366268 ], [ 27.843466, 44.365986 ], [ 27.843434, 44.365704 ], [ 27.843408, 44.365421 ], [ 27.843387, 44.365138 ], [ 27.843371, 44.364855 ], [ 27.843361, 44.364571 ], [ 27.843356, 44.364287 ], [ 27.843355, 44.364002 ], [ 27.843359, 44.363716 ], [ 27.843367, 44.363428 ], [ 27.843378, 44.363139 ], [ 27.843391, 44.362848 ], [ 27.843406, 44.362556 ], [ 27.843421, 44.362262 ], [ 27.843436, 44.361966 ], [ 27.84345, 44.361669 ], [ 27.843462, 44.36137 ], [ 27.843472, 44.361069 ], [ 27.843479, 44.360768 ], [ 27.843482, 44.360465 ], [ 27.84348, 44.360161 ], [ 27.843473, 44.359856 ], [ 27.84346, 44.35955 ], [ 27.843441, 44.359243 ], [ 27.843415, 44.358936 ], [ 27.843381, 44.358628 ], [ 27.84334, 44.358321 ], [ 27.843291, 44.358015 ], [ 27.843236, 44.35771 ], [ 27.843174, 44.357406 ], [ 27.843106, 44.357104 ], [ 27.843032, 44.356802 ], [ 27.842953, 44.356503 ], [ 27.842869, 44.356204 ], [ 27.84278, 44.355907 ], [ 27.842686, 44.35561 ], [ 27.842587, 44.355315 ], [ 27.842484, 44.35502 ], [ 27.842377, 44.354726 ], [ 27.842265, 44.354434 ], [ 27.842148, 44.354142 ], [ 27.842028, 44.353852 ], [ 27.841903, 44.353562 ], [ 27.841774, 44.353274 ], [ 27.841641, 44.352987 ], [ 27.841503, 44.3527 ], [ 27.841362, 44.352415 ], [ 27.841217, 44.35213 ], [ 27.841067, 44.351847 ], [ 27.840914, 44.351565 ], [ 27.840757, 44.351284 ], [ 27.840595, 44.351004 ], [ 27.84043, 44.350725 ], [ 27.840261, 44.350447 ], [ 27.840088, 44.350171 ], [ 27.83991, 44.349895 ], [ 27.839728, 44.34962 ], [ 27.839542, 44.349347 ], [ 27.83935, 44.349075 ], [ 27.839154, 44.348804 ], [ 27.838953, 44.348535 ], [ 27.838747, 44.348268 ], [ 27.838536, 44.348002 ], [ 27.838319, 44.347739 ], [ 27.838097, 44.347477 ], [ 27.837869, 44.347218 ], [ 27.837636, 44.34696 ], [ 27.837397, 44.346705 ], [ 27.837153, 44.346453 ], [ 27.836903, 44.346204 ], [ 27.836649, 44.345957 ], [ 27.836389, 44.345713 ], [ 27.836124, 44.345472 ], [ 27.835853, 44.345234 ], [ 27.835579, 44.345 ], [ 27.8353, 44.344768 ], [ 27.835016, 44.34454 ], [ 27.83473, 44.344315 ], [ 27.83444, 44.344093 ], [ 27.834149, 44.343874 ], [ 27.833854, 44.343658 ], [ 27.833559, 44.343444 ], [ 27.833262, 44.343233 ], [ 27.832964, 44.343023 ], [ 27.832665, 44.342815 ], [ 27.832365, 44.342609 ], [ 27.832064, 44.342403 ], [ 27.831762, 44.342199 ], [ 27.831459, 44.341995 ], [ 27.831155, 44.341792 ], [ 27.830848, 44.34159 ], [ 27.830541, 44.341389 ], [ 27.830231, 44.341189 ], [ 27.829919, 44.34099 ], [ 27.829605, 44.340792 ], [ 27.829289, 44.340595 ], [ 27.828971, 44.3404 ], [ 27.82865, 44.340207 ], [ 27.828328, 44.340015 ], [ 27.828002, 44.339824 ], [ 27.827675, 44.339636 ], [ 27.827344, 44.339449 ], [ 27.827011, 44.339264 ], [ 27.826675, 44.339081 ], [ 27.826336, 44.338901 ], [ 27.825994, 44.338722 ], [ 27.825649, 44.338546 ], [ 27.825301, 44.338373 ], [ 27.824949, 44.338202 ], [ 27.824594, 44.338035 ], [ 27.824236, 44.33787 ], [ 27.823874, 44.337709 ], [ 27.823508, 44.337552 ], [ 27.82314, 44.337398 ], [ 27.822769, 44.337248 ], [ 27.822397, 44.337102 ], [ 27.822023, 44.33696 ], [ 27.821649, 44.336821 ], [ 27.821276, 44.336685 ], [ 27.820902, 44.336551 ], [ 27.82053, 44.33642 ], [ 27.820158, 44.336289 ], [ 27.819788, 44.33616 ], [ 27.81942, 44.336032 ], [ 27.819053, 44.335903 ], [ 27.818686, 44.335774 ], [ 27.818321, 44.335645 ], [ 27.817957, 44.335515 ], [ 27.817592, 44.335384 ], [ 27.817228, 44.335252 ], [ 27.816865, 44.33512 ], [ 27.816502, 44.334987 ], [ 27.81614, 44.334853 ], [ 27.81578, 44.334719 ], [ 27.81542, 44.334584 ], [ 27.815061, 44.334448 ], [ 27.814705, 44.334311 ], [ 27.814349, 44.334173 ], [ 27.813996, 44.334034 ], [ 27.813645, 44.333893 ], [ 27.813298, 44.333751 ], [ 27.812954, 44.333608 ], [ 27.812615, 44.333462 ], [ 27.812282, 44.333314 ], [ 27.811957, 44.333163 ], [ 27.811639, 44.333009 ], [ 27.811331, 44.332851 ], [ 27.811031, 44.332687 ], [ 27.810738, 44.332517 ], [ 27.810451, 44.332341 ], [ 27.810171, 44.332158 ], [ 27.8099, 44.331971 ], [ 27.80964, 44.33178 ], [ 27.809393, 44.331585 ], [ 27.809161, 44.331386 ], [ 27.808943, 44.331181 ], [ 27.808739, 44.330969 ], [ 27.808545, 44.330748 ], [ 27.80836, 44.330517 ], [ 27.808181, 44.330278 ], [ 27.808008, 44.330031 ], [ 27.807839, 44.329778 ], [ 27.807675, 44.329521 ], [ 27.807517, 44.329263 ], [ 27.807364, 44.329003 ], [ 27.807216, 44.328741 ], [ 27.807074, 44.328478 ], [ 27.806936, 44.328211 ], [ 27.806801, 44.327941 ], [ 27.806665, 44.327665 ], [ 27.806527, 44.327385 ], [ 27.806383, 44.3271 ], [ 27.806232, 44.326812 ], [ 27.806069, 44.32652 ], [ 27.805894, 44.326228 ], [ 27.805704, 44.325935 ], [ 27.805496, 44.325645 ], [ 27.805269, 44.325358 ], [ 27.805021, 44.325076 ], [ 27.804754, 44.324803 ], [ 27.804468, 44.32454 ], [ 27.804167, 44.324288 ], [ 27.803853, 44.324049 ], [ 27.803529, 44.32382 ], [ 27.803196, 44.323603 ], [ 27.802856, 44.323394 ], [ 27.802507, 44.323194 ], [ 27.802149, 44.323001 ], [ 27.801782, 44.322816 ], [ 27.801403, 44.322639 ], [ 27.801014, 44.322473 ], [ 27.800616, 44.322317 ], [ 27.800209, 44.322172 ], [ 27.799797, 44.32204 ], [ 27.79938, 44.321919 ], [ 27.798961, 44.321808 ], [ 27.798541, 44.321708 ], [ 27.798155, 44.321623 ], [ 27.798171, 44.322463 ], [ 27.798181, 44.323327 ] ], [ [ 27.848753, 44.374984 ], [ 27.850728, 44.376418 ], [ 27.85135, 44.3769 ], [ 27.851985, 44.377388 ], [ 27.852562, 44.377927 ], [ 27.853052, 44.378475 ], [ 27.853434, 44.378969 ], [ 27.853927, 44.379737 ], [ 27.854999, 44.381594 ], [ 27.855428, 44.382234 ], [ 27.85605, 44.383133 ], [ 27.856655, 44.383937 ], [ 27.85724, 44.38474 ], [ 27.857869, 44.385622 ], [ 27.858892, 44.386926 ], [ 27.860699, 44.388992 ], [ 27.859327, 44.387064 ], [ 27.859019, 44.386588 ], [ 27.858254, 44.385528 ], [ 27.85785, 44.384943 ], [ 27.857185, 44.384032 ], [ 27.855887, 44.382243 ], [ 27.855538, 44.381692 ], [ 27.855119, 44.38098 ], [ 27.854882, 44.380552 ], [ 27.854669, 44.380123 ], [ 27.854461, 44.379696 ], [ 27.854284, 44.379389 ], [ 27.854029, 44.379014 ], [ 27.853668, 44.378529 ], [ 27.85328, 44.378094 ], [ 27.852796, 44.377656 ], [ 27.852383, 44.37732 ], [ 27.851862, 44.37693 ], [ 27.851135, 44.376436 ], [ 27.848753, 44.374984 ] ] ] } },
{ "type": "Feature", "properties": { "DRVAL1": null, "OBJNAM": null, "NOBJNM": null, "TRAFIC": null, "INFORM": null, "SCAMIN": null }, "geometry": { "type": "Polygon", "coordinates": [ [ [ 27.672569, 44.302943 ], [ 27.67285, 44.303144 ], [ 27.673154, 44.303358 ], [ 27.673463, 44.303568 ], [ 27.673774, 44.303775 ], [ 27.674088, 44.303979 ], [ 27.674405, 44.30418 ], [ 27.674724, 44.304378 ], [ 27.675044, 44.304572 ], [ 27.675365, 44.304765 ], [ 27.675687, 44.304956 ], [ 27.67601, 44.305144 ], [ 27.676333, 44.305331 ], [ 27.676657, 44.305517 ], [ 27.67698, 44.305702 ], [ 27.677303, 44.305885 ], [ 27.677626, 44.306069 ], [ 27.677948, 44.306252 ], [ 27.678272, 44.306435 ], [ 27.678595, 44.306617 ], [ 27.678919, 44.3068 ], [ 27.679243, 44.306982 ], [ 27.679569, 44.307164 ], [ 27.679894, 44.307346 ], [ 27.680221, 44.307527 ], [ 27.680548, 44.307708 ], [ 27.680876, 44.307888 ], [ 27.681205, 44.308068 ], [ 27.681535, 44.308247 ], [ 27.681866, 44.308426 ], [ 27.682198, 44.308603 ], [ 27.682531, 44.30878 ], [ 27.682866, 44.308957 ], [ 27.683201, 44.309132 ], [ 27.683538, 44.309306 ], [ 27.683876, 44.309479 ], [ 27.684215, 44.309651 ], [ 27.684555, 44.309823 ], [ 27.684896, 44.309992 ], [ 27.685238, 44.310162 ], [ 27.685582, 44.31033 ], [ 27.685926, 44.310496 ], [ 27.686272, 44.310662 ], [ 27.68662, 44.310827 ], [ 27.686969, 44.31099 ], [ 27.68732, 44.311152 ], [ 27.687672, 44.311313 ], [ 27.688027, 44.311472 ], [ 27.688383, 44.31163 ], [ 27.688741, 44.311786 ], [ 27.689101, 44.31194 ], [ 27.689464, 44.312092 ], [ 27.689828, 44.312241 ], [ 27.690194, 44.312389 ], [ 27.690562, 44.312534 ], [ 27.690932, 44.312677 ], [ 27.691302, 44.312818 ], [ 27.691674, 44.312956 ], [ 27.692047, 44.313093 ], [ 27.692421, 44.313227 ], [ 27.692795, 44.313359 ], [ 27.693171, 44.31349 ], [ 27.693547, 44.313618 ], [ 27.693923, 44.313746 ], [ 27.694301, 44.313872 ], [ 27.694678, 44.313996 ], [ 27.695057, 44.314119 ], [ 27.695437, 44.314242 ], [ 27.695818, 44.314362 ], [ 27.6962, 44.314481 ], [ 27.696583, 44.314599 ], [ 27.696967, 44.314715 ], [ 27.697352, 44.31483 ], [ 27.697739, 44.314943 ], [ 27.698126, 44.315054 ], [ 27.698515, 44.315164 ], [ 27.698905, 44.315272 ], [ 27.699295, 44.315377 ], [ 27.699685, 44.315481 ], [ 27.700076, 44.315584 ], [ 27.700467, 44.315685 ], [ 27.700857, 44.315784 ], [ 27.701248, 44.315883 ], [ 27.701638, 44.31598 ], [ 27.702027, 44.316077 ], [ 27.702417, 44.316173 ], [ 27.702806, 44.316268 ], [ 27.703194, 44.316364 ], [ 27.703581, 44.316459 ], [ 27.703967, 44.316555 ], [ 27.704353, 44.316651 ], [ 27.704738, 44.316747 ], [ 27.705121, 44.316844 ], [ 27.705504, 44.316942 ], [ 27.705885, 44.317041 ], [ 27.706265, 44.317141 ], [ 27.706643, 44.317242 ], [ 27.707021, 44.317344 ], [ 27.707397, 44.317449 ], [ 27.707773, 44.317554 ], [ 27.708148, 44.317662 ], [ 27.708523, 44.317771 ], [ 27.708898, 44.317881 ], [ 27.709273, 44.317993 ], [ 27.709647, 44.318106 ], [ 27.710021, 44.31822 ], [ 27.710395, 44.318335 ], [ 27.71077, 44.318451 ], [ 27.711143, 44.318568 ], [ 27.711517, 44.318685 ], [ 27.711891, 44.318803 ], [ 27.712264, 44.318921 ], [ 27.712637, 44.31904 ], [ 27.71301, 44.319159 ], [ 27.713382, 44.319279 ], [ 27.713754, 44.3194 ], [ 27.714126, 44.31952 ], [ 27.714497, 44.319642 ], [ 27.714868, 44.319764 ], [ 27.715239, 44.319887 ], [ 27.71561, 44.32001 ], [ 27.715981, 44.320133 ], [ 27.716351, 44.320257 ], [ 27.716722, 44.320382 ], [ 27.717093, 44.320506 ], [ 27.717464, 44.320631 ], [ 27.717836, 44.320756 ], [ 27.718208, 44.320881 ], [ 27.718579, 44.321006 ], [ 27.718951, 44.321131 ], [ 27.719323, 44.321256 ], [ 27.719695, 44.32138 ], [ 27.720067, 44.321505 ], [ 27.720439, 44.32163 ], [ 27.720811, 44.321754 ], [ 27.721183, 44.321879 ], [ 27.721555, 44.322003 ], [ 27.721927, 44.322128 ], [ 27.722299, 44.322252 ], [ 27.722671, 44.322376 ], [ 27.723042, 44.322501 ], [ 27.723413, 44.322625 ], [ 27.723785, 44.32275 ], [ 27.724155, 44.322875 ], [ 27.724526, 44.323 ], [ 27.724896, 44.323124 ], [ 27.725267, 44.32325 ], [ 27.725637, 44.323375 ], [ 27.726006, 44.323501 ], [ 27.726376, 44.323627 ], [ 27.726747, 44.323754 ], [ 27.727117, 44.32388 ], [ 27.727489, 44.324007 ], [ 27.72786, 44.324133 ], [ 27.728233, 44.32426 ], [ 27.728607, 44.324386 ], [ 27.728981, 44.324511 ], [ 27.729356, 44.324636 ], [ 27.729732, 44.32476 ], [ 27.73011, 44.324884 ], [ 27.730488, 44.325006 ], [ 27.730868, 44.325128 ], [ 27.731248, 44.325248 ], [ 27.73163, 44.325367 ], [ 27.732013, 44.325484 ], [ 27.732397, 44.3256 ], [ 27.732782, 44.325715 ], [ 27.733169, 44.325828 ], [ 27.733557, 44.325939 ], [ 27.733947, 44.326049 ], [ 27.734337, 44.326156 ], [ 27.73473, 44.326262 ], [ 27.735124, 44.326366 ], [ 27.73552, 44.326467 ], [ 27.735918, 44.326566 ], [ 27.736318, 44.326663 ], [ 27.736719, 44.326757 ], [ 27.737123, 44.326847 ], [ 27.737529, 44.326935 ], [ 27.737937, 44.327019 ], [ 27.738347, 44.3271 ], [ 27.73876, 44.327177 ], [ 27.739174, 44.32725 ], [ 27.73959, 44.327318 ], [ 27.740009, 44.327383 ], [ 27.740429, 44.327442 ], [ 27.740851, 44.327497 ], [ 27.741275, 44.327547 ], [ 27.7417, 44.327591 ], [ 27.742126, 44.327631 ], [ 27.742553, 44.327666 ], [ 27.742981, 44.327695 ], [ 27.74341, 44.32772 ], [ 27.743839, 44.327738 ], [ 27.744269, 44.327752 ], [ 27.7447, 44.32776 ], [ 27.74513, 44.327763 ], [ 27.74556, 44.32776 ], [ 27.745989, 44.327752 ], [ 27.746418, 44.327739 ], [ 27.746846, 44.327722 ], [ 27.747274, 44.327699 ], [ 27.7477, 44.327671 ], [ 27.748125, 44.327639 ], [ 27.748549, 44.327603 ], [ 27.748972, 44.327562 ], [ 27.749393, 44.327517 ], [ 27.749813, 44.327468 ], [ 27.75023, 44.327416 ], [ 27.750646, 44.32736 ], [ 27.75106, 44.327301 ], [ 27.751472, 44.327239 ], [ 27.751882, 44.327175 ], [ 27.752291, 44.327109 ], [ 27.752698, 44.32704 ], [ 27.753104, 44.32697 ], [ 27.75351, 44.326898 ], [ 27.753915, 44.326824 ], [ 27.75432, 44.326747 ], [ 27.754723, 44.326669 ], [ 27.755126, 44.326589 ], [ 27.755528, 44.326507 ], [ 27.75593, 44.326423 ], [ 27.75633, 44.326337 ], [ 27.756729, 44.326249 ], [ 27.757127, 44.326159 ], [ 27.757524, 44.326068 ], [ 27.75792, 44.325975 ], [ 27.758314, 44.325881 ], [ 27.758708, 44.325786 ], [ 27.7591, 44.32569 ], [ 27.759492, 44.325593 ], [ 27.759882, 44.325495 ], [ 27.760272, 44.325397 ], [ 27.76066, 44.325298 ], [ 27.761047, 44.325199 ], [ 27.761434, 44.325101 ], [ 27.761819, 44.325003 ], [ 27.762204, 44.324905 ], [ 27.762589, 44.324809 ], [ 27.762973, 44.324713 ], [ 27.763357, 44.324618 ], [ 27.763741, 44.324525 ], [ 27.764124, 44.324433 ], [ 27.764508, 44.324343 ], [ 27.764892, 44.324255 ], [ 27.765277, 44.324169 ], [ 27.765663, 44.324084 ], [ 27.766049, 44.324001 ], [ 27.766436, 44.32392 ], [ 27.766823, 44.323841 ], [ 27.767211, 44.323764 ], [ 27.7676, 44.323688 ], [ 27.767989, 44.323615 ], [ 27.768379, 44.323544 ], [ 27.76877, 44.323474 ], [ 27.769161, 44.323407 ], [ 27.769553, 44.323341 ], [ 27.769946, 44.323278 ], [ 27.770339, 44.323217 ], [ 27.770733, 44.323157 ], [ 27.771127, 44.3231 ], [ 27.771523, 44.323044 ], [ 27.771919, 44.32299 ], [ 27.772315, 44.322938 ], [ 27.772712, 44.322888 ], [ 27.77311, 44.32284 ], [ 27.773508, 44.322793 ], [ 27.773907, 44.322748 ], [ 27.774305, 44.322705 ], [ 27.774704, 44.322664 ], [ 27.775103, 44.322625 ], [ 27.775501, 44.322588 ], [ 27.7759, 44.322553 ], [ 27.776299, 44.322521 ], [ 27.776698, 44.322491 ], [ 27.777097, 44.322463 ], [ 27.777496, 44.322438 ], [ 27.777895, 44.322415 ], [ 27.778295, 44.322394 ], [ 27.778696, 44.322376 ], [ 27.779098, 44.32236 ], [ 27.779501, 44.322345 ], [ 27.779905, 44.322333 ], [ 27.78031, 44.322321 ], [ 27.780716, 44.322311 ], [ 27.781123, 44.322302 ], [ 27.78153, 44.322293 ], [ 27.781938, 44.322285 ], [ 27.782346, 44.322278 ], [ 27.782753, 44.322272 ], [ 27.78316, 44.322266 ], [ 27.783567, 44.322261 ], [ 27.783972, 44.322257 ], [ 27.784378, 44.322255 ], [ 27.784782, 44.322254 ], [ 27.785187, 44.322254 ], [ 27.785591, 44.322256 ], [ 27.785996, 44.322259 ], [ 27.786401, 44.322264 ], [ 27.786807, 44.32227 ], [ 27.787213, 44.322277 ], [ 27.787619, 44.322285 ], [ 27.788026, 44.322294 ], [ 27.788432, 44.322304 ], [ 27.788839, 44.322315 ], [ 27.789244, 44.322327 ], [ 27.789649, 44.32234 ], [ 27.790051, 44.322355 ], [ 27.790453, 44.322371 ], [ 27.790852, 44.32239 ], [ 27.79125, 44.322412 ], [ 27.791647, 44.322436 ], [ 27.792043, 44.322464 ], [ 27.792438, 44.322494 ], [ 27.792833, 44.322528 ], [ 27.793229, 44.322565 ], [ 27.793624, 44.322605 ], [ 27.79402, 44.322648 ], [ 27.794415, 44.322693 ], [ 27.794808, 44.32274 ], [ 27.7952, 44.322791 ], [ 27.795589, 44.322844 ], [ 27.795976, 44.322901 ], [ 27.79636, 44.322962 ], [ 27.796741, 44.323026 ], [ 27.797118, 44.323096 ], [ 27.797491, 44.32317 ], [ 27.797857, 44.32325 ], [ 27.798181, 44.323327 ], [ 27.798171, 44.322463 ], [ 27.798155, 44.321623 ], [ 27.798121, 44.321616 ], [ 27.797701, 44.321532 ], [ 27.797281, 44.321454 ], [ 27.796862, 44.321383 ], [ 27.796444, 44.321317 ], [ 27.796027, 44.321255 ], [ 27.795611, 44.321198 ], [ 27.795195, 44.321145 ], [ 27.79478, 44.321094 ], [ 27.794364, 44.321047 ], [ 27.793948, 44.321002 ], [ 27.793531, 44.32096 ], [ 27.793113, 44.320921 ], [ 27.792693, 44.320885 ], [ 27.792273, 44.320853 ], [ 27.791852, 44.320823 ], [ 27.791431, 44.320797 ], [ 27.791011, 44.320774 ], [ 27.790592, 44.320755 ], [ 27.790174, 44.320737 ], [ 27.789757, 44.320722 ], [ 27.789341, 44.320709 ], [ 27.788927, 44.320696 ], [ 27.788513, 44.320685 ], [ 27.788099, 44.320675 ], [ 27.787685, 44.320666 ], [ 27.787271, 44.320658 ], [ 27.786857, 44.32065 ], [ 27.786442, 44.320644 ], [ 27.786027, 44.32064 ], [ 27.785611, 44.320636 ], [ 27.785195, 44.320634 ], [ 27.784779, 44.320634 ], [ 27.784364, 44.320635 ], [ 27.783949, 44.320638 ], [ 27.783534, 44.320641 ], [ 27.78312, 44.320646 ], [ 27.782706, 44.320652 ], [ 27.782293, 44.320659 ], [ 27.78188, 44.320666 ], [ 27.781468, 44.320674 ], [ 27.781054, 44.320683 ], [ 27.780641, 44.320692 ], [ 27.780226, 44.320703 ], [ 27.779811, 44.320714 ], [ 27.779395, 44.320727 ], [ 27.778979, 44.320742 ], [ 27.778562, 44.320759 ], [ 27.778144, 44.320778 ], [ 27.777726, 44.3208 ], [ 27.777307, 44.320824 ], [ 27.776889, 44.32085 ], [ 27.776471, 44.320879 ], [ 27.776054, 44.32091 ], [ 27.775637, 44.320945 ], [ 27.775221, 44.320981 ], [ 27.774806, 44.321019 ], [ 27.774391, 44.32106 ], [ 27.773977, 44.321102 ], [ 27.773564, 44.321147 ], [ 27.773152, 44.321193 ], [ 27.77274, 44.321242 ], [ 27.772328, 44.321292 ], [ 27.771917, 44.321344 ], [ 27.771506, 44.321398 ], [ 27.771096, 44.321453 ], [ 27.770686, 44.321511 ], [ 27.770276, 44.321571 ], [ 27.769867, 44.321633 ], [ 27.769458, 44.321697 ], [ 27.76905, 44.321762 ], [ 27.768643, 44.32183 ], [ 27.768236, 44.3219 ], [ 27.76783, 44.321973 ], [ 27.767424, 44.322047 ], [ 27.76702, 44.322123 ], [ 27.766616, 44.322201 ], [ 27.766213, 44.322282 ], [ 27.765811, 44.322364 ], [ 27.76541, 44.322448 ], [ 27.765009, 44.322533 ], [ 27.76461, 44.322621 ], [ 27.764211, 44.322711 ], [ 27.763814, 44.322802 ], [ 27.763418, 44.322895 ], [ 27.763023, 44.322989 ], [ 27.762629, 44.323085 ], [ 27.762237, 44.323181 ], [ 27.761846, 44.323279 ], [ 27.761456, 44.323377 ], [ 27.761067, 44.323476 ], [ 27.760679, 44.323574 ], [ 27.760292, 44.323673 ], [ 27.759906, 44.323771 ], [ 27.759521, 44.323869 ], [ 27.759136, 44.323966 ], [ 27.758752, 44.324063 ], [ 27.758367, 44.324158 ], [ 27.757983, 44.324252 ], [ 27.757599, 44.324345 ], [ 27.757215, 44.324436 ], [ 27.75683, 44.324526 ], [ 27.756446, 44.324615 ], [ 27.75606, 44.324702 ], [ 27.755675, 44.324786 ], [ 27.755289, 44.324869 ], [ 27.754903, 44.32495 ], [ 27.754516, 44.32503 ], [ 27.754128, 44.325107 ], [ 27.753739, 44.325182 ], [ 27.75335, 44.325256 ], [ 27.752959, 44.325327 ], [ 27.752568, 44.325397 ], [ 27.752177, 44.325464 ], [ 27.751785, 44.32553 ], [ 27.751393, 44.325594 ], [ 27.751002, 44.325655 ], [ 27.75061, 44.325713 ], [ 27.750219, 44.325769 ], [ 27.749828, 44.325822 ], [ 27.749437, 44.325871 ], [ 27.749046, 44.325917 ], [ 27.748655, 44.325958 ], [ 27.748264, 44.325996 ], [ 27.747873, 44.32603 ], [ 27.747481, 44.326059 ], [ 27.747089, 44.326085 ], [ 27.746697, 44.326106 ], [ 27.746305, 44.326122 ], [ 27.745913, 44.326134 ], [ 27.745522, 44.326141 ], [ 27.74513, 44.326143 ], [ 27.744739, 44.326141 ], [ 27.744349, 44.326134 ], [ 27.743958, 44.326121 ], [ 27.743567, 44.326104 ], [ 27.743177, 44.326082 ], [ 27.742787, 44.326055 ], [ 27.742398, 44.326024 ], [ 27.742009, 44.325987 ], [ 27.741621, 44.325946 ], [ 27.741234, 44.325901 ], [ 27.740848, 44.325851 ], [ 27.740463, 44.325796 ], [ 27.740078, 44.325737 ], [ 27.739695, 44.325674 ], [ 27.739312, 44.325607 ], [ 27.738929, 44.325535 ], [ 27.738548, 44.32546 ], [ 27.738166, 44.325381 ], [ 27.737786, 44.325299 ], [ 27.737406, 44.325214 ], [ 27.737026, 44.325125 ], [ 27.736648, 44.325033 ], [ 27.736269, 44.324939 ], [ 27.735891, 44.324842 ], [ 27.735514, 44.324743 ], [ 27.735138, 44.324642 ], [ 27.734762, 44.324538 ], [ 27.734387, 44.324433 ], [ 27.734013, 44.324326 ], [ 27.733639, 44.324216 ], [ 27.733266, 44.324106 ], [ 27.732894, 44.323993 ], [ 27.732523, 44.323879 ], [ 27.732152, 44.323763 ], [ 27.731781, 44.323647 ], [ 27.731411, 44.323528 ], [ 27.731041, 44.323408 ], [ 27.730672, 44.323288 ], [ 27.730303, 44.323166 ], [ 27.729933, 44.323043 ], [ 27.729564, 44.322919 ], [ 27.729195, 44.322794 ], [ 27.728826, 44.322669 ], [ 27.728456, 44.322543 ], [ 27.728086, 44.322417 ], [ 27.727716, 44.322291 ], [ 27.727345, 44.322164 ], [ 27.726973, 44.322038 ], [ 27.726602, 44.321911 ], [ 27.72623, 44.321785 ], [ 27.725858, 44.321659 ], [ 27.725485, 44.321533 ], [ 27.725113, 44.321408 ], [ 27.724741, 44.321283 ], [ 27.724369, 44.321158 ], [ 27.723996, 44.321033 ], [ 27.723624, 44.320908 ], [ 27.723252, 44.320784 ], [ 27.72288, 44.320659 ], [ 27.722508, 44.320535 ], [ 27.722137, 44.320411 ], [ 27.721765, 44.320286 ], [ 27.721393, 44.320162 ], [ 27.721022, 44.320037 ], [ 27.72065, 44.319913 ], [ 27.720279, 44.319788 ], [ 27.719907, 44.319663 ], [ 27.719536, 44.319539 ], [ 27.719165, 44.319414 ], [ 27.718793, 44.319289 ], [ 27.718422, 44.319164 ], [ 27.71805, 44.319039 ], [ 27.717678, 44.318914 ], [ 27.717305, 44.318789 ], [ 27.716932, 44.318664 ], [ 27.716558, 44.31854 ], [ 27.716184, 44.318416 ], [ 27.71581, 44.318292 ], [ 27.715435, 44.318169 ], [ 27.71506, 44.318046 ], [ 27.714684, 44.317923 ], [ 27.714308, 44.317802 ], [ 27.713931, 44.317681 ], [ 27.713555, 44.31756 ], [ 27.713178, 44.31744 ], [ 27.7128, 44.31732 ], [ 27.712423, 44.317201 ], [ 27.712045, 44.317082 ], [ 27.711666, 44.316964 ], [ 27.711286, 44.316847 ], [ 27.710906, 44.31673 ], [ 27.710525, 44.316614 ], [ 27.710143, 44.316499 ], [ 27.70976, 44.316384 ], [ 27.709375, 44.316271 ], [ 27.70899, 44.316159 ], [ 27.708603, 44.316048 ], [ 27.708215, 44.315939 ], [ 27.707826, 44.315831 ], [ 27.707436, 44.315725 ], [ 27.707046, 44.315621 ], [ 27.706656, 44.315518 ], [ 27.706265, 44.315417 ], [ 27.705874, 44.315317 ], [ 27.705484, 44.315219 ], [ 27.705094, 44.315121 ], [ 27.704704, 44.315024 ], [ 27.704315, 44.314928 ], [ 27.703926, 44.314832 ], [ 27.703537, 44.314736 ], [ 27.70315, 44.314641 ], [ 27.702763, 44.314545 ], [ 27.702377, 44.314449 ], [ 27.701992, 44.314353 ], [ 27.701608, 44.314257 ], [ 27.701225, 44.314159 ], [ 27.700844, 44.314061 ], [ 27.700464, 44.313961 ], [ 27.700086, 44.31386 ], [ 27.699708, 44.313758 ], [ 27.699332, 44.313654 ], [ 27.698957, 44.313548 ], [ 27.698583, 44.313441 ], [ 27.69821, 44.313332 ], [ 27.697837, 44.313221 ], [ 27.697465, 44.313108 ], [ 27.697094, 44.312994 ], [ 27.696723, 44.312878 ], [ 27.696353, 44.312761 ], [ 27.695984, 44.312643 ], [ 27.695615, 44.312522 ], [ 27.695246, 44.312401 ], [ 27.694879, 44.312279 ], [ 27.694513, 44.312155 ], [ 27.694149, 44.31203 ], [ 27.693785, 44.311903 ], [ 27.693423, 44.311776 ], [ 27.693063, 44.311646 ], [ 27.692705, 44.311515 ], [ 27.692348, 44.311383 ], [ 27.691993, 44.311248 ], [ 27.691641, 44.311112 ], [ 27.69129, 44.310973 ], [ 27.690941, 44.310832 ], [ 27.690593, 44.31069 ], [ 27.690247, 44.310544 ], [ 27.689902, 44.310397 ], [ 27.689559, 44.310248 ], [ 27.689217, 44.310096 ], [ 27.688875, 44.309943 ], [ 27.688535, 44.309787 ], [ 27.688196, 44.309631 ], [ 27.687857, 44.309472 ], [ 27.68752, 44.309312 ], [ 27.687183, 44.309151 ], [ 27.686847, 44.308988 ], [ 27.686512, 44.308825 ], [ 27.686178, 44.30866 ], [ 27.685845, 44.308494 ], [ 27.685514, 44.308327 ], [ 27.685183, 44.308159 ], [ 27.684853, 44.30799 ], [ 27.684524, 44.30782 ], [ 27.684196, 44.307648 ], [ 27.683869, 44.307476 ], [ 27.683543, 44.307303 ], [ 27.683218, 44.307129 ], [ 27.682893, 44.306953 ], [ 27.682568, 44.306777 ], [ 27.682245, 44.306601 ], [ 27.681922, 44.306423 ], [ 27.681599, 44.306244 ], [ 27.681276, 44.306065 ], [ 27.680954, 44.305886 ], [ 27.680632, 44.305705 ], [ 27.68031, 44.305525 ], [ 27.679989, 44.305343 ], [ 27.679667, 44.305162 ], [ 27.679345, 44.30498 ], [ 27.679024, 44.304798 ], [ 27.678703, 44.304615 ], [ 27.678383, 44.304433 ], [ 27.678063, 44.304251 ], [ 27.677746, 44.304068 ], [ 27.67743, 44.303885 ], [ 27.677116, 44.303702 ], [ 27.676805, 44.303518 ], [ 27.676496, 44.303333 ], [ 27.676191, 44.303147 ], [ 27.675889, 44.30296 ], [ 27.67559, 44.302771 ], [ 27.675296, 44.30258 ], [ 27.675005, 44.302386 ], [ 27.674718, 44.302191 ], [ 27.674435, 44.301993 ], [ 27.674156, 44.301792 ], [ 27.673882, 44.301589 ], [ 27.673611, 44.301382 ], [ 27.673344, 44.301173 ], [ 27.673082, 44.300962 ], [ 27.672825, 44.300748 ], [ 27.672572, 44.300531 ], [ 27.672541, 44.300504 ], [ 27.672556, 44.301761 ], [ 27.672569, 44.302943 ] ] ] } },
{ "type": "Feature", "properties": { "DRVAL1": null, "OBJNAM": null, "NOBJNM": null, "TRAFIC": null, "INFORM": null, "SCAMIN": null }, "geometry": { "type": "Polygon", "coordinates": [ [ [ 27.624233, 44.257548 ], [ 27.624498, 44.257641 ], [ 27.624702, 44.257688 ], [ 27.624937, 44.257737 ], [ 27.625173, 44.257787 ], [ 27.62541, 44.257838 ], [ 27.625647, 44.257891 ], [ 27.625885, 44.257944 ], [ 27.626122, 44.257997 ], [ 27.626358, 44.258051 ], [ 27.62659, 44.258104 ], [ 27.626818, 44.258156 ], [ 27.627055, 44.25821 ], [ 27.627324, 44.258269 ], [ 27.627648, 44.258336 ], [ 27.628018, 44.25841 ], [ 27.628413, 44.258485 ], [ 27.628809, 44.258559 ], [ 27.629198, 44.258632 ], [ 27.629294, 44.258651 ], [ 27.629577, 44.258707 ], [ 27.629949, 44.258785 ], [ 27.630313, 44.258868 ], [ 27.630671, 44.258958 ], [ 27.631025, 44.259054 ], [ 27.631376, 44.259158 ], [ 27.631722, 44.259268 ], [ 27.632063, 44.259386 ], [ 27.6324, 44.25951 ], [ 27.632731, 44.259641 ], [ 27.633056, 44.259779 ], [ 27.633375, 44.259923 ], [ 27.633688, 44.260073 ], [ 27.633993, 44.260231 ], [ 27.63429, 44.260394 ], [ 27.634581, 44.260565 ], [ 27.634866, 44.260742 ], [ 27.635087, 44.260888 ], [ 27.635144, 44.260926 ], [ 27.635416, 44.261116 ], [ 27.635684, 44.261313 ], [ 27.635947, 44.261515 ], [ 27.636206, 44.261723 ], [ 27.63646, 44.261935 ], [ 27.63671, 44.262152 ], [ 27.636957, 44.262372 ], [ 27.637201, 44.262596 ], [ 27.637441, 44.262822 ], [ 27.637497, 44.262877 ], [ 27.637678, 44.263051 ], [ 27.637912, 44.263283 ], [ 27.638144, 44.263517 ], [ 27.638375, 44.263754 ], [ 27.638606, 44.263993 ], [ 27.638837, 44.264234 ], [ 27.63907, 44.264478 ], [ 27.639306, 44.264723 ], [ 27.639546, 44.26497 ], [ 27.639792, 44.265217 ], [ 27.640045, 44.265464 ], [ 27.640305, 44.265709 ], [ 27.640573, 44.265953 ], [ 27.640849, 44.266194 ], [ 27.641135, 44.266432 ], [ 27.641429, 44.266665 ], [ 27.641734, 44.266894 ], [ 27.642046, 44.267116 ], [ 27.642366, 44.267332 ], [ 27.642693, 44.267541 ], [ 27.643024, 44.267744 ], [ 27.64336, 44.26794 ], [ 27.643699, 44.268131 ], [ 27.64404, 44.268316 ], [ 27.644384, 44.268498 ], [ 27.64473, 44.268675 ], [ 27.645079, 44.268849 ], [ 27.64543, 44.26902 ], [ 27.645786, 44.269188 ], [ 27.646144, 44.269352 ], [ 27.646507, 44.269513 ], [ 27.646873, 44.26967 ], [ 27.647242, 44.269824 ], [ 27.647615, 44.269973 ], [ 27.647992, 44.270119 ], [ 27.648372, 44.27026 ], [ 27.648755, 44.270397 ], [ 27.649141, 44.27053 ], [ 27.649531, 44.270658 ], [ 27.649924, 44.270782 ], [ 27.65032, 44.270901 ], [ 27.65072, 44.271015 ], [ 27.651123, 44.271125 ], [ 27.651528, 44.271229 ], [ 27.651937, 44.271328 ], [ 27.652349, 44.271421 ], [ 27.652764, 44.271509 ], [ 27.65318, 44.27159 ], [ 27.653596, 44.271666 ], [ 27.654012, 44.271736 ], [ 27.654425, 44.271802 ], [ 27.654834, 44.271864 ], [ 27.655238, 44.271924 ], [ 27.655638, 44.271983 ], [ 27.656033, 44.272042 ], [ 27.656422, 44.272103 ], [ 27.656805, 44.272166 ], [ 27.657182, 44.272234 ], [ 27.657552, 44.272306 ], [ 27.657915, 44.272384 ], [ 27.658271, 44.272469 ], [ 27.658619, 44.272562 ], [ 27.65896, 44.272662 ], [ 27.659292, 44.272772 ], [ 27.659611, 44.272888 ], [ 27.659615, 44.27289 ], [ 27.659929, 44.273017 ], [ 27.660231, 44.273154 ], [ 27.660524, 44.2733 ], [ 27.660806, 44.273456 ], [ 27.66108, 44.273623 ], [ 27.661345, 44.2738 ], [ 27.661603, 44.273986 ], [ 27.661853, 44.274181 ], [ 27.662095, 44.274384 ], [ 27.662331, 44.274595 ], [ 27.662559, 44.274812 ], [ 27.662782, 44.275036 ], [ 27.663, 44.275265 ], [ 27.663213, 44.275499 ], [ 27.663422, 44.275737 ], [ 27.663626, 44.275979 ], [ 27.663826, 44.276222 ], [ 27.664022, 44.276468 ], [ 27.664211, 44.276714 ], [ 27.664394, 44.276962 ], [ 27.664569, 44.277211 ], [ 27.664736, 44.277461 ], [ 27.664894, 44.277712 ], [ 27.665042, 44.277963 ], [ 27.665177, 44.278215 ], [ 27.665301, 44.278467 ], [ 27.66541, 44.278719 ], [ 27.665505, 44.278972 ], [ 27.665585, 44.279227 ], [ 27.66565, 44.279484 ], [ 27.665701, 44.279745 ], [ 27.66574, 44.280011 ], [ 27.665767, 44.280281 ], [ 27.665784, 44.280555 ], [ 27.665792, 44.280832 ], [ 27.665792, 44.281112 ], [ 27.665786, 44.281394 ], [ 27.665774, 44.281678 ], [ 27.665757, 44.281964 ], [ 27.665737, 44.282252 ], [ 27.665714, 44.282542 ], [ 27.665689, 44.282834 ], [ 27.665664, 44.283128 ], [ 27.665639, 44.283422 ], [ 27.665614, 44.283717 ], [ 27.66559, 44.284012 ], [ 27.665567, 44.284307 ], [ 27.665543, 44.2846 ], [ 27.665519, 44.284893 ], [ 27.665494, 44.285185 ], [ 27.665468, 44.285476 ], [ 27.66544, 44.285767 ], [ 27.665412, 44.286058 ], [ 27.665381, 44.286349 ], [ 27.665349, 44.286641 ], [ 27.665317, 44.286934 ], [ 27.665285, 44.287228 ], [ 27.665253, 44.287523 ], [ 27.665221, 44.287819 ], [ 27.665191, 44.288116 ], [ 27.665163, 44.288414 ], [ 27.665137, 44.288714 ], [ 27.665114, 44.289014 ], [ 27.665095, 44.289315 ], [ 27.665079, 44.289617 ], [ 27.665067, 44.28992 ], [ 27.66506, 44.290223 ], [ 27.665057, 44.290528 ], [ 27.66506, 44.290833 ], [ 27.665069, 44.291139 ], [ 27.665084, 44.291446 ], [ 27.665106, 44.291753 ], [ 27.665135, 44.292061 ], [ 27.665171, 44.292369 ], [ 27.665214, 44.292676 ], [ 27.665266, 44.292985 ], [ 27.665327, 44.293292 ], [ 27.665396, 44.2936 ], [ 27.665475, 44.293907 ], [ 27.665562, 44.294213 ], [ 27.66566, 44.294518 ], [ 27.665767, 44.294821 ], [ 27.665883, 44.295123 ], [ 27.666009, 44.295422 ], [ 27.666145, 44.29572 ], [ 27.666289, 44.296015 ], [ 27.666442, 44.296308 ], [ 27.666493, 44.296398 ], [ 27.666605, 44.296597 ], [ 27.666775, 44.296884 ], [ 27.666953, 44.297167 ], [ 27.667138, 44.297447 ], [ 27.66733, 44.297723 ], [ 27.667527, 44.297997 ], [ 27.667731, 44.298267 ], [ 27.667939, 44.298535 ], [ 27.668152, 44.2988 ], [ 27.66837, 44.299063 ], [ 27.668593, 44.299323 ], [ 27.668821, 44.299581 ], [ 27.669054, 44.299838 ], [ 27.669292, 44.300092 ], [ 27.669536, 44.300343 ], [ 27.669784, 44.300593 ], [ 27.670039, 44.300839 ], [ 27.670298, 44.301083 ], [ 27.670563, 44.301324 ], [ 27.670833, 44.301562 ], [ 27.671107, 44.301797 ], [ 27.671387, 44.30203 ], [ 27.671671, 44.302259 ], [ 27.671959, 44.302485 ], [ 27.672252, 44.302708 ], [ 27.672549, 44.302928 ], [ 27.672569, 44.302943 ], [ 27.672556, 44.301761 ], [ 27.672541, 44.300504 ], [ 27.672323, 44.300312 ], [ 27.67208, 44.30009 ], [ 27.671841, 44.299866 ], [ 27.671607, 44.299639 ], [ 27.671378, 44.299409 ], [ 27.671153, 44.299177 ], [ 27.671117, 44.299138 ], [ 27.670933, 44.298942 ], [ 27.670717, 44.298705 ], [ 27.670506, 44.298466 ], [ 27.670299, 44.298224 ], [ 27.670097, 44.29798 ], [ 27.669899, 44.297735 ], [ 27.669707, 44.297488 ], [ 27.66952, 44.297239 ], [ 27.66934, 44.296989 ], [ 27.669166, 44.296738 ], [ 27.668999, 44.296486 ], [ 27.668839, 44.296232 ], [ 27.668702, 44.296002 ], [ 27.668687, 44.295977 ], [ 27.668543, 44.29572 ], [ 27.668407, 44.295461 ], [ 27.668279, 44.2952 ], [ 27.66816, 44.294937 ], [ 27.668049, 44.294673 ], [ 27.667946, 44.294406 ], [ 27.667851, 44.294138 ], [ 27.667765, 44.293868 ], [ 27.667687, 44.293597 ], [ 27.667617, 44.293324 ], [ 27.667556, 44.29305 ], [ 27.667502, 44.292774 ], [ 27.667455, 44.292497 ], [ 27.667415, 44.292218 ], [ 27.667383, 44.291939 ], [ 27.667357, 44.291658 ], [ 27.667337, 44.291376 ], [ 27.667323, 44.291094 ], [ 27.667315, 44.290811 ], [ 27.667312, 44.290527 ], [ 27.667314, 44.290242 ], [ 27.667321, 44.289957 ], [ 27.667332, 44.28967 ], [ 27.667348, 44.289384 ], [ 27.667366, 44.289096 ], [ 27.667389, 44.288808 ], [ 27.667413, 44.288519 ], [ 27.667441, 44.288229 ], [ 27.66747, 44.287939 ], [ 27.667501, 44.287647 ], [ 27.667533, 44.287355 ], [ 27.667565, 44.287062 ], [ 27.667598, 44.286768 ], [ 27.66763, 44.286472 ], [ 27.667661, 44.286176 ], [ 27.66769, 44.28588 ], [ 27.667718, 44.285583 ], [ 27.667745, 44.285286 ], [ 27.66777, 44.28499 ], [ 27.667794, 44.284695 ], [ 27.667818, 44.2844 ], [ 27.667842, 44.284106 ], [ 27.667865, 44.283813 ], [ 27.66789, 44.28352 ], [ 27.667915, 44.283227 ], [ 27.66794, 44.282933 ], [ 27.667965, 44.282637 ], [ 27.667988, 44.282339 ], [ 27.668009, 44.282038 ], [ 27.668027, 44.281736 ], [ 27.668039, 44.281431 ], [ 27.668046, 44.281124 ], [ 27.668046, 44.280814 ], [ 27.668036, 44.280501 ], [ 27.668016, 44.280185 ], [ 27.667983, 44.279867 ], [ 27.667936, 44.279547 ], [ 27.667872, 44.279225 ], [ 27.66779, 44.278904 ], [ 27.66769, 44.278585 ], [ 27.667573, 44.27827 ], [ 27.667439, 44.27796 ], [ 27.667291, 44.277655 ], [ 27.66713, 44.277357 ], [ 27.666959, 44.277064 ], [ 27.666778, 44.276777 ], [ 27.66659, 44.276495 ], [ 27.666395, 44.276218 ], [ 27.666194, 44.275945 ], [ 27.665987, 44.275675 ], [ 27.665776, 44.275409 ], [ 27.66556, 44.275146 ], [ 27.665338, 44.274884 ], [ 27.665109, 44.274624 ], [ 27.664873, 44.274365 ], [ 27.664628, 44.274107 ], [ 27.664373, 44.273852 ], [ 27.664106, 44.273599 ], [ 27.663827, 44.27335 ], [ 27.663535, 44.273106 ], [ 27.663229, 44.272868 ], [ 27.662908, 44.272636 ], [ 27.662571, 44.272412 ], [ 27.662219, 44.272199 ], [ 27.661853, 44.271996 ], [ 27.661473, 44.271806 ], [ 27.661081, 44.271629 ], [ 27.660681, 44.271466 ], [ 27.660272, 44.271316 ], [ 27.659858, 44.27118 ], [ 27.659439, 44.271055 ], [ 27.659018, 44.270943 ], [ 27.658595, 44.270841 ], [ 27.65841, 44.270801 ], [ 27.658172, 44.27075 ], [ 27.657751, 44.270667 ], [ 27.657332, 44.270592 ], [ 27.656917, 44.270523 ], [ 27.656504, 44.270458 ], [ 27.656096, 44.270396 ], [ 27.655692, 44.270337 ], [ 27.655293, 44.270278 ], [ 27.6549, 44.270218 ], [ 27.654513, 44.270157 ], [ 27.654131, 44.270093 ], [ 27.653753, 44.270024 ], [ 27.653378, 44.269951 ], [ 27.653006, 44.269872 ], [ 27.652636, 44.269788 ], [ 27.652267, 44.269699 ], [ 27.6519, 44.269605 ], [ 27.651536, 44.269506 ], [ 27.651172, 44.269402 ], [ 27.650811, 44.269293 ], [ 27.650453, 44.26918 ], [ 27.650097, 44.269063 ], [ 27.649743, 44.268942 ], [ 27.649392, 44.268816 ], [ 27.649044, 44.268687 ], [ 27.648698, 44.268553 ], [ 27.648355, 44.268416 ], [ 27.648015, 44.268274 ], [ 27.647678, 44.268129 ], [ 27.647343, 44.267981 ], [ 27.64701, 44.267828 ], [ 27.64668, 44.267673 ], [ 27.646352, 44.267513 ], [ 27.646027, 44.267351 ], [ 27.645705, 44.267186 ], [ 27.645387, 44.267018 ], [ 27.645073, 44.266848 ], [ 27.644766, 44.266675 ], [ 27.644465, 44.266499 ], [ 27.644172, 44.26632 ], [ 27.643887, 44.266137 ], [ 27.643609, 44.265951 ], [ 27.64334, 44.265759 ], [ 27.643078, 44.265562 ], [ 27.642822, 44.265359 ], [ 27.642572, 44.265151 ], [ 27.642327, 44.264937 ], [ 27.642087, 44.264718 ], [ 27.64185, 44.264494 ], [ 27.641617, 44.264266 ], [ 27.641386, 44.264034 ], [ 27.641156, 44.263798 ], [ 27.640926, 44.263559 ], [ 27.640902, 44.263534 ], [ 27.640694, 44.263317 ], [ 27.640461, 44.263073 ], [ 27.640224, 44.262828 ], [ 27.639985, 44.262582 ], [ 27.639741, 44.262337 ], [ 27.639494, 44.262092 ], [ 27.639242, 44.261848 ], [ 27.638985, 44.261606 ], [ 27.638723, 44.261365 ], [ 27.638455, 44.261126 ], [ 27.63818, 44.260889 ], [ 27.637899, 44.260655 ], [ 27.63761, 44.260422 ], [ 27.637312, 44.260194 ], [ 27.637006, 44.259969 ], [ 27.63669, 44.259749 ], [ 27.636365, 44.259534 ], [ 27.63603, 44.259326 ], [ 27.635686, 44.259124 ], [ 27.635514, 44.25903 ], [ 27.635333, 44.25893 ], [ 27.634971, 44.258744 ], [ 27.634603, 44.258566 ], [ 27.634227, 44.258396 ], [ 27.633845, 44.258235 ], [ 27.633457, 44.258081 ], [ 27.633064, 44.257936 ], [ 27.632665, 44.257799 ], [ 27.632261, 44.25767 ], [ 27.631853, 44.257549 ], [ 27.63144, 44.257437 ], [ 27.631025, 44.257333 ], [ 27.630609, 44.257237 ], [ 27.630194, 44.257149 ], [ 27.629783, 44.257068 ], [ 27.629379, 44.256992 ], [ 27.628987, 44.256919 ], [ 27.628618, 44.256849 ], [ 27.628295, 44.256785 ], [ 27.628042, 44.256734 ], [ 27.627871, 44.256696 ], [ 27.627746, 44.256666 ], [ 27.627614, 44.25663 ], [ 27.627424, 44.256574 ], [ 27.627173, 44.256493 ], [ 27.626879, 44.25639 ], [ 27.62657, 44.256272 ], [ 27.626262, 44.256141 ], [ 27.625961, 44.256 ], [ 27.62567, 44.25585 ], [ 27.625389, 44.255691 ], [ 27.625238, 44.255597 ], [ 27.625121, 44.255524 ], [ 27.624867, 44.255349 ], [ 27.624628, 44.255167 ], [ 27.624409, 44.25498 ], [ 27.624211, 44.254789 ], [ 27.62404, 44.254594 ], [ 27.623896, 44.254396 ], [ 27.623781, 44.254194 ], [ 27.622622, 44.254323 ], [ 27.621546, 44.254443 ], [ 27.621665, 44.254726 ], [ 27.621819, 44.255035 ], [ 27.621937, 44.255286 ], [ 27.622187, 44.255715 ], [ 27.62247, 44.256119 ], [ 27.622734, 44.256445 ], [ 27.623204, 44.256929 ], [ 27.623571, 44.257214 ], [ 27.623988, 44.25744 ], [ 27.624233, 44.257548 ] ] ] } },
{ "type": "Feature", "properties": { "DRVAL1": null, "OBJNAM": null, "NOBJNM": null, "TRAFIC": null, "INFORM": null, "SCAMIN": null }, "geometry": { "type": "Polygon", "coordinates": [ [ [ 27.596709, 44.239413 ], [ 27.597039, 44.239468 ], [ 27.597438, 44.239534 ], [ 27.597835, 44.239601 ], [ 27.598229, 44.239668 ], [ 27.598621, 44.239736 ], [ 27.59883, 44.239773 ], [ 27.599011, 44.239806 ], [ 27.599399, 44.239878 ], [ 27.599785, 44.239951 ], [ 27.600169, 44.240028 ], [ 27.600551, 44.240107 ], [ 27.600932, 44.240189 ], [ 27.601311, 44.240274 ], [ 27.60169, 44.240363 ], [ 27.60207, 44.240454 ], [ 27.602453, 44.240547 ], [ 27.602839, 44.240643 ], [ 27.603229, 44.240739 ], [ 27.603624, 44.240836 ], [ 27.604022, 44.24093 ], [ 27.604426, 44.241023 ], [ 27.604834, 44.241112 ], [ 27.605246, 44.241197 ], [ 27.605662, 44.241277 ], [ 27.606082, 44.241351 ], [ 27.606504, 44.24142 ], [ 27.606927, 44.241482 ], [ 27.60735, 44.241537 ], [ 27.607771, 44.241588 ], [ 27.608191, 44.241633 ], [ 27.608608, 44.241675 ], [ 27.609021, 44.241714 ], [ 27.609432, 44.241752 ], [ 27.60984, 44.241788 ], [ 27.610244, 44.241825 ], [ 27.610645, 44.241862 ], [ 27.611042, 44.2419 ], [ 27.611436, 44.241942 ], [ 27.611825, 44.241986 ], [ 27.612211, 44.242034 ], [ 27.612593, 44.242086 ], [ 27.61297, 44.242144 ], [ 27.613344, 44.242207 ], [ 27.613713, 44.242276 ], [ 27.614078, 44.242352 ], [ 27.614438, 44.242435 ], [ 27.614793, 44.242524 ], [ 27.615144, 44.242622 ], [ 27.61549, 44.242727 ], [ 27.615833, 44.242839 ], [ 27.616173, 44.242959 ], [ 27.616509, 44.243086 ], [ 27.616841, 44.24322 ], [ 27.617167, 44.243359 ], [ 27.617486, 44.243504 ], [ 27.617797, 44.243654 ], [ 27.618097, 44.24381 ], [ 27.618386, 44.243972 ], [ 27.618662, 44.24414 ], [ 27.618925, 44.244315 ], [ 27.619171, 44.244497 ], [ 27.619401, 44.244685 ], [ 27.619607, 44.244876 ], [ 27.61961, 44.244878 ], [ 27.619799, 44.245078 ], [ 27.619967, 44.245285 ], [ 27.620115, 44.2455 ], [ 27.620245, 44.245727 ], [ 27.620362, 44.245965 ], [ 27.620466, 44.246215 ], [ 27.62056, 44.246474 ], [ 27.620645, 44.246739 ], [ 27.620721, 44.247009 ], [ 27.62079, 44.247282 ], [ 27.620852, 44.247558 ], [ 27.620907, 44.247835 ], [ 27.620956, 44.248114 ], [ 27.620999, 44.248395 ], [ 27.621036, 44.248676 ], [ 27.621068, 44.248959 ], [ 27.621094, 44.249243 ], [ 27.621116, 44.249528 ], [ 27.621134, 44.249814 ], [ 27.621148, 44.250101 ], [ 27.621159, 44.25039 ], [ 27.621167, 44.25068 ], [ 27.621174, 44.250971 ], [ 27.621179, 44.251264 ], [ 27.621184, 44.251559 ], [ 27.621189, 44.251855 ], [ 27.621196, 44.252154 ], [ 27.621206, 44.252456 ], [ 27.621222, 44.252762 ], [ 27.621245, 44.253074 ], [ 27.621281, 44.253392 ], [ 27.621335, 44.253718 ], [ 27.621414, 44.254053 ], [ 27.621524, 44.254392 ], [ 27.621546, 44.254443 ], [ 27.622622, 44.254323 ], [ 27.623781, 44.254194 ], [ 27.623779, 44.25419 ], [ 27.623687, 44.253973 ], [ 27.623615, 44.253741 ], [ 27.623561, 44.253495 ], [ 27.623543, 44.253374 ], [ 27.623521, 44.253236 ], [ 27.623493, 44.252967 ], [ 27.623472, 44.25269 ], [ 27.623459, 44.252408 ], [ 27.623449, 44.252121 ], [ 27.623442, 44.251831 ], [ 27.623437, 44.251539 ], [ 27.623434, 44.251364 ], [ 27.623432, 44.251244 ], [ 27.623427, 44.250948 ], [ 27.623421, 44.25065 ], [ 27.623412, 44.250351 ], [ 27.623401, 44.250051 ], [ 27.623386, 44.249749 ], [ 27.623367, 44.249447 ], [ 27.623343, 44.249144 ], [ 27.623315, 44.24884 ], [ 27.623281, 44.248535 ], [ 27.62324, 44.24823 ], [ 27.623194, 44.247925 ], [ 27.62314, 44.247619 ], [ 27.623079, 44.247314 ], [ 27.62301, 44.247008 ], [ 27.622933, 44.246702 ], [ 27.622845, 44.246395 ], [ 27.622745, 44.246086 ], [ 27.622631, 44.245775 ], [ 27.622497, 44.245461 ], [ 27.62234, 44.245145 ], [ 27.622155, 44.24483 ], [ 27.621941, 44.24452 ], [ 27.621697, 44.24422 ], [ 27.621427, 44.243932 ], [ 27.621135, 44.24366 ], [ 27.620823, 44.243402 ], [ 27.620571, 44.243216 ], [ 27.620496, 44.24316 ], [ 27.620157, 44.242933 ], [ 27.619807, 44.242719 ], [ 27.61945, 44.242517 ], [ 27.619086, 44.242328 ], [ 27.618717, 44.242149 ], [ 27.618344, 44.241979 ], [ 27.617966, 44.241817 ], [ 27.617582, 44.241663 ], [ 27.617193, 44.241516 ], [ 27.616797, 44.241376 ], [ 27.616394, 44.241244 ], [ 27.615986, 44.241121 ], [ 27.615572, 44.241006 ], [ 27.615154, 44.2409 ], [ 27.614733, 44.240804 ], [ 27.614311, 44.240716 ], [ 27.613887, 44.240636 ], [ 27.613462, 44.240564 ], [ 27.613038, 44.240499 ], [ 27.612615, 44.240441 ], [ 27.612194, 44.240388 ], [ 27.611774, 44.24034 ], [ 27.611356, 44.240297 ], [ 27.610941, 44.240256 ], [ 27.610529, 44.240218 ], [ 27.610119, 44.240181 ], [ 27.609713, 44.240144 ], [ 27.609309, 44.240108 ], [ 27.60891, 44.24007 ], [ 27.608515, 44.240031 ], [ 27.608124, 44.239988 ], [ 27.607737, 44.239942 ], [ 27.607355, 44.239892 ], [ 27.606976, 44.239836 ], [ 27.606599, 44.239776 ], [ 27.606223, 44.239709 ], [ 27.605848, 44.239636 ], [ 27.605473, 44.239559 ], [ 27.605096, 44.239476 ], [ 27.604719, 44.23939 ], [ 27.604339, 44.2393 ], [ 27.603957, 44.239206 ], [ 27.603572, 44.239111 ], [ 27.603183, 44.239015 ], [ 27.60279, 44.238919 ], [ 27.602394, 44.238824 ], [ 27.601993, 44.238731 ], [ 27.601591, 44.23864 ], [ 27.601187, 44.238553 ], [ 27.600781, 44.238469 ], [ 27.600375, 44.238388 ], [ 27.599969, 44.23831 ], [ 27.599563, 44.238236 ], [ 27.599158, 44.238163 ], [ 27.598754, 44.238093 ], [ 27.598351, 44.238024 ], [ 27.597949, 44.237957 ], [ 27.59755, 44.23789 ], [ 27.597152, 44.237823 ], [ 27.596757, 44.237757 ], [ 27.596692, 44.237746 ], [ 27.596698, 44.23858 ], [ 27.596709, 44.239413 ] ] ] } },
{ "type": "Feature", "properties": { "DRVAL1": null, "OBJNAM": null, "NOBJNM": null, "TRAFIC": null, "INFORM": null, "SCAMIN": null }, "geometry": { "type": "Polygon", "coordinates": [ [ [ 27.596709, 44.239413 ], [ 27.596698, 44.23858 ], [ 27.596692, 44.237746 ], [ 27.596365, 44.237689 ], [ 27.595976, 44.23762 ], [ 27.595591, 44.237548 ], [ 27.595208, 44.237474 ], [ 27.594828, 44.237397 ], [ 27.59445, 44.237316 ], [ 27.594072, 44.237231 ], [ 27.593693, 44.237142 ], [ 27.593313, 44.237051 ], [ 27.592931, 44.236957 ], [ 27.592547, 44.236862 ], [ 27.592164, 44.236765 ], [ 27.59178, 44.236668 ], [ 27.591398, 44.23657 ], [ 27.591019, 44.236472 ], [ 27.590642, 44.236372 ], [ 27.590267, 44.23627 ], [ 27.589896, 44.236167 ], [ 27.589527, 44.236061 ], [ 27.589162, 44.235952 ], [ 27.5888, 44.23584 ], [ 27.588442, 44.235725 ], [ 27.588087, 44.235606 ], [ 27.587737, 44.235483 ], [ 27.58739, 44.235356 ], [ 27.587049, 44.235225 ], [ 27.586712, 44.235089 ], [ 27.586381, 44.234949 ], [ 27.586057, 44.234804 ], [ 27.585741, 44.234655 ], [ 27.585436, 44.234501 ], [ 27.585142, 44.234341 ], [ 27.584862, 44.234176 ], [ 27.584596, 44.234006 ], [ 27.584346, 44.233829 ], [ 27.584114, 44.233645 ], [ 27.5839, 44.233454 ], [ 27.583705, 44.233256 ], [ 27.583531, 44.233051 ], [ 27.583377, 44.23284 ], [ 27.583244, 44.23262 ], [ 27.583129, 44.232391 ], [ 27.583032, 44.232151 ], [ 27.582948, 44.231899 ], [ 27.582874, 44.231635 ], [ 27.582807, 44.23136 ], [ 27.582742, 44.231076 ], [ 27.582678, 44.230784 ], [ 27.582609, 44.230485 ], [ 27.582533, 44.230181 ], [ 27.582446, 44.229872 ], [ 27.582344, 44.229559 ], [ 27.582224, 44.229244 ], [ 27.582082, 44.228928 ], [ 27.581918, 44.228614 ], [ 27.581729, 44.228303 ], [ 27.581514, 44.227998 ], [ 27.581273, 44.227702 ], [ 27.581007, 44.227417 ], [ 27.580719, 44.227145 ], [ 27.580412, 44.226887 ], [ 27.580088, 44.226642 ], [ 27.579751, 44.226413 ], [ 27.579403, 44.226197 ], [ 27.579048, 44.225994 ], [ 27.578687, 44.225804 ], [ 27.578324, 44.225624 ], [ 27.577961, 44.225453 ], [ 27.577619, 44.225299 ], [ 27.577213, 44.22515 ], [ 27.576807, 44.225001 ], [ 27.576402, 44.224852 ], [ 27.576, 44.224699 ], [ 27.575602, 44.22454 ], [ 27.575211, 44.224372 ], [ 27.574827, 44.224192 ], [ 27.574451, 44.223998 ], [ 27.574088, 44.223786 ], [ 27.573743, 44.223557 ], [ 27.573425, 44.22331 ], [ 27.573144, 44.223047 ], [ 27.57305, 44.222935 ], [ 27.572982, 44.222877 ], [ 27.572787, 44.222682 ], [ 27.572616, 44.222483 ], [ 27.57247, 44.22228 ], [ 27.572351, 44.222073 ], [ 27.57226, 44.221864 ], [ 27.572198, 44.221652 ], [ 27.572167, 44.22144 ], [ 27.572165, 44.221226 ], [ 27.572193, 44.221009 ], [ 27.57225, 44.220788 ], [ 27.572333, 44.220567 ], [ 27.572441, 44.220347 ], [ 27.572571, 44.220133 ], [ 27.572725, 44.219925 ], [ 27.571434, 44.21993 ], [ 27.570275, 44.219928 ], [ 27.570194, 44.220092 ], [ 27.570067, 44.220439 ], [ 27.569979, 44.220796 ], [ 27.569936, 44.221162 ], [ 27.569941, 44.221532 ], [ 27.569996, 44.2219 ], [ 27.570099, 44.222262 ], [ 27.570248, 44.222613 ], [ 27.570438, 44.22295 ], [ 27.570664, 44.22327 ], [ 27.570921, 44.223573 ], [ 27.571204, 44.223858 ], [ 27.571508, 44.224126 ], [ 27.57183, 44.224377 ], [ 27.571879, 44.224411 ], [ 27.571957, 44.224453 ], [ 27.572083, 44.224517 ], [ 27.572182, 44.224568 ], [ 27.572254, 44.224608 ], [ 27.572315, 44.224643 ], [ 27.572385, 44.224684 ], [ 27.572485, 44.224739 ], [ 27.572635, 44.224819 ], [ 27.572857, 44.224931 ], [ 27.573171, 44.225086 ], [ 27.573596, 44.225292 ], [ 27.574114, 44.225541 ], [ 27.574676, 44.22581 ], [ 27.57523, 44.226078 ], [ 27.575731, 44.226322 ], [ 27.576162, 44.226535 ], [ 27.576508, 44.226709 ], [ 27.576749, 44.226818 ], [ 27.577072, 44.226969 ], [ 27.577385, 44.227123 ], [ 27.577685, 44.227281 ], [ 27.577972, 44.227444 ], [ 27.578245, 44.227613 ], [ 27.578504, 44.227788 ], [ 27.578747, 44.22797 ], [ 27.578973, 44.228159 ], [ 27.579182, 44.228356 ], [ 27.579372, 44.228559 ], [ 27.579543, 44.228771 ], [ 27.579698, 44.228991 ], [ 27.579836, 44.22922 ], [ 27.579959, 44.229457 ], [ 27.580068, 44.229703 ], [ 27.580163, 44.229956 ], [ 27.580247, 44.230216 ], [ 27.580321, 44.230484 ], [ 27.580389, 44.230759 ], [ 27.580454, 44.231043 ], [ 27.580518, 44.231333 ], [ 27.580586, 44.231632 ], [ 27.580663, 44.231939 ], [ 27.580753, 44.232253 ], [ 27.580863, 44.232572 ], [ 27.580997, 44.232895 ], [ 27.581161, 44.233218 ], [ 27.581355, 44.233536 ], [ 27.581579, 44.233845 ], [ 27.581831, 44.234142 ], [ 27.582108, 44.234425 ], [ 27.582406, 44.234692 ], [ 27.582723, 44.234944 ], [ 27.583054, 44.235181 ], [ 27.583398, 44.235403 ], [ 27.58375, 44.235612 ], [ 27.58411, 44.235808 ], [ 27.584474, 44.235992 ], [ 27.584843, 44.236167 ], [ 27.585214, 44.236333 ], [ 27.585589, 44.236492 ], [ 27.585967, 44.236645 ], [ 27.586348, 44.236791 ], [ 27.586731, 44.236932 ], [ 27.587117, 44.237068 ], [ 27.587505, 44.237198 ], [ 27.587895, 44.237323 ], [ 27.588286, 44.237444 ], [ 27.588678, 44.237561 ], [ 27.58907, 44.237674 ], [ 27.589462, 44.237783 ], [ 27.589855, 44.23789 ], [ 27.590246, 44.237993 ], [ 27.590637, 44.238095 ], [ 27.591027, 44.238195 ], [ 27.591417, 44.238294 ], [ 27.591807, 44.238391 ], [ 27.592198, 44.238489 ], [ 27.592592, 44.238585 ], [ 27.592989, 44.238681 ], [ 27.593389, 44.238774 ], [ 27.593793, 44.238865 ], [ 27.594199, 44.238952 ], [ 27.594608, 44.239035 ], [ 27.595016, 44.239114 ], [ 27.595424, 44.23919 ], [ 27.595831, 44.239262 ], [ 27.596235, 44.239333 ], [ 27.596639, 44.239401 ], [ 27.596709, 44.239413 ] ] ] } },
{ "type": "Feature", "properties": { "DRVAL1": null, "OBJNAM": null, "NOBJNM": null, "TRAFIC": null, "INFORM": null, "SCAMIN": 90000 }, "geometry": { "type": "Polygon", "coordinates": [ [ [ 27.206834, 44.117011 ], [ 27.20729, 44.11698 ], [ 27.20944, 44.11684 ], [ 27.21153, 44.11672 ], [ 27.21356, 44.11661 ], [ 27.21551, 44.11652 ], [ 27.21738, 44.11644 ], [ 27.21917, 44.11637 ], [ 27.22249, 44.11627 ], [ 27.22401, 44.11624 ], [ 27.22543, 44.11622 ], [ 27.22676, 44.11621 ], [ 27.22799, 44.11621 ], [ 27.229498, 44.116224 ], [ 27.231297, 44.116405 ], [ 27.232526, 44.116648 ], [ 27.233306, 44.116815 ], [ 27.235884, 44.117364 ], [ 27.237114, 44.117621 ], [ 27.237624, 44.117721 ], [ 27.239104, 44.118051 ], [ 27.239574, 44.118161 ], [ 27.240924, 44.118491 ], [ 27.241344, 44.118601 ], [ 27.241764, 44.118721 ], [ 27.242174, 44.118831 ], [ 27.242574, 44.118951 ], [ 27.242964, 44.119061 ], [ 27.244144, 44.119441 ], [ 27.244544, 44.119581 ], [ 27.245394, 44.119891 ], [ 27.245855, 44.120061 ], [ 27.246344, 44.120251 ], [ 27.247454, 44.120691 ], [ 27.248745, 44.121231 ], [ 27.255142, 44.123944 ], [ 27.258444, 44.125344 ], [ 27.267306, 44.12878 ], [ 27.267187, 44.127847 ], [ 27.267038, 44.126814 ], [ 27.259244, 44.123834 ], [ 27.257502, 44.123092 ], [ 27.255925, 44.122427 ], [ 27.253517, 44.121428 ], [ 27.249544, 44.119721 ], [ 27.248254, 44.119181 ], [ 27.247144, 44.118741 ], [ 27.246654, 44.118551 ], [ 27.246194, 44.118381 ], [ 27.245344, 44.118071 ], [ 27.244944, 44.117931 ], [ 27.243764, 44.117551 ], [ 27.243374, 44.117441 ], [ 27.242974, 44.117321 ], [ 27.242564, 44.117211 ], [ 27.242144, 44.117091 ], [ 27.241724, 44.116981 ], [ 27.240374, 44.116651 ], [ 27.239904, 44.116541 ], [ 27.238424, 44.116211 ], [ 27.237914, 44.116111 ], [ 27.236685, 44.115839 ], [ 27.234166, 44.115297 ], [ 27.232546, 44.114972 ], [ 27.231153, 44.114734 ], [ 27.230437, 44.114667 ], [ 27.229647, 44.114605 ], [ 27.228, 44.11459 ], [ 27.22674, 44.11459 ], [ 27.22539, 44.1146 ], [ 27.22395, 44.11462 ], [ 27.22242, 44.11465 ], [ 27.21907, 44.11475 ], [ 27.21726, 44.11482 ], [ 27.21537, 44.1149 ], [ 27.2134, 44.11499 ], [ 27.21136, 44.1151 ], [ 27.20925, 44.11523 ], [ 27.20708, 44.11537 ], [ 27.206828, 44.115387 ], [ 27.206831, 44.116195 ], [ 27.206834, 44.117011 ] ] ] } },
{ "type": "Feature", "properties": { "DRVAL1": null, "OBJNAM": null, "NOBJNM": null, "TRAFIC": null, "INFORM": null, "SCAMIN": 90000 }, "geometry": { "type": "Polygon", "coordinates": [ [ [ 27.118485, 44.139099 ], [ 27.120034, 44.139274 ], [ 27.121433, 44.139408 ], [ 27.122079, 44.139453 ], [ 27.123089, 44.139539 ], [ 27.124745, 44.139677 ], [ 27.126399, 44.13983 ], [ 27.128051, 44.140004 ], [ 27.1297, 44.140203 ], [ 27.131347, 44.140423 ], [ 27.132991, 44.140663 ], [ 27.135454, 44.141038 ], [ 27.137098, 44.141277 ], [ 27.137922, 44.141382 ], [ 27.138748, 44.141468 ], [ 27.139577, 44.141528 ], [ 27.140407, 44.14156 ], [ 27.141239, 44.141564 ], [ 27.142069, 44.14154 ], [ 27.142898, 44.141491 ], [ 27.143726, 44.141428 ], [ 27.143967, 44.141411 ], [ 27.144554, 44.141358 ], [ 27.145383, 44.141292 ], [ 27.146212, 44.141227 ], [ 27.14704, 44.141154 ], [ 27.147428, 44.141115 ], [ 27.147865, 44.141064 ], [ 27.148511, 44.140979 ], [ 27.149156, 44.14088 ], [ 27.149797, 44.140757 ], [ 27.150432, 44.14061 ], [ 27.151063, 44.140442 ], [ 27.151688, 44.140255 ], [ 27.152676, 44.139931 ], [ 27.157387, 44.138203 ], [ 27.158179, 44.137951 ], [ 27.158967, 44.137688 ], [ 27.15982, 44.1374 ], [ 27.160534, 44.137135 ], [ 27.162091, 44.136559 ], [ 27.162869, 44.136266 ], [ 27.164699, 44.135561 ], [ 27.166505, 44.134856 ], [ 27.168242, 44.134001 ], [ 27.16997, 44.13312 ], [ 27.171577, 44.132041 ], [ 27.172639, 44.131303 ], [ 27.173718, 44.130594 ], [ 27.174777, 44.129856 ], [ 27.17581, 44.129081 ], [ 27.176827, 44.128282 ], [ 27.177835, 44.127471 ], [ 27.178843, 44.126661 ], [ 27.179856, 44.125858 ], [ 27.180877, 44.125066 ], [ 27.18191, 44.124291 ], [ 27.182956, 44.123535 ], [ 27.184019, 44.1228 ], [ 27.185093, 44.122083 ], [ 27.186175, 44.121376 ], [ 27.187261, 44.120675 ], [ 27.188048, 44.120305 ], [ 27.188894, 44.119961 ], [ 27.18988, 44.119628 ], [ 27.192788, 44.118746 ], [ 27.194921, 44.118219 ], [ 27.196787, 44.117886 ], [ 27.198919, 44.117668 ], [ 27.201231, 44.117449 ], [ 27.20308, 44.117281 ], [ 27.20508, 44.11712 ], [ 27.206834, 44.117011 ], [ 27.206831, 44.116195 ], [ 27.206828, 44.115387 ], [ 27.204286, 44.115561 ], [ 27.202303, 44.115714 ], [ 27.198642, 44.116074 ], [ 27.196508, 44.116343 ], [ 27.194474, 44.11659 ], [ 27.192805, 44.116859 ], [ 27.191373, 44.117192 ], [ 27.18927, 44.117772 ], [ 27.186809, 44.118643 ], [ 27.186147, 44.118939 ], [ 27.185593, 44.119256 ], [ 27.184842, 44.119827 ], [ 27.183801, 44.120686 ], [ 27.182754, 44.121637 ], [ 27.181095, 44.122961 ], [ 27.179403, 44.124249 ], [ 27.177746, 44.125579 ], [ 27.176639, 44.126461 ], [ 27.174926, 44.127715 ], [ 27.173752, 44.128507 ], [ 27.171971, 44.129666 ], [ 27.170181, 44.130809 ], [ 27.16837, 44.131924 ], [ 27.16713, 44.132605 ], [ 27.160968, 44.135537 ], [ 27.159848, 44.13601 ], [ 27.158479, 44.136473 ], [ 27.156045, 44.137281 ], [ 27.155547, 44.137447 ], [ 27.155048, 44.137612 ], [ 27.154548, 44.137774 ], [ 27.154047, 44.137935 ], [ 27.153546, 44.138094 ], [ 27.153045, 44.138253 ], [ 27.152544, 44.138411 ], [ 27.152043, 44.13857 ], [ 27.151542, 44.138728 ], [ 27.151042, 44.138887 ], [ 27.15054, 44.139045 ], [ 27.150038, 44.139202 ], [ 27.149536, 44.139356 ], [ 27.149031, 44.139504 ], [ 27.148524, 44.139642 ], [ 27.148014, 44.139766 ], [ 27.147499, 44.139873 ], [ 27.146981, 44.139965 ], [ 27.146461, 44.140041 ], [ 27.145509, 44.14011 ], [ 27.144474, 44.140123 ], [ 27.143049, 44.140037 ], [ 27.142065, 44.13994 ], [ 27.136363, 44.139067 ], [ 27.133427, 44.138669 ], [ 27.130239, 44.138259 ], [ 27.125877, 44.137824 ], [ 27.120116, 44.137384 ], [ 27.118694, 44.137285 ], [ 27.118594, 44.138169 ], [ 27.118485, 44.139099 ] ] ] } },
{ "type": "Feature", "properties": { "DRVAL1": null, "OBJNAM": null, "NOBJNM": null, "TRAFIC": null, "INFORM": null, "SCAMIN": 90000 }, "geometry": { "type": "Polygon", "coordinates": [ [ [ 27.118694, 44.137285 ], [ 27.116929, 44.137105 ], [ 27.115018, 44.136726 ], [ 27.113952, 44.136567 ], [ 27.112886, 44.136469 ], [ 27.112005, 44.136456 ], [ 27.111104, 44.136476 ], [ 27.109466, 44.136541 ], [ 27.107972, 44.136639 ], [ 27.106472, 44.136816 ], [ 27.105216, 44.137039 ], [ 27.104361, 44.137209 ], [ 27.103433, 44.137431 ], [ 27.102677, 44.137634 ], [ 27.101674, 44.137934 ], [ 27.098308, 44.139135 ], [ 27.097158, 44.139616 ], [ 27.095878, 44.140177 ], [ 27.094264, 44.140837 ], [ 27.092823, 44.141386 ], [ 27.091365, 44.141882 ], [ 27.089884, 44.142303 ], [ 27.088385, 44.142662 ], [ 27.086876, 44.142985 ], [ 27.085364, 44.143287 ], [ 27.083849, 44.143574 ], [ 27.082332, 44.143845 ], [ 27.080812, 44.144104 ], [ 27.079292, 44.144352 ], [ 27.077769, 44.144592 ], [ 27.076246, 44.144826 ], [ 27.073544, 44.145306 ], [ 27.071745, 44.145623 ], [ 27.070303, 44.145903 ], [ 27.068844, 44.146184 ], [ 27.067508, 44.146489 ], [ 27.066739, 44.146657 ], [ 27.066153, 44.146792 ], [ 27.065661, 44.146889 ], [ 27.063152, 44.147293 ], [ 27.060834, 44.147599 ], [ 27.058799, 44.147787 ], [ 27.057184, 44.147941 ], [ 27.05558, 44.148026 ], [ 27.053721, 44.14805 ], [ 27.051474, 44.147977 ], [ 27.049273, 44.147834 ], [ 27.046542, 44.147528 ], [ 27.043028, 44.147054 ], [ 27.039497, 44.146496 ], [ 27.037368, 44.146107 ], [ 27.035631, 44.145728 ], [ 27.034218, 44.145359 ], [ 27.031279, 44.144454 ], [ 27.023497, 44.141867 ], [ 27.01359, 44.138785 ], [ 27.013334, 44.139824 ], [ 27.013122, 44.140783 ], [ 27.024602, 44.144071 ], [ 27.031601, 44.146434 ], [ 27.034055, 44.147254 ], [ 27.035838, 44.147768 ], [ 27.036805, 44.148032 ], [ 27.037794, 44.148255 ], [ 27.038467, 44.148377 ], [ 27.038959, 44.148446 ], [ 27.039451, 44.148513 ], [ 27.039944, 44.148579 ], [ 27.040436, 44.148642 ], [ 27.04093, 44.148702 ], [ 27.041423, 44.148756 ], [ 27.041918, 44.148806 ], [ 27.042412, 44.148853 ], [ 27.042907, 44.148898 ], [ 27.043402, 44.148943 ], [ 27.043896, 44.148989 ], [ 27.044963, 44.149101 ], [ 27.045673, 44.14919 ], [ 27.046424, 44.149305 ], [ 27.046935, 44.149393 ], [ 27.047486, 44.149512 ], [ 27.048034, 44.149637 ], [ 27.048581, 44.149768 ], [ 27.050337, 44.150134 ], [ 27.051989, 44.15043 ], [ 27.053284, 44.1506 ], [ 27.053839, 44.150632 ], [ 27.054394, 44.150659 ], [ 27.054949, 44.150678 ], [ 27.055505, 44.150685 ], [ 27.056061, 44.150672 ], [ 27.056614, 44.150629 ], [ 27.057164, 44.150554 ], [ 27.05771, 44.150454 ], [ 27.058255, 44.150338 ], [ 27.058799, 44.150217 ], [ 27.059343, 44.150096 ], [ 27.059886, 44.149979 ], [ 27.060429, 44.149861 ], [ 27.060971, 44.14974 ], [ 27.061512, 44.149614 ], [ 27.06205, 44.14948 ], [ 27.062587, 44.14934 ], [ 27.070157, 44.147821 ], [ 27.075234, 44.14688 ], [ 27.076957, 44.146625 ], [ 27.078193, 44.146524 ], [ 27.0808, 44.146302 ], [ 27.083789, 44.14595 ], [ 27.086363, 44.145501 ], [ 27.088356, 44.145046 ], [ 27.090585, 44.144481 ], [ 27.092087, 44.143966 ], [ 27.093461, 44.143411 ], [ 27.094429, 44.142815 ], [ 27.095144, 44.142406 ], [ 27.096007, 44.141959 ], [ 27.098275, 44.141007 ], [ 27.101056, 44.140119 ], [ 27.103651, 44.139465 ], [ 27.105225, 44.139158 ], [ 27.106763, 44.13889 ], [ 27.108101, 44.138713 ], [ 27.109275, 44.138563 ], [ 27.110494, 44.138471 ], [ 27.111686, 44.138438 ], [ 27.112606, 44.138451 ], [ 27.113391, 44.138481 ], [ 27.113542, 44.138502 ], [ 27.118485, 44.139099 ], [ 27.118594, 44.138169 ], [ 27.118694, 44.137285 ] ] ] } },
{ "type": "Feature", "properties": { "DRVAL1": null, "OBJNAM": null, "NOBJNM": null, "TRAFIC": null, "INFORM": null, "SCAMIN": 90000 }, "geometry": { "type": "Polygon", "coordinates": [ [ [ 26.876827, 44.120843 ], [ 26.87647, 44.121639 ], [ 26.876103, 44.122451 ], [ 26.895784, 44.12735 ], [ 26.903951, 44.12952 ], [ 26.910729, 44.131425 ], [ 26.914595, 44.132431 ], [ 26.916603, 44.132933 ], [ 26.918708, 44.133383 ], [ 26.922931, 44.134236 ], [ 26.923998, 44.13447 ], [ 26.925536, 44.134837 ], [ 26.926294, 44.135039 ], [ 26.938333, 44.137795 ], [ 26.939209, 44.137957 ], [ 26.940028, 44.138081 ], [ 26.940756, 44.138153 ], [ 26.941575, 44.138225 ], [ 26.942408, 44.138254 ], [ 26.943513, 44.13829 ], [ 26.945088, 44.138297 ], [ 26.947777, 44.138163 ], [ 26.94924, 44.138085 ], [ 26.955595, 44.137766 ], [ 26.957107, 44.137645 ], [ 26.958864, 44.13739 ], [ 26.96084, 44.137056 ], [ 26.962571, 44.136716 ], [ 26.964716, 44.136297 ], [ 26.967186, 44.135748 ], [ 26.97052, 44.134968 ], [ 26.972615, 44.134567 ], [ 26.974616, 44.134228 ], [ 26.978449, 44.13374 ], [ 26.981786, 44.133365 ], [ 26.984135, 44.133134 ], [ 26.985408, 44.13303 ], [ 26.986578, 44.132975 ], [ 26.987339, 44.132971 ], [ 26.988039, 44.132992 ], [ 26.989283, 44.13313 ], [ 26.991208, 44.133519 ], [ 26.993404, 44.134065 ], [ 26.998072, 44.135524 ], [ 27.005478, 44.138134 ], [ 27.008551, 44.139311 ], [ 27.010645, 44.14004 ], [ 27.013122, 44.140783 ], [ 27.013334, 44.139824 ], [ 27.01359, 44.138785 ], [ 27.011232, 44.138161 ], [ 27.008082, 44.137155 ], [ 27.003444, 44.135492 ], [ 27.001377, 44.134769 ], [ 26.996243, 44.132872 ], [ 26.995726, 44.132691 ], [ 26.995207, 44.132516 ], [ 26.994687, 44.132344 ], [ 26.994166, 44.132175 ], [ 26.993644, 44.132007 ], [ 26.993122, 44.131844 ], [ 26.992597, 44.131688 ], [ 26.992069, 44.131542 ], [ 26.991539, 44.131407 ], [ 26.991005, 44.131284 ], [ 26.990468, 44.131174 ], [ 26.989929, 44.131078 ], [ 26.989386, 44.130998 ], [ 26.988842, 44.13094 ], [ 26.988295, 44.130908 ], [ 26.987748, 44.130902 ], [ 26.9872, 44.130912 ], [ 26.986653, 44.130931 ], [ 26.986106, 44.130957 ], [ 26.984072, 44.131031 ], [ 26.981468, 44.13112 ], [ 26.974975, 44.131712 ], [ 26.973851, 44.131869 ], [ 26.972669, 44.1321 ], [ 26.971352, 44.132355 ], [ 26.969813, 44.132755 ], [ 26.965776, 44.134017 ], [ 26.962174, 44.135034 ], [ 26.960431, 44.135388 ], [ 26.958066, 44.135686 ], [ 26.953581, 44.135966 ], [ 26.950939, 44.136073 ], [ 26.948079, 44.136137 ], [ 26.945403, 44.136176 ], [ 26.943238, 44.136019 ], [ 26.940271, 44.1356 ], [ 26.93765, 44.13509 ], [ 26.932126, 44.133645 ], [ 26.929511, 44.132967 ], [ 26.927995, 44.132505 ], [ 26.926468, 44.132079 ], [ 26.924927, 44.13171 ], [ 26.923376, 44.131385 ], [ 26.92182, 44.131078 ], [ 26.920261, 44.130792 ], [ 26.918698, 44.130528 ], [ 26.917131, 44.130291 ], [ 26.915561, 44.130074 ], [ 26.913846, 44.129848 ], [ 26.912829, 44.129702 ], [ 26.911862, 44.129562 ], [ 26.910912, 44.129397 ], [ 26.909386, 44.129068 ], [ 26.907791, 44.128671 ], [ 26.901714, 44.126919 ], [ 26.881117, 44.1219 ], [ 26.876827, 44.120843 ] ] ] } },
{ "type": "Feature", "properties": { "DRVAL1": null, "OBJNAM": null, "NOBJNM": null, "TRAFIC": null, "INFORM": null, "SCAMIN": 90000 }, "geometry": { "type": "Polygon", "coordinates": [ [ [ 26.876827, 44.120843 ], [ 26.859608, 44.116312 ], [ 26.853411, 44.114896 ], [ 26.849872, 44.114196 ], [ 26.847556, 44.113662 ], [ 26.845756, 44.113146 ], [ 26.844127, 44.112604 ], [ 26.8433, 44.112313 ], [ 26.842598, 44.112039 ], [ 26.841887, 44.11174 ], [ 26.841096, 44.111362 ], [ 26.839823, 44.110687 ], [ 26.82751, 44.103834 ], [ 26.818158, 44.099036 ], [ 26.81665, 44.09833 ], [ 26.81494, 44.09753 ], [ 26.81408, 44.09714 ], [ 26.81322, 44.09673 ], [ 26.81234, 44.09633 ], [ 26.81145, 44.09591 ], [ 26.81054, 44.09549 ], [ 26.80866, 44.09462 ], [ 26.80768, 44.09416 ], [ 26.80566, 44.09323 ], [ 26.80463, 44.09275 ], [ 26.80258, 44.09181 ], [ 26.80056, 44.0909 ], [ 26.79959, 44.09046 ], [ 26.7977, 44.08962 ], [ 26.79677, 44.08921 ], [ 26.796554, 44.089054 ], [ 26.785807, 44.084225 ], [ 26.780944, 44.082054 ], [ 26.778773, 44.081155 ], [ 26.776845, 44.080539 ], [ 26.776336, 44.081429 ], [ 26.775849, 44.082311 ], [ 26.777642, 44.082903 ], [ 26.779451, 44.083637 ], [ 26.795579, 44.090584 ], [ 26.79652, 44.091 ], [ 26.79745, 44.09142 ], [ 26.79937, 44.09227 ], [ 26.80137, 44.09318 ], [ 26.80239, 44.09365 ], [ 26.80445, 44.09459 ], [ 26.80646, 44.09553 ], [ 26.8084, 44.09642 ], [ 26.80933, 44.09685 ], [ 26.81112, 44.09769 ], [ 26.812, 44.09809 ], [ 26.81286, 44.0985 ], [ 26.81372, 44.0989 ], [ 26.81458, 44.09929 ], [ 26.81629, 44.10009 ], [ 26.817148, 44.100569 ], [ 26.819007, 44.101647 ], [ 26.820981, 44.102936 ], [ 26.823013, 44.10442 ], [ 26.824159, 44.1052 ], [ 26.825046, 44.105717 ], [ 26.837037, 44.11186 ], [ 26.839603, 44.112963 ], [ 26.840854, 44.113468 ], [ 26.841983, 44.113839 ], [ 26.843868, 44.114417 ], [ 26.84551, 44.114866 ], [ 26.846946, 44.115232 ], [ 26.848439, 44.115557 ], [ 26.850866, 44.11601 ], [ 26.85345, 44.116546 ], [ 26.855641, 44.11701 ], [ 26.858514, 44.117768 ], [ 26.876103, 44.122451 ], [ 26.87647, 44.121639 ], [ 26.876827, 44.120843 ] ] ] } },
{ "type": "Feature", "properties": { "DRVAL1": null, "OBJNAM": null, "NOBJNM": null, "TRAFIC": null, "INFORM": null, "SCAMIN": 90000 }, "geometry": { "type": "Polygon", "coordinates": [ [ [ 26.645709, 44.062922 ], [ 26.64889, 44.063836 ], [ 26.65288, 44.064998 ], [ 26.655351, 44.065686 ], [ 26.657384, 44.066341 ], [ 26.657989, 44.066573 ], [ 26.658543, 44.066778 ], [ 26.659199, 44.067047 ], [ 26.662662, 44.068497 ], [ 26.664619, 44.069464 ], [ 26.665681, 44.07007 ], [ 26.66703, 44.070889 ], [ 26.668389, 44.071594 ], [ 26.669378, 44.072069 ], [ 26.67017, 44.072403 ], [ 26.671028, 44.072707 ], [ 26.673153, 44.073408 ], [ 26.673812, 44.073609 ], [ 26.675155, 44.074005 ], [ 26.676412, 44.074366 ], [ 26.67835, 44.074984 ], [ 26.679485, 44.07536 ], [ 26.680907, 44.075847 ], [ 26.681477, 44.076011 ], [ 26.682206, 44.076206 ], [ 26.682942, 44.076381 ], [ 26.684117, 44.076681 ], [ 26.685542, 44.077053 ], [ 26.686248, 44.07725 ], [ 26.686719, 44.077388 ], [ 26.687614, 44.077672 ], [ 26.688039, 44.077822 ], [ 26.690286, 44.078556 ], [ 26.69249, 44.079206 ], [ 26.693882, 44.07961 ], [ 26.694855, 44.07988 ], [ 26.696707, 44.080336 ], [ 26.698226, 44.080657 ], [ 26.699862, 44.080913 ], [ 26.701156, 44.081061 ], [ 26.702497, 44.081205 ], [ 26.703613, 44.081298 ], [ 26.70497, 44.081413 ], [ 26.706941, 44.081555 ], [ 26.708914, 44.081647 ], [ 26.71077, 44.081724 ], [ 26.712827, 44.081738 ], [ 26.714059, 44.081748 ], [ 26.716061, 44.081666 ], [ 26.716821, 44.081589 ], [ 26.717582, 44.081506 ], [ 26.718342, 44.081413 ], [ 26.719099, 44.081306 ], [ 26.719853, 44.081179 ], [ 26.720602, 44.081028 ], [ 26.721346, 44.080853 ], [ 26.721862, 44.080724 ], [ 26.722086, 44.080656 ], [ 26.72282, 44.080441 ], [ 26.72355, 44.080211 ], [ 26.724276, 44.07997 ], [ 26.725, 44.079724 ], [ 26.725723, 44.079477 ], [ 26.726449, 44.079236 ], [ 26.727177, 44.079004 ], [ 26.727909, 44.078784 ], [ 26.728698, 44.078559 ], [ 26.729379, 44.078363 ], [ 26.729823, 44.078238 ], [ 26.730115, 44.078155 ], [ 26.73085, 44.077944 ], [ 26.731583, 44.077729 ], [ 26.732363, 44.077466 ], [ 26.733039, 44.077259 ], [ 26.733799, 44.077009 ], [ 26.734475, 44.076802 ], [ 26.735164, 44.076573 ], [ 26.736019, 44.076312 ], [ 26.736667, 44.076116 ], [ 26.737538, 44.075953 ], [ 26.738309, 44.075822 ], [ 26.73901, 44.075714 ], [ 26.739769, 44.075616 ], [ 26.740482, 44.075518 ], [ 26.741239, 44.075467 ], [ 26.742001, 44.07541 ], [ 26.742764, 44.075382 ], [ 26.743529, 44.075385 ], [ 26.744293, 44.075414 ], [ 26.745057, 44.075464 ], [ 26.74582, 44.075531 ], [ 26.746582, 44.075611 ], [ 26.747342, 44.075699 ], [ 26.748101, 44.075793 ], [ 26.748859, 44.075891 ], [ 26.749616, 44.075992 ], [ 26.752046, 44.076368 ], [ 26.753502, 44.076614 ], [ 26.754462, 44.076775 ], [ 26.755608, 44.077004 ], [ 26.765185, 44.079358 ], [ 26.76666, 44.079707 ], [ 26.775849, 44.082311 ], [ 26.776336, 44.081429 ], [ 26.776845, 44.080539 ], [ 26.772163, 44.079062 ], [ 26.769, 44.078205 ], [ 26.765453, 44.077222 ], [ 26.761452, 44.076214 ], [ 26.756926, 44.07518 ], [ 26.755913, 44.074991 ], [ 26.754862, 44.074864 ], [ 26.749141, 44.07425 ], [ 26.748509, 44.074191 ], [ 26.747878, 44.074133 ], [ 26.747245, 44.074077 ], [ 26.746613, 44.074026 ], [ 26.745979, 44.07398 ], [ 26.745345, 44.073942 ], [ 26.744711, 44.073911 ], [ 26.744076, 44.073889 ], [ 26.743441, 44.073878 ], [ 26.742806, 44.073878 ], [ 26.742171, 44.073891 ], [ 26.741537, 44.073917 ], [ 26.740904, 44.073957 ], [ 26.740271, 44.074009 ], [ 26.739673, 44.07409 ], [ 26.738818, 44.074233 ], [ 26.737901, 44.074391 ], [ 26.736635, 44.074608 ], [ 26.735478, 44.074875 ], [ 26.734444, 44.075161 ], [ 26.722707, 44.07869 ], [ 26.720751, 44.079203 ], [ 26.718253, 44.079622 ], [ 26.716642, 44.079858 ], [ 26.71486, 44.08 ], [ 26.713168, 44.080068 ], [ 26.711324, 44.080093 ], [ 26.709585, 44.080076 ], [ 26.707606, 44.080013 ], [ 26.706079, 44.079937 ], [ 26.70414, 44.079793 ], [ 26.702355, 44.079607 ], [ 26.700957, 44.079413 ], [ 26.699066, 44.079083 ], [ 26.697409, 44.078762 ], [ 26.695812, 44.078356 ], [ 26.68797, 44.076168 ], [ 26.672578, 44.071676 ], [ 26.670728, 44.071103 ], [ 26.669833, 44.070779 ], [ 26.6695, 44.070617 ], [ 26.668835, 44.070264 ], [ 26.666698, 44.068996 ], [ 26.664529, 44.067684 ], [ 26.662341, 44.066555 ], [ 26.659702, 44.065235 ], [ 26.659148, 44.064984 ], [ 26.658119, 44.064621 ], [ 26.657402, 44.064392 ], [ 26.656471, 44.064119 ], [ 26.65468, 44.063589 ], [ 26.652226, 44.062844 ], [ 26.647397, 44.061423 ], [ 26.646148, 44.061089 ], [ 26.645919, 44.062045 ], [ 26.645877, 44.062221 ], [ 26.645709, 44.062922 ] ] ] } },
{ "type": "Feature", "properties": { "DRVAL1": null, "OBJNAM": null, "NOBJNM": null, "TRAFIC": null, "INFORM": null, "SCAMIN": 90000 }, "geometry": { "type": "Polygon", "coordinates": [ [ [ 26.417388, 44.036043 ], [ 26.427571, 44.03731 ], [ 26.430701, 44.037872 ], [ 26.43485, 44.038831 ], [ 26.438734, 44.039715 ], [ 26.447577, 44.041245 ], [ 26.452262, 44.041881 ], [ 26.457264, 44.042364 ], [ 26.459684, 44.042596 ], [ 26.46179, 44.04277 ], [ 26.46352, 44.04296 ], [ 26.46355, 44.04296 ], [ 26.46434, 44.04304 ], [ 26.46437, 44.04304 ], [ 26.46516, 44.04312 ], [ 26.46598, 44.04318 ], [ 26.46601, 44.04319 ], [ 26.46684, 44.04325 ], [ 26.46773, 44.0433 ], [ 26.46775, 44.04331 ], [ 26.46964, 44.04341 ], [ 26.47066, 44.04345 ], [ 26.47286, 44.04351 ], [ 26.47528, 44.04355 ], [ 26.47658, 44.04355 ], [ 26.47787, 44.04356 ], [ 26.47919, 44.04356 ], [ 26.4805, 44.04355 ], [ 26.4818, 44.04355 ], [ 26.48305, 44.04354 ], [ 26.48426, 44.04354 ], [ 26.48541, 44.04355 ], [ 26.4865, 44.04355 ], [ 26.487517, 44.043583 ], [ 26.48937, 44.043695 ], [ 26.4902, 44.043766 ], [ 26.491021, 44.04383 ], [ 26.491716, 44.043925 ], [ 26.492381, 44.043988 ], [ 26.493556, 44.044139 ], [ 26.495047, 44.044377 ], [ 26.497315, 44.044774 ], [ 26.497997, 44.044916 ], [ 26.498874, 44.045083 ], [ 26.499751, 44.045234 ], [ 26.500702, 44.045424 ], [ 26.501614, 44.045591 ], [ 26.502572, 44.045781 ], [ 26.504188, 44.046091 ], [ 26.505095, 44.046289 ], [ 26.5058, 44.046464 ], [ 26.506707, 44.04667 ], [ 26.508457, 44.04709 ], [ 26.509286, 44.047313 ], [ 26.510297, 44.04755 ], [ 26.51104, 44.047734 ], [ 26.514514, 44.048416 ], [ 26.515672, 44.048654 ], [ 26.519188, 44.049384 ], [ 26.520191, 44.049606 ], [ 26.520545, 44.049678 ], [ 26.521037, 44.049796 ], [ 26.521651, 44.049923 ], [ 26.527315, 44.051262 ], [ 26.530845, 44.051973 ], [ 26.532572, 44.052271 ], [ 26.534527, 44.052478 ], [ 26.536278, 44.052622 ], [ 26.538408, 44.052829 ], [ 26.540421, 44.05307 ], [ 26.541615, 44.053228 ], [ 26.543122, 44.05344 ], [ 26.544227, 44.053598 ], [ 26.54543, 44.053767 ], [ 26.546588, 44.05394 ], [ 26.547773, 44.054146 ], [ 26.548894, 44.054377 ], [ 26.549809, 44.054574 ], [ 26.551208, 44.054921 ], [ 26.552449, 44.055204 ], [ 26.553247, 44.055406 ], [ 26.554816, 44.0558 ], [ 26.556425, 44.056271 ], [ 26.557992, 44.056742 ], [ 26.56104, 44.057752 ], [ 26.562159, 44.058098 ], [ 26.562873, 44.05829 ], [ 26.563374, 44.058415 ], [ 26.563917, 44.058531 ], [ 26.564289, 44.058608 ], [ 26.564818, 44.058709 ], [ 26.565737, 44.05885 ], [ 26.56646, 44.058937 ], [ 26.567186, 44.059009 ], [ 26.567804, 44.05906 ], [ 26.568266, 44.059096 ], [ 26.568992, 44.059129 ], [ 26.569563, 44.059146 ], [ 26.57022, 44.059156 ], [ 26.570777, 44.059156 ], [ 26.571942, 44.059089 ], [ 26.573518, 44.058886 ], [ 26.57813, 44.05816 ], [ 26.57989, 44.05792 ], [ 26.5808, 44.05778 ], [ 26.58265, 44.05748 ], [ 26.58267, 44.05748 ], [ 26.58362, 44.05731 ], [ 26.58364, 44.05731 ], [ 26.58462, 44.05713 ], [ 26.58464, 44.05713 ], [ 26.58565, 44.05694 ], [ 26.58667, 44.05674 ], [ 26.595436, 44.054904 ], [ 26.597597, 44.054515 ], [ 26.599615, 44.054206 ], [ 26.600871, 44.054097 ], [ 26.601737, 44.054044 ], [ 26.60256, 44.05403 ], [ 26.6035, 44.05403 ], [ 26.60399, 44.05404 ], [ 26.60448, 44.05406 ], [ 26.60548, 44.05412 ], [ 26.60599, 44.05416 ], [ 26.607, 44.05426 ], [ 26.60751, 44.05432 ], [ 26.60854, 44.05446 ], [ 26.60907, 44.05454 ], [ 26.61014, 44.05472 ], [ 26.6107, 44.05482 ], [ 26.61128, 44.05493 ], [ 26.61187, 44.05505 ], [ 26.61314, 44.05532 ], [ 26.61384, 44.05546 ], [ 26.61457, 44.05562 ], [ 26.61535, 44.05578 ], [ 26.61705, 44.05615 ], [ 26.61894, 44.05654 ], [ 26.62093, 44.05696 ], [ 26.62295, 44.05738 ], [ 26.62492, 44.05778 ], [ 26.6259, 44.05799 ], [ 26.62689, 44.05819 ], [ 26.62898, 44.0586 ], [ 26.63011, 44.05881 ], [ 26.632308, 44.059206 ], [ 26.634666, 44.059762 ], [ 26.639801, 44.061141 ], [ 26.644751, 44.062627 ], [ 26.645709, 44.062922 ], [ 26.645877, 44.062221 ], [ 26.645919, 44.062045 ], [ 26.646148, 44.061089 ], [ 26.640101, 44.05947 ], [ 26.639543, 44.05932 ], [ 26.634891, 44.058174 ], [ 26.632318, 44.057537 ], [ 26.63187, 44.05746 ], [ 26.63068, 44.05724 ], [ 26.62851, 44.05683 ], [ 26.6275, 44.05663 ], [ 26.62651, 44.05643 ], [ 26.62609, 44.056343 ], [ 26.62554, 44.05623 ], [ 26.62456, 44.05602 ], [ 26.623929, 44.055892 ], [ 26.62357, 44.05582 ], [ 26.62055, 44.05519 ], [ 26.61861, 44.05479 ], [ 26.61769, 44.05459 ], [ 26.61681, 44.05441 ], [ 26.6152, 44.05406 ], [ 26.61447, 44.05391 ], [ 26.61311, 44.05362 ], [ 26.61248, 44.05349 ], [ 26.61186, 44.05337 ], [ 26.61127, 44.05325 ], [ 26.61011, 44.05305 ], [ 26.60899, 44.05287 ], [ 26.60844, 44.05279 ], [ 26.60789, 44.05272 ], [ 26.60735, 44.05266 ], [ 26.6068, 44.0526 ], [ 26.60625, 44.05255 ], [ 26.60516, 44.05247 ], [ 26.60462, 44.05244 ], [ 26.60408, 44.05242 ], [ 26.60355, 44.05241 ], [ 26.60249, 44.05241 ], [ 26.60198, 44.05243 ], [ 26.60094, 44.05249 ], [ 26.60041, 44.05254 ], [ 26.59985, 44.0526 ], [ 26.59927, 44.05267 ], [ 26.59865, 44.05276 ], [ 26.596902, 44.052995 ], [ 26.595865, 44.053135 ], [ 26.594933, 44.05327 ], [ 26.59397, 44.053402 ], [ 26.593007, 44.05354 ], [ 26.592046, 44.053686 ], [ 26.591085, 44.053838 ], [ 26.590126, 44.053998 ], [ 26.589169, 44.054166 ], [ 26.588212, 44.054339 ], [ 26.587256, 44.054514 ], [ 26.586299, 44.054689 ], [ 26.585342, 44.05486 ], [ 26.584384, 44.055026 ], [ 26.583425, 44.055183 ], [ 26.582464, 44.055331 ], [ 26.581502, 44.055471 ], [ 26.580539, 44.055603 ], [ 26.579575, 44.055727 ], [ 26.578609, 44.055844 ], [ 26.577643, 44.055955 ], [ 26.576676, 44.05606 ], [ 26.575708, 44.056159 ], [ 26.574739, 44.056251 ], [ 26.573633, 44.056373 ], [ 26.572525, 44.056465 ], [ 26.57138, 44.056543 ], [ 26.570344, 44.056543 ], [ 26.569399, 44.056439 ], [ 26.568508, 44.056269 ], [ 26.56769, 44.056072 ], [ 26.562281, 44.054611 ], [ 26.561341, 44.054363 ], [ 26.560406, 44.0541 ], [ 26.559472, 44.053828 ], [ 26.558538, 44.053557 ], [ 26.557602, 44.053295 ], [ 26.55666, 44.053052 ], [ 26.555714, 44.052829 ], [ 26.554762, 44.052629 ], [ 26.553807, 44.052449 ], [ 26.55285, 44.05228 ], [ 26.550496, 44.051935 ], [ 26.547666, 44.051574 ], [ 26.543871, 44.05108 ], [ 26.542974, 44.050965 ], [ 26.540648, 44.050695 ], [ 26.539063, 44.050532 ], [ 26.537968, 44.050445 ], [ 26.536779, 44.050359 ], [ 26.535292, 44.050215 ], [ 26.533495, 44.050003 ], [ 26.530499, 44.049571 ], [ 26.527719, 44.049042 ], [ 26.52239, 44.047865 ], [ 26.520869, 44.047498 ], [ 26.519522, 44.047182 ], [ 26.51797, 44.046829 ], [ 26.516068, 44.046457 ], [ 26.514364, 44.04618 ], [ 26.512697, 44.045927 ], [ 26.511701, 44.045783 ], [ 26.510168, 44.045547 ], [ 26.509043, 44.045356 ], [ 26.508083, 44.045202 ], [ 26.506596, 44.044923 ], [ 26.505766, 44.044779 ], [ 26.503885, 44.044427 ], [ 26.501213, 44.043913 ], [ 26.500375, 44.043762 ], [ 26.498474, 44.043461 ], [ 26.497809, 44.043334 ], [ 26.497023, 44.043215 ], [ 26.495515, 44.042969 ], [ 26.494807, 44.042866 ], [ 26.494025, 44.042723 ], [ 26.493407, 44.042644 ], [ 26.491169, 44.042342 ], [ 26.489502, 44.042184 ], [ 26.488578, 44.042104 ], [ 26.487618, 44.042057 ], [ 26.486616, 44.042017 ], [ 26.485562, 44.041993 ], [ 26.48305, 44.04192 ], [ 26.48179, 44.04193 ], [ 26.47918, 44.04193 ], [ 26.47787, 44.04194 ], [ 26.47658, 44.04193 ], [ 26.47532, 44.04193 ], [ 26.47184, 44.04187 ], [ 26.46979, 44.04179 ], [ 26.46793, 44.04169 ], [ 26.466477, 44.041586 ], [ 26.465069, 44.041437 ], [ 26.453092, 44.04034 ], [ 26.452173, 44.040218 ], [ 26.451249, 44.040088 ], [ 26.450191, 44.03995 ], [ 26.449272, 44.039811 ], [ 26.448104, 44.039616 ], [ 26.447034, 44.039421 ], [ 26.440914, 44.038338 ], [ 26.437966, 44.037704 ], [ 26.436013, 44.037249 ], [ 26.434057, 44.036809 ], [ 26.432097, 44.03639 ], [ 26.430132, 44.036 ], [ 26.42816, 44.035644 ], [ 26.426182, 44.035323 ], [ 26.424198, 44.035033 ], [ 26.422211, 44.034768 ], [ 26.42022, 44.034526 ], [ 26.417226, 44.034194 ], [ 26.417303, 44.035111 ], [ 26.417388, 44.036043 ] ] ] } },
{ "type": "Feature", "properties": { "DRVAL1": null, "OBJNAM": null, "NOBJNM": null, "TRAFIC": null, "INFORM": null, "SCAMIN": 90000 }, "geometry": { "type": "Polygon", "coordinates": [ [ [ 26.417226, 44.034194 ], [ 26.410937, 44.033561 ], [ 26.410119, 44.033477 ], [ 26.409298, 44.033341 ], [ 26.40768, 44.033034 ], [ 26.40521, 44.03256 ], [ 26.403, 44.03219 ], [ 26.40088, 44.03185 ], [ 26.39982, 44.03169 ], [ 26.39766, 44.03139 ], [ 26.39653, 44.03125 ], [ 26.39412, 44.03099 ], [ 26.39283, 44.03086 ], [ 26.39147, 44.03073 ], [ 26.39004, 44.0306 ], [ 26.38693, 44.03035 ], [ 26.38524, 44.03022 ], [ 26.382907, 44.03005 ], [ 26.379526, 44.029897 ], [ 26.370414, 44.029378 ], [ 26.369453, 44.029352 ], [ 26.368475, 44.029375 ], [ 26.367065, 44.029525 ], [ 26.366525, 44.029596 ], [ 26.365216, 44.029872 ], [ 26.364162, 44.030169 ], [ 26.362772, 44.0306 ], [ 26.361507, 44.031073 ], [ 26.360041, 44.031713 ], [ 26.358613, 44.032485 ], [ 26.357301, 44.033187 ], [ 26.355081, 44.034217 ], [ 26.35396, 44.034681 ], [ 26.352498, 44.035139 ], [ 26.351537, 44.0353 ], [ 26.348851, 44.035536 ], [ 26.346034, 44.035731 ], [ 26.343982, 44.035884 ], [ 26.342107, 44.035987 ], [ 26.341182, 44.035992 ], [ 26.340414, 44.035931 ], [ 26.339012, 44.035719 ], [ 26.33714, 44.035403 ], [ 26.334982, 44.034984 ], [ 26.333338, 44.034596 ], [ 26.331054, 44.034053 ], [ 26.32951, 44.033618 ], [ 26.324279, 44.031867 ], [ 26.318813, 44.029863 ], [ 26.31295, 44.027273 ], [ 26.309793, 44.025923 ], [ 26.306749, 44.024723 ], [ 26.305823, 44.025545 ], [ 26.305008, 44.026315 ], [ 26.307571, 44.02749 ], [ 26.311304, 44.029086 ], [ 26.316869, 44.031354 ], [ 26.319721, 44.032361 ], [ 26.322637, 44.033336 ], [ 26.328516, 44.035107 ], [ 26.331454, 44.035918 ], [ 26.334155, 44.036573 ], [ 26.336268, 44.037001 ], [ 26.337862, 44.037251 ], [ 26.339364, 44.037402 ], [ 26.341004, 44.037468 ], [ 26.342575, 44.037468 ], [ 26.344424, 44.037402 ], [ 26.347566, 44.037268 ], [ 26.350316, 44.037118 ], [ 26.351917, 44.036949 ], [ 26.353043, 44.036802 ], [ 26.354052, 44.03664 ], [ 26.354799, 44.036485 ], [ 26.355445, 44.036324 ], [ 26.355969, 44.036166 ], [ 26.356509, 44.035948 ], [ 26.357148, 44.035664 ], [ 26.35777, 44.035325 ], [ 26.358479, 44.034893 ], [ 26.360679, 44.033604 ], [ 26.361938, 44.03286 ], [ 26.363293, 44.032103 ], [ 26.364317, 44.031625 ], [ 26.365296, 44.031325 ], [ 26.365858, 44.031208 ], [ 26.366687, 44.031108 ], [ 26.367569, 44.031021 ], [ 26.368344, 44.030971 ], [ 26.369646, 44.030967 ], [ 26.372092, 44.031077 ], [ 26.381097, 44.031561 ], [ 26.38289, 44.031674 ], [ 26.38501, 44.03183 ], [ 26.38669, 44.03196 ], [ 26.38977, 44.03221 ], [ 26.39253, 44.03246 ], [ 26.3938, 44.03259 ], [ 26.39501, 44.03272 ], [ 26.39616, 44.03285 ], [ 26.39833, 44.03313 ], [ 26.39938, 44.03328 ], [ 26.40145, 44.0336 ], [ 26.406682, 44.034549 ], [ 26.409996, 44.035104 ], [ 26.412727, 44.035506 ], [ 26.417388, 44.036043 ], [ 26.417303, 44.035111 ], [ 26.417226, 44.034194 ] ] ] } },
{ "type": "Feature", "properties": { "DRVAL1": null, "OBJNAM": null, "NOBJNM": null, "TRAFIC": null, "INFORM": null, "SCAMIN": 90000 }, "geometry": { "type": "Polygon", "coordinates": [ [ [ 26.157778, 43.985686 ], [ 26.161741, 43.986499 ], [ 26.173879, 43.988799 ], [ 26.175777, 43.989239 ], [ 26.177124, 43.989602 ], [ 26.17813, 43.989912 ], [ 26.179035, 43.990225 ], [ 26.180146, 43.990708 ], [ 26.181771, 43.991517 ], [ 26.183181, 43.992281 ], [ 26.184483, 43.992973 ], [ 26.185828, 43.993733 ], [ 26.186573, 43.994134 ], [ 26.187437, 43.994574 ], [ 26.18877, 43.995154 ], [ 26.189182, 43.995319 ], [ 26.189533, 43.995446 ], [ 26.190447, 43.995724 ], [ 26.191087, 43.995949 ], [ 26.191713, 43.996142 ], [ 26.192298, 43.996341 ], [ 26.192748, 43.996512 ], [ 26.193298, 43.996699 ], [ 26.194493, 43.99718 ], [ 26.195333, 43.997489 ], [ 26.196021, 43.997726 ], [ 26.197357, 43.998246 ], [ 26.199105, 43.998967 ], [ 26.199835, 43.999311 ], [ 26.20104, 43.99985 ], [ 26.20169, 44.00011 ], [ 26.20368, 44.00095 ], [ 26.20443, 44.00126 ], [ 26.205036, 44.001547 ], [ 26.205696, 44.001821 ], [ 26.206397, 44.002138 ], [ 26.207953, 44.002773 ], [ 26.20895, 44.003151 ], [ 26.209941, 44.003513 ], [ 26.210903, 44.003877 ], [ 26.214256, 44.005006 ], [ 26.214695, 44.005122 ], [ 26.216522, 44.005625 ], [ 26.217563, 44.005923 ], [ 26.218613, 44.006188 ], [ 26.219616, 44.006417 ], [ 26.220422, 44.006621 ], [ 26.221071, 44.006806 ], [ 26.221852, 44.007019 ], [ 26.222596, 44.007234 ], [ 26.223608, 44.007502 ], [ 26.224691, 44.007795 ], [ 26.224981, 44.00788 ], [ 26.225344, 44.007966 ], [ 26.225711, 44.00806 ], [ 26.226137, 44.008153 ], [ 26.226465, 44.008217 ], [ 26.226866, 44.008278 ], [ 26.227363, 44.008333 ], [ 26.227594, 44.008352 ], [ 26.228121, 44.008372 ], [ 26.22825, 44.008374 ], [ 26.22869, 44.008369 ], [ 26.228984, 44.008358 ], [ 26.22943, 44.00833 ], [ 26.23036, 44.008239 ], [ 26.230749, 44.008184 ], [ 26.231322, 44.008081 ], [ 26.231616, 44.008018 ], [ 26.231933, 44.007957 ], [ 26.232848, 44.007731 ], [ 26.233199, 44.00764 ], [ 26.233594, 44.007529 ], [ 26.234244, 44.007336 ], [ 26.235483, 44.006949 ], [ 26.236216, 44.006682 ], [ 26.237175, 44.006342 ], [ 26.237675, 44.006146 ], [ 26.238941, 44.005674 ], [ 26.23963, 44.005434 ], [ 26.240181, 44.005276 ], [ 26.240693, 44.005182 ], [ 26.241204, 44.005124 ], [ 26.241793, 44.005083 ], [ 26.242522, 44.005066 ], [ 26.243099, 44.005058 ], [ 26.246689, 44.005037 ], [ 26.248192, 44.005096 ], [ 26.250097, 44.00519 ], [ 26.250919, 44.005246 ], [ 26.25184, 44.005347 ], [ 26.252925, 44.005508 ], [ 26.254764, 44.005858 ], [ 26.25727, 44.006426 ], [ 26.260999, 44.007375 ], [ 26.266741, 44.009285 ], [ 26.271274, 44.011307 ], [ 26.272693, 44.011905 ], [ 26.273733, 44.012285 ], [ 26.274536, 44.012532 ], [ 26.275579, 44.012797 ], [ 26.277433, 44.013295 ], [ 26.281124, 44.014302 ], [ 26.283627, 44.015146 ], [ 26.284866, 44.015687 ], [ 26.286223, 44.016336 ], [ 26.290576, 44.019007 ], [ 26.295441, 44.021888 ], [ 26.296731, 44.022556 ], [ 26.297894, 44.023079 ], [ 26.302712, 44.025223 ], [ 26.305008, 44.026315 ], [ 26.305823, 44.025545 ], [ 26.306749, 44.024723 ], [ 26.302495, 44.022956 ], [ 26.3004, 44.022098 ], [ 26.297428, 44.020785 ], [ 26.295077, 44.019531 ], [ 26.290332, 44.016576 ], [ 26.287056, 44.014429 ], [ 26.286641, 44.014161 ], [ 26.286114, 44.013905 ], [ 26.285594, 44.013692 ], [ 26.285044, 44.013515 ], [ 26.28404, 44.013198 ], [ 26.282255, 44.01271 ], [ 26.280822, 44.012293 ], [ 26.279698, 44.011934 ], [ 26.278173, 44.011411 ], [ 26.275915, 44.010598 ], [ 26.274145, 44.009877 ], [ 26.272012, 44.008968 ], [ 26.268591, 44.007648 ], [ 26.265846, 44.006743 ], [ 26.26305, 44.005877 ], [ 26.260176, 44.005017 ], [ 26.258464, 44.004576 ], [ 26.256702, 44.004183 ], [ 26.255819, 44.00402 ], [ 26.254932, 44.003886 ], [ 26.253148, 44.003693 ], [ 26.252254, 44.003616 ], [ 26.250979, 44.003564 ], [ 26.249773, 44.003526 ], [ 26.248611, 44.00351 ], [ 26.247195, 44.003501 ], [ 26.245324, 44.003546 ], [ 26.244461, 44.003557 ], [ 26.243766, 44.003584 ], [ 26.243277, 44.003612 ], [ 26.242712, 44.00365 ], [ 26.24188, 44.003744 ], [ 26.240971, 44.003866 ], [ 26.240176, 44.004026 ], [ 26.239088, 44.004252 ], [ 26.23847, 44.00439 ], [ 26.237881, 44.004528 ], [ 26.237354, 44.004661 ], [ 26.236453, 44.004909 ], [ 26.23588, 44.005053 ], [ 26.235132, 44.00529 ], [ 26.23463, 44.00547 ], [ 26.23423, 44.00559 ], [ 26.23383, 44.0057 ], [ 26.23266, 44.006 ], [ 26.231963, 44.006174 ], [ 26.231542, 44.006273 ], [ 26.230794, 44.006433 ], [ 26.229709, 44.006643 ], [ 26.228648, 44.006809 ], [ 26.228128, 44.006858 ], [ 26.227769, 44.006886 ], [ 26.227349, 44.006886 ], [ 26.227021, 44.006864 ], [ 26.226746, 44.006836 ], [ 26.22605, 44.00672 ], [ 26.22582, 44.00667 ], [ 26.22556, 44.00662 ], [ 26.22464, 44.00638 ], [ 26.22424, 44.00626 ], [ 26.22327, 44.00598 ], [ 26.22267, 44.0058 ], [ 26.22121, 44.00535 ], [ 26.22035, 44.00508 ], [ 26.21942, 44.0048 ], [ 26.21844, 44.00448 ], [ 26.216311, 44.003907 ], [ 26.215242, 44.003554 ], [ 26.214142, 44.0032 ], [ 26.213149, 44.002891 ], [ 26.212019, 44.002505 ], [ 26.21095, 44.002129 ], [ 26.209957, 44.00182 ], [ 26.20875, 44.0014 ], [ 26.20788, 44.000992 ], [ 26.205527, 43.999965 ], [ 26.204106, 43.999379 ], [ 26.202244, 43.998562 ], [ 26.201388, 43.998209 ], [ 26.200696, 43.997945 ], [ 26.199899, 43.997656 ], [ 26.1982, 43.996989 ], [ 26.196867, 43.996486 ], [ 26.19594, 43.99614 ], [ 26.19384, 43.99536 ], [ 26.19325, 43.99514 ], [ 26.19272, 43.99493 ], [ 26.19223, 43.99473 ], [ 26.19178, 43.99454 ], [ 26.19059, 43.99401 ], [ 26.19022, 43.99384 ], [ 26.18951, 43.9935 ], [ 26.1888, 43.99315 ], [ 26.18808, 43.99278 ], [ 26.18734, 43.99239 ], [ 26.18656, 43.99197 ], [ 26.18618, 43.99175 ], [ 26.1858, 43.99154 ], [ 26.18543, 43.99132 ], [ 26.184199, 43.990715 ], [ 26.182151, 43.989605 ], [ 26.181188, 43.989194 ], [ 26.179998, 43.988715 ], [ 26.178647, 43.988236 ], [ 26.177026, 43.987738 ], [ 26.174893, 43.987149 ], [ 26.172905, 43.986664 ], [ 26.160434, 43.984549 ], [ 26.158337, 43.984115 ], [ 26.15805, 43.984934 ], [ 26.157778, 43.985686 ] ] ] } },
{ "type": "Feature", "properties": { "DRVAL1": null, "OBJNAM": null, "NOBJNM": null, "TRAFIC": null, "INFORM": null, "SCAMIN": 90000 }, "geometry": { "type": "Polygon", "coordinates": [ [ [ 26.101279, 43.968974 ], [ 26.102863, 43.970803 ], [ 26.104784, 43.972899 ], [ 26.105556, 43.973742 ], [ 26.10655, 43.974734 ], [ 26.107485, 43.975559 ], [ 26.108308, 43.976217 ], [ 26.109217, 43.976812 ], [ 26.1104, 43.977444 ], [ 26.111467, 43.97803 ], [ 26.112591, 43.978725 ], [ 26.11362, 43.97937 ], [ 26.113951, 43.979554 ], [ 26.114352, 43.979727 ], [ 26.115009, 43.979987 ], [ 26.116112, 43.980367 ], [ 26.116757, 43.980559 ], [ 26.117534, 43.980849 ], [ 26.118862, 43.981448 ], [ 26.119244, 43.981622 ], [ 26.119663, 43.981795 ], [ 26.120229, 43.982035 ], [ 26.120844, 43.982261 ], [ 26.121518, 43.982482 ], [ 26.122229, 43.98266 ], [ 26.122922, 43.982799 ], [ 26.123646, 43.982915 ], [ 26.124438, 43.98304 ], [ 26.125074, 43.983126 ], [ 26.1258, 43.983218 ], [ 26.126424, 43.98329 ], [ 26.127494, 43.983381 ], [ 26.128644, 43.983463 ], [ 26.130023, 43.983588 ], [ 26.131368, 43.98377 ], [ 26.132401, 43.983939 ], [ 26.133892, 43.984232 ], [ 26.134816, 43.984391 ], [ 26.135832, 43.98454 ], [ 26.136586, 43.984636 ], [ 26.137307, 43.984703 ], [ 26.13816, 43.984766 ], [ 26.139103, 43.984814 ], [ 26.139885, 43.984838 ], [ 26.14109, 43.984876 ], [ 26.142277, 43.9849 ], [ 26.147249, 43.984883 ], [ 26.151958, 43.984866 ], [ 26.15232, 43.984873 ], [ 26.153321, 43.984959 ], [ 26.153986, 43.985032 ], [ 26.155129, 43.985196 ], [ 26.157778, 43.985686 ], [ 26.15805, 43.984934 ], [ 26.158337, 43.984115 ], [ 26.155489, 43.983328 ], [ 26.154473, 43.983088 ], [ 26.153707, 43.982963 ], [ 26.152826, 43.982862 ], [ 26.152161, 43.982804 ], [ 26.151353, 43.982766 ], [ 26.150472, 43.982756 ], [ 26.149751, 43.982766 ], [ 26.149249, 43.982785 ], [ 26.148113, 43.982848 ], [ 26.146944, 43.982929 ], [ 26.14619, 43.982987 ], [ 26.145506, 43.983015 ], [ 26.144234, 43.98305 ], [ 26.1435, 43.983053 ], [ 26.142882, 43.983044 ], [ 26.142265, 43.983016 ], [ 26.141204, 43.982943 ], [ 26.14014, 43.982875 ], [ 26.138955, 43.982828 ], [ 26.137999, 43.982806 ], [ 26.137296, 43.982772 ], [ 26.135276, 43.982599 ], [ 26.134459, 43.982523 ], [ 26.132232, 43.982323 ], [ 26.128575, 43.98201 ], [ 26.126487, 43.981794 ], [ 26.125071, 43.981605 ], [ 26.123382, 43.981342 ], [ 26.122189, 43.981046 ], [ 26.120724, 43.980628 ], [ 26.119634, 43.980237 ], [ 26.118826, 43.979929 ], [ 26.11792, 43.979511 ], [ 26.116877, 43.978987 ], [ 26.11617, 43.978574 ], [ 26.115567, 43.978218 ], [ 26.114881, 43.977804 ], [ 26.113985, 43.977256 ], [ 26.11326, 43.976805 ], [ 26.11268, 43.976425 ], [ 26.112073, 43.976058 ], [ 26.111597, 43.975779 ], [ 26.11112, 43.975494 ], [ 26.110577, 43.975154 ], [ 26.110131, 43.974812 ], [ 26.109658, 43.97445 ], [ 26.109097, 43.97395 ], [ 26.1086, 43.973433 ], [ 26.103246, 43.967788 ], [ 26.102288, 43.968375 ], [ 26.101279, 43.968974 ] ] ] } },
{ "type": "Feature", "properties": { "DRVAL1": null, "OBJNAM": null, "NOBJNM": null, "TRAFIC": null, "INFORM": null, "SCAMIN": 90000 }, "geometry": { "type": "Polygon", "coordinates": [ [ [ 25.992359, 43.880227 ], [ 25.986133, 43.877542 ], [ 25.984566, 43.876822 ], [ 25.982884, 43.87608 ], [ 25.982287, 43.875797 ], [ 25.98198, 43.875626 ], [ 25.981636, 43.875415 ], [ 25.97875, 43.873534 ], [ 25.97731, 43.872546 ], [ 25.975182, 43.871117 ], [ 25.972216, 43.869403 ], [ 25.970385, 43.868342 ], [ 25.968119, 43.867144 ], [ 25.966233, 43.866136 ], [ 25.964656, 43.865288 ], [ 25.963333, 43.864571 ], [ 25.962229, 43.86396 ], [ 25.960454, 43.862935 ], [ 25.959007, 43.86204 ], [ 25.958358, 43.861626 ], [ 25.957773, 43.861246 ], [ 25.957603, 43.861131 ], [ 25.957227, 43.860876 ], [ 25.956718, 43.860523 ], [ 25.95628, 43.860211 ], [ 25.955973, 43.860002 ], [ 25.955767, 43.859862 ], [ 25.954922, 43.859256 ], [ 25.954528, 43.85898 ], [ 25.953799, 43.858438 ], [ 25.953437, 43.858177 ], [ 25.952764, 43.857679 ], [ 25.952112, 43.857166 ], [ 25.951774, 43.856907 ], [ 25.950754, 43.856093 ], [ 25.950015, 43.855474 ], [ 25.949618, 43.855156 ], [ 25.949216, 43.854813 ], [ 25.949113, 43.854727 ], [ 25.948579, 43.854282 ], [ 25.94837, 43.854109 ], [ 25.948207, 43.853972 ], [ 25.946802, 43.852739 ], [ 25.946132, 43.852109 ], [ 25.945492, 43.851489 ], [ 25.944492, 43.850489 ], [ 25.943732, 43.849709 ], [ 25.942392, 43.848359 ], [ 25.941382, 43.847369 ], [ 25.940302, 43.846329 ], [ 25.940292, 43.846329 ], [ 25.939732, 43.845799 ], [ 25.939722, 43.845799 ], [ 25.939162, 43.845269 ], [ 25.939152, 43.845269 ], [ 25.938582, 43.844749 ], [ 25.938572, 43.844749 ], [ 25.938002, 43.844229 ], [ 25.936372, 43.842769 ], [ 25.935872, 43.842329 ], [ 25.935412, 43.841909 ], [ 25.934972, 43.841519 ], [ 25.934555, 43.841192 ], [ 25.934031, 43.840764 ], [ 25.933449, 43.840305 ], [ 25.932973, 43.83992 ], [ 25.932617, 43.839637 ], [ 25.932529, 43.839567 ], [ 25.931842, 43.839014 ], [ 25.93126, 43.838518 ], [ 25.931013, 43.838307 ], [ 25.929956, 43.837304 ], [ 25.929102, 43.836338 ], [ 25.928119, 43.835215 ], [ 25.927723, 43.83475 ], [ 25.927199, 43.83416 ], [ 25.926937, 43.833838 ], [ 25.925982, 43.832622 ], [ 25.924722, 43.831039 ], [ 25.923506, 43.82947 ], [ 25.923124, 43.828966 ], [ 25.922724, 43.828465 ], [ 25.918905, 43.824415 ], [ 25.915666, 43.82115 ], [ 25.913444, 43.817374 ], [ 25.911993, 43.818028 ], [ 25.910483, 43.818712 ], [ 25.913374, 43.822239 ], [ 25.915215, 43.824354 ], [ 25.919863, 43.829617 ], [ 25.92215, 43.832211 ], [ 25.923246, 43.833328 ], [ 25.924632, 43.834784 ], [ 25.926523, 43.836581 ], [ 25.927323, 43.837336 ], [ 25.927865, 43.837889 ], [ 25.928349, 43.838335 ], [ 25.928745, 43.838718 ], [ 25.929556, 43.839467 ], [ 25.929856, 43.83976 ], [ 25.930443, 43.840291 ], [ 25.930634, 43.84044 ], [ 25.93098, 43.84074 ], [ 25.93098, 43.84075 ], [ 25.93139, 43.84114 ], [ 25.9322, 43.84189 ], [ 25.93261, 43.84226 ], [ 25.93261, 43.84227 ], [ 25.93347, 43.84304 ], [ 25.93347, 43.84305 ], [ 25.93394, 43.84346 ], [ 25.93551, 43.84486 ], [ 25.93663, 43.84587 ], [ 25.93777, 43.84691 ], [ 25.938022, 43.847149 ], [ 25.93886, 43.84794 ], [ 25.93938, 43.84844 ], [ 25.93989, 43.84894 ], [ 25.94037, 43.84942 ], [ 25.94084, 43.84988 ], [ 25.94209, 43.85116 ], [ 25.94246, 43.85153 ], [ 25.94281, 43.85189 ], [ 25.94315, 43.85223 ], [ 25.94348, 43.85255 ], [ 25.94381, 43.85287 ], [ 25.94414, 43.8532 ], [ 25.9445, 43.85353 ], [ 25.94486, 43.85386 ], [ 25.94565, 43.85456 ], [ 25.94606, 43.85492 ], [ 25.946394, 43.855206 ], [ 25.94648, 43.85528 ], [ 25.94774, 43.85634 ], [ 25.94852, 43.85698 ], [ 25.9489, 43.85729 ], [ 25.94925, 43.85757 ], [ 25.9496, 43.85785 ], [ 25.9496, 43.85786 ], [ 25.94994, 43.85813 ], [ 25.95028, 43.85839 ], [ 25.95029, 43.8584 ], [ 25.95062, 43.85866 ], [ 25.95097, 43.85892 ], [ 25.95131, 43.85918 ], [ 25.95202, 43.85971 ], [ 25.95239, 43.85998 ], [ 25.95317, 43.86054 ], [ 25.95359, 43.86084 ], [ 25.95449, 43.86147 ], [ 25.95498, 43.86182 ], [ 25.95552, 43.86219 ], [ 25.95608, 43.86257 ], [ 25.95671, 43.86298 ], [ 25.95736, 43.8634 ], [ 25.95808, 43.86385 ], [ 25.95887, 43.86432 ], [ 25.95972, 43.86482 ], [ 25.96069, 43.86537 ], [ 25.96182, 43.866 ], [ 25.963331, 43.866822 ], [ 25.96475, 43.86759 ], [ 25.96664, 43.8686 ], [ 25.968824, 43.869851 ], [ 25.969858, 43.870431 ], [ 25.970361, 43.870713 ], [ 25.973475, 43.872453 ], [ 25.976287, 43.874232 ], [ 25.978328, 43.875451 ], [ 25.980432, 43.876648 ], [ 25.984442, 43.878745 ], [ 25.98601, 43.879597 ], [ 25.990602, 43.882132 ], [ 25.992591, 43.883362 ], [ 25.99424, 43.884264 ], [ 25.996767, 43.885646 ], [ 26.000111, 43.887427 ], [ 26.001659, 43.888202 ], [ 26.002415, 43.888532 ], [ 26.003977, 43.88914 ], [ 26.005056, 43.889573 ], [ 26.005505, 43.889728 ], [ 26.01562, 43.892648 ], [ 26.01753, 43.893142 ], [ 26.024427, 43.894834 ], [ 26.035191, 43.897528 ], [ 26.038722, 43.898865 ], [ 26.041048, 43.899812 ], [ 26.042914, 43.900642 ], [ 26.04476, 43.901378 ], [ 26.046031, 43.901857 ], [ 26.047519, 43.902452 ], [ 26.04927, 43.90317 ], [ 26.04985, 43.9034 ], [ 26.05045, 43.90365 ], [ 26.05107, 43.90392 ], [ 26.05174, 43.90422 ], [ 26.0532, 43.9049 ], [ 26.05396, 43.90527 ], [ 26.0555, 43.90605 ], [ 26.05693, 43.90683 ], [ 26.05757, 43.9072 ], [ 26.05815, 43.90755 ], [ 26.05913, 43.90821 ], [ 26.05995, 43.90884 ], [ 26.06032, 43.90916 ], [ 26.06068, 43.90948 ], [ 26.06103, 43.90982 ], [ 26.06139, 43.91018 ], [ 26.06174, 43.91054 ], [ 26.06243, 43.91131 ], [ 26.062595, 43.911532 ], [ 26.062841, 43.911903 ], [ 26.063322, 43.912692 ], [ 26.063684, 43.913233 ], [ 26.064641, 43.915072 ], [ 26.065148, 43.916137 ], [ 26.065641, 43.917056 ], [ 26.06594, 43.917756 ], [ 26.066272, 43.91837 ], [ 26.066794, 43.919417 ], [ 26.067564, 43.920883 ], [ 26.068027, 43.921871 ], [ 26.06842, 43.92259 ], [ 26.069126, 43.923771 ], [ 26.069362, 43.924145 ], [ 26.069799, 43.92493 ], [ 26.07042, 43.925947 ], [ 26.071019, 43.92691 ], [ 26.071533, 43.927675 ], [ 26.072115, 43.928712 ], [ 26.072838, 43.93006 ], [ 26.07358, 43.93147 ], [ 26.074218, 43.93286 ], [ 26.0748, 43.93406 ], [ 26.0758, 43.9362 ], [ 26.07662, 43.93797 ], [ 26.0773, 43.93943 ], [ 26.07786, 43.94064 ], [ 26.07834, 43.94166 ], [ 26.07834, 43.94167 ], [ 26.07877, 43.94256 ], [ 26.07877, 43.94257 ], [ 26.07952, 43.94404 ], [ 26.07953, 43.94407 ], [ 26.07987, 43.9447 ], [ 26.08019, 43.94526 ], [ 26.08052, 43.94581 ], [ 26.08085, 43.94634 ], [ 26.08122, 43.9469 ], [ 26.08159, 43.94744 ], [ 26.08198, 43.94799 ], [ 26.082, 43.94801 ], [ 26.082172, 43.948243 ], [ 26.08242, 43.94858 ], [ 26.08243, 43.94861 ], [ 26.08339, 43.94984 ], [ 26.08394, 43.9505 ], [ 26.084479, 43.951131 ], [ 26.08453, 43.95119 ], [ 26.08517, 43.9519 ], [ 26.08585, 43.95264 ], [ 26.08657, 43.95339 ], [ 26.08733, 43.95416 ], [ 26.08812, 43.95495 ], [ 26.08893, 43.95573 ], [ 26.08975, 43.95651 ], [ 26.09059, 43.9573 ], [ 26.09142, 43.95806 ], [ 26.092258, 43.958923 ], [ 26.092985, 43.95976 ], [ 26.093497, 43.960308 ], [ 26.094173, 43.961046 ], [ 26.094919, 43.961903 ], [ 26.095618, 43.962736 ], [ 26.09634, 43.96357 ], [ 26.097785, 43.96526 ], [ 26.101279, 43.968974 ], [ 26.102288, 43.968375 ], [ 26.103246, 43.967788 ], [ 26.097315, 43.961613 ], [ 26.096616, 43.96078 ], [ 26.09587, 43.959923 ], [ 26.095194, 43.959185 ], [ 26.094681, 43.958637 ], [ 26.093906, 43.957839 ], [ 26.09318, 43.95707 ], [ 26.09235, 43.9563 ], [ 26.09153, 43.95553 ], [ 26.08992, 43.95398 ], [ 26.08916, 43.95322 ], [ 26.08842, 43.95247 ], [ 26.08705, 43.95102 ], [ 26.08644, 43.95033 ], [ 26.08587, 43.94967 ], [ 26.08534, 43.94903 ], [ 26.08485, 43.94841 ], [ 26.0844, 43.94782 ], [ 26.08398, 43.94725 ], [ 26.08359, 43.9467 ], [ 26.08323, 43.94618 ], [ 26.08289, 43.94567 ], [ 26.08226, 43.94465 ], [ 26.08162, 43.94348 ], [ 26.08127, 43.9428 ], [ 26.08046, 43.94114 ], [ 26.07998, 43.94012 ], [ 26.07942, 43.93892 ], [ 26.07875, 43.93746 ], [ 26.07792, 43.93568 ], [ 26.076842, 43.933532 ], [ 26.076372, 43.932569 ], [ 26.075687, 43.931344 ], [ 26.075109, 43.93025 ], [ 26.074424, 43.928981 ], [ 26.073418, 43.926969 ], [ 26.072948, 43.926071 ], [ 26.072422, 43.925128 ], [ 26.071887, 43.924253 ], [ 26.071449, 43.923468 ], [ 26.071213, 43.923094 ], [ 26.070507, 43.921913 ], [ 26.070114, 43.921194 ], [ 26.069651, 43.920206 ], [ 26.068881, 43.91874 ], [ 26.068359, 43.917693 ], [ 26.068176, 43.917352 ], [ 26.067621, 43.916249 ], [ 26.067108, 43.915308 ], [ 26.066616, 43.914455 ], [ 26.06561, 43.912661 ], [ 26.065149, 43.911828 ], [ 26.064785, 43.911149 ], [ 26.06433, 43.91045 ], [ 26.06359, 43.90963 ], [ 26.06322, 43.90924 ], [ 26.06284, 43.90886 ], [ 26.06245, 43.90849 ], [ 26.06205, 43.90813 ], [ 26.06163, 43.90777 ], [ 26.06119, 43.90742 ], [ 26.06071, 43.90706 ], [ 26.06019, 43.9067 ], [ 26.05962, 43.90633 ], [ 26.059, 43.90595 ], [ 26.05758, 43.90515 ], [ 26.05681, 43.90474 ], [ 26.05602, 43.90433 ], [ 26.05444, 43.90355 ], [ 26.05293, 43.90285 ], [ 26.05224, 43.90254 ], [ 26.05158, 43.90225 ], [ 26.05034, 43.90174 ], [ 26.04911, 43.90128 ], [ 26.04848, 43.90105 ], [ 26.04782, 43.90082 ], [ 26.04711, 43.90058 ], [ 26.045071, 43.899836 ], [ 26.043597, 43.89926 ], [ 26.039519, 43.897762 ], [ 26.035895, 43.896601 ], [ 26.032651, 43.895434 ], [ 26.025752, 43.892823 ], [ 26.01932, 43.890348 ], [ 26.018467, 43.890041 ], [ 26.007897, 43.886826 ], [ 26.007553, 43.886696 ], [ 26.004736, 43.885533 ], [ 25.996129, 43.881849 ], [ 25.994447, 43.88113 ], [ 25.992359, 43.880227 ] ], [ [ 26.006027, 43.888662 ], [ 26.0054, 43.888385 ], [ 26.004464, 43.887909 ], [ 26.002644, 43.886949 ], [ 25.998506, 43.884374 ], [ 26.005153, 43.887105 ], [ 26.006894, 43.887798 ], [ 26.018554, 43.89147 ], [ 26.018718, 43.891521 ], [ 26.024291, 43.893428 ], [ 26.026595, 43.894241 ], [ 26.02421, 43.893535 ], [ 26.018296, 43.892002 ], [ 26.016357, 43.891481 ], [ 26.006761, 43.888899 ], [ 26.006027, 43.888662 ] ] ] } },
{ "type": "Feature", "properties": { "DRVAL1": null, "OBJNAM": null, "NOBJNM": null, "TRAFIC": null, "INFORM": null, "SCAMIN": 90000 }, "geometry": { "type": "Polygon", "coordinates": [ [ [ 25.913444, 43.817374 ], [ 25.911499, 43.814613 ], [ 25.91084, 43.813752 ], [ 25.909931, 43.812784 ], [ 25.909139, 43.812051 ], [ 25.907842, 43.810945 ], [ 25.904785, 43.808085 ], [ 25.903115, 43.806501 ], [ 25.901114, 43.804789 ], [ 25.899355, 43.803386 ], [ 25.89649, 43.800845 ], [ 25.894614, 43.799144 ], [ 25.892628, 43.797139 ], [ 25.89092, 43.795263 ], [ 25.88947, 43.793413 ], [ 25.888583, 43.792084 ], [ 25.887821, 43.790755 ], [ 25.887198, 43.789458 ], [ 25.88492, 43.784344 ], [ 25.884246, 43.783069 ], [ 25.883594, 43.781804 ], [ 25.882882, 43.78046 ], [ 25.882085, 43.779124 ], [ 25.881432, 43.778227 ], [ 25.880642, 43.777306 ], [ 25.87966, 43.776371 ], [ 25.878202, 43.775116 ], [ 25.8769, 43.774059 ], [ 25.875575, 43.773174 ], [ 25.874474, 43.772473 ], [ 25.872704, 43.771556 ], [ 25.870599, 43.770708 ], [ 25.868499, 43.770059 ], [ 25.866399, 43.769619 ], [ 25.864081, 43.769316 ], [ 25.861753, 43.769075 ], [ 25.845031, 43.767753 ], [ 25.842533, 43.767384 ], [ 25.840926, 43.76706 ], [ 25.838992, 43.766618 ], [ 25.837489, 43.766111 ], [ 25.836535, 43.765775 ], [ 25.836008, 43.765562 ], [ 25.835612, 43.765382 ], [ 25.835195, 43.765169 ], [ 25.834829, 43.764994 ], [ 25.834433, 43.764797 ], [ 25.833964, 43.764552 ], [ 25.833481, 43.764286 ], [ 25.832214, 43.763468 ], [ 25.831888, 43.763239 ], [ 25.831504, 43.762979 ], [ 25.830665, 43.762421 ], [ 25.830218, 43.762096 ], [ 25.829812, 43.761809 ], [ 25.829339, 43.761464 ], [ 25.827977, 43.760305 ], [ 25.827406, 43.759752 ], [ 25.82681, 43.759204 ], [ 25.826078, 43.758354 ], [ 25.825346, 43.757429 ], [ 25.82465, 43.756642 ], [ 25.824182, 43.756079 ], [ 25.823684, 43.755515 ], [ 25.822717, 43.754229 ], [ 25.821955, 43.753335 ], [ 25.821128, 43.752411 ], [ 25.815637, 43.747244 ], [ 25.812196, 43.743905 ], [ 25.81082, 43.742629 ], [ 25.809326, 43.741205 ], [ 25.808126, 43.740078 ], [ 25.806867, 43.7391 ], [ 25.805988, 43.738377 ], [ 25.804934, 43.737356 ], [ 25.803587, 43.73591 ], [ 25.798654, 43.729212 ], [ 25.797453, 43.727298 ], [ 25.795064, 43.723405 ], [ 25.79415, 43.724033 ], [ 25.793204, 43.724683 ], [ 25.795981, 43.728982 ], [ 25.796131, 43.729215 ], [ 25.79908, 43.733609 ], [ 25.800535, 43.735426 ], [ 25.801378, 43.736479 ], [ 25.80293, 43.738308 ], [ 25.804951, 43.740498 ], [ 25.806898, 43.74239 ], [ 25.809197, 43.744389 ], [ 25.810837, 43.74592 ], [ 25.812272, 43.747175 ], [ 25.813267, 43.748131 ], [ 25.815152, 43.75005 ], [ 25.817935, 43.75275 ], [ 25.820007, 43.754909 ], [ 25.821302, 43.756456 ], [ 25.821406, 43.756567 ], [ 25.821977, 43.757227 ], [ 25.823215, 43.758513 ], [ 25.823874, 43.75913 ], [ 25.824535, 43.759794 ], [ 25.825092, 43.760315 ], [ 25.825692, 43.760837 ], [ 25.826234, 43.761325 ], [ 25.826791, 43.761793 ], [ 25.827318, 43.762208 ], [ 25.828178, 43.762908 ], [ 25.82933, 43.76367 ], [ 25.83006, 43.76414 ], [ 25.8304, 43.76437 ], [ 25.83107, 43.76481 ], [ 25.83108, 43.76481 ], [ 25.83142, 43.76503 ], [ 25.83245, 43.76566 ], [ 25.83322, 43.76608 ], [ 25.83362, 43.76629 ], [ 25.83405, 43.7665 ], [ 25.83489, 43.7669 ], [ 25.8353, 43.76708 ], [ 25.83532, 43.76708 ], [ 25.83572, 43.76726 ], [ 25.83574, 43.76726 ], [ 25.83614, 43.76743 ], [ 25.83617, 43.76743 ], [ 25.83658, 43.76759 ], [ 25.83697, 43.76773 ], [ 25.83741, 43.76788 ], [ 25.8382, 43.76813 ], [ 25.83823, 43.76813 ], [ 25.83865, 43.76825 ], [ 25.83946, 43.76844 ], [ 25.83949, 43.76844 ], [ 25.83989, 43.76853 ], [ 25.83993, 43.76853 ], [ 25.84034, 43.76861 ], [ 25.84037, 43.76861 ], [ 25.84081, 43.76868 ], [ 25.84084, 43.76869 ], [ 25.8413, 43.76875 ], [ 25.84133, 43.76876 ], [ 25.84182, 43.76882 ], [ 25.84237, 43.76888 ], [ 25.855072, 43.769911 ], [ 25.861261, 43.77051 ], [ 25.863568, 43.770801 ], [ 25.865785, 43.771157 ], [ 25.867481, 43.771567 ], [ 25.869237, 43.772128 ], [ 25.870948, 43.772862 ], [ 25.872607, 43.77374 ], [ 25.87375, 43.774494 ], [ 25.874805, 43.775334 ], [ 25.875845, 43.776142 ], [ 25.87723, 43.777386 ], [ 25.878563, 43.778694 ], [ 25.879632, 43.779736 ], [ 25.880973, 43.781291 ], [ 25.881385, 43.7819 ], [ 25.885014, 43.789923 ], [ 25.885858, 43.791802 ], [ 25.886942, 43.793439 ], [ 25.888115, 43.795013 ], [ 25.889859, 43.797225 ], [ 25.892028, 43.799712 ], [ 25.896046, 43.80392 ], [ 25.896291, 43.804177 ], [ 25.899959, 43.807656 ], [ 25.900102, 43.807792 ], [ 25.905409, 43.812895 ], [ 25.907012, 43.814614 ], [ 25.908082, 43.815783 ], [ 25.910483, 43.818712 ], [ 25.911993, 43.818028 ], [ 25.913444, 43.817374 ] ] ] } },
{ "type": "Feature", "properties": { "DRVAL1": null, "OBJNAM": null, "NOBJNM": null, "TRAFIC": null, "INFORM": null, "SCAMIN": 90000 }, "geometry": { "type": "Polygon", "coordinates": [ [ [ 25.620517, 43.668159 ], [ 25.619935, 43.669097 ], [ 25.619281, 43.670139 ], [ 25.620444, 43.670683 ], [ 25.621515, 43.671193 ], [ 25.622426, 43.671678 ], [ 25.623162, 43.672069 ], [ 25.623509, 43.672294 ], [ 25.624258, 43.67281 ], [ 25.626181, 43.674531 ], [ 25.627295, 43.675674 ], [ 25.628923, 43.677324 ], [ 25.629616, 43.677898 ], [ 25.630313, 43.678418 ], [ 25.630936, 43.678812 ], [ 25.631706, 43.67923 ], [ 25.632541, 43.679643 ], [ 25.633231, 43.67995 ], [ 25.633787, 43.680169 ], [ 25.63451, 43.680502 ], [ 25.635235, 43.680828 ], [ 25.635961, 43.681151 ], [ 25.636689, 43.681471 ], [ 25.637417, 43.68179 ], [ 25.640671, 43.683183 ], [ 25.645905, 43.685934 ], [ 25.646952, 43.686478 ], [ 25.651811, 43.689261 ], [ 25.654485, 43.690564 ], [ 25.656204, 43.691395 ], [ 25.657558, 43.691861 ], [ 25.658641, 43.692194 ], [ 25.659772, 43.6925 ], [ 25.660925, 43.692847 ], [ 25.662101, 43.693112 ], [ 25.663605, 43.693372 ], [ 25.665105, 43.693641 ], [ 25.666941, 43.694041 ], [ 25.668934, 43.694505 ], [ 25.670224, 43.694873 ], [ 25.671223, 43.695121 ], [ 25.671959, 43.695241 ], [ 25.672679, 43.69532 ], [ 25.673603, 43.695374 ], [ 25.674605, 43.695391 ], [ 25.676093, 43.695408 ], [ 25.678204, 43.695343 ], [ 25.680189, 43.695366 ], [ 25.681058, 43.695376 ], [ 25.681504, 43.695361 ], [ 25.681835, 43.695341 ], [ 25.682176, 43.695299 ], [ 25.682577, 43.695217 ], [ 25.682925, 43.695127 ], [ 25.683799, 43.694867 ], [ 25.685423, 43.694346 ], [ 25.686674, 43.69391 ], [ 25.687253, 43.693658 ], [ 25.688178, 43.693207 ], [ 25.689162, 43.692746 ], [ 25.690178, 43.692267 ], [ 25.691061, 43.691889 ], [ 25.692063, 43.691451 ], [ 25.693794, 43.690712 ], [ 25.695769, 43.69003 ], [ 25.697735, 43.689481 ], [ 25.699454, 43.689124 ], [ 25.70099, 43.688893 ], [ 25.703502, 43.688655 ], [ 25.705293, 43.688519 ], [ 25.706791, 43.68843 ], [ 25.708259, 43.688307 ], [ 25.710902, 43.688036 ], [ 25.713843, 43.687722 ], [ 25.7172, 43.687428 ], [ 25.719355, 43.687281 ], [ 25.721166, 43.687259 ], [ 25.722634, 43.687304 ], [ 25.723259, 43.68736 ], [ 25.724446, 43.687553 ], [ 25.726475, 43.688039 ], [ 25.729536, 43.688752 ], [ 25.7318, 43.689283 ], [ 25.734939, 43.690041 ], [ 25.737706, 43.690795 ], [ 25.740459, 43.69167 ], [ 25.743141, 43.692595 ], [ 25.746511, 43.693938 ], [ 25.75019, 43.695677 ], [ 25.757949, 43.699791 ], [ 25.76583, 43.703456 ], [ 25.766795, 43.703851 ], [ 25.769317, 43.705005 ], [ 25.774681, 43.707748 ], [ 25.780399, 43.710909 ], [ 25.78348, 43.712995 ], [ 25.786424, 43.715598 ], [ 25.787835, 43.717037 ], [ 25.789433, 43.719091 ], [ 25.790824, 43.720999 ], [ 25.793204, 43.724683 ], [ 25.79415, 43.724033 ], [ 25.795064, 43.723405 ], [ 25.794687, 43.722791 ], [ 25.793182, 43.720215 ], [ 25.788957, 43.713679 ], [ 25.788254, 43.712754 ], [ 25.787303, 43.711893 ], [ 25.785737, 43.710713 ], [ 25.784098, 43.709639 ], [ 25.779971, 43.707413 ], [ 25.771126, 43.703348 ], [ 25.768299, 43.702053 ], [ 25.766942, 43.701517 ], [ 25.765713, 43.701035 ], [ 25.756732, 43.696494 ], [ 25.751816, 43.69419 ], [ 25.746034, 43.691785 ], [ 25.743325, 43.690765 ], [ 25.739382, 43.689461 ], [ 25.735925, 43.688613 ], [ 25.732345, 43.687763 ], [ 25.731974, 43.687669 ], [ 25.727918, 43.686701 ], [ 25.726084, 43.686341 ], [ 25.724285, 43.686067 ], [ 25.72246, 43.68589 ], [ 25.720273, 43.685785 ], [ 25.71795, 43.685779 ], [ 25.716255, 43.685872 ], [ 25.714388, 43.686121 ], [ 25.713334, 43.68624 ], [ 25.711087, 43.686463 ], [ 25.708421, 43.686684 ], [ 25.706556, 43.686843 ], [ 25.705598, 43.686872 ], [ 25.704444, 43.686875 ], [ 25.703149, 43.686917 ], [ 25.701217, 43.687042 ], [ 25.699517, 43.687196 ], [ 25.697662, 43.68749 ], [ 25.696059, 43.687868 ], [ 25.694552, 43.688288 ], [ 25.693509, 43.688652 ], [ 25.691881, 43.689292 ], [ 25.689427, 43.690488 ], [ 25.687582, 43.691559 ], [ 25.686896, 43.691958 ], [ 25.686222, 43.692324 ], [ 25.685211, 43.692723 ], [ 25.68403, 43.693089 ], [ 25.682883, 43.693395 ], [ 25.681869, 43.693604 ], [ 25.681373, 43.693687 ], [ 25.680845, 43.693753 ], [ 25.680128, 43.693794 ], [ 25.6795, 43.693803 ], [ 25.678114, 43.693811 ], [ 25.676997, 43.693798 ], [ 25.675633, 43.693782 ], [ 25.674392, 43.693768 ], [ 25.673153, 43.693664 ], [ 25.672433, 43.693608 ], [ 25.671545, 43.693465 ], [ 25.670556, 43.693273 ], [ 25.668848, 43.692864 ], [ 25.666645, 43.692426 ], [ 25.665183, 43.692169 ], [ 25.663745, 43.691955 ], [ 25.662028, 43.691733 ], [ 25.661162, 43.691633 ], [ 25.659465, 43.691356 ], [ 25.658445, 43.691061 ], [ 25.657706, 43.690782 ], [ 25.65574, 43.689949 ], [ 25.653903, 43.688847 ], [ 25.653421, 43.68848 ], [ 25.653051, 43.688116 ], [ 25.652809, 43.687843 ], [ 25.651717, 43.686723 ], [ 25.651183, 43.68619 ], [ 25.650599, 43.685706 ], [ 25.650097, 43.685324 ], [ 25.649838, 43.685158 ], [ 25.64805, 43.684276 ], [ 25.645471, 43.683122 ], [ 25.640169, 43.680796 ], [ 25.637791, 43.679764 ], [ 25.635057, 43.678448 ], [ 25.634379, 43.678109 ], [ 25.63402, 43.677903 ], [ 25.63364, 43.677668 ], [ 25.633099, 43.677305 ], [ 25.6325, 43.676841 ], [ 25.631916, 43.676353 ], [ 25.631339, 43.675857 ], [ 25.630765, 43.67536 ], [ 25.630194, 43.674862 ], [ 25.629628, 43.674359 ], [ 25.629069, 43.673849 ], [ 25.628516, 43.673332 ], [ 25.627965, 43.672811 ], [ 25.627409, 43.672294 ], [ 25.626841, 43.67179 ], [ 25.626252, 43.671312 ], [ 25.625636, 43.670873 ], [ 25.624992, 43.670476 ], [ 25.624328, 43.670108 ], [ 25.623655, 43.669755 ], [ 25.62298, 43.669407 ], [ 25.622305, 43.669062 ], [ 25.62163, 43.668719 ], [ 25.620954, 43.668377 ], [ 25.620517, 43.668159 ] ] ] } },
{ "type": "Feature", "properties": { "DRVAL1": null, "OBJNAM": null, "NOBJNM": null, "TRAFIC": null, "INFORM": null, "SCAMIN": 90000 }, "geometry": { "type": "Polygon", "coordinates": [ [ [ 25.620517, 43.668159 ], [ 25.617557, 43.666702 ], [ 25.615509, 43.665714 ], [ 25.612772, 43.664406 ], [ 25.607172, 43.661701 ], [ 25.592677, 43.654551 ], [ 25.589331, 43.652835 ], [ 25.584572, 43.650308 ], [ 25.578835, 43.647024 ], [ 25.574445, 43.644786 ], [ 25.572703, 43.644107 ], [ 25.571256, 43.643637 ], [ 25.570558, 43.643455 ], [ 25.569881, 43.643329 ], [ 25.563441, 43.642476 ], [ 25.549363, 43.640709 ], [ 25.546723, 43.640452 ], [ 25.545755, 43.640383 ], [ 25.545752, 43.641382 ], [ 25.54576, 43.642395 ], [ 25.55014, 43.642793 ], [ 25.551308, 43.642945 ], [ 25.552477, 43.643091 ], [ 25.553646, 43.643227 ], [ 25.554818, 43.643347 ], [ 25.55599, 43.643456 ], [ 25.557163, 43.64356 ], [ 25.558336, 43.643665 ], [ 25.559509, 43.643776 ], [ 25.56068, 43.643895 ], [ 25.561851, 43.644023 ], [ 25.56302, 43.644162 ], [ 25.564188, 43.644308 ], [ 25.565357, 43.644456 ], [ 25.567155, 43.644678 ], [ 25.568228, 43.644835 ], [ 25.569026, 43.644991 ], [ 25.569845, 43.645171 ], [ 25.570906, 43.645482 ], [ 25.574323, 43.646703 ], [ 25.578129, 43.648396 ], [ 25.582035, 43.650547 ], [ 25.584536, 43.65216 ], [ 25.586397, 43.653299 ], [ 25.588161, 43.654308 ], [ 25.612664, 43.66687 ], [ 25.61833, 43.669688 ], [ 25.619281, 43.670139 ], [ 25.619935, 43.669097 ], [ 25.620517, 43.668159 ] ] ] } },
{ "type": "Feature", "properties": { "DRVAL1": null, "OBJNAM": null, "NOBJNM": null, "TRAFIC": null, "INFORM": null, "SCAMIN": 90000 }, "geometry": { "type": "Polygon", "coordinates": [ [ [ 25.436638, 43.62591 ], [ 25.43627, 43.626628 ], [ 25.437867, 43.627 ], [ 25.455408, 43.631842 ], [ 25.46129, 43.63333 ], [ 25.463367, 43.633839 ], [ 25.464405, 43.634093 ], [ 25.465738, 43.634521 ], [ 25.466636, 43.634866 ], [ 25.467309, 43.635151 ], [ 25.468081, 43.635528 ], [ 25.468633, 43.635814 ], [ 25.468946, 43.63606 ], [ 25.470502, 43.6378 ], [ 25.47168, 43.639357 ], [ 25.472437, 43.640313 ], [ 25.473012, 43.640821 ], [ 25.473531, 43.641203 ], [ 25.474219, 43.641615 ], [ 25.480267, 43.645124 ], [ 25.483607, 43.64727 ], [ 25.484701, 43.64788 ], [ 25.486118, 43.648592 ], [ 25.486708, 43.648816 ], [ 25.487564, 43.649116 ], [ 25.489023, 43.649518 ], [ 25.490434, 43.649798 ], [ 25.491682, 43.650006 ], [ 25.493142, 43.650149 ], [ 25.494749, 43.650225 ], [ 25.495991, 43.65024 ], [ 25.49699, 43.650192 ], [ 25.498197, 43.6501 ], [ 25.499615, 43.649943 ], [ 25.501316, 43.64967 ], [ 25.501947, 43.649594 ], [ 25.502628, 43.649548 ], [ 25.503225, 43.649559 ], [ 25.50373, 43.649573 ], [ 25.504562, 43.649666 ], [ 25.505843, 43.649868 ], [ 25.506808, 43.650028 ], [ 25.507765, 43.650195 ], [ 25.508408, 43.650269 ], [ 25.509235, 43.650344 ], [ 25.510443, 43.650426 ], [ 25.511589, 43.650462 ], [ 25.512474, 43.650417 ], [ 25.513134, 43.650317 ], [ 25.51372, 43.650146 ], [ 25.514405, 43.649884 ], [ 25.516722, 43.64862 ], [ 25.520747, 43.646461 ], [ 25.523176, 43.645459 ], [ 25.526037, 43.644513 ], [ 25.528635, 43.643974 ], [ 25.530973, 43.643556 ], [ 25.533682, 43.643195 ], [ 25.536567, 43.642783 ], [ 25.538309, 43.642639 ], [ 25.540581, 43.642498 ], [ 25.543942, 43.642366 ], [ 25.54576, 43.642395 ], [ 25.545752, 43.641382 ], [ 25.545755, 43.640383 ], [ 25.543981, 43.640364 ], [ 25.542144, 43.640371 ], [ 25.538701, 43.640452 ], [ 25.536443, 43.640591 ], [ 25.534074, 43.640835 ], [ 25.531496, 43.641218 ], [ 25.528998, 43.641636 ], [ 25.525795, 43.642298 ], [ 25.523351, 43.642971 ], [ 25.520739, 43.643759 ], [ 25.519728, 43.644141 ], [ 25.518784, 43.644564 ], [ 25.517538, 43.645373 ], [ 25.515193, 43.647048 ], [ 25.513032, 43.648518 ], [ 25.512711, 43.648701 ], [ 25.51249, 43.64878 ], [ 25.512288, 43.648832 ], [ 25.51206, 43.64887 ], [ 25.511509, 43.648941 ], [ 25.510827, 43.648999 ], [ 25.509947, 43.649032 ], [ 25.508967, 43.649045 ], [ 25.508161, 43.649029 ], [ 25.507462, 43.64902 ], [ 25.507119, 43.649013 ], [ 25.506787, 43.648994 ], [ 25.506431, 43.648976 ], [ 25.506075, 43.648951 ], [ 25.50572, 43.64892 ], [ 25.505365, 43.648885 ], [ 25.50501, 43.648848 ], [ 25.504656, 43.648811 ], [ 25.504301, 43.648777 ], [ 25.503946, 43.648747 ], [ 25.503653, 43.648741 ], [ 25.503326, 43.64873 ], [ 25.502951, 43.648741 ], [ 25.502436, 43.648753 ], [ 25.501492, 43.64882 ], [ 25.500033, 43.648979 ], [ 25.498648, 43.649123 ], [ 25.497423, 43.649225 ], [ 25.496183, 43.649293 ], [ 25.494754, 43.649346 ], [ 25.493928, 43.649315 ], [ 25.492959, 43.649233 ], [ 25.49204, 43.649101 ], [ 25.491254, 43.648958 ], [ 25.490335, 43.648714 ], [ 25.489325, 43.648425 ], [ 25.48823, 43.648023 ], [ 25.487451, 43.647697 ], [ 25.486702, 43.647336 ], [ 25.477193, 43.641665 ], [ 25.4747, 43.640236 ], [ 25.474138, 43.639839 ], [ 25.47384, 43.639563 ], [ 25.473129, 43.638729 ], [ 25.472118, 43.637305 ], [ 25.471336, 43.636331 ], [ 25.470375, 43.635171 ], [ 25.469954, 43.634816 ], [ 25.469435, 43.634485 ], [ 25.468783, 43.634158 ], [ 25.467548, 43.633626 ], [ 25.466817, 43.633353 ], [ 25.466014, 43.633064 ], [ 25.465135, 43.632756 ], [ 25.46366, 43.632404 ], [ 25.459762, 43.631529 ], [ 25.453924, 43.630137 ], [ 25.437028, 43.625177 ], [ 25.436638, 43.62591 ] ] ] } },
{ "type": "Feature", "properties": { "DRVAL1": null, "OBJNAM": null, "NOBJNM": null, "TRAFIC": null, "INFORM": null, "SCAMIN": 90000 }, "geometry": { "type": "Polygon", "coordinates": [ [ [ 25.296817, 43.651329 ], [ 25.297806, 43.652194 ], [ 25.299472, 43.651714 ], [ 25.301768, 43.651082 ], [ 25.304744, 43.650281 ], [ 25.313062, 43.648188 ], [ 25.314696, 43.64767 ], [ 25.315956, 43.647069 ], [ 25.31805, 43.645862 ], [ 25.32188, 43.643767 ], [ 25.323359, 43.642926 ], [ 25.325458, 43.64181 ], [ 25.327821, 43.64085 ], [ 25.329317, 43.640245 ], [ 25.333733, 43.638281 ], [ 25.336861, 43.636863 ], [ 25.339015, 43.635899 ], [ 25.339586, 43.635663 ], [ 25.340155, 43.635424 ], [ 25.340718, 43.635184 ], [ 25.341273, 43.634939 ], [ 25.341816, 43.634688 ], [ 25.342346, 43.634431 ], [ 25.34286, 43.634166 ], [ 25.343354, 43.633891 ], [ 25.343826, 43.633605 ], [ 25.344273, 43.633307 ], [ 25.344693, 43.632995 ], [ 25.345125, 43.632627 ], [ 25.345438, 43.632326 ], [ 25.345758, 43.631965 ], [ 25.349594, 43.626535 ], [ 25.350011, 43.626054 ], [ 25.350395, 43.625779 ], [ 25.350964, 43.62549 ], [ 25.351718, 43.625176 ], [ 25.352429, 43.624891 ], [ 25.353283, 43.624589 ], [ 25.354286, 43.624285 ], [ 25.35472, 43.624197 ], [ 25.355483, 43.624074 ], [ 25.356776, 43.623893 ], [ 25.359422, 43.623564 ], [ 25.362053, 43.623279 ], [ 25.365157, 43.623015 ], [ 25.367813, 43.622863 ], [ 25.37118, 43.622728 ], [ 25.371238, 43.622731 ], [ 25.371273, 43.622739 ], [ 25.371301, 43.622754 ], [ 25.371305, 43.62277 ], [ 25.371299, 43.622791 ], [ 25.371286, 43.62281 ], [ 25.371263, 43.622831 ], [ 25.371135, 43.622884 ], [ 25.370924, 43.622959 ], [ 25.368838, 43.623671 ], [ 25.362475, 43.626295 ], [ 25.360525, 43.627167 ], [ 25.356544, 43.62894 ], [ 25.355429, 43.629514 ], [ 25.356075, 43.63008 ], [ 25.357055, 43.62956 ], [ 25.357869, 43.629233 ], [ 25.364166, 43.627419 ], [ 25.365247, 43.626248 ], [ 25.36664, 43.625763 ], [ 25.36792, 43.625349 ], [ 25.368569, 43.625169 ], [ 25.369256, 43.625008 ], [ 25.371345, 43.624564 ], [ 25.373694, 43.624109 ], [ 25.375398, 43.623802 ], [ 25.377152, 43.623506 ], [ 25.379877, 43.623114 ], [ 25.387244, 43.622163 ], [ 25.389291, 43.62194 ], [ 25.391508, 43.621746 ], [ 25.393598, 43.621624 ], [ 25.395716, 43.621522 ], [ 25.399489, 43.621431 ], [ 25.402925, 43.621543 ], [ 25.407218, 43.621817 ], [ 25.411898, 43.622306 ], [ 25.419036, 43.623213 ], [ 25.43627, 43.626628 ], [ 25.436638, 43.62591 ], [ 25.437028, 43.625177 ], [ 25.432306, 43.624121 ], [ 25.409704, 43.619615 ], [ 25.408138, 43.61941 ], [ 25.406313, 43.619229 ], [ 25.403896, 43.619036 ], [ 25.400418, 43.618901 ], [ 25.397452, 43.61895 ], [ 25.393986, 43.61917 ], [ 25.390393, 43.619501 ], [ 25.384471, 43.620123 ], [ 25.382511, 43.620421 ], [ 25.381379, 43.620554 ], [ 25.380694, 43.620625 ], [ 25.379978, 43.620691 ], [ 25.379245, 43.62072 ], [ 25.378446, 43.620747 ], [ 25.37651, 43.620781 ], [ 25.36917, 43.621086 ], [ 25.36795, 43.621133 ], [ 25.364612, 43.621361 ], [ 25.363302, 43.621468 ], [ 25.362083, 43.621591 ], [ 25.360876, 43.621693 ], [ 25.359224, 43.621818 ], [ 25.357863, 43.621949 ], [ 25.355522, 43.622273 ], [ 25.352577, 43.622658 ], [ 25.35213, 43.622679 ], [ 25.351669, 43.622658 ], [ 25.351223, 43.622653 ], [ 25.349223, 43.622992 ], [ 25.340231, 43.625822 ], [ 25.340817, 43.62665 ], [ 25.347824, 43.624576 ], [ 25.347882, 43.624571 ], [ 25.347923, 43.624582 ], [ 25.347948, 43.624605 ], [ 25.34795, 43.624633 ], [ 25.347933, 43.624662 ], [ 25.346317, 43.627136 ], [ 25.345886, 43.627645 ], [ 25.345349, 43.628161 ], [ 25.344714, 43.628632 ], [ 25.338019, 43.633256 ], [ 25.336917, 43.633958 ], [ 25.3345, 43.635347 ], [ 25.332216, 43.636399 ], [ 25.330263, 43.637293 ], [ 25.327989, 43.63828 ], [ 25.325788, 43.639325 ], [ 25.323138, 43.640707 ], [ 25.320318, 43.642367 ], [ 25.313657, 43.646165 ], [ 25.312311, 43.646608 ], [ 25.310997, 43.646981 ], [ 25.303001, 43.648852 ], [ 25.300792, 43.649327 ], [ 25.298839, 43.649678 ], [ 25.297803, 43.649909 ], [ 25.297217, 43.650055 ], [ 25.296681, 43.650198 ], [ 25.296192, 43.650336 ], [ 25.295787, 43.65046 ], [ 25.296817, 43.651329 ] ] ] } },
{ "type": "Feature", "properties": { "DRVAL1": null, "OBJNAM": null, "NOBJNM": null, "TRAFIC": null, "INFORM": null, "SCAMIN": 90000 }, "geometry": { "type": "Polygon", "coordinates": [ [ [ 25.098789, 43.68655 ], [ 25.099359, 43.687427 ], [ 25.102565, 43.687406 ], [ 25.118659, 43.686911 ], [ 25.131788, 43.68664 ], [ 25.134463, 43.686677 ], [ 25.137122, 43.686932 ], [ 25.139172, 43.687247 ], [ 25.140633, 43.687492 ], [ 25.141545, 43.687715 ], [ 25.142037, 43.687858 ], [ 25.142647, 43.688034 ], [ 25.143471, 43.688305 ], [ 25.14406, 43.688534 ], [ 25.144716, 43.688781 ], [ 25.145481, 43.689096 ], [ 25.146204, 43.689427 ], [ 25.146795, 43.689763 ], [ 25.15015, 43.692122 ], [ 25.153114, 43.694448 ], [ 25.154594, 43.6956 ], [ 25.156158, 43.696661 ], [ 25.156847, 43.697055 ], [ 25.157639, 43.697434 ], [ 25.158619, 43.697797 ], [ 25.159599, 43.698072 ], [ 25.16115, 43.698525 ], [ 25.162358, 43.698837 ], [ 25.163135, 43.699028 ], [ 25.164261, 43.699288 ], [ 25.16559, 43.699561 ], [ 25.166914, 43.699836 ], [ 25.168912, 43.700212 ], [ 25.170345, 43.700423 ], [ 25.171715, 43.700574 ], [ 25.172813, 43.700702 ], [ 25.174059, 43.700811 ], [ 25.176959, 43.70108 ], [ 25.17898, 43.701235 ], [ 25.180246, 43.701293 ], [ 25.181738, 43.701351 ], [ 25.182449, 43.701351 ], [ 25.183192, 43.701332 ], [ 25.183986, 43.701264 ], [ 25.18474, 43.701177 ], [ 25.185911, 43.701003 ], [ 25.187702, 43.70066 ], [ 25.18892, 43.700378 ], [ 25.189113, 43.700334 ], [ 25.190756, 43.699869 ], [ 25.191489, 43.699646 ], [ 25.192097, 43.699462 ], [ 25.193305, 43.699113 ], [ 25.202699, 43.696187 ], [ 25.205459, 43.695304 ], [ 25.207736, 43.694662 ], [ 25.210443, 43.694103 ], [ 25.213742, 43.69362 ], [ 25.221284, 43.692468 ], [ 25.225825, 43.691852 ], [ 25.23199, 43.691278 ], [ 25.234738, 43.691047 ], [ 25.236729, 43.690794 ], [ 25.238862, 43.690439 ], [ 25.240461, 43.690122 ], [ 25.241785, 43.68985 ], [ 25.242835, 43.689617 ], [ 25.243856, 43.689398 ], [ 25.245012, 43.689123 ], [ 25.246023, 43.688819 ], [ 25.246803, 43.688558 ], [ 25.247463, 43.688256 ], [ 25.248086, 43.687873 ], [ 25.248736, 43.687407 ], [ 25.249173, 43.687061 ], [ 25.253045, 43.683627 ], [ 25.253595, 43.683172 ], [ 25.25416, 43.682718 ], [ 25.254503, 43.682422 ], [ 25.255174, 43.681893 ], [ 25.256099, 43.68128 ], [ 25.259266, 43.679216 ], [ 25.260218, 43.678649 ], [ 25.260633, 43.678337 ], [ 25.261205, 43.677873 ], [ 25.261795, 43.677301 ], [ 25.262724, 43.676344 ], [ 25.263792, 43.675369 ], [ 25.264278, 43.674902 ], [ 25.264777, 43.674451 ], [ 25.265149, 43.674107 ], [ 25.265375, 43.673865 ], [ 25.265783, 43.673441 ], [ 25.265991, 43.673212 ], [ 25.266204, 43.672956 ], [ 25.266454, 43.672603 ], [ 25.26675, 43.672183 ], [ 25.267078, 43.671702 ], [ 25.267474, 43.67112 ], [ 25.267747, 43.670723 ], [ 25.267968, 43.670384 ], [ 25.268201, 43.670057 ], [ 25.268399, 43.66984 ], [ 25.268697, 43.669558 ], [ 25.269166, 43.669142 ], [ 25.269649, 43.668695 ], [ 25.270085, 43.668296 ], [ 25.270655, 43.667779 ], [ 25.271012, 43.667453 ], [ 25.271509, 43.666925 ], [ 25.273512, 43.665068 ], [ 25.275029, 43.663627 ], [ 25.277281, 43.661776 ], [ 25.278237, 43.66109 ], [ 25.281046, 43.65933 ], [ 25.282724, 43.658299 ], [ 25.283439, 43.657886 ], [ 25.284073, 43.657562 ], [ 25.284708, 43.657232 ], [ 25.285875, 43.656707 ], [ 25.287504, 43.655971 ], [ 25.289095, 43.655273 ], [ 25.290468, 43.654727 ], [ 25.29144, 43.654324 ], [ 25.292692, 43.653837 ], [ 25.294659, 43.653183 ], [ 25.297806, 43.652194 ], [ 25.296817, 43.651329 ], [ 25.295787, 43.65046 ], [ 25.294114, 43.650965 ], [ 25.292784, 43.651393 ], [ 25.291492, 43.651826 ], [ 25.291219, 43.651898 ], [ 25.290891, 43.651949 ], [ 25.290495, 43.651978 ], [ 25.288086, 43.651937 ], [ 25.286409, 43.651916 ], [ 25.28475, 43.651906 ], [ 25.282227, 43.65184 ], [ 25.2805, 43.651792 ], [ 25.279604, 43.651754 ], [ 25.278375, 43.651709 ], [ 25.276746, 43.651608 ], [ 25.275107, 43.651442 ], [ 25.273872, 43.651314 ], [ 25.272657, 43.651207 ], [ 25.270012, 43.650877 ], [ 25.268234, 43.650642 ], [ 25.267157, 43.650476 ], [ 25.266102, 43.650306 ], [ 25.264979, 43.650157 ], [ 25.263477, 43.64997 ], [ 25.260847, 43.649613 ], [ 25.259873, 43.649471 ], [ 25.258811, 43.649308 ], [ 25.25771, 43.649149 ], [ 25.257016, 43.649045 ], [ 25.256196, 43.648914 ], [ 25.255141, 43.648758 ], [ 25.254094, 43.648626 ], [ 25.253029, 43.648481 ], [ 25.252359, 43.648373 ], [ 25.251464, 43.648218 ], [ 25.250767, 43.648062 ], [ 25.249514, 43.647833 ], [ 25.248479, 43.64766 ], [ 25.247691, 43.647542 ], [ 25.246739, 43.647393 ], [ 25.245677, 43.647193 ], [ 25.244729, 43.647016 ], [ 25.243464, 43.64677 ], [ 25.242936, 43.646687 ], [ 25.241947, 43.646524 ], [ 25.240951, 43.646351 ], [ 25.239756, 43.646095 ], [ 25.238182, 43.645717 ], [ 25.231786, 43.644332 ], [ 25.230667, 43.644138 ], [ 25.229871, 43.644034 ], [ 25.229062, 43.643961 ], [ 25.227929, 43.643885 ], [ 25.227177, 43.643847 ], [ 25.226489, 43.643823 ], [ 25.225662, 43.643802 ], [ 25.225075, 43.643792 ], [ 25.22457, 43.643722 ], [ 25.223895, 43.643587 ], [ 25.222871, 43.643373 ], [ 25.221696, 43.643116 ], [ 25.220958, 43.642971 ], [ 25.220114, 43.642801 ], [ 25.219409, 43.642676 ], [ 25.218772, 43.642545 ], [ 25.218323, 43.642431 ], [ 25.217712, 43.64224 ], [ 25.217047, 43.642025 ], [ 25.21634, 43.641807 ], [ 25.215877, 43.641651 ], [ 25.215295, 43.641395 ], [ 25.214772, 43.64116 ], [ 25.214191, 43.640948 ], [ 25.213432, 43.640657 ], [ 25.212853, 43.640349 ], [ 25.21182, 43.639691 ], [ 25.210814, 43.640397 ], [ 25.2131, 43.641748 ], [ 25.213948, 43.64222 ], [ 25.214866, 43.642704 ], [ 25.215784, 43.643106 ], [ 25.216561, 43.643411 ], [ 25.217425, 43.643709 ], [ 25.218292, 43.643944 ], [ 25.219413, 43.644152 ], [ 25.220919, 43.644387 ], [ 25.222084, 43.644568 ], [ 25.223211, 43.644741 ], [ 25.224318, 43.6449 ], [ 25.225264, 43.644983 ], [ 25.226105, 43.645038 ], [ 25.226996, 43.645018 ], [ 25.227988, 43.644997 ], [ 25.228846, 43.645011 ], [ 25.229622, 43.645059 ], [ 25.230179, 43.645136 ], [ 25.231084, 43.645281 ], [ 25.231948, 43.645468 ], [ 25.233225, 43.645752 ], [ 25.234291, 43.646001 ], [ 25.235169, 43.646209 ], [ 25.236196, 43.646445 ], [ 25.23731, 43.64668 ], [ 25.238275, 43.646874 ], [ 25.238856, 43.646992 ], [ 25.240031, 43.647234 ], [ 25.241304, 43.647491 ], [ 25.242587, 43.647761 ], [ 25.243734, 43.647996 ], [ 25.244612, 43.648169 ], [ 25.245649, 43.648377 ], [ 25.246607, 43.648557 ], [ 25.247708, 43.648772 ], [ 25.248525, 43.648924 ], [ 25.249629, 43.649132 ], [ 25.250656, 43.649305 ], [ 25.25175, 43.649471 ], [ 25.253046, 43.649651 ], [ 25.254234, 43.649818 ], [ 25.255406, 43.649998 ], [ 25.25706, 43.650282 ], [ 25.258644, 43.650531 ], [ 25.260157, 43.650739 ], [ 25.261264, 43.650877 ], [ 25.26301, 43.651106 ], [ 25.264401, 43.6513 ], [ 25.265555, 43.651452 ], [ 25.267098, 43.65166 ], [ 25.268685, 43.651882 ], [ 25.270397, 43.652138 ], [ 25.272068, 43.652353 ], [ 25.273473, 43.652533 ], [ 25.274231, 43.652613 ], [ 25.274891, 43.652658 ], [ 25.276232, 43.652748 ], [ 25.277098, 43.652775 ], [ 25.278114, 43.652793 ], [ 25.279108, 43.652814 ], [ 25.279979, 43.652862 ], [ 25.280533, 43.652893 ], [ 25.281371, 43.652963 ], [ 25.282925, 43.653111 ], [ 25.2854, 43.653316 ], [ 25.287388, 43.653457 ], [ 25.285328, 43.654385 ], [ 25.284408, 43.654848 ], [ 25.283659, 43.655244 ], [ 25.283299, 43.655462 ], [ 25.282796, 43.655774 ], [ 25.282114, 43.656204 ], [ 25.281294, 43.656719 ], [ 25.280339, 43.657287 ], [ 25.279358, 43.657838 ], [ 25.278303, 43.658389 ], [ 25.277397, 43.658813 ], [ 25.276515, 43.6593 ], [ 25.275895, 43.659733 ], [ 25.275088, 43.660365 ], [ 25.274058, 43.661277 ], [ 25.271293, 43.663678 ], [ 25.26821, 43.666492 ], [ 25.267842, 43.666866 ], [ 25.267562, 43.667206 ], [ 25.267222, 43.667672 ], [ 25.266941, 43.668133 ], [ 25.26668, 43.668666 ], [ 25.266355, 43.669402 ], [ 25.266215, 43.66989 ], [ 25.266042, 43.670437 ], [ 25.265753, 43.671094 ], [ 25.265414, 43.671802 ], [ 25.265146, 43.672224 ], [ 25.264516, 43.672882 ], [ 25.263666, 43.673721 ], [ 25.263112, 43.674241 ], [ 25.262173, 43.675099 ], [ 25.261659, 43.675562 ], [ 25.260871, 43.676224 ], [ 25.260316, 43.676749 ], [ 25.259762, 43.677267 ], [ 25.259045, 43.677868 ], [ 25.258615, 43.678187 ], [ 25.257747, 43.678692 ], [ 25.256583, 43.679441 ], [ 25.255696, 43.680021 ], [ 25.254537, 43.680811 ], [ 25.253108, 43.681687 ], [ 25.252282, 43.682193 ], [ 25.251852, 43.682482 ], [ 25.251318, 43.682857 ], [ 25.250773, 43.68333 ], [ 25.249862, 43.684141 ], [ 25.248973, 43.684849 ], [ 25.247988, 43.685648 ], [ 25.247078, 43.686355 ], [ 25.246343, 43.686818 ], [ 25.245574, 43.68719 ], [ 25.244535, 43.687572 ], [ 25.242179, 43.68827 ], [ 25.240623, 43.688687 ], [ 25.23897, 43.688985 ], [ 25.237059, 43.68924 ], [ 25.233187, 43.689665 ], [ 25.231561, 43.68975 ], [ 25.229918, 43.689714 ], [ 25.228049, 43.689744 ], [ 25.226095, 43.68992 ], [ 25.222273, 43.690357 ], [ 25.216372, 43.691134 ], [ 25.211343, 43.691984 ], [ 25.207856, 43.692664 ], [ 25.204202, 43.693611 ], [ 25.197932, 43.695456 ], [ 25.192014, 43.697241 ], [ 25.188762, 43.69831 ], [ 25.186951, 43.698674 ], [ 25.184739, 43.699005 ], [ 25.182207, 43.699188 ], [ 25.179592, 43.699248 ], [ 25.177328, 43.699163 ], [ 25.173723, 43.698969 ], [ 25.171259, 43.698726 ], [ 25.16928, 43.698508 ], [ 25.167377, 43.6982 ], [ 25.165785, 43.697851 ], [ 25.164562, 43.69757 ], [ 25.162181, 43.697014 ], [ 25.161263, 43.696767 ], [ 25.160482, 43.696526 ], [ 25.158913, 43.695874 ], [ 25.157287, 43.695116 ], [ 25.15585, 43.694163 ], [ 25.154398, 43.692987 ], [ 25.153001, 43.69182 ], [ 25.15104, 43.690577 ], [ 25.14687, 43.688153 ], [ 25.14419, 43.686887 ], [ 25.143773, 43.686732 ], [ 25.143314, 43.686584 ], [ 25.142602, 43.686385 ], [ 25.141825, 43.686228 ], [ 25.140639, 43.686054 ], [ 25.138924, 43.685868 ], [ 25.136865, 43.685697 ], [ 25.134774, 43.685569 ], [ 25.132442, 43.685494 ], [ 25.130247, 43.685474 ], [ 25.127659, 43.685537 ], [ 25.120328, 43.685584 ], [ 25.098214, 43.685607 ], [ 25.098789, 43.68655 ] ] ] } },
{ "type": "Feature", "properties": { "DRVAL1": null, "OBJNAM": null, "NOBJNM": null, "TRAFIC": null, "INFORM": null, "SCAMIN": 90000 }, "geometry": { "type": "Polygon", "coordinates": [ [ [ 24.931724, 43.717412 ], [ 24.93198, 43.71745 ], [ 24.93302, 43.7176 ], [ 24.93515, 43.71794 ], [ 24.936344, 43.718139 ], [ 24.93731, 43.7183 ], [ 24.938371, 43.718519 ], [ 24.939435, 43.718752 ], [ 24.941781, 43.719378 ], [ 24.944866, 43.720177 ], [ 24.947072, 43.720885 ], [ 24.949497, 43.721679 ], [ 24.951025, 43.722172 ], [ 24.952921, 43.722798 ], [ 24.955038, 43.723521 ], [ 24.957124, 43.724185 ], [ 24.959228, 43.724782 ], [ 24.96042, 43.725138 ], [ 24.961161, 43.725349 ], [ 24.961389, 43.725406 ], [ 24.961627, 43.725453 ], [ 24.962791, 43.725588 ], [ 24.964812, 43.725762 ], [ 24.966462, 43.725866 ], [ 24.967619, 43.725899 ], [ 24.968611, 43.725884 ], [ 24.969645, 43.725817 ], [ 24.970577, 43.725711 ], [ 24.971248, 43.725606 ], [ 24.971709, 43.725486 ], [ 24.972898, 43.725062 ], [ 24.974165, 43.724564 ], [ 24.975375, 43.724092 ], [ 24.976572, 43.723634 ], [ 24.977371, 43.72329 ], [ 24.977811, 43.723068 ], [ 24.97858, 43.722619 ], [ 24.979061, 43.722321 ], [ 24.979582, 43.722037 ], [ 24.980298, 43.721677 ], [ 24.981282, 43.721206 ], [ 24.982006, 43.720888 ], [ 24.982712, 43.720575 ], [ 24.983484, 43.720261 ], [ 24.98497, 43.719653 ], [ 24.98707, 43.71889 ], [ 24.98861, 43.71839 ], [ 24.99091, 43.71767 ], [ 24.99168, 43.71742 ], [ 24.99245, 43.71718 ], [ 24.99246, 43.71718 ], [ 24.99476, 43.71643 ], [ 24.99551, 43.71618 ], [ 24.99552, 43.71617 ], [ 24.99626, 43.71592 ], [ 24.99627, 43.71592 ], [ 24.997, 43.71567 ], [ 25.007037, 43.711969 ], [ 25.010352, 43.711 ], [ 25.012028, 43.710613 ], [ 25.013702, 43.71026 ], [ 25.015715, 43.70986 ], [ 25.016648, 43.709713 ], [ 25.017581, 43.709568 ], [ 25.018514, 43.709426 ], [ 25.019448, 43.70929 ], [ 25.020382, 43.70916 ], [ 25.021318, 43.709038 ], [ 25.022255, 43.708925 ], [ 25.023193, 43.708819 ], [ 25.024131, 43.708717 ], [ 25.02507, 43.708619 ], [ 25.026009, 43.708523 ], [ 25.026948, 43.708426 ], [ 25.027887, 43.708328 ], [ 25.028825, 43.708228 ], [ 25.029764, 43.708128 ], [ 25.03061, 43.707983 ], [ 25.03135, 43.707781 ], [ 25.031951, 43.707564 ], [ 25.034396, 43.70661 ], [ 25.038137, 43.705121 ], [ 25.042037, 43.703424 ], [ 25.049897, 43.69989 ], [ 25.050245, 43.699733 ], [ 25.054902, 43.697361 ], [ 25.055198, 43.69721 ], [ 25.056779, 43.696441 ], [ 25.05827, 43.695759 ], [ 25.059302, 43.695289 ], [ 25.060772, 43.694713 ], [ 25.063284, 43.693879 ], [ 25.065778, 43.693129 ], [ 25.067936, 43.692423 ], [ 25.070946, 43.691537 ], [ 25.074214, 43.690681 ], [ 25.077196, 43.69003 ], [ 25.079677, 43.689469 ], [ 25.081117, 43.689196 ], [ 25.082493, 43.688984 ], [ 25.085131, 43.688643 ], [ 25.088551, 43.688249 ], [ 25.092868, 43.687764 ], [ 25.095777, 43.687559 ], [ 25.099359, 43.687427 ], [ 25.098789, 43.68655 ], [ 25.098214, 43.685607 ], [ 25.095171, 43.68568 ], [ 25.091834, 43.685879 ], [ 25.086143, 43.68647 ], [ 25.08247, 43.68688 ], [ 25.081631, 43.686967 ], [ 25.080799, 43.687071 ], [ 25.079915, 43.68719 ], [ 25.078854, 43.687359 ], [ 25.073948, 43.688303 ], [ 25.071085, 43.688982 ], [ 25.069503, 43.689358 ], [ 25.068251, 43.689703 ], [ 25.067028, 43.6901 ], [ 25.065815, 43.690552 ], [ 25.051929, 43.6964 ], [ 25.030522, 43.7056 ], [ 25.028771, 43.706345 ], [ 25.027306, 43.706885 ], [ 25.026269, 43.707119 ], [ 25.025075, 43.707287 ], [ 25.023538, 43.707434 ], [ 25.021575, 43.707582 ], [ 25.020473, 43.707689 ], [ 25.019649, 43.707783 ], [ 25.018382, 43.707949 ], [ 25.017682, 43.708039 ], [ 25.014965, 43.708427 ], [ 25.013475, 43.708646 ], [ 25.012606, 43.708784 ], [ 25.011728, 43.708951 ], [ 25.010644, 43.709189 ], [ 25.009706, 43.709405 ], [ 25.008515, 43.709694 ], [ 25.007592, 43.709938 ], [ 25.005231, 43.710679 ], [ 24.99666, 43.7138 ], [ 24.99594, 43.71404 ], [ 24.99373, 43.71479 ], [ 24.99221, 43.71529 ], [ 24.986882, 43.717208 ], [ 24.985553, 43.717726 ], [ 24.984195, 43.718243 ], [ 24.981985, 43.719116 ], [ 24.979238, 43.720315 ], [ 24.976206, 43.721636 ], [ 24.973751, 43.722673 ], [ 24.972541, 43.72317 ], [ 24.971787, 43.72345 ], [ 24.971441, 43.723539 ], [ 24.971091, 43.723621 ], [ 24.970744, 43.723672 ], [ 24.970375, 43.723689 ], [ 24.969914, 43.723684 ], [ 24.969289, 43.723648 ], [ 24.968207, 43.723515 ], [ 24.96711, 43.723352 ], [ 24.964398, 43.722852 ], [ 24.959549, 43.72178 ], [ 24.957353, 43.721269 ], [ 24.94144, 43.71742 ], [ 24.94044, 43.71723 ], [ 24.93942, 43.71705 ], [ 24.93838, 43.71686 ], [ 24.93731, 43.71668 ], [ 24.93515, 43.71632 ], [ 24.93302, 43.71598 ], [ 24.93198, 43.71583 ], [ 24.931842, 43.715809 ], [ 24.931783, 43.71661 ], [ 24.931724, 43.717412 ] ] ] } },
{ "type": "Feature", "properties": { "DRVAL1": null, "OBJNAM": null, "NOBJNM": null, "TRAFIC": null, "INFORM": null, "SCAMIN": 90000 }, "geometry": { "type": "Polygon", "coordinates": [ [ [ 24.931724, 43.717412 ], [ 24.931783, 43.71661 ], [ 24.931842, 43.715809 ], [ 24.93098, 43.71568 ], [ 24.93001, 43.71554 ], [ 24.92907, 43.71542 ], [ 24.92565, 43.71496 ], [ 24.92486, 43.71486 ], [ 24.92336, 43.71464 ], [ 24.92263, 43.71452 ], [ 24.92123, 43.71428 ], [ 24.91918, 43.71389 ], [ 24.9185, 43.71374 ], [ 24.91782, 43.7136 ], [ 24.91713, 43.71344 ], [ 24.915717, 43.713127 ], [ 24.91353, 43.71261 ], [ 24.9103, 43.71187 ], [ 24.9086, 43.71151 ], [ 24.9069, 43.71117 ], [ 24.90606, 43.71102 ], [ 24.90523, 43.71088 ], [ 24.90441, 43.71075 ], [ 24.90275, 43.71051 ], [ 24.90105, 43.71029 ], [ 24.90017, 43.71018 ], [ 24.8983, 43.70996 ], [ 24.89732, 43.70984 ], [ 24.89632, 43.70971 ], [ 24.8953, 43.70959 ], [ 24.89224, 43.7092 ], [ 24.89125, 43.70907 ], [ 24.89027, 43.70894 ], [ 24.88932, 43.70882 ], [ 24.88839, 43.70869 ], [ 24.88748, 43.70857 ], [ 24.88659, 43.70844 ], [ 24.8857, 43.70832 ], [ 24.88312, 43.70799 ], [ 24.88061, 43.70769 ], [ 24.87978, 43.70761 ], [ 24.87896, 43.70752 ], [ 24.87814, 43.70744 ], [ 24.87651, 43.7073 ], [ 24.8749, 43.70718 ], [ 24.874606, 43.707165 ], [ 24.873315, 43.70709 ], [ 24.87331, 43.70709 ], [ 24.87252, 43.70706 ], [ 24.87175, 43.70703 ], [ 24.87098, 43.70701 ], [ 24.86949, 43.70699 ], [ 24.86729, 43.70702 ], [ 24.86657, 43.70704 ], [ 24.86511, 43.7071 ], [ 24.86365, 43.70718 ], [ 24.86215, 43.70728 ], [ 24.86139, 43.70734 ], [ 24.85983, 43.70748 ], [ 24.85831, 43.70765 ], [ 24.8574, 43.70776 ], [ 24.85579, 43.70798 ], [ 24.85302, 43.70839 ], [ 24.85159, 43.70863 ], [ 24.85122, 43.7087 ], [ 24.85089, 43.70877 ], [ 24.85059, 43.70882 ], [ 24.85005, 43.70894 ], [ 24.84979, 43.70899 ], [ 24.84873, 43.70923 ], [ 24.84816, 43.70935 ], [ 24.84755, 43.70949 ], [ 24.84689, 43.70963 ], [ 24.84621, 43.70979 ], [ 24.84587, 43.70986 ], [ 24.84519, 43.71002 ], [ 24.84359, 43.71042 ], [ 24.84326, 43.71051 ], [ 24.84293, 43.71061 ], [ 24.84258, 43.71071 ], [ 24.84223, 43.71082 ], [ 24.84185, 43.71093 ], [ 24.84108, 43.71117 ], [ 24.84028, 43.71139 ], [ 24.83987, 43.71149 ], [ 24.83945, 43.71158 ], [ 24.83904, 43.71166 ], [ 24.83863, 43.71173 ], [ 24.83821, 43.71179 ], [ 24.83779, 43.71184 ], [ 24.83737, 43.71188 ], [ 24.83653, 43.71194 ], [ 24.83611, 43.71196 ], [ 24.83485, 43.71199 ], [ 24.83313, 43.71199 ], [ 24.83269, 43.71198 ], [ 24.83226, 43.71198 ], [ 24.83181, 43.71197 ], [ 24.83136, 43.71197 ], [ 24.82997, 43.71194 ], [ 24.8285, 43.71188 ], [ 24.82745, 43.71182 ], [ 24.82692, 43.71178 ], [ 24.82637, 43.71173 ], [ 24.8258, 43.71169 ], [ 24.82523, 43.71163 ], [ 24.82465, 43.71158 ], [ 24.82281, 43.71137 ], [ 24.82216, 43.71129 ], [ 24.82149, 43.7112 ], [ 24.82009, 43.711 ], [ 24.81859, 43.71076 ], [ 24.8178, 43.71062 ], [ 24.81701, 43.71049 ], [ 24.81622, 43.71034 ], [ 24.81466, 43.71006 ], [ 24.81322, 43.70979 ], [ 24.81255, 43.70966 ], [ 24.81193, 43.70953 ], [ 24.81133, 43.70941 ], [ 24.81017, 43.70917 ], [ 24.80901, 43.70891 ], [ 24.80841, 43.70876 ], [ 24.80778, 43.70861 ], [ 24.80646, 43.70827 ], [ 24.80577, 43.70808 ], [ 24.80508, 43.7079 ], [ 24.80439, 43.70771 ], [ 24.80301, 43.70732 ], [ 24.80167, 43.70692 ], [ 24.80101, 43.70672 ], [ 24.80035, 43.70651 ], [ 24.79969, 43.70629 ], [ 24.79903, 43.70606 ], [ 24.79836, 43.70582 ], [ 24.79697, 43.70527 ], [ 24.79626, 43.70497 ], [ 24.79478, 43.70432 ], [ 24.793413, 43.703564 ], [ 24.789404, 43.701483 ], [ 24.78483, 43.698904 ], [ 24.782508, 43.697355 ], [ 24.779736, 43.695446 ], [ 24.778713, 43.694713 ], [ 24.776798, 43.693454 ], [ 24.774984, 43.692314 ], [ 24.773946, 43.691787 ], [ 24.77265, 43.691301 ], [ 24.771343, 43.690921 ], [ 24.769861, 43.69048 ], [ 24.762417, 43.688585 ], [ 24.752547, 43.685876 ], [ 24.749834, 43.685231 ], [ 24.74728, 43.684764 ], [ 24.744521, 43.68435 ], [ 24.742286, 43.684069 ], [ 24.735412, 43.683274 ], [ 24.735727, 43.684209 ], [ 24.736041, 43.685179 ], [ 24.738756, 43.685324 ], [ 24.742734, 43.685684 ], [ 24.745205, 43.685945 ], [ 24.748582, 43.686617 ], [ 24.756402, 43.688563 ], [ 24.771639, 43.691961 ], [ 24.772386, 43.692163 ], [ 24.773228, 43.69251 ], [ 24.774618, 43.693189 ], [ 24.775253, 43.693532 ], [ 24.776101, 43.694113 ], [ 24.777913, 43.695445 ], [ 24.779135, 43.696433 ], [ 24.781962, 43.698966 ], [ 24.782777, 43.699676 ], [ 24.783618, 43.700321 ], [ 24.784167, 43.700678 ], [ 24.784562, 43.700918 ], [ 24.785147, 43.701294 ], [ 24.786009, 43.701742 ], [ 24.787057, 43.702269 ], [ 24.792444, 43.704902 ], [ 24.793262, 43.705289 ], [ 24.794002, 43.705624 ], [ 24.794794, 43.705979 ], [ 24.79626, 43.70659 ], [ 24.79697, 43.70689 ], [ 24.79836, 43.70744 ], [ 24.79903, 43.70768 ], [ 24.79969, 43.70791 ], [ 24.80035, 43.70813 ], [ 24.80101, 43.70834 ], [ 24.80301, 43.70894 ], [ 24.80439, 43.70933 ], [ 24.80508, 43.70952 ], [ 24.80577, 43.7097 ], [ 24.80646, 43.70989 ], [ 24.80778, 43.71023 ], [ 24.80841, 43.71038 ], [ 24.80901, 43.71053 ], [ 24.81017, 43.71079 ], [ 24.81255, 43.71128 ], [ 24.81322, 43.71141 ], [ 24.81466, 43.71168 ], [ 24.81622, 43.71196 ], [ 24.81701, 43.71211 ], [ 24.8178, 43.71224 ], [ 24.81859, 43.71238 ], [ 24.82009, 43.71262 ], [ 24.82149, 43.71282 ], [ 24.82216, 43.71291 ], [ 24.82281, 43.71299 ], [ 24.82465, 43.7132 ], [ 24.82523, 43.71325 ], [ 24.8258, 43.71331 ], [ 24.82637, 43.71335 ], [ 24.82692, 43.7134 ], [ 24.82745, 43.71344 ], [ 24.8285, 43.7135 ], [ 24.82997, 43.71356 ], [ 24.83136, 43.71359 ], [ 24.83181, 43.71359 ], [ 24.83226, 43.7136 ], [ 24.83269, 43.7136 ], [ 24.83313, 43.71361 ], [ 24.83485, 43.71361 ], [ 24.83611, 43.71358 ], [ 24.83653, 43.71356 ], [ 24.83737, 43.7135 ], [ 24.83779, 43.71346 ], [ 24.83821, 43.71341 ], [ 24.83863, 43.71335 ], [ 24.83904, 43.71328 ], [ 24.83945, 43.7132 ], [ 24.83987, 43.71311 ], [ 24.84028, 43.71301 ], [ 24.84108, 43.71279 ], [ 24.84185, 43.71255 ], [ 24.84223, 43.71244 ], [ 24.84258, 43.71233 ], [ 24.84326, 43.71213 ], [ 24.84359, 43.71204 ], [ 24.84519, 43.71164 ], [ 24.84587, 43.71148 ], [ 24.84621, 43.71141 ], [ 24.84689, 43.71125 ], [ 24.84755, 43.71111 ], [ 24.84816, 43.71097 ], [ 24.84873, 43.71085 ], [ 24.84979, 43.71061 ], [ 24.85005, 43.71056 ], [ 24.85059, 43.71044 ], [ 24.85089, 43.71039 ], [ 24.85122, 43.71032 ], [ 24.85159, 43.71025 ], [ 24.85302, 43.71001 ], [ 24.85579, 43.7096 ], [ 24.8574, 43.70938 ], [ 24.858553, 43.709243 ], [ 24.85983, 43.7091 ], [ 24.86139, 43.70896 ], [ 24.86215, 43.7089 ], [ 24.86365, 43.7088 ], [ 24.86511, 43.70872 ], [ 24.86657, 43.70866 ], [ 24.86729, 43.70864 ], [ 24.86949, 43.70861 ], [ 24.87098, 43.70863 ], [ 24.87175, 43.70865 ], [ 24.87331, 43.70871 ], [ 24.8741, 43.70876 ], [ 24.8749, 43.7088 ], [ 24.87651, 43.70892 ], [ 24.877129, 43.708973 ], [ 24.87814, 43.70906 ], [ 24.87896, 43.70914 ], [ 24.87978, 43.70923 ], [ 24.88061, 43.70931 ], [ 24.88312, 43.70961 ], [ 24.8857, 43.70994 ], [ 24.88659, 43.71006 ], [ 24.88748, 43.71019 ], [ 24.88839, 43.71031 ], [ 24.88932, 43.71044 ], [ 24.89027, 43.71056 ], [ 24.89224, 43.71082 ], [ 24.89325, 43.71095 ], [ 24.89385, 43.711026 ], [ 24.8953, 43.71121 ], [ 24.89632, 43.71133 ], [ 24.89732, 43.71146 ], [ 24.8983, 43.71158 ], [ 24.90017, 43.7118 ], [ 24.90191, 43.71202 ], [ 24.90275, 43.71213 ], [ 24.90441, 43.71237 ], [ 24.90523, 43.7125 ], [ 24.90606, 43.71264 ], [ 24.9069, 43.71279 ], [ 24.9086, 43.71313 ], [ 24.9103, 43.71349 ], [ 24.91353, 43.71423 ], [ 24.915717, 43.714747 ], [ 24.91644, 43.71491 ], [ 24.91713, 43.71506 ], [ 24.91782, 43.71522 ], [ 24.9185, 43.71536 ], [ 24.91918, 43.71551 ], [ 24.92123, 43.7159 ], [ 24.92192, 43.71602 ], [ 24.92336, 43.71626 ], [ 24.92486, 43.71648 ], [ 24.92565, 43.71658 ], [ 24.92907, 43.71704 ], [ 24.93001, 43.71716 ], [ 24.93098, 43.7173 ], [ 24.931724, 43.717412 ] ] ] } },
{ "type": "Feature", "properties": { "DRVAL1": null, "OBJNAM": null, "NOBJNM": null, "TRAFIC": null, "INFORM": null, "SCAMIN": 90000 }, "geometry": { "type": "Polygon", "coordinates": [ [ [ 28.045724, 44.311932 ], [ 28.04586, 44.312034 ], [ 28.046046, 44.312059 ], [ 28.046025, 44.312051 ], [ 28.046058, 44.312009 ], [ 28.04608, 44.312018 ], [ 28.046077, 44.312022 ], [ 28.046085, 44.312025 ], [ 28.046107, 44.311999 ], [ 28.046094, 44.311993 ], [ 28.046106, 44.311979 ], [ 28.046119, 44.311977 ], [ 28.04617, 44.31191 ], [ 28.046168, 44.311898 ], [ 28.046187, 44.311875 ], [ 28.046172, 44.311869 ], [ 28.046171, 44.31186 ], [ 28.046177, 44.311854 ], [ 28.046182, 44.311856 ], [ 28.046191, 44.311844 ], [ 28.046186, 44.311841 ], [ 28.046273, 44.311744 ], [ 28.046325, 44.311687 ], [ 28.046133, 44.311687 ], [ 28.045943, 44.311687 ], [ 28.04591, 44.31173 ], [ 28.045901, 44.311727 ], [ 28.045877, 44.311759 ], [ 28.045865, 44.311754 ], [ 28.045841, 44.311782 ], [ 28.045829, 44.311785 ], [ 28.045784, 44.311842 ], [ 28.045787, 44.31185 ], [ 28.04577, 44.31187 ], [ 28.045755, 44.311864 ], [ 28.045734, 44.311891 ], [ 28.045759, 44.3119 ], [ 28.045762, 44.311896 ], [ 28.045779, 44.311902 ], [ 28.045748, 44.311942 ], [ 28.045724, 44.311932 ] ] ] } },
{ "type": "Feature", "properties": { "DRVAL1": null, "OBJNAM": null, "NOBJNM": null, "TRAFIC": null, "INFORM": null, "SCAMIN": 90000 }, "geometry": { "type": "Polygon", "coordinates": [ [ [ 28.046294, 44.312081 ], [ 28.046478, 44.312111 ], [ 28.04661, 44.3122 ], [ 28.046628, 44.312179 ], [ 28.04664, 44.31218 ], [ 28.046697, 44.312111 ], [ 28.04671, 44.31208 ], [ 28.046689, 44.312072 ], [ 28.046697, 44.312061 ], [ 28.046709, 44.312066 ], [ 28.046719, 44.312053 ], [ 28.046707, 44.312049 ], [ 28.046727, 44.312023 ], [ 28.046799, 44.312052 ], [ 28.046805, 44.312045 ], [ 28.046792, 44.312041 ], [ 28.046831, 44.311992 ], [ 28.046832, 44.31199 ], [ 28.046844, 44.311995 ], [ 28.046851, 44.311985 ], [ 28.046797, 44.311963 ], [ 28.046801, 44.311958 ], [ 28.046782, 44.311951 ], [ 28.046804, 44.311922 ], [ 28.047012, 44.311689 ], [ 28.04681, 44.311689 ], [ 28.046621, 44.311689 ], [ 28.046552, 44.311794 ], [ 28.046522, 44.311832 ], [ 28.046497, 44.311859 ], [ 28.046475, 44.311853 ], [ 28.046471, 44.311858 ], [ 28.046438, 44.311902 ], [ 28.046436, 44.311906 ], [ 28.046445, 44.311909 ], [ 28.046405, 44.311962 ], [ 28.0464, 44.31196 ], [ 28.04636, 44.31198 ], [ 28.04635, 44.31198 ], [ 28.046295, 44.312047 ], [ 28.046308, 44.312053 ], [ 28.04631, 44.31206 ], [ 28.046294, 44.312081 ] ] ] } },
{ "type": "Feature", "properties": { "DRVAL1": null, "OBJNAM": null, "NOBJNM": null, "TRAFIC": null, "INFORM": null, "SCAMIN": 90000 }, "geometry": { "type": "Polygon", "coordinates": [ [ [ 28.024965, 44.367026 ], [ 28.024973, 44.367026 ], [ 28.026132, 44.36701 ], [ 28.026189, 44.367009 ], [ 28.026147, 44.366942 ], [ 28.026089, 44.366847 ], [ 28.026031, 44.366751 ], [ 28.025974, 44.366656 ], [ 28.025918, 44.36656 ], [ 28.025862, 44.366464 ], [ 28.025807, 44.366368 ], [ 28.025753, 44.366272 ], [ 28.025699, 44.366175 ], [ 28.025646, 44.366079 ], [ 28.025594, 44.365982 ], [ 28.025542, 44.365885 ], [ 28.025491, 44.365788 ], [ 28.025441, 44.36569 ], [ 28.025391, 44.365593 ], [ 28.025342, 44.365495 ], [ 28.025294, 44.365397 ], [ 28.025246, 44.365299 ], [ 28.025199, 44.365201 ], [ 28.025152, 44.365103 ], [ 28.025106, 44.365004 ], [ 28.025061, 44.364905 ], [ 28.025017, 44.364807 ], [ 28.024973, 44.364708 ], [ 28.02493, 44.364609 ], [ 28.024888, 44.364509 ], [ 28.024846, 44.36441 ], [ 28.024805, 44.36431 ], [ 28.024765, 44.36421 ], [ 28.024725, 44.364111 ], [ 28.024686, 44.36401 ], [ 28.024648, 44.36391 ], [ 28.02461, 44.36381 ], [ 28.024573, 44.36371 ], [ 28.024537, 44.363609 ], [ 28.024501, 44.363509 ], [ 28.024466, 44.363408 ], [ 28.024432, 44.363307 ], [ 28.024399, 44.363206 ], [ 28.024366, 44.363104 ], [ 28.024334, 44.363003 ], [ 28.024303, 44.362902 ], [ 28.024272, 44.3628 ], [ 28.024242, 44.362699 ], [ 28.024213, 44.362597 ], [ 28.024183, 44.362495 ], [ 28.024154, 44.362394 ], [ 28.024125, 44.362292 ], [ 28.024096, 44.36219 ], [ 28.024068, 44.362088 ], [ 28.024039, 44.361987 ], [ 28.02401, 44.361885 ], [ 28.023981, 44.361783 ], [ 28.023952, 44.361681 ], [ 28.023923, 44.361579 ], [ 28.023894, 44.361478 ], [ 28.023865, 44.361376 ], [ 28.023837, 44.361274 ], [ 28.023808, 44.361172 ], [ 28.023779, 44.361071 ], [ 28.02375, 44.360969 ], [ 28.023721, 44.360867 ], [ 28.023692, 44.360765 ], [ 28.023663, 44.360664 ], [ 28.023634, 44.360562 ], [ 28.023605, 44.36046 ], [ 28.023576, 44.360358 ], [ 28.023547, 44.360257 ], [ 28.023519, 44.360155 ], [ 28.02349, 44.360053 ], [ 28.023461, 44.359951 ], [ 28.023432, 44.35985 ], [ 28.023403, 44.359748 ], [ 28.023374, 44.359646 ], [ 28.023345, 44.359544 ], [ 28.023316, 44.359443 ], [ 28.023287, 44.359341 ], [ 28.023259, 44.359239 ], [ 28.02323, 44.359137 ], [ 28.023201, 44.359035 ], [ 28.023172, 44.358934 ], [ 28.023143, 44.358832 ], [ 28.023114, 44.35873 ], [ 28.023085, 44.358628 ], [ 28.023056, 44.358527 ], [ 28.023028, 44.358425 ], [ 28.022998, 44.358323 ], [ 28.02297, 44.358221 ], [ 28.022941, 44.35812 ], [ 28.022912, 44.358018 ], [ 28.022883, 44.357916 ], [ 28.022854, 44.357814 ], [ 28.022825, 44.357713 ], [ 28.022796, 44.357611 ], [ 28.022767, 44.357509 ], [ 28.022738, 44.357407 ], [ 28.02271, 44.357306 ], [ 28.022681, 44.357204 ], [ 28.022652, 44.357102 ], [ 28.022623, 44.357 ], [ 28.022594, 44.356898 ], [ 28.022565, 44.356797 ], [ 28.022536, 44.356695 ], [ 28.022507, 44.356593 ], [ 28.022478, 44.356491 ], [ 28.02245, 44.35639 ], [ 28.022421, 44.356288 ], [ 28.022392, 44.356186 ], [ 28.022363, 44.356084 ], [ 28.022334, 44.355983 ], [ 28.022305, 44.355881 ], [ 28.022276, 44.355779 ], [ 28.022247, 44.355677 ], [ 28.022218, 44.355576 ], [ 28.02219, 44.355474 ], [ 28.022161, 44.355372 ], [ 28.022132, 44.35527 ], [ 28.022103, 44.355169 ], [ 28.022074, 44.355067 ], [ 28.022045, 44.354965 ], [ 28.022016, 44.354863 ], [ 28.021987, 44.354762 ], [ 28.021958, 44.35466 ], [ 28.02193, 44.354558 ], [ 28.021901, 44.354456 ], [ 28.021872, 44.354354 ], [ 28.021843, 44.354253 ], [ 28.021814, 44.354151 ], [ 28.021785, 44.354049 ], [ 28.021756, 44.353947 ], [ 28.021727, 44.353846 ], [ 28.021698, 44.353744 ], [ 28.02167, 44.353642 ], [ 28.021641, 44.35354 ], [ 28.021612, 44.353439 ], [ 28.021583, 44.353337 ], [ 28.021569, 44.353287 ], [ 28.021597, 44.35279 ], [ 28.021679, 44.352239 ], [ 28.021687, 44.352128 ], [ 28.021846, 44.351596 ], [ 28.023313, 44.348867 ], [ 28.023495, 44.348508 ], [ 28.025727, 44.344549 ], [ 28.028084, 44.340379 ], [ 28.028107, 44.340339 ], [ 28.030037, 44.336906 ], [ 28.032782, 44.332022 ], [ 28.033941, 44.329946 ], [ 28.036109, 44.326085 ], [ 28.036302, 44.3258 ], [ 28.036569, 44.325397 ], [ 28.039657, 44.321342 ], [ 28.043114, 44.316764 ], [ 28.044384, 44.315074 ], [ 28.0444, 44.31508 ], [ 28.04443, 44.31504 ], [ 28.044415, 44.315035 ], [ 28.044423, 44.315024 ], [ 28.04444, 44.31503 ], [ 28.04447, 44.31499 ], [ 28.044453, 44.314984 ], [ 28.04447, 44.314962 ], [ 28.044195, 44.314858 ], [ 28.044179, 44.31488 ], [ 28.044157, 44.314872 ], [ 28.044137, 44.3149 ], [ 28.044157, 44.314908 ], [ 28.044144, 44.314925 ], [ 28.044126, 44.314918 ], [ 28.0441, 44.314952 ], [ 28.044118, 44.314959 ], [ 28.044109, 44.31497 ], [ 28.043644, 44.315522 ], [ 28.04344, 44.31575 ], [ 28.04339, 44.31578 ], [ 28.04334, 44.31578 ], [ 28.043322, 44.315765 ], [ 28.04332, 44.31573 ], [ 28.04346, 44.31547 ], [ 28.043605, 44.315219 ], [ 28.043791, 44.314969 ], [ 28.043865, 44.314874 ], [ 28.04388, 44.31488 ], [ 28.043886, 44.314872 ], [ 28.04387, 44.314867 ], [ 28.043872, 44.314864 ], [ 28.043888, 44.314869 ], [ 28.043915, 44.314835 ], [ 28.043899, 44.314829 ], [ 28.043911, 44.314814 ], [ 28.043926, 44.314819 ], [ 28.043947, 44.314792 ], [ 28.043931, 44.314787 ], [ 28.043951, 44.314761 ], [ 28.043683, 44.314652 ], [ 28.04367, 44.314669 ], [ 28.043656, 44.314663 ], [ 28.043624, 44.3147 ], [ 28.043642, 44.314706 ], [ 28.043632, 44.314719 ], [ 28.043612, 44.31471 ], [ 28.04358, 44.31475 ], [ 28.043601, 44.31476 ], [ 28.041879, 44.31695 ], [ 28.037285, 44.322798 ], [ 28.035479, 44.325062 ], [ 28.035217, 44.325438 ], [ 28.034905, 44.32596 ], [ 28.033702, 44.328008 ], [ 28.031672, 44.331683 ], [ 28.029046, 44.336454 ], [ 28.027117, 44.339954 ], [ 28.027061, 44.34006 ], [ 28.027117, 44.339954 ], [ 28.023522, 44.346375 ], [ 28.023159, 44.346754 ], [ 28.022831, 44.346913 ], [ 28.022573, 44.346998 ], [ 28.022158, 44.347133 ], [ 28.021812, 44.347179 ], [ 28.021091, 44.347223 ], [ 28.020706, 44.347191 ], [ 28.020305, 44.347088 ], [ 28.019966, 44.34688 ], [ 28.019691, 44.346668 ], [ 28.019676, 44.346621 ], [ 28.019648, 44.346519 ], [ 28.019619, 44.346417 ], [ 28.01959, 44.346315 ], [ 28.019561, 44.346214 ], [ 28.019532, 44.346112 ], [ 28.019503, 44.34601 ], [ 28.019474, 44.345908 ], [ 28.019446, 44.345807 ], [ 28.019417, 44.345705 ], [ 28.019388, 44.345603 ], [ 28.019359, 44.345501 ], [ 28.01933, 44.345399 ], [ 28.019301, 44.345298 ], [ 28.019272, 44.345196 ], [ 28.019243, 44.345094 ], [ 28.019214, 44.344992 ], [ 28.019185, 44.344891 ], [ 28.019157, 44.344789 ], [ 28.019128, 44.344687 ], [ 28.019099, 44.344585 ], [ 28.01907, 44.344484 ], [ 28.019042, 44.344382 ], [ 28.019013, 44.34428 ], [ 28.018984, 44.344178 ], [ 28.018956, 44.344076 ], [ 28.018926, 44.343975 ], [ 28.018897, 44.343873 ], [ 28.018868, 44.343771 ], [ 28.018839, 44.34367 ], [ 28.018809, 44.343568 ], [ 28.018779, 44.343466 ], [ 28.018748, 44.343365 ], [ 28.018717, 44.343263 ], [ 28.018685, 44.343162 ], [ 28.018653, 44.343061 ], [ 28.018621, 44.34296 ], [ 28.018587, 44.342859 ], [ 28.018553, 44.342758 ], [ 28.018518, 44.342657 ], [ 28.018483, 44.342556 ], [ 28.018447, 44.342456 ], [ 28.01841, 44.342355 ], [ 28.018372, 44.342255 ], [ 28.018334, 44.342155 ], [ 28.018295, 44.342055 ], [ 28.018256, 44.341955 ], [ 28.018216, 44.341855 ], [ 28.018176, 44.341755 ], [ 28.018135, 44.341655 ], [ 28.018093, 44.341556 ], [ 28.018051, 44.341457 ], [ 28.018008, 44.341357 ], [ 28.017964, 44.341258 ], [ 28.01792, 44.34116 ], [ 28.017875, 44.341061 ], [ 28.017829, 44.340963 ], [ 28.017782, 44.340864 ], [ 28.017735, 44.340766 ], [ 28.017687, 44.340668 ], [ 28.017639, 44.34057 ], [ 28.017591, 44.340472 ], [ 28.017542, 44.340375 ], [ 28.017493, 44.340277 ], [ 28.017444, 44.340179 ], [ 28.017072, 44.339412 ], [ 28.016802, 44.338554 ], [ 28.016634, 44.337844 ], [ 28.016442, 44.33685 ], [ 28.016292, 44.335975 ], [ 28.016146, 44.335083 ], [ 28.015999, 44.334189 ], [ 28.015853, 44.333295 ], [ 28.015707, 44.332401 ], [ 28.01556, 44.331507 ], [ 28.015414, 44.330613 ], [ 28.015268, 44.329719 ], [ 28.015131, 44.328824 ], [ 28.014995, 44.327929 ], [ 28.014859, 44.327034 ], [ 28.014719, 44.32612 ], [ 28.014513, 44.325182 ], [ 28.014206, 44.324247 ], [ 28.013801, 44.32333 ], [ 28.013302, 44.322439 ], [ 28.012711, 44.321578 ], [ 28.012053, 44.320769 ], [ 28.011396, 44.319994 ], [ 28.010744, 44.319226 ], [ 28.010091, 44.318457 ], [ 28.009439, 44.317688 ], [ 28.008787, 44.316919 ], [ 28.008135, 44.31615 ], [ 28.007483, 44.315381 ], [ 28.00683, 44.314612 ], [ 28.006178, 44.313843 ], [ 28.005526, 44.313074 ], [ 28.004874, 44.312306 ], [ 28.004355, 44.311693 ], [ 28.002846, 44.311684 ], [ 28.001383, 44.311688 ], [ 28.001404, 44.311715 ], [ 28.002016, 44.312501 ], [ 28.002628, 44.313288 ], [ 28.003241, 44.314074 ], [ 28.003932, 44.314825 ], [ 28.004624, 44.315577 ], [ 28.005316, 44.316328 ], [ 28.006008, 44.31708 ], [ 28.0067, 44.317831 ], [ 28.007392, 44.318583 ], [ 28.008084, 44.319334 ], [ 28.008776, 44.320086 ], [ 28.009468, 44.320837 ], [ 28.010115, 44.3216 ], [ 28.010724, 44.322345 ], [ 28.011241, 44.323099 ], [ 28.011677, 44.323878 ], [ 28.01203, 44.324677 ], [ 28.012298, 44.325494 ], [ 28.012481, 44.326334 ], [ 28.012615, 44.32721 ], [ 28.012751, 44.328105 ], [ 28.012892, 44.328999 ], [ 28.013032, 44.329894 ], [ 28.013172, 44.330789 ], [ 28.013313, 44.331683 ], [ 28.013453, 44.332578 ], [ 28.013593, 44.333472 ], [ 28.013734, 44.334367 ], [ 28.013874, 44.335261 ], [ 28.014003, 44.336068 ], [ 28.014161, 44.337069 ], [ 28.014359, 44.337991 ], [ 28.014612, 44.338845 ], [ 28.014957, 44.339769 ], [ 28.015314, 44.340716 ], [ 28.015363, 44.340815 ], [ 28.015413, 44.340915 ], [ 28.015463, 44.341014 ], [ 28.015512, 44.341113 ], [ 28.015561, 44.341213 ], [ 28.015609, 44.341312 ], [ 28.015657, 44.341412 ], [ 28.015704, 44.341512 ], [ 28.01575, 44.341612 ], [ 28.015796, 44.341712 ], [ 28.01584, 44.341812 ], [ 28.015884, 44.341913 ], [ 28.015927, 44.342014 ], [ 28.01597, 44.342115 ], [ 28.016011, 44.342216 ], [ 28.016052, 44.342317 ], [ 28.016092, 44.342418 ], [ 28.016132, 44.34252 ], [ 28.016171, 44.342621 ], [ 28.01621, 44.342723 ], [ 28.016247, 44.342825 ], [ 28.016284, 44.342927 ], [ 28.016321, 44.343029 ], [ 28.016356, 44.343132 ], [ 28.016391, 44.343234 ], [ 28.016424, 44.343337 ], [ 28.016458, 44.343439 ], [ 28.01649, 44.343542 ], [ 28.016522, 44.343645 ], [ 28.016553, 44.343748 ], [ 28.016584, 44.343851 ], [ 28.016615, 44.343954 ], [ 28.016645, 44.344057 ], [ 28.016675, 44.344161 ], [ 28.016704, 44.344264 ], [ 28.016734, 44.344367 ], [ 28.016763, 44.34447 ], [ 28.016792, 44.344574 ], [ 28.016821, 44.344677 ], [ 28.01685, 44.34478 ], [ 28.016879, 44.344884 ], [ 28.016908, 44.344987 ], [ 28.016938, 44.34509 ], [ 28.016967, 44.345194 ], [ 28.016996, 44.345297 ], [ 28.017025, 44.3454 ], [ 28.017055, 44.345503 ], [ 28.017084, 44.345607 ], [ 28.017114, 44.34571 ], [ 28.017143, 44.345813 ], [ 28.017172, 44.345916 ], [ 28.017202, 44.34602 ], [ 28.017231, 44.346123 ], [ 28.01726, 44.346226 ], [ 28.01729, 44.34633 ], [ 28.017319, 44.346433 ], [ 28.017348, 44.346536 ], [ 28.017377, 44.34664 ], [ 28.017407, 44.346743 ], [ 28.017436, 44.346846 ], [ 28.017465, 44.346949 ], [ 28.017495, 44.347053 ], [ 28.017524, 44.347156 ], [ 28.017553, 44.347259 ], [ 28.017583, 44.347363 ], [ 28.017612, 44.347466 ], [ 28.017641, 44.347569 ], [ 28.017671, 44.347672 ], [ 28.0177, 44.347776 ], [ 28.017729, 44.347879 ], [ 28.017758, 44.347982 ], [ 28.017788, 44.348085 ], [ 28.017817, 44.348189 ], [ 28.017846, 44.348292 ], [ 28.017876, 44.348395 ], [ 28.017905, 44.348499 ], [ 28.017934, 44.348602 ], [ 28.017964, 44.348705 ], [ 28.017993, 44.348808 ], [ 28.018022, 44.348912 ], [ 28.018052, 44.349015 ], [ 28.018081, 44.349118 ], [ 28.01811, 44.349222 ], [ 28.01814, 44.349325 ], [ 28.018169, 44.349428 ], [ 28.018198, 44.349531 ], [ 28.018227, 44.349635 ], [ 28.018257, 44.349738 ], [ 28.018286, 44.349841 ], [ 28.018315, 44.349945 ], [ 28.018345, 44.350048 ], [ 28.018374, 44.350151 ], [ 28.018403, 44.350254 ], [ 28.018433, 44.350358 ], [ 28.018462, 44.350461 ], [ 28.018491, 44.350564 ], [ 28.018521, 44.350668 ], [ 28.01855, 44.350771 ], [ 28.018579, 44.350874 ], [ 28.018608, 44.350977 ], [ 28.018638, 44.351081 ], [ 28.018667, 44.351184 ], [ 28.018696, 44.351287 ], [ 28.018726, 44.351391 ], [ 28.018755, 44.351494 ], [ 28.018784, 44.351597 ], [ 28.018814, 44.3517 ], [ 28.018843, 44.351804 ], [ 28.018872, 44.351907 ], [ 28.018902, 44.35201 ], [ 28.018931, 44.352114 ], [ 28.01896, 44.352217 ], [ 28.01899, 44.35232 ], [ 28.019019, 44.352424 ], [ 28.019048, 44.352527 ], [ 28.019078, 44.35263 ], [ 28.019107, 44.352733 ], [ 28.019136, 44.352837 ], [ 28.019165, 44.35294 ], [ 28.019195, 44.353043 ], [ 28.019224, 44.353146 ], [ 28.019253, 44.35325 ], [ 28.019283, 44.353353 ], [ 28.019312, 44.353456 ], [ 28.019341, 44.35356 ], [ 28.019371, 44.353663 ], [ 28.0194, 44.353766 ], [ 28.019429, 44.353869 ], [ 28.019459, 44.353973 ], [ 28.019488, 44.354076 ], [ 28.019517, 44.354179 ], [ 28.019547, 44.354283 ], [ 28.019576, 44.354386 ], [ 28.019605, 44.354489 ], [ 28.019634, 44.354593 ], [ 28.019664, 44.354696 ], [ 28.019693, 44.354799 ], [ 28.019723, 44.354902 ], [ 28.019752, 44.355006 ], [ 28.019781, 44.355109 ], [ 28.01981, 44.355212 ], [ 28.01984, 44.355316 ], [ 28.019869, 44.355419 ], [ 28.019898, 44.355522 ], [ 28.019928, 44.355625 ], [ 28.019957, 44.355728 ], [ 28.019986, 44.355832 ], [ 28.020016, 44.355935 ], [ 28.020045, 44.356038 ], [ 28.020074, 44.356142 ], [ 28.020104, 44.356245 ], [ 28.020133, 44.356348 ], [ 28.020162, 44.356452 ], [ 28.020192, 44.356555 ], [ 28.020221, 44.356658 ], [ 28.02025, 44.356761 ], [ 28.02028, 44.356865 ], [ 28.020309, 44.356968 ], [ 28.020338, 44.357071 ], [ 28.020367, 44.357175 ], [ 28.020397, 44.357278 ], [ 28.020426, 44.357381 ], [ 28.020456, 44.357484 ], [ 28.020485, 44.357588 ], [ 28.020514, 44.357691 ], [ 28.020543, 44.357794 ], [ 28.020573, 44.357897 ], [ 28.020602, 44.358001 ], [ 28.020631, 44.358104 ], [ 28.020661, 44.358207 ], [ 28.02069, 44.358311 ], [ 28.020719, 44.358414 ], [ 28.020749, 44.358517 ], [ 28.020778, 44.358621 ], [ 28.020807, 44.358724 ], [ 28.020837, 44.358827 ], [ 28.020866, 44.35893 ], [ 28.020895, 44.359034 ], [ 28.020925, 44.359137 ], [ 28.020954, 44.35924 ], [ 28.020983, 44.359344 ], [ 28.021013, 44.359447 ], [ 28.021042, 44.35955 ], [ 28.021071, 44.359653 ], [ 28.0211, 44.359757 ], [ 28.02113, 44.35986 ], [ 28.021159, 44.359963 ], [ 28.021189, 44.360067 ], [ 28.021218, 44.36017 ], [ 28.021247, 44.360273 ], [ 28.021276, 44.360376 ], [ 28.021306, 44.36048 ], [ 28.021335, 44.360583 ], [ 28.021365, 44.360686 ], [ 28.021394, 44.36079 ], [ 28.021423, 44.360893 ], [ 28.021452, 44.360996 ], [ 28.021482, 44.361099 ], [ 28.021511, 44.361203 ], [ 28.02154, 44.361306 ], [ 28.02157, 44.361409 ], [ 28.021599, 44.361513 ], [ 28.021628, 44.361616 ], [ 28.021658, 44.361719 ], [ 28.021687, 44.361822 ], [ 28.021716, 44.361926 ], [ 28.021746, 44.362029 ], [ 28.021775, 44.362132 ], [ 28.021804, 44.362235 ], [ 28.021833, 44.362339 ], [ 28.021863, 44.362442 ], [ 28.021892, 44.362545 ], [ 28.021922, 44.362649 ], [ 28.021951, 44.362752 ], [ 28.021981, 44.362855 ], [ 28.022011, 44.362958 ], [ 28.022041, 44.363062 ], [ 28.022071, 44.363165 ], [ 28.022102, 44.363268 ], [ 28.022134, 44.363371 ], [ 28.022167, 44.363473 ], [ 28.0222, 44.363576 ], [ 28.022233, 44.363679 ], [ 28.022268, 44.363781 ], [ 28.022303, 44.363884 ], [ 28.022339, 44.363986 ], [ 28.022376, 44.364088 ], [ 28.022413, 44.36419 ], [ 28.022451, 44.364292 ], [ 28.02249, 44.364393 ], [ 28.022529, 44.364495 ], [ 28.022569, 44.364596 ], [ 28.02261, 44.364697 ], [ 28.022651, 44.364799 ], [ 28.022693, 44.3649 ], [ 28.022735, 44.365001 ], [ 28.022778, 44.365101 ], [ 28.022822, 44.365202 ], [ 28.022867, 44.365303 ], [ 28.022912, 44.365403 ], [ 28.022957, 44.365503 ], [ 28.023004, 44.365603 ], [ 28.023051, 44.365703 ], [ 28.023098, 44.365803 ], [ 28.023147, 44.365902 ], [ 28.023195, 44.366002 ], [ 28.023245, 44.366101 ], [ 28.023295, 44.3662 ], [ 28.023346, 44.366299 ], [ 28.023397, 44.366398 ], [ 28.02345, 44.366496 ], [ 28.023502, 44.366595 ], [ 28.023556, 44.366693 ], [ 28.02361, 44.366791 ], [ 28.023664, 44.366889 ], [ 28.023719, 44.366986 ], [ 28.023742, 44.367026 ], [ 28.024965, 44.367026 ] ], [ [ 28.023495, 44.348508 ], [ 28.023495, 44.348508 ] ] ] } },
{ "type": "Feature", "properties": { "DRVAL1": null, "OBJNAM": null, "NOBJNM": null, "TRAFIC": null, "INFORM": null, "SCAMIN": 90000 }, "geometry": { "type": "Polygon", "coordinates": [ [ [ 28.002847, 44.311683 ], [ 28.004355, 44.311693 ], [ 28.004222, 44.311537 ], [ 28.00357, 44.310768 ], [ 28.002918, 44.309999 ], [ 28.002266, 44.30923 ], [ 28.001551, 44.308484 ], [ 28.000803, 44.30772 ], [ 27.999954, 44.306981 ], [ 27.999019, 44.306299 ], [ 27.998195, 44.305794 ], [ 27.998029, 44.305693 ], [ 27.997044, 44.305122 ], [ 27.996065, 44.304557 ], [ 27.995087, 44.303992 ], [ 27.994186, 44.303519 ], [ 27.993176, 44.302825 ], [ 27.992244, 44.302223 ], [ 27.991311, 44.301622 ], [ 27.99038, 44.301022 ], [ 27.989465, 44.300416 ], [ 27.988573, 44.299796 ], [ 27.9877, 44.29916 ], [ 27.986837, 44.29851 ], [ 27.985972, 44.297859 ], [ 27.985107, 44.297207 ], [ 27.984242, 44.296556 ], [ 27.983377, 44.295904 ], [ 27.982512, 44.295253 ], [ 27.981647, 44.294601 ], [ 27.980782, 44.29395 ], [ 27.979896, 44.293358 ], [ 27.979303, 44.292928 ], [ 27.978178, 44.291998 ], [ 27.977435, 44.291311 ], [ 27.976694, 44.290604 ], [ 27.975999, 44.28987 ], [ 27.975332, 44.289114 ], [ 27.974663, 44.288355 ], [ 27.97401, 44.287597 ], [ 27.973413, 44.286823 ], [ 27.972875, 44.286028 ], [ 27.972397, 44.285211 ], [ 27.971964, 44.284372 ], [ 27.971529, 44.283528 ], [ 27.971069, 44.282706 ], [ 27.970619, 44.28186 ], [ 27.970174, 44.281023 ], [ 27.969695, 44.280171 ], [ 27.969281, 44.279372 ], [ 27.96886, 44.278514 ], [ 27.968448, 44.27766 ], [ 27.967935, 44.276531 ], [ 27.967647, 44.275909 ], [ 27.967226, 44.275058 ], [ 27.966794, 44.274186 ], [ 27.966725, 44.274049 ], [ 27.966309, 44.273338 ], [ 27.965774, 44.272501 ], [ 27.9652, 44.271676 ], [ 27.964586, 44.270864 ], [ 27.963935, 44.270065 ], [ 27.963246, 44.269282 ], [ 27.962475, 44.268552 ], [ 27.961708, 44.267837 ], [ 27.960943, 44.267124 ], [ 27.960179, 44.266411 ], [ 27.959416, 44.265699 ], [ 27.958666, 44.264993 ], [ 27.957949, 44.264281 ], [ 27.95726, 44.263556 ], [ 27.9566, 44.262818 ], [ 27.955968, 44.262067 ], [ 27.955366, 44.261303 ], [ 27.954794, 44.260528 ], [ 27.954241, 44.259725 ], [ 27.954096, 44.259524 ], [ 27.953463, 44.258711 ], [ 27.952776, 44.257909 ], [ 27.952005, 44.257124 ], [ 27.951129, 44.25638 ], [ 27.950164, 44.255703 ], [ 27.949155, 44.255093 ], [ 27.948132, 44.254529 ], [ 27.947119, 44.253992 ], [ 27.946128, 44.25346 ], [ 27.945156, 44.252913 ], [ 27.94418, 44.252353 ], [ 27.943187, 44.251788 ], [ 27.942163, 44.25123 ], [ 27.941109, 44.250669 ], [ 27.93873, 44.249411 ], [ 27.93697, 44.248629 ], [ 27.936145, 44.248337 ], [ 27.935273, 44.248153 ], [ 27.933687, 44.247903 ], [ 27.932577, 44.247734 ], [ 27.932561, 44.248583 ], [ 27.932553, 44.249331 ], [ 27.933323, 44.24946 ], [ 27.934734, 44.24971 ], [ 27.935471, 44.249838 ], [ 27.935926, 44.249942 ], [ 27.93646, 44.250165 ], [ 27.937747, 44.250814 ], [ 27.939821, 44.251935 ], [ 27.940834, 44.252539 ], [ 27.941806, 44.253069 ], [ 27.942777, 44.253621 ], [ 27.943758, 44.254185 ], [ 27.944759, 44.254747 ], [ 27.945775, 44.255293 ], [ 27.946778, 44.255825 ], [ 27.947743, 44.256356 ], [ 27.948651, 44.256904 ], [ 27.949479, 44.257484 ], [ 27.950221, 44.258115 ], [ 27.950894, 44.258801 ], [ 27.951518, 44.259532 ], [ 27.952109, 44.260291 ], [ 27.952228, 44.260456 ], [ 27.952787, 44.261267 ], [ 27.953389, 44.262082 ], [ 27.954022, 44.262885 ], [ 27.954686, 44.263675 ], [ 27.95538, 44.264451 ], [ 27.956104, 44.265213 ], [ 27.956856, 44.26596 ], [ 27.957626, 44.266685 ], [ 27.958392, 44.2674 ], [ 27.959157, 44.268113 ], [ 27.959922, 44.268826 ], [ 27.960684, 44.269537 ], [ 27.961429, 44.270241 ], [ 27.962134, 44.270954 ], [ 27.962862, 44.271656 ], [ 27.963558, 44.272377 ], [ 27.964221, 44.273115 ], [ 27.964852, 44.273869 ], [ 27.965293, 44.274439 ], [ 27.965447, 44.274708 ], [ 27.96587, 44.27554 ], [ 27.966262, 44.276396 ], [ 27.966642, 44.277221 ], [ 27.967028, 44.278065 ], [ 27.967589, 44.278986 ], [ 27.968026, 44.279773 ], [ 27.968474, 44.280604 ], [ 27.968939, 44.28143 ], [ 27.969363, 44.282224 ], [ 27.969778, 44.283066 ], [ 27.970168, 44.283916 ], [ 27.970569, 44.284749 ], [ 27.970957, 44.285623 ], [ 27.971462, 44.286486 ], [ 27.972033, 44.287335 ], [ 27.972665, 44.28816 ], [ 27.97334, 44.288947 ], [ 27.974011, 44.289712 ], [ 27.97469, 44.290484 ], [ 27.975418, 44.291257 ], [ 27.976201, 44.292008 ], [ 27.977033, 44.292732 ], [ 27.977902, 44.293419 ], [ 27.978773, 44.294078 ], [ 27.979636, 44.294731 ], [ 27.980499, 44.295384 ], [ 27.981362, 44.296037 ], [ 27.982225, 44.29669 ], [ 27.983088, 44.297343 ], [ 27.983951, 44.297996 ], [ 27.984814, 44.298649 ], [ 27.985677, 44.299302 ], [ 27.986546, 44.299959 ], [ 27.98744, 44.300614 ], [ 27.988358, 44.301255 ], [ 27.989294, 44.301876 ], [ 27.99023, 44.302483 ], [ 27.991161, 44.303086 ], [ 27.992092, 44.303689 ], [ 27.993022, 44.304292 ], [ 27.993953, 44.304895 ], [ 27.994884, 44.305498 ], [ 27.995815, 44.3061 ], [ 27.996663, 44.306649 ], [ 27.996735, 44.306696 ], [ 27.997599, 44.307284 ], [ 27.998328, 44.307926 ], [ 27.998976, 44.308612 ], [ 27.999571, 44.30936 ], [ 28.000179, 44.310142 ], [ 28.000792, 44.310929 ], [ 28.001383, 44.311688 ], [ 28.002847, 44.311683 ] ] ] } },
{ "type": "Feature", "properties": { "DRVAL1": null, "OBJNAM": null, "NOBJNM": null, "TRAFIC": null, "INFORM": null, "SCAMIN": 90000 }, "geometry": { "type": "Polygon", "coordinates": [ [ [ 27.932577, 44.247734 ], [ 27.930498, 44.247407 ], [ 27.929043, 44.247183 ], [ 27.927785, 44.247048 ], [ 27.926601, 44.24694 ], [ 27.925357, 44.246863 ], [ 27.924066, 44.246846 ], [ 27.922777, 44.246873 ], [ 27.921493, 44.246941 ], [ 27.920216, 44.247052 ], [ 27.918952, 44.247204 ], [ 27.917712, 44.247391 ], [ 27.916486, 44.247578 ], [ 27.915203, 44.247823 ], [ 27.914067, 44.248064 ], [ 27.912897, 44.248352 ], [ 27.911694, 44.248665 ], [ 27.910477, 44.248894 ], [ 27.909305, 44.248994 ], [ 27.907861, 44.248954 ], [ 27.906558, 44.248898 ], [ 27.90543, 44.24885 ], [ 27.904144, 44.248801 ], [ 27.902912, 44.248745 ], [ 27.901657, 44.24873 ], [ 27.900402, 44.248714 ], [ 27.899147, 44.248699 ], [ 27.897891, 44.248683 ], [ 27.896641, 44.24873 ], [ 27.89539, 44.248777 ], [ 27.894139, 44.248824 ], [ 27.892888, 44.248871 ], [ 27.891638, 44.248918 ], [ 27.890387, 44.248965 ], [ 27.889136, 44.249012 ], [ 27.887885, 44.249059 ], [ 27.886627, 44.249106 ], [ 27.885324, 44.249168 ], [ 27.88399, 44.24931 ], [ 27.882674, 44.249538 ], [ 27.881393, 44.24985 ], [ 27.880188, 44.250231 ], [ 27.879042, 44.250621 ], [ 27.87791, 44.251007 ], [ 27.876778, 44.251392 ], [ 27.875646, 44.251777 ], [ 27.874514, 44.252162 ], [ 27.873382, 44.252548 ], [ 27.872246, 44.252958 ], [ 27.871118, 44.253318 ], [ 27.869984, 44.253727 ], [ 27.868828, 44.254121 ], [ 27.867734, 44.254508 ], [ 27.866604, 44.254894 ], [ 27.865462, 44.255293 ], [ 27.86435, 44.255689 ], [ 27.86322, 44.256092 ], [ 27.862092, 44.256462 ], [ 27.860926, 44.256827 ], [ 27.859851, 44.257229 ], [ 27.858735, 44.257623 ], [ 27.857647, 44.257968 ], [ 27.856563, 44.258282 ], [ 27.855392, 44.258544 ], [ 27.854305, 44.258761 ], [ 27.853225, 44.258781 ], [ 27.851778, 44.258681 ], [ 27.850589, 44.258525 ], [ 27.849473, 44.258352 ], [ 27.848241, 44.258093 ], [ 27.847116, 44.257844 ], [ 27.84611, 44.257548 ], [ 27.845001, 44.2572 ], [ 27.843946, 44.256812 ], [ 27.842921, 44.25638 ], [ 27.841928, 44.255906 ], [ 27.840969, 44.255394 ], [ 27.840043, 44.254847 ], [ 27.839124, 44.254282 ], [ 27.838168, 44.253723 ], [ 27.837224, 44.253159 ], [ 27.836316, 44.252645 ], [ 27.835362, 44.252116 ], [ 27.834374, 44.251554 ], [ 27.832566, 44.250507 ], [ 27.828973, 44.247708 ], [ 27.82682, 44.245999 ], [ 27.825277, 44.244864 ], [ 27.823485, 44.243805 ], [ 27.822394, 44.24327 ], [ 27.821339, 44.242789 ], [ 27.820255, 44.242346 ], [ 27.819172, 44.241898 ], [ 27.818086, 44.241449 ], [ 27.816971, 44.241022 ], [ 27.815865, 44.240683 ], [ 27.81459, 44.240389 ], [ 27.81328, 44.240114 ], [ 27.812913, 44.239991 ], [ 27.812426, 44.239712 ], [ 27.812012, 44.239462 ], [ 27.811371, 44.239156 ], [ 27.810697, 44.238857 ], [ 27.810095, 44.238607 ], [ 27.808845, 44.238261 ], [ 27.808779, 44.238248 ], [ 27.808781, 44.239118 ], [ 27.80878, 44.239882 ], [ 27.809364, 44.240016 ], [ 27.810485, 44.240321 ], [ 27.811588, 44.240673 ], [ 27.812675, 44.241067 ], [ 27.813754, 44.241486 ], [ 27.814831, 44.241924 ], [ 27.815908, 44.242372 ], [ 27.816985, 44.242826 ], [ 27.818064, 44.243282 ], [ 27.819147, 44.243738 ], [ 27.820235, 44.244193 ], [ 27.821321, 44.244641 ], [ 27.822395, 44.24508 ], [ 27.823439, 44.24553 ], [ 27.824439, 44.246002 ], [ 27.825383, 44.246507 ], [ 27.826243, 44.247098 ], [ 27.82709, 44.247724 ], [ 27.827915, 44.248384 ], [ 27.828737, 44.249013 ], [ 27.829616, 44.249646 ], [ 27.830486, 44.250317 ], [ 27.831374, 44.250972 ], [ 27.832266, 44.251614 ], [ 27.833157, 44.252248 ], [ 27.834039, 44.25288 ], [ 27.834925, 44.253481 ], [ 27.835833, 44.254114 ], [ 27.836761, 44.254761 ], [ 27.837641, 44.255384 ], [ 27.838585, 44.256049 ], [ 27.83958, 44.256671 ], [ 27.840632, 44.257232 ], [ 27.841726, 44.257754 ], [ 27.842861, 44.258233 ], [ 27.844036, 44.258665 ], [ 27.845276, 44.259054 ], [ 27.846525, 44.259378 ], [ 27.847806, 44.259639 ], [ 27.849109, 44.259835 ], [ 27.850428, 44.259966 ], [ 27.851756, 44.26003 ], [ 27.853088, 44.260026 ], [ 27.854415, 44.259957 ], [ 27.855741, 44.259797 ], [ 27.857018, 44.259586 ], [ 27.858332, 44.259321 ], [ 27.859561, 44.25902 ], [ 27.860767, 44.258625 ], [ 27.861885, 44.258193 ], [ 27.862995, 44.257802 ], [ 27.864157, 44.257292 ], [ 27.865208, 44.256805 ], [ 27.86637, 44.256347 ], [ 27.867397, 44.255996 ], [ 27.868598, 44.255623 ], [ 27.869772, 44.255313 ], [ 27.870977, 44.255006 ], [ 27.872024, 44.254724 ], [ 27.873174, 44.254353 ], [ 27.874332, 44.253989 ], [ 27.875448, 44.253581 ], [ 27.876565, 44.253173 ], [ 27.877682, 44.252764 ], [ 27.878799, 44.252356 ], [ 27.879946, 44.2519 ], [ 27.880992, 44.251464 ], [ 27.881958, 44.251157 ], [ 27.882784, 44.250917 ], [ 27.883311, 44.250777 ], [ 27.884144, 44.25062 ], [ 27.88485, 44.250548 ], [ 27.885536, 44.250513 ], [ 27.886789, 44.250521 ], [ 27.887994, 44.25055 ], [ 27.889246, 44.250529 ], [ 27.890499, 44.250507 ], [ 27.891751, 44.250486 ], [ 27.893004, 44.250464 ], [ 27.894257, 44.250442 ], [ 27.895507, 44.250396 ], [ 27.896758, 44.250349 ], [ 27.898009, 44.250302 ], [ 27.89926, 44.250254 ], [ 27.90051, 44.250208 ], [ 27.901761, 44.25016 ], [ 27.903012, 44.250113 ], [ 27.904237, 44.250104 ], [ 27.905483, 44.250083 ], [ 27.907155, 44.250022 ], [ 27.908063, 44.249965 ], [ 27.909349, 44.249865 ], [ 27.910629, 44.249683 ], [ 27.91185, 44.249489 ], [ 27.913089, 44.249263 ], [ 27.914322, 44.249104 ], [ 27.915554, 44.248945 ], [ 27.916787, 44.248785 ], [ 27.918019, 44.248626 ], [ 27.919229, 44.248472 ], [ 27.920421, 44.248355 ], [ 27.921617, 44.248278 ], [ 27.922816, 44.24824 ], [ 27.924017, 44.248242 ], [ 27.925216, 44.248284 ], [ 27.926411, 44.248406 ], [ 27.927592, 44.248551 ], [ 27.928789, 44.248721 ], [ 27.929963, 44.248906 ], [ 27.931491, 44.249145 ], [ 27.932553, 44.249331 ], [ 27.932561, 44.248583 ], [ 27.932577, 44.247734 ] ] ] } },
{ "type": "Feature", "properties": { "DRVAL1": null, "OBJNAM": null, "NOBJNM": null, "TRAFIC": null, "INFORM": null, "SCAMIN": 90000 }, "geometry": { "type": "Polygon", "coordinates": [ [ [ 27.732496, 44.197687 ], [ 27.732495, 44.198655 ], [ 27.732495, 44.199506 ], [ 27.732955, 44.199687 ], [ 27.733961, 44.200139 ], [ 27.734926, 44.200631 ], [ 27.735843, 44.201163 ], [ 27.736705, 44.201737 ], [ 27.737512, 44.202354 ], [ 27.738277, 44.203014 ], [ 27.739014, 44.203708 ], [ 27.73974, 44.204426 ], [ 27.740471, 44.205159 ], [ 27.741221, 44.205894 ], [ 27.741993, 44.206623 ], [ 27.74279, 44.207343 ], [ 27.743617, 44.208049 ], [ 27.744476, 44.208739 ], [ 27.745364, 44.209407 ], [ 27.746269, 44.210052 ], [ 27.747174, 44.210681 ], [ 27.74807, 44.211303 ], [ 27.748946, 44.211926 ], [ 27.749797, 44.21256 ], [ 27.75063, 44.213211 ], [ 27.751453, 44.213875 ], [ 27.752273, 44.214549 ], [ 27.753096, 44.215228 ], [ 27.753924, 44.215907 ], [ 27.754754, 44.216583 ], [ 27.755583, 44.217257 ], [ 27.756408, 44.21793 ], [ 27.757224, 44.218604 ], [ 27.758032, 44.219283 ], [ 27.758832, 44.219967 ], [ 27.763793, 44.225112 ], [ 27.764669, 44.225946 ], [ 27.765339, 44.226561 ], [ 27.765894, 44.227018 ], [ 27.766359, 44.227421 ], [ 27.76681, 44.227765 ], [ 27.767392, 44.228229 ], [ 27.767981, 44.228616 ], [ 27.77258, 44.231784 ], [ 27.773576, 44.232397 ], [ 27.774618, 44.23297 ], [ 27.77569, 44.2335 ], [ 27.776779, 44.233996 ], [ 27.777875, 44.234465 ], [ 27.778969, 44.234919 ], [ 27.780066, 44.235368 ], [ 27.781179, 44.235811 ], [ 27.782324, 44.23624 ], [ 27.783509, 44.236638 ], [ 27.784799, 44.236937 ], [ 27.786126, 44.237162 ], [ 27.787403, 44.237338 ], [ 27.788664, 44.237451 ], [ 27.789975, 44.237547 ], [ 27.791219, 44.237595 ], [ 27.792314, 44.237611 ], [ 27.793807, 44.237627 ], [ 27.794779, 44.237659 ], [ 27.796146, 44.237812 ], [ 27.797557, 44.237988 ], [ 27.79866, 44.238133 ], [ 27.799871, 44.238313 ], [ 27.801082, 44.23849 ], [ 27.802268, 44.238682 ], [ 27.803396, 44.238875 ], [ 27.804641, 44.239083 ], [ 27.805595, 44.239271 ], [ 27.805855, 44.23932 ], [ 27.807047, 44.239525 ], [ 27.808219, 44.239754 ], [ 27.80878, 44.239882 ], [ 27.808781, 44.239118 ], [ 27.808779, 44.238248 ], [ 27.807599, 44.238012 ], [ 27.806355, 44.237792 ], [ 27.80512, 44.237592 ], [ 27.803892, 44.237399 ], [ 27.802663, 44.237207 ], [ 27.801423, 44.237022 ], [ 27.800175, 44.236826 ], [ 27.798897, 44.236696 ], [ 27.797644, 44.236585 ], [ 27.796279, 44.236472 ], [ 27.795101, 44.23636 ], [ 27.793758, 44.236256 ], [ 27.792546, 44.23617 ], [ 27.791352, 44.236041 ], [ 27.789909, 44.235865 ], [ 27.78893, 44.235774 ], [ 27.787835, 44.235662 ], [ 27.78669, 44.235518 ], [ 27.78557, 44.235309 ], [ 27.784461, 44.23506 ], [ 27.783369, 44.23472 ], [ 27.782279, 44.23434 ], [ 27.781187, 44.233933 ], [ 27.78009, 44.233513 ], [ 27.779015, 44.233067 ], [ 27.777959, 44.232615 ], [ 27.776932, 44.232148 ], [ 27.775941, 44.231658 ], [ 27.774994, 44.231138 ], [ 27.768761, 44.227848 ], [ 27.767844, 44.227272 ], [ 27.766989, 44.226681 ], [ 27.766379, 44.226134 ], [ 27.765709, 44.22544 ], [ 27.75975, 44.218235 ], [ 27.75893, 44.217545 ], [ 27.758103, 44.216862 ], [ 27.757272, 44.216184 ], [ 27.756442, 44.215509 ], [ 27.755615, 44.214836 ], [ 27.754792, 44.214162 ], [ 27.753971, 44.213483 ], [ 27.753142, 44.212802 ], [ 27.752299, 44.212122 ], [ 27.751436, 44.211448 ], [ 27.750549, 44.210787 ], [ 27.749645, 44.210144 ], [ 27.748739, 44.209515 ], [ 27.747844, 44.208894 ], [ 27.746972, 44.208271 ], [ 27.746129, 44.207638 ], [ 27.745318, 44.206986 ], [ 27.744533, 44.206315 ], [ 27.74377, 44.205627 ], [ 27.743025, 44.204924 ], [ 27.742295, 44.204207 ], [ 27.741566, 44.203477 ], [ 27.74082, 44.202739 ], [ 27.740037, 44.202003 ], [ 27.739199, 44.20128 ], [ 27.738291, 44.200586 ], [ 27.737316, 44.199937 ], [ 27.736286, 44.199339 ], [ 27.735209, 44.19879 ], [ 27.734093, 44.198288 ], [ 27.732942, 44.197834 ], [ 27.732496, 44.197679 ], [ 27.732496, 44.197687 ] ] ] } },
{ "type": "Feature", "properties": { "DRVAL1": null, "OBJNAM": null, "NOBJNM": null, "TRAFIC": null, "INFORM": null, "SCAMIN": 90000 }, "geometry": { "type": "Polygon", "coordinates": [ [ [ 27.607575, 44.198945 ], [ 27.608609, 44.19897 ], [ 27.610242, 44.199045 ], [ 27.611494, 44.199123 ], [ 27.61266, 44.199227 ], [ 27.613777, 44.199397 ], [ 27.614877, 44.199629 ], [ 27.615934, 44.200035 ], [ 27.617005, 44.200462 ], [ 27.618051, 44.200917 ], [ 27.619101, 44.201395 ], [ 27.620189, 44.201843 ], [ 27.621278, 44.202288 ], [ 27.622359, 44.202732 ], [ 27.623425, 44.203181 ], [ 27.624472, 44.203641 ], [ 27.625505, 44.204119 ], [ 27.626535, 44.204615 ], [ 27.627577, 44.20512 ], [ 27.628642, 44.205623 ], [ 27.629738, 44.206111 ], [ 27.630872, 44.206571 ], [ 27.632043, 44.206993 ], [ 27.63325, 44.207371 ], [ 27.634492, 44.207696 ], [ 27.635768, 44.207964 ], [ 27.637071, 44.208165 ], [ 27.638388, 44.208299 ], [ 27.639711, 44.208367 ], [ 27.641035, 44.208374 ], [ 27.642353, 44.20832 ], [ 27.643662, 44.20821 ], [ 27.644954, 44.208047 ], [ 27.646227, 44.207839 ], [ 27.647479, 44.207592 ], [ 27.64871, 44.20731 ], [ 27.64992, 44.207002 ], [ 27.651108, 44.206677 ], [ 27.652279, 44.206344 ], [ 27.653437, 44.206015 ], [ 27.654589, 44.205697 ], [ 27.65575, 44.205398 ], [ 27.656932, 44.205104 ], [ 27.658131, 44.204797 ], [ 27.659339, 44.204458 ], [ 27.660541, 44.20407 ], [ 27.661682, 44.203596 ], [ 27.662762, 44.203091 ], [ 27.663799, 44.202589 ], [ 27.664821, 44.202115 ], [ 27.66585, 44.201692 ], [ 27.666915, 44.201341 ], [ 27.667962, 44.201021 ], [ 27.669127, 44.200808 ], [ 27.669933, 44.20076 ], [ 27.671496, 44.200771 ], [ 27.672771, 44.200828 ], [ 27.67394, 44.200921 ], [ 27.675159, 44.201072 ], [ 27.676401, 44.20123 ], [ 27.677674, 44.201369 ], [ 27.678971, 44.201463 ], [ 27.680272, 44.201509 ], [ 27.681566, 44.201515 ], [ 27.682848, 44.201456 ], [ 27.684119, 44.201375 ], [ 27.685383, 44.201278 ], [ 27.686648, 44.201164 ], [ 27.687915, 44.201029 ], [ 27.689181, 44.200867 ], [ 27.690445, 44.200673 ], [ 27.691698, 44.200445 ], [ 27.692933, 44.200186 ], [ 27.694151, 44.199905 ], [ 27.695352, 44.199608 ], [ 27.69654, 44.199301 ], [ 27.69772, 44.198991 ], [ 27.698895, 44.198679 ], [ 27.700068, 44.198368 ], [ 27.701239, 44.19806 ], [ 27.70241, 44.197757 ], [ 27.703578, 44.197463 ], [ 27.704742, 44.197184 ], [ 27.705904, 44.196932 ], [ 27.707066, 44.196715 ], [ 27.708229, 44.196542 ], [ 27.709401, 44.196423 ], [ 27.710588, 44.196352 ], [ 27.711791, 44.196322 ], [ 27.713006, 44.196323 ], [ 27.714232, 44.196349 ], [ 27.715462, 44.196391 ], [ 27.71669, 44.196447 ], [ 27.717911, 44.196522 ], [ 27.719127, 44.196617 ], [ 27.720334, 44.196736 ], [ 27.721534, 44.196881 ], [ 27.722728, 44.197053 ], [ 27.723918, 44.197249 ], [ 27.725101, 44.197469 ], [ 27.726278, 44.19771 ], [ 27.727445, 44.197971 ], [ 27.728597, 44.198253 ], [ 27.729728, 44.198562 ], [ 27.730834, 44.198901 ], [ 27.731911, 44.199275 ], [ 27.732495, 44.199506 ], [ 27.732495, 44.198655 ], [ 27.732496, 44.197679 ], [ 27.731765, 44.197426 ], [ 27.730569, 44.197059 ], [ 27.72936, 44.196729 ], [ 27.728143, 44.19643 ], [ 27.726921, 44.196157 ], [ 27.725691, 44.195905 ], [ 27.724451, 44.195675 ], [ 27.723201, 44.195468 ], [ 27.721941, 44.195287 ], [ 27.720673, 44.195134 ], [ 27.719401, 44.195009 ], [ 27.718128, 44.194909 ], [ 27.716856, 44.194831 ], [ 27.715587, 44.194773 ], [ 27.714317, 44.19473 ], [ 27.713041, 44.194703 ], [ 27.711754, 44.194701 ], [ 27.710455, 44.194734 ], [ 27.709149, 44.194812 ], [ 27.707843, 44.194946 ], [ 27.706556, 44.195136 ], [ 27.705295, 44.195372 ], [ 27.704066, 44.195699 ], [ 27.702822, 44.196058 ], [ 27.701658, 44.196417 ], [ 27.700735, 44.196699 ], [ 27.69993, 44.196926 ], [ 27.698508, 44.197272 ], [ 27.697138, 44.197578 ], [ 27.695815, 44.197852 ], [ 27.694634, 44.198118 ], [ 27.69344, 44.198367 ], [ 27.692274, 44.198637 ], [ 27.691107, 44.198881 ], [ 27.689934, 44.199095 ], [ 27.688749, 44.199277 ], [ 27.687552, 44.19943 ], [ 27.686343, 44.199559 ], [ 27.685124, 44.199668 ], [ 27.6839, 44.199762 ], [ 27.682677, 44.19984 ], [ 27.681461, 44.199896 ], [ 27.680254, 44.199922 ], [ 27.679056, 44.19991 ], [ 27.677865, 44.199854 ], [ 27.676658, 44.199794 ], [ 27.676172, 44.199757 ], [ 27.675418, 44.199686 ], [ 27.674166, 44.199555 ], [ 27.672893, 44.199439 ], [ 27.671548, 44.199374 ], [ 27.670208, 44.199409 ], [ 27.668872, 44.199523 ], [ 27.667551, 44.199719 ], [ 27.666252, 44.200001 ], [ 27.664998, 44.200372 ], [ 27.663815, 44.200814 ], [ 27.662702, 44.201288 ], [ 27.661636, 44.201765 ], [ 27.660595, 44.202214 ], [ 27.65955, 44.202615 ], [ 27.658469, 44.202963 ], [ 27.657345, 44.203278 ], [ 27.656186, 44.203575 ], [ 27.655001, 44.203869 ], [ 27.653806, 44.204178 ], [ 27.652621, 44.204504 ], [ 27.651451, 44.204837 ], [ 27.650294, 44.205166 ], [ 27.649143, 44.205481 ], [ 27.648003, 44.205795 ], [ 27.646856, 44.20608 ], [ 27.6457, 44.206331 ], [ 27.644534, 44.206544 ], [ 27.643358, 44.206714 ], [ 27.642163, 44.206879 ], [ 27.640982, 44.206964 ], [ 27.63958, 44.207008 ], [ 27.638545, 44.206936 ], [ 27.637412, 44.206787 ], [ 27.636257, 44.206574 ], [ 27.635116, 44.206329 ], [ 27.633994, 44.20603 ], [ 27.632896, 44.205681 ], [ 27.631821, 44.205288 ], [ 27.63077, 44.204855 ], [ 27.629735, 44.204389 ], [ 27.628708, 44.203897 ], [ 27.627677, 44.203392 ], [ 27.626633, 44.202883 ], [ 27.625568, 44.202384 ], [ 27.624486, 44.201903 ], [ 27.623398, 44.201439 ], [ 27.622309, 44.200986 ], [ 27.621224, 44.200538 ], [ 27.620144, 44.200087 ], [ 27.619054, 44.199631 ], [ 27.617935, 44.199184 ], [ 27.616796, 44.198765 ], [ 27.615591, 44.198405 ], [ 27.614276, 44.198042 ], [ 27.613032, 44.197816 ], [ 27.611748, 44.197651 ], [ 27.610425, 44.197586 ], [ 27.608722, 44.197506 ], [ 27.607914, 44.197465 ], [ 27.607565, 44.197449 ], [ 27.607573, 44.1982 ], [ 27.607575, 44.198945 ] ] ] } },
{ "type": "Feature", "properties": { "DRVAL1": null, "OBJNAM": null, "NOBJNM": null, "TRAFIC": null, "INFORM": null, "SCAMIN": 90000 }, "geometry": { "type": "Polygon", "coordinates": [ [ [ 27.532229, 44.170942 ], [ 27.532234, 44.171856 ], [ 27.532234, 44.171856 ], [ 27.533077, 44.172176 ], [ 27.534185, 44.172593 ], [ 27.535286, 44.173011 ], [ 27.536379, 44.173433 ], [ 27.537462, 44.173864 ], [ 27.538542, 44.174305 ], [ 27.539625, 44.174752 ], [ 27.540713, 44.175201 ], [ 27.541811, 44.175647 ], [ 27.543991, 44.176511 ], [ 27.544984, 44.176938 ], [ 27.546028, 44.177382 ], [ 27.54699, 44.177862 ], [ 27.547913, 44.178396 ], [ 27.548831, 44.17898 ], [ 27.549671, 44.179654 ], [ 27.550512, 44.180329 ], [ 27.551352, 44.181005 ], [ 27.552193, 44.18168 ], [ 27.553034, 44.182355 ], [ 27.553874, 44.18303 ], [ 27.554715, 44.183704 ], [ 27.555897, 44.184562 ], [ 27.556975, 44.185343 ], [ 27.557482, 44.185659 ], [ 27.558361, 44.186232 ], [ 27.559288, 44.186877 ], [ 27.559993, 44.187393 ], [ 27.560713, 44.187909 ], [ 27.56149, 44.188465 ], [ 27.562156, 44.188906 ], [ 27.562727, 44.189309 ], [ 27.563812, 44.189938 ], [ 27.564556, 44.190406 ], [ 27.564913, 44.19064 ], [ 27.565136, 44.190794 ], [ 27.569984, 44.191849 ], [ 27.569928, 44.191683 ], [ 27.569963, 44.191487 ], [ 27.570146, 44.191391 ], [ 27.570458, 44.191384 ], [ 27.570716, 44.191438 ], [ 27.571656, 44.191758 ], [ 27.572787, 44.192144 ], [ 27.573918, 44.192529 ], [ 27.575049, 44.192914 ], [ 27.57618, 44.1933 ], [ 27.577311, 44.193685 ], [ 27.578442, 44.19407 ], [ 27.579573, 44.194455 ], [ 27.580704, 44.194841 ], [ 27.581835, 44.195226 ], [ 27.582966, 44.195611 ], [ 27.584097, 44.195996 ], [ 27.585242, 44.196387 ], [ 27.586434, 44.196763 ], [ 27.587672, 44.197091 ], [ 27.588929, 44.197382 ], [ 27.590209, 44.197619 ], [ 27.591459, 44.197853 ], [ 27.592705, 44.198067 ], [ 27.593865, 44.198291 ], [ 27.595159, 44.198484 ], [ 27.596369, 44.19866 ], [ 27.597596, 44.198821 ], [ 27.598978, 44.198956 ], [ 27.600236, 44.198978 ], [ 27.601434, 44.199035 ], [ 27.60274, 44.199076 ], [ 27.604032, 44.199102 ], [ 27.605426, 44.199131 ], [ 27.60668, 44.199132 ], [ 27.607571, 44.199143 ], [ 27.607573, 44.198292 ], [ 27.607565, 44.197449 ], [ 27.606662, 44.197417 ], [ 27.60549, 44.197393 ], [ 27.604198, 44.197344 ], [ 27.602891, 44.19728 ], [ 27.601718, 44.197191 ], [ 27.600522, 44.197102 ], [ 27.599262, 44.197034 ], [ 27.598019, 44.196929 ], [ 27.596727, 44.1968 ], [ 27.595665, 44.196665 ], [ 27.594247, 44.196481 ], [ 27.592946, 44.196318 ], [ 27.591794, 44.196118 ], [ 27.590724, 44.195901 ], [ 27.589655, 44.195709 ], [ 27.588803, 44.195521 ], [ 27.58735, 44.195055 ], [ 27.586306, 44.194694 ], [ 27.585187, 44.194285 ], [ 27.584092, 44.193876 ], [ 27.583031, 44.193499 ], [ 27.581867, 44.193074 ], [ 27.580721, 44.19271 ], [ 27.579576, 44.192346 ], [ 27.578431, 44.191983 ], [ 27.577286, 44.191619 ], [ 27.576141, 44.191256 ], [ 27.574995, 44.190892 ], [ 27.57385, 44.190528 ], [ 27.572705, 44.190165 ], [ 27.571662, 44.189816 ], [ 27.570421, 44.189428 ], [ 27.569287, 44.189056 ], [ 27.5682, 44.188693 ], [ 27.567201, 44.18829 ], [ 27.566264, 44.187821 ], [ 27.565348, 44.187273 ], [ 27.564406, 44.186691 ], [ 27.563456, 44.186104 ], [ 27.562507, 44.185518 ], [ 27.561569, 44.184922 ], [ 27.560632, 44.184325 ], [ 27.559695, 44.183729 ], [ 27.558757, 44.183133 ], [ 27.55782, 44.182536 ], [ 27.556883, 44.18194 ], [ 27.555945, 44.181344 ], [ 27.555008, 44.180747 ], [ 27.554071, 44.180151 ], [ 27.553134, 44.179555 ], [ 27.552197, 44.178958 ], [ 27.551259, 44.178362 ], [ 27.550322, 44.177765 ], [ 27.549364, 44.177157 ], [ 27.548338, 44.176563 ], [ 27.547244, 44.176018 ], [ 27.546135, 44.175545 ], [ 27.545111, 44.175105 ], [ 27.542908, 44.174232 ], [ 27.541827, 44.173793 ], [ 27.540745, 44.173346 ], [ 27.539658, 44.172897 ], [ 27.538562, 44.17245 ], [ 27.537456, 44.17201 ], [ 27.536344, 44.17158 ], [ 27.535232, 44.171158 ], [ 27.534124, 44.170741 ], [ 27.533022, 44.170323 ], [ 27.532218, 44.170013 ], [ 27.532229, 44.170927 ], [ 27.532229, 44.170942 ] ] ] } },
{ "type": "Feature", "properties": { "DRVAL1": null, "OBJNAM": null, "NOBJNM": null, "TRAFIC": null, "INFORM": null, "SCAMIN": 90000 }, "geometry": { "type": "Polygon", "coordinates": [ [ [ 27.571434, 44.21993 ], [ 27.572725, 44.219925 ], [ 27.572894, 44.219733 ], [ 27.573087, 44.21955 ], [ 27.573542, 44.219209 ], [ 27.574086, 44.21889 ], [ 27.5747, 44.218588 ], [ 27.575025, 44.218442 ], [ 27.57536, 44.218299 ], [ 27.575701, 44.218157 ], [ 27.576048, 44.218018 ], [ 27.576397, 44.21788 ], [ 27.576749, 44.217744 ], [ 27.577101, 44.217612 ], [ 27.577453, 44.217483 ], [ 27.577808, 44.217358 ], [ 27.578168, 44.217234 ], [ 27.57891, 44.216985 ], [ 27.57968, 44.216713 ], [ 27.580068, 44.216565 ], [ 27.580452, 44.216408 ], [ 27.580829, 44.216244 ], [ 27.581199, 44.216072 ], [ 27.581561, 44.215894 ], [ 27.581917, 44.215709 ], [ 27.582268, 44.215516 ], [ 27.582618, 44.215309 ], [ 27.582967, 44.215082 ], [ 27.58363, 44.214547 ], [ 27.583919, 44.214239 ], [ 27.584364, 44.213572 ], [ 27.58458, 44.213025 ], [ 27.584708, 44.212536 ], [ 27.584762, 44.212066 ], [ 27.584754, 44.211516 ], [ 27.584699, 44.211026 ], [ 27.584587, 44.210532 ], [ 27.584445, 44.210018 ], [ 27.584259, 44.209587 ], [ 27.583801, 44.208682 ], [ 27.583223, 44.207815 ], [ 27.582299, 44.206738 ], [ 27.580335, 44.204834 ], [ 27.579486, 44.203904 ], [ 27.579089, 44.203413 ], [ 27.577273, 44.201097 ], [ 27.576652, 44.20033 ], [ 27.576235, 44.199819 ], [ 27.575816, 44.19931 ], [ 27.575188, 44.198552 ], [ 27.574777, 44.19805 ], [ 27.574174, 44.197292 ], [ 27.573776, 44.196782 ], [ 27.573378, 44.196267 ], [ 27.573177, 44.196008 ], [ 27.572769, 44.19549 ], [ 27.572562, 44.195231 ], [ 27.572352, 44.194972 ], [ 27.572141, 44.194715 ], [ 27.571927, 44.194458 ], [ 27.571207, 44.193563 ], [ 27.571001, 44.193325 ], [ 27.570728, 44.192996 ], [ 27.570453, 44.192642 ], [ 27.570206, 44.192287 ], [ 27.57002, 44.191958 ], [ 27.569984, 44.191849 ], [ 27.565136, 44.190794 ], [ 27.565284, 44.190918 ], [ 27.565615, 44.191199 ], [ 27.56627, 44.191766 ], [ 27.567674, 44.192839 ], [ 27.56831, 44.193421 ], [ 27.569869, 44.194742 ], [ 27.570265, 44.195095 ], [ 27.570491, 44.195354 ], [ 27.570714, 44.195677 ], [ 27.570866, 44.195944 ], [ 27.571319, 44.196719 ], [ 27.572213, 44.198089 ], [ 27.572831, 44.198865 ], [ 27.573251, 44.199378 ], [ 27.574503, 44.200895 ], [ 27.575527, 44.202162 ], [ 27.57613, 44.202923 ], [ 27.577131, 44.204212 ], [ 27.577557, 44.204739 ], [ 27.578256, 44.205522 ], [ 27.578753, 44.206024 ], [ 27.57975, 44.206971 ], [ 27.580223, 44.20743 ], [ 27.58106, 44.208348 ], [ 27.581577, 44.209064 ], [ 27.581994, 44.20981 ], [ 27.582234, 44.21038 ], [ 27.582438, 44.21109 ], [ 27.582504, 44.211509 ], [ 27.582521, 44.211851 ], [ 27.582488, 44.212211 ], [ 27.582433, 44.212576 ], [ 27.5823, 44.212933 ], [ 27.582153, 44.213221 ], [ 27.582024, 44.213394 ], [ 27.581874, 44.213558 ], [ 27.581781, 44.21365 ], [ 27.581652, 44.21375 ], [ 27.581394, 44.213926 ], [ 27.580574, 44.21441 ], [ 27.57949, 44.214975 ], [ 27.578661, 44.215284 ], [ 27.576446, 44.216034 ], [ 27.575324, 44.216456 ], [ 27.574588, 44.216749 ], [ 27.57422, 44.216902 ], [ 27.573851, 44.21706 ], [ 27.572743, 44.217594 ], [ 27.572022, 44.218023 ], [ 27.571354, 44.218531 ], [ 27.57079, 44.219116 ], [ 27.570557, 44.219431 ], [ 27.570358, 44.219756 ], [ 27.570272, 44.219933 ], [ 27.571434, 44.21993 ] ] ] } },
{ "type": "Feature", "properties": { "DRVAL1": null, "OBJNAM": null, "NOBJNM": null, "TRAFIC": null, "INFORM": null, "SCAMIN": 90000 }, "geometry": { "type": "Polygon", "coordinates": [ [ [ 27.456805, 44.122822 ], [ 27.457285, 44.122866 ], [ 27.458458, 44.123011 ], [ 27.459591, 44.123213 ], [ 27.460672, 44.123477 ], [ 27.461684, 44.123816 ], [ 27.462617, 44.124241 ], [ 27.463448, 44.12477 ], [ 27.464193, 44.125369 ], [ 27.464845, 44.126026 ], [ 27.465399, 44.126728 ], [ 27.465852, 44.127472 ], [ 27.466251, 44.128264 ], [ 27.466568, 44.129014 ], [ 27.466924, 44.129921 ], [ 27.467419, 44.131191 ], [ 27.467606, 44.131652 ], [ 27.467992, 44.132574 ], [ 27.468332, 44.133421 ], [ 27.468762, 44.134345 ], [ 27.469322, 44.135205 ], [ 27.469951, 44.136042 ], [ 27.470643, 44.136849 ], [ 27.471393, 44.137626 ], [ 27.472195, 44.13837 ], [ 27.473019, 44.139098 ], [ 27.47389, 44.139797 ], [ 27.474808, 44.140465 ], [ 27.475774, 44.141101 ], [ 27.476787, 44.141701 ], [ 27.477849, 44.14226 ], [ 27.478953, 44.142772 ], [ 27.480087, 44.143238 ], [ 27.48124, 44.143664 ], [ 27.482404, 44.144056 ], [ 27.483573, 44.144423 ], [ 27.484747, 44.144774 ], [ 27.485931, 44.145109 ], [ 27.48713, 44.145427 ], [ 27.488344, 44.145724 ], [ 27.489575, 44.145994 ], [ 27.490815, 44.146233 ], [ 27.492047, 44.146448 ], [ 27.493254, 44.146679 ], [ 27.494436, 44.146916 ], [ 27.495589, 44.147173 ], [ 27.496706, 44.147463 ], [ 27.497788, 44.147793 ], [ 27.498829, 44.148167 ], [ 27.499819, 44.148587 ], [ 27.500748, 44.149056 ], [ 27.501412, 44.149444 ], [ 27.501614, 44.14958 ], [ 27.502486, 44.150122 ], [ 27.503334, 44.150714 ], [ 27.504167, 44.151345 ], [ 27.504998, 44.152003 ], [ 27.505833, 44.152668 ], [ 27.50666, 44.153333 ], [ 27.507465, 44.154 ], [ 27.50824, 44.154673 ], [ 27.508975, 44.155361 ], [ 27.509633, 44.156085 ], [ 27.510257, 44.156835 ], [ 27.510864, 44.157607 ], [ 27.511468, 44.158393 ], [ 27.512014, 44.159217 ], [ 27.51259, 44.160042 ], [ 27.5132, 44.160861 ], [ 27.513849, 44.16167 ], [ 27.514537, 44.162468 ], [ 27.51527, 44.163252 ], [ 27.516049, 44.164018 ], [ 27.516935, 44.164701 ], [ 27.517835, 44.165392 ], [ 27.518812, 44.166051 ], [ 27.5198, 44.166678 ], [ 27.520873, 44.167225 ], [ 27.521964, 44.167741 ], [ 27.523069, 44.168228 ], [ 27.524182, 44.168692 ], [ 27.525301, 44.169135 ], [ 27.526425, 44.169564 ], [ 27.527553, 44.169981 ], [ 27.528646, 44.170438 ], [ 27.529747, 44.170887 ], [ 27.530854, 44.171325 ], [ 27.531965, 44.171754 ], [ 27.532234, 44.171856 ], [ 27.532229, 44.170927 ], [ 27.532218, 44.170013 ], [ 27.531929, 44.169901 ], [ 27.530844, 44.169472 ], [ 27.529767, 44.169033 ], [ 27.528698, 44.168585 ], [ 27.527638, 44.168128 ], [ 27.526587, 44.167661 ], [ 27.52555, 44.167184 ], [ 27.524531, 44.166695 ], [ 27.523534, 44.166189 ], [ 27.522564, 44.165664 ], [ 27.521625, 44.165117 ], [ 27.520716, 44.164545 ], [ 27.51984, 44.163947 ], [ 27.518998, 44.163326 ], [ 27.518189, 44.162682 ], [ 27.517417, 44.162014 ], [ 27.51668, 44.161325 ], [ 27.515976, 44.160615 ], [ 27.515303, 44.159886 ], [ 27.514659, 44.159142 ], [ 27.514039, 44.158381 ], [ 27.513435, 44.157604 ], [ 27.512828, 44.156815 ], [ 27.512202, 44.15602 ], [ 27.511541, 44.155225 ], [ 27.51083, 44.154443 ], [ 27.510072, 44.153686 ], [ 27.509284, 44.152956 ], [ 27.508479, 44.152246 ], [ 27.507667, 44.151552 ], [ 27.506854, 44.150863 ], [ 27.506032, 44.150172 ], [ 27.505176, 44.149482 ], [ 27.504268, 44.148806 ], [ 27.503291, 44.148159 ], [ 27.502235, 44.147563 ], [ 27.501111, 44.147034 ], [ 27.499941, 44.146573 ], [ 27.498738, 44.146175 ], [ 27.49751, 44.145834 ], [ 27.496268, 44.145543 ], [ 27.495023, 44.145296 ], [ 27.493788, 44.145077 ], [ 27.492568, 44.144871 ], [ 27.49137, 44.144663 ], [ 27.490195, 44.144436 ], [ 27.489034, 44.144181 ], [ 27.48788, 44.1439 ], [ 27.486732, 44.143595 ], [ 27.48559, 44.143271 ], [ 27.484454, 44.142932 ], [ 27.483331, 44.142579 ], [ 27.48223, 44.142208 ], [ 27.481158, 44.141813 ], [ 27.48012, 44.141387 ], [ 27.479123, 44.140924 ], [ 27.478166, 44.14042 ], [ 27.477248, 44.139877 ], [ 27.476368, 44.139298 ], [ 27.475528, 44.138686 ], [ 27.474729, 44.138045 ], [ 27.473974, 44.137377 ], [ 27.473267, 44.136685 ], [ 27.472612, 44.13597 ], [ 27.472014, 44.135232 ], [ 27.471476, 44.13447 ], [ 27.470998, 44.133686 ], [ 27.470572, 44.132879 ], [ 27.470191, 44.132055 ], [ 27.469849, 44.131216 ], [ 27.469537, 44.130362 ], [ 27.469237, 44.12949 ], [ 27.468917, 44.1286 ], [ 27.468542, 44.127698 ], [ 27.468079, 44.126796 ], [ 27.467496, 44.125913 ], [ 27.466786, 44.125072 ], [ 27.465956, 44.124287 ], [ 27.465008, 44.123569 ], [ 27.46394, 44.12293 ], [ 27.462762, 44.122394 ], [ 27.461509, 44.121973 ], [ 27.460225, 44.121658 ], [ 27.458932, 44.121426 ], [ 27.457644, 44.121257 ], [ 27.456793, 44.121172 ], [ 27.456798, 44.122044 ], [ 27.456805, 44.122822 ] ] ] } },
{ "type": "Feature", "properties": { "DRVAL1": null, "OBJNAM": null, "NOBJNM": null, "TRAFIC": null, "INFORM": null, "SCAMIN": 90000 }, "geometry": { "type": "Polygon", "coordinates": [ [ [ 27.456798, 44.122044 ], [ 27.456793, 44.121172 ], [ 27.456793, 44.121172 ], [ 27.456364, 44.121129 ], [ 27.455088, 44.121031 ], [ 27.453811, 44.12096 ], [ 27.452559, 44.120957 ], [ 27.451324, 44.120981 ], [ 27.450042, 44.120997 ], [ 27.448729, 44.121005 ], [ 27.447455, 44.121058 ], [ 27.446189, 44.12109 ], [ 27.444923, 44.12117 ], [ 27.443657, 44.121251 ], [ 27.44232, 44.121376 ], [ 27.441078, 44.121546 ], [ 27.439835, 44.121739 ], [ 27.438522, 44.121961 ], [ 27.437264, 44.122262 ], [ 27.436064, 44.122666 ], [ 27.434916, 44.123113 ], [ 27.433811, 44.123586 ], [ 27.432737, 44.12407 ], [ 27.431682, 44.124552 ], [ 27.430633, 44.125024 ], [ 27.429581, 44.125482 ], [ 27.428522, 44.125921 ], [ 27.427454, 44.126333 ], [ 27.426369, 44.126715 ], [ 27.425261, 44.127068 ], [ 27.42413, 44.1274 ], [ 27.422981, 44.127717 ], [ 27.421816, 44.128026 ], [ 27.420643, 44.128334 ], [ 27.419477, 44.128666 ], [ 27.418312, 44.129001 ], [ 27.417147, 44.12934 ], [ 27.415984, 44.129686 ], [ 27.414826, 44.130038 ], [ 27.413675, 44.130394 ], [ 27.412442, 44.130812 ], [ 27.411469, 44.131159 ], [ 27.410329, 44.131506 ], [ 27.409591, 44.1317 ], [ 27.408161, 44.131998 ], [ 27.40676, 44.132199 ], [ 27.405526, 44.132353 ], [ 27.404307, 44.132485 ], [ 27.403099, 44.132622 ], [ 27.401897, 44.132731 ], [ 27.400705, 44.1328 ], [ 27.399528, 44.132818 ], [ 27.398371, 44.132772 ], [ 27.397235, 44.132675 ], [ 27.396114, 44.132498 ], [ 27.395005, 44.132251 ], [ 27.393915, 44.131943 ], [ 27.392844, 44.131581 ], [ 27.391796, 44.131174 ], [ 27.390769, 44.130727 ], [ 27.389761, 44.130248 ], [ 27.388767, 44.12974 ], [ 27.387782, 44.129212 ], [ 27.386799, 44.128667 ], [ 27.385803, 44.128113 ], [ 27.384777, 44.127562 ], [ 27.383703, 44.127029 ], [ 27.382567, 44.126534 ], [ 27.381366, 44.1261 ], [ 27.380124, 44.125744 ], [ 27.378921, 44.125403 ], [ 27.37775, 44.125114 ], [ 27.376616, 44.124824 ], [ 27.375137, 44.124631 ], [ 27.373906, 44.124526 ], [ 27.372632, 44.124441 ], [ 27.371356, 44.124343 ], [ 27.370062, 44.124243 ], [ 27.368754, 44.124189 ], [ 27.367437, 44.12419 ], [ 27.366114, 44.124252 ], [ 27.364794, 44.124381 ], [ 27.363482, 44.124584 ], [ 27.362195, 44.12487 ], [ 27.360953, 44.125232 ], [ 27.359764, 44.125656 ], [ 27.358626, 44.126126 ], [ 27.357533, 44.12663 ], [ 27.356476, 44.127159 ], [ 27.355446, 44.127707 ], [ 27.35444, 44.128269 ], [ 27.353452, 44.128844 ], [ 27.352481, 44.129427 ], [ 27.351521, 44.130015 ], [ 27.350567, 44.130608 ], [ 27.34962, 44.13121 ], [ 27.348682, 44.131821 ], [ 27.347754, 44.132444 ], [ 27.346842, 44.133078 ], [ 27.345948, 44.133716 ], [ 27.345066, 44.134349 ], [ 27.344059, 44.134871 ], [ 27.34305, 44.135366 ], [ 27.342033, 44.135824 ], [ 27.341001, 44.136241 ], [ 27.339953, 44.136618 ], [ 27.338891, 44.136953 ], [ 27.33782, 44.137244 ], [ 27.336739, 44.13749 ], [ 27.335514, 44.137823 ], [ 27.334669, 44.138102 ], [ 27.333649, 44.138479 ], [ 27.332593, 44.138826 ], [ 27.331501, 44.13914 ], [ 27.330368, 44.139428 ], [ 27.329198, 44.139698 ], [ 27.328, 44.13996 ], [ 27.326784, 44.140222 ], [ 27.325561, 44.140495 ], [ 27.324311, 44.140655 ], [ 27.323067, 44.140829 ], [ 27.321805, 44.140934 ], [ 27.320546, 44.14105 ], [ 27.319293, 44.141173 ], [ 27.318052, 44.141298 ], [ 27.316826, 44.141415 ], [ 27.315617, 44.141514 ], [ 27.314426, 44.141587 ], [ 27.313251, 44.141626 ], [ 27.312084, 44.141628 ], [ 27.310919, 44.141585 ], [ 27.30976, 44.141509 ], [ 27.308607, 44.1414 ], [ 27.307464, 44.14126 ], [ 27.306332, 44.14109 ], [ 27.305214, 44.140891 ], [ 27.304111, 44.140662 ], [ 27.303025, 44.140406 ], [ 27.301891, 44.140177 ], [ 27.300672, 44.139968 ], [ 27.299706, 44.13979 ], [ 27.298665, 44.139622 ], [ 27.29755, 44.139469 ], [ 27.296439, 44.139269 ], [ 27.295318, 44.139018 ], [ 27.294182, 44.138721 ], [ 27.293033, 44.138389 ], [ 27.291871, 44.138036 ], [ 27.290699, 44.137673 ], [ 27.289667, 44.137159 ], [ 27.288633, 44.136648 ], [ 27.287597, 44.13614 ], [ 27.286558, 44.135634 ], [ 27.285518, 44.135131 ], [ 27.284475, 44.134629 ], [ 27.28343, 44.13413 ], [ 27.282383, 44.133634 ], [ 27.281333, 44.13314 ], [ 27.28028, 44.132649 ], [ 27.279224, 44.132161 ], [ 27.278166, 44.131676 ], [ 27.277106, 44.131193 ], [ 27.276044, 44.130713 ], [ 27.274979, 44.130236 ], [ 27.273911, 44.129762 ], [ 27.272841, 44.12929 ], [ 27.271766, 44.128822 ], [ 27.270688, 44.128358 ], [ 27.269607, 44.127898 ], [ 27.268523, 44.127442 ], [ 27.267438, 44.12699 ], [ 27.267038, 44.126814 ], [ 27.267187, 44.127847 ], [ 27.267306, 44.12878 ], [ 27.267407, 44.128829 ], [ 27.268468, 44.129295 ], [ 27.269539, 44.129751 ], [ 27.270607, 44.130211 ], [ 27.271672, 44.130675 ], [ 27.272734, 44.131143 ], [ 27.273794, 44.131614 ], [ 27.274296, 44.131839 ], [ 27.274852, 44.132088 ], [ 27.275908, 44.132565 ], [ 27.276961, 44.133044 ], [ 27.278012, 44.133526 ], [ 27.27906, 44.134011 ], [ 27.279692, 44.134306 ], [ 27.280106, 44.134499 ], [ 27.281149, 44.134989 ], [ 27.28219, 44.135483 ], [ 27.283229, 44.135979 ], [ 27.284266, 44.136477 ], [ 27.285301, 44.136978 ], [ 27.286333, 44.137481 ], [ 27.287363, 44.137986 ], [ 27.288391, 44.138494 ], [ 27.289416, 44.139004 ], [ 27.290008, 44.139301 ], [ 27.290442, 44.139519 ], [ 27.29148, 44.140035 ], [ 27.292539, 44.140545 ], [ 27.29363, 44.141039 ], [ 27.294434, 44.141372 ], [ 27.294758, 44.141506 ], [ 27.295925, 44.141933 ], [ 27.297121, 44.142314 ], [ 27.298338, 44.142651 ], [ 27.299571, 44.142946 ], [ 27.300238, 44.143084 ], [ 27.300815, 44.143204 ], [ 27.30207, 44.143427 ], [ 27.302584, 44.143504 ], [ 27.303334, 44.143617 ], [ 27.303606, 44.14365 ], [ 27.304607, 44.143773 ], [ 27.305888, 44.143895 ], [ 27.307174, 44.143984 ], [ 27.307319, 44.14399 ], [ 27.308464, 44.144038 ], [ 27.309757, 44.144057 ], [ 27.311051, 44.144039 ], [ 27.312345, 44.143984 ], [ 27.313637, 44.143891 ], [ 27.314919, 44.143757 ], [ 27.316184, 44.143591 ], [ 27.317432, 44.143402 ], [ 27.318663, 44.143199 ], [ 27.319882, 44.142993 ], [ 27.321092, 44.142792 ], [ 27.322302, 44.142599 ], [ 27.323511, 44.142418 ], [ 27.324722, 44.142248 ], [ 27.325934, 44.142093 ], [ 27.327153, 44.141953 ], [ 27.328384, 44.141822 ], [ 27.329629, 44.141689 ], [ 27.330885, 44.141541 ], [ 27.332148, 44.141369 ], [ 27.333412, 44.14116 ], [ 27.334666, 44.14091 ], [ 27.335905, 44.140619 ], [ 27.337125, 44.140284 ], [ 27.338322, 44.139905 ], [ 27.339491, 44.13948 ], [ 27.340626, 44.139011 ], [ 27.341725, 44.138503 ], [ 27.342787, 44.137958 ], [ 27.34381, 44.137379 ], [ 27.344792, 44.13677 ], [ 27.345734, 44.136142 ], [ 27.346644, 44.135504 ], [ 27.347534, 44.134866 ], [ 27.348416, 44.134237 ], [ 27.349303, 44.13362 ], [ 27.350204, 44.133015 ], [ 27.351119, 44.132418 ], [ 27.352047, 44.131829 ], [ 27.352985, 44.131245 ], [ 27.353929, 44.130667 ], [ 27.354879, 44.130097 ], [ 27.355836, 44.12954 ], [ 27.356835, 44.129028 ], [ 27.357845, 44.128536 ], [ 27.358866, 44.128069 ], [ 27.359898, 44.127636 ], [ 27.360943, 44.127246 ], [ 27.361999, 44.12691 ], [ 27.363068, 44.126637 ], [ 27.364153, 44.126434 ], [ 27.365528, 44.126241 ], [ 27.366378, 44.126154 ], [ 27.367521, 44.126065 ], [ 27.368683, 44.126028 ], [ 27.369857, 44.125988 ], [ 27.371049, 44.125964 ], [ 27.372225, 44.125924 ], [ 27.373666, 44.125948 ], [ 27.375123, 44.126053 ], [ 27.376321, 44.126218 ], [ 27.377193, 44.126462 ], [ 27.378364, 44.126866 ], [ 27.379441, 44.127241 ], [ 27.380446, 44.127579 ], [ 27.381479, 44.127952 ], [ 27.382481, 44.12839 ], [ 27.383466, 44.128879 ], [ 27.384443, 44.129404 ], [ 27.385426, 44.129951 ], [ 27.386424, 44.130504 ], [ 27.387444, 44.131051 ], [ 27.38849, 44.131585 ], [ 27.389567, 44.132097 ], [ 27.39068, 44.132581 ], [ 27.391832, 44.133029 ], [ 27.393025, 44.133432 ], [ 27.394261, 44.133781 ], [ 27.395541, 44.134066 ], [ 27.396861, 44.134273 ], [ 27.398207, 44.134389 ], [ 27.399549, 44.134416 ], [ 27.400873, 44.134371 ], [ 27.402174, 44.13427 ], [ 27.403452, 44.13413 ], [ 27.404713, 44.133963 ], [ 27.405966, 44.133772 ], [ 27.407212, 44.133556 ], [ 27.40845, 44.133314 ], [ 27.409678, 44.133046 ], [ 27.410893, 44.132751 ], [ 27.41209, 44.132436 ], [ 27.413271, 44.132107 ], [ 27.414438, 44.131773 ], [ 27.415597, 44.131439 ], [ 27.416753, 44.131112 ], [ 27.417912, 44.130792 ], [ 27.419076, 44.130477 ], [ 27.420244, 44.130165 ], [ 27.421415, 44.129856 ], [ 27.42259, 44.129548 ], [ 27.423772, 44.129234 ], [ 27.424957, 44.128907 ], [ 27.426141, 44.12856 ], [ 27.427319, 44.128184 ], [ 27.42848, 44.127775 ], [ 27.429614, 44.127337 ], [ 27.430723, 44.126878 ], [ 27.431846, 44.126446 ], [ 27.432952, 44.126005 ], [ 27.434044, 44.125563 ], [ 27.435121, 44.125134 ], [ 27.436191, 44.124732 ], [ 27.437257, 44.124371 ], [ 27.438322, 44.124065 ], [ 27.439368, 44.123856 ], [ 27.440468, 44.123686 ], [ 27.441513, 44.123553 ], [ 27.442763, 44.123368 ], [ 27.44395, 44.123215 ], [ 27.445097, 44.123061 ], [ 27.44626, 44.122932 ], [ 27.447724, 44.122816 ], [ 27.448745, 44.122731 ], [ 27.449987, 44.122658 ], [ 27.451277, 44.122602 ], [ 27.452444, 44.122578 ], [ 27.453663, 44.122613 ], [ 27.454878, 44.122672 ], [ 27.456088, 44.122756 ], [ 27.456805, 44.122822 ], [ 27.456798, 44.122044 ] ] ] } },
{ "type": "Feature", "properties": { "DRVAL1": null, "OBJNAM": null, "NOBJNM": null, "TRAFIC": null, "INFORM": null, "SCAMIN": 90000 }, "geometry": { "type": "Polygon", "coordinates": [ [ [ 27.960318, 45.217132 ], [ 27.961422, 45.216488 ], [ 27.962256, 45.215723 ], [ 27.962989, 45.214881 ], [ 27.963586, 45.213984 ], [ 27.964033, 45.213041 ], [ 27.96432, 45.212068 ], [ 27.964447, 45.211082 ], [ 27.96442, 45.210093 ], [ 27.964237, 45.209107 ], [ 27.963879, 45.208132 ], [ 27.963326, 45.207195 ], [ 27.962596, 45.206334 ], [ 27.961759, 45.205559 ], [ 27.960865, 45.204849 ], [ 27.959937, 45.204182 ], [ 27.95898, 45.203546 ], [ 27.958006, 45.202937 ], [ 27.957034, 45.20235 ], [ 27.956089, 45.201771 ], [ 27.955189, 45.201181 ], [ 27.954334, 45.200564 ], [ 27.953511, 45.199918 ], [ 27.952715, 45.199251 ], [ 27.951957, 45.198571 ], [ 27.951261, 45.197876 ], [ 27.950644, 45.197159 ], [ 27.950105, 45.196403 ], [ 27.949614, 45.19561 ], [ 27.949147, 45.194791 ], [ 27.948691, 45.193961 ], [ 27.948248, 45.193128 ], [ 27.947821, 45.192291 ], [ 27.947407, 45.191449 ], [ 27.947004, 45.190603 ], [ 27.946613, 45.189754 ], [ 27.946233, 45.188904 ], [ 27.945868, 45.188054 ], [ 27.945524, 45.187202 ], [ 27.945204, 45.186347 ], [ 27.944908, 45.185488 ], [ 27.944636, 45.184627 ], [ 27.944392, 45.183764 ], [ 27.944184, 45.182901 ], [ 27.944018, 45.182038 ], [ 27.943897, 45.18117 ], [ 27.943815, 45.180296 ], [ 27.943765, 45.179415 ], [ 27.94374, 45.17853 ], [ 27.943735, 45.17764 ], [ 27.943742, 45.176747 ], [ 27.94376, 45.175855 ], [ 27.943793, 45.174968 ], [ 27.943847, 45.174084 ], [ 27.943927, 45.173202 ], [ 27.944031, 45.17232 ], [ 27.944158, 45.171438 ], [ 27.944306, 45.170559 ], [ 27.944476, 45.169682 ], [ 27.944671, 45.168809 ], [ 27.94489, 45.167944 ], [ 27.945144, 45.167088 ], [ 27.945438, 45.166243 ], [ 27.945779, 45.165406 ], [ 27.946161, 45.164575 ], [ 27.946579, 45.163746 ], [ 27.947027, 45.162917 ], [ 27.947491, 45.162082 ], [ 27.947954, 45.161241 ], [ 27.948409, 45.160407 ], [ 27.948875, 45.159596 ], [ 27.949381, 45.158816 ], [ 27.949947, 45.158064 ], [ 27.950576, 45.157334 ], [ 27.951264, 45.156627 ], [ 27.952007, 45.155934 ], [ 27.95279, 45.155242 ], [ 27.95359, 45.154548 ], [ 27.954385, 45.153861 ], [ 27.955187, 45.153207 ], [ 27.956028, 45.152593 ], [ 27.956939, 45.151999 ], [ 27.9579, 45.151373 ], [ 27.958841, 45.15068 ], [ 27.959691, 45.149931 ], [ 27.960454, 45.149169 ], [ 27.961171, 45.148416 ], [ 27.961881, 45.147674 ], [ 27.962597, 45.146941 ], [ 27.963326, 45.146213 ], [ 27.964073, 45.145476 ], [ 27.964816, 45.144709 ], [ 27.965517, 45.143898 ], [ 27.96614, 45.143039 ], [ 27.96666, 45.142137 ], [ 27.967057, 45.1412 ], [ 27.967321, 45.14025 ], [ 27.967485, 45.13931 ], [ 27.967585, 45.138384 ], [ 27.967651, 45.137465 ], [ 27.967689, 45.13655 ], [ 27.967705, 45.135635 ], [ 27.967694, 45.134712 ], [ 27.967634, 45.133775 ], [ 27.967499, 45.132832 ], [ 27.96728, 45.131897 ], [ 27.966994, 45.130981 ], [ 27.96666, 45.130083 ], [ 27.966291, 45.129201 ], [ 27.965902, 45.128332 ], [ 27.965504, 45.127471 ], [ 27.96533, 45.127072 ], [ 27.964114, 45.127083 ], [ 27.963097, 45.127092 ], [ 27.962912, 45.127089 ], [ 27.962931, 45.127132 ], [ 27.963303, 45.127954 ], [ 27.963742, 45.128828 ], [ 27.964101, 45.129672 ], [ 27.964469, 45.13053 ], [ 27.964774, 45.131366 ], [ 27.965071, 45.132211 ], [ 27.965281, 45.133032 ], [ 27.965377, 45.133906 ], [ 27.965454, 45.134767 ], [ 27.965416, 45.135632 ], [ 27.965401, 45.136516 ], [ 27.965364, 45.1374 ], [ 27.965301, 45.13828 ], [ 27.965207, 45.139149 ], [ 27.96506, 45.139995 ], [ 27.964834, 45.140811 ], [ 27.964502, 45.141598 ], [ 27.96406, 45.142362 ], [ 27.963521, 45.143104 ], [ 27.962895, 45.143828 ], [ 27.9622, 45.144546 ], [ 27.961463, 45.145271 ], [ 27.960783, 45.146035 ], [ 27.960088, 45.146756 ], [ 27.959386, 45.147302 ], [ 27.959321, 45.146252 ], [ 27.959132, 45.145865 ], [ 27.958725, 45.145054 ], [ 27.958226, 45.144256 ], [ 27.955881, 45.140719 ], [ 27.954304, 45.138636 ], [ 27.952991, 45.13704 ], [ 27.951379, 45.135005 ], [ 27.949822, 45.133158 ], [ 27.948054, 45.131014 ], [ 27.946577, 45.129356 ], [ 27.945338, 45.127955 ], [ 27.94481, 45.127251 ], [ 27.943655, 45.127254 ], [ 27.942712, 45.127278 ], [ 27.943442, 45.128251 ], [ 27.944806, 45.129841 ], [ 27.946575, 45.131953 ], [ 27.948443, 45.134113 ], [ 27.949844, 45.135835 ], [ 27.951346, 45.137712 ], [ 27.952448, 45.13913 ], [ 27.954124, 45.141345 ], [ 27.956349, 45.144618 ], [ 27.956896, 45.145485 ], [ 27.957249, 45.1463 ], [ 27.957414, 45.146895 ], [ 27.957435, 45.14773 ], [ 27.957331, 45.148337 ], [ 27.957211, 45.1488 ], [ 27.956844, 45.149423 ], [ 27.956335, 45.150006 ], [ 27.955388, 45.150807 ], [ 27.954429, 45.151433 ], [ 27.953499, 45.152111 ], [ 27.952634, 45.152817 ], [ 27.951817, 45.153523 ], [ 27.95101, 45.154224 ], [ 27.950201, 45.154937 ], [ 27.949407, 45.155678 ], [ 27.948654, 45.156454 ], [ 27.947958, 45.157261 ], [ 27.947328, 45.158097 ], [ 27.946773, 45.158953 ], [ 27.94628, 45.15981 ], [ 27.945819, 45.160656 ], [ 27.945359, 45.161492 ], [ 27.944892, 45.162332 ], [ 27.944431, 45.163185 ], [ 27.943993, 45.164051 ], [ 27.943589, 45.164932 ], [ 27.943225, 45.165825 ], [ 27.942911, 45.166728 ], [ 27.942642, 45.167634 ], [ 27.942412, 45.16854 ], [ 27.94221, 45.169446 ], [ 27.942034, 45.170352 ], [ 27.941881, 45.171261 ], [ 27.941751, 45.17217 ], [ 27.941643, 45.173082 ], [ 27.94156, 45.173997 ], [ 27.941503, 45.174911 ], [ 27.94147, 45.175823 ], [ 27.941451, 45.176731 ], [ 27.941444, 45.177639 ], [ 27.94145, 45.178549 ], [ 27.941475, 45.179463 ], [ 27.941527, 45.180382 ], [ 27.941614, 45.181303 ], [ 27.941742, 45.182227 ], [ 27.941919, 45.183147 ], [ 27.942139, 45.184059 ], [ 27.942394, 45.184962 ], [ 27.942677, 45.185857 ], [ 27.942984, 45.186747 ], [ 27.943315, 45.187632 ], [ 27.94367, 45.188511 ], [ 27.944044, 45.189384 ], [ 27.944432, 45.19025 ], [ 27.94483, 45.191112 ], [ 27.945238, 45.191973 ], [ 27.945661, 45.192832 ], [ 27.946098, 45.193688 ], [ 27.946551, 45.194539 ], [ 27.947017, 45.195388 ], [ 27.947502, 45.196238 ], [ 27.948032, 45.197094 ], [ 27.948641, 45.197945 ], [ 27.949345, 45.198766 ], [ 27.950121, 45.19954 ], [ 27.950938, 45.200274 ], [ 27.951783, 45.200983 ], [ 27.952665, 45.201674 ], [ 27.953592, 45.202343 ], [ 27.954559, 45.202977 ], [ 27.955538, 45.203577 ], [ 27.956502, 45.20416 ], [ 27.957436, 45.204743 ], [ 27.958334, 45.20534 ], [ 27.959192, 45.205956 ], [ 27.959992, 45.206591 ], [ 27.9607, 45.207245 ], [ 27.96128, 45.207926 ], [ 27.961707, 45.208648 ], [ 27.961987, 45.209415 ], [ 27.962134, 45.210214 ], [ 27.962156, 45.211024 ], [ 27.962053, 45.211829 ], [ 27.961821, 45.212617 ], [ 27.961458, 45.21338 ], [ 27.960972, 45.214111 ], [ 27.96037, 45.214802 ], [ 27.959759, 45.215506 ], [ 27.958991, 45.216244 ], [ 27.958077, 45.217151 ], [ 27.959186, 45.217141 ], [ 27.960318, 45.217132 ] ] ] } },
{ "type": "Feature", "properties": { "DRVAL1": null, "OBJNAM": null, "NOBJNM": null, "TRAFIC": null, "INFORM": null, "SCAMIN": 90000 }, "geometry": { "type": "Polygon", "coordinates": [ [ [ 27.962912, 45.127089 ], [ 27.962527, 45.126293 ], [ 27.962094, 45.125459 ], [ 27.961645, 45.124638 ], [ 27.961167, 45.12383 ], [ 27.960653, 45.123034 ], [ 27.960102, 45.122244 ], [ 27.959524, 45.12145 ], [ 27.95894, 45.120647 ], [ 27.958364, 45.11984 ], [ 27.957802, 45.119019 ], [ 27.95737, 45.118162 ], [ 27.956922, 45.117348 ], [ 27.956423, 45.116494 ], [ 27.955904, 45.115681 ], [ 27.955428, 45.114816 ], [ 27.954946, 45.113955 ], [ 27.954481, 45.113098 ], [ 27.953983, 45.112226 ], [ 27.953519, 45.111392 ], [ 27.953054, 45.110582 ], [ 27.952672, 45.109822 ], [ 27.952174, 45.109043 ], [ 27.951587, 45.108311 ], [ 27.950923, 45.107633 ], [ 27.950155, 45.106944 ], [ 27.949364, 45.106242 ], [ 27.948584, 45.105541 ], [ 27.947798, 45.104836 ], [ 27.947007, 45.104147 ], [ 27.94619, 45.103474 ], [ 27.945359, 45.102805 ], [ 27.944544, 45.102153 ], [ 27.943692, 45.10149 ], [ 27.942815, 45.100795 ], [ 27.941968, 45.100115 ], [ 27.941126, 45.099426 ], [ 27.940301, 45.098747 ], [ 27.939473, 45.098065 ], [ 27.938642, 45.097382 ], [ 27.93781, 45.096692 ], [ 27.936988, 45.095991 ], [ 27.93618, 45.09528 ], [ 27.935389, 45.094563 ], [ 27.93461, 45.093842 ], [ 27.933842, 45.093119 ], [ 27.93308, 45.092397 ], [ 27.932321, 45.091677 ], [ 27.931559, 45.090958 ], [ 27.930795, 45.090238 ], [ 27.930032, 45.089517 ], [ 27.929271, 45.088797 ], [ 27.92851, 45.088078 ], [ 27.927746, 45.087362 ], [ 27.926976, 45.086645 ], [ 27.926206, 45.085918 ], [ 27.925446, 45.085179 ], [ 27.924706, 45.084428 ], [ 27.923988, 45.083669 ], [ 27.923289, 45.082903 ], [ 27.922606, 45.082134 ], [ 27.921936, 45.081366 ], [ 27.92129, 45.080604 ], [ 27.920651, 45.079833 ], [ 27.91998, 45.079067 ], [ 27.919308, 45.078291 ], [ 27.918663, 45.077525 ], [ 27.918032, 45.07674 ], [ 27.91732, 45.075945 ], [ 27.916654, 45.075213 ], [ 27.915967, 45.074467 ], [ 27.915327, 45.073671 ], [ 27.914758, 45.072984 ], [ 27.91403, 45.072097 ], [ 27.913378, 45.071334 ], [ 27.912098, 45.069793 ], [ 27.911417, 45.069022 ], [ 27.910742, 45.068252 ], [ 27.910096, 45.067497 ], [ 27.909445, 45.066727 ], [ 27.908828, 45.06599 ], [ 27.908135, 45.065152 ], [ 27.907549, 45.064357 ], [ 27.907069, 45.063678 ], [ 27.906761, 45.063175 ], [ 27.906406, 45.062673 ], [ 27.905837, 45.061885 ], [ 27.90528, 45.061291 ], [ 27.904819, 45.061119 ], [ 27.904533, 45.061023 ], [ 27.904187, 45.061115 ], [ 27.904084, 45.061363 ], [ 27.904101, 45.061971 ], [ 27.90417, 45.06349 ], [ 27.904497, 45.066302 ], [ 27.904596, 45.067292 ], [ 27.90465, 45.068256 ], [ 27.904678, 45.068956 ], [ 27.904664, 45.069393 ], [ 27.904509, 45.07215 ], [ 27.904447, 45.072533 ], [ 27.904437, 45.073364 ], [ 27.904403, 45.074362 ], [ 27.904414, 45.075345 ], [ 27.904397, 45.077073 ], [ 27.90441, 45.07798 ], [ 27.90441, 45.07886 ], [ 27.90445, 45.07974 ], [ 27.90453, 45.08062 ], [ 27.90466, 45.08149 ], [ 27.90482, 45.08236 ], [ 27.90505, 45.08331 ], [ 27.90531, 45.08417 ], [ 27.90562, 45.08501 ], [ 27.90599, 45.08584 ], [ 27.9064, 45.08666 ], [ 27.90687, 45.08747 ], [ 27.90738, 45.08827 ], [ 27.90794, 45.08905 ], [ 27.90854, 45.08983 ], [ 27.90916, 45.09059 ], [ 27.90982, 45.09134 ], [ 27.9105, 45.09209 ], [ 27.9112, 45.09283 ], [ 27.91192, 45.09355 ], [ 27.91266, 45.09427 ], [ 27.91342, 45.09498 ], [ 27.9142, 45.09567 ], [ 27.915, 45.09635 ], [ 27.91582, 45.09701 ], [ 27.91667, 45.09764 ], [ 27.91756, 45.09824 ], [ 27.91849, 45.0988 ], [ 27.91946, 45.09933 ], [ 27.92047, 45.09983 ], [ 27.92152, 45.1003 ], [ 27.92259, 45.10076 ], [ 27.92368, 45.10121 ], [ 27.92478, 45.10166 ], [ 27.92589, 45.10209 ], [ 27.92711, 45.10258 ], [ 27.92823, 45.10302 ], [ 27.92934, 45.10346 ], [ 27.93046, 45.10391 ], [ 27.93156, 45.10438 ], [ 27.93267, 45.10486 ], [ 27.93376, 45.10537 ], [ 27.93483, 45.10593 ], [ 27.93586, 45.10654 ], [ 27.93683, 45.10724 ], [ 27.93768, 45.10802 ], [ 27.93838, 45.10886 ], [ 27.93893, 45.10976 ], [ 27.93936, 45.11067 ], [ 27.93967, 45.1116 ], [ 27.93989, 45.11253 ], [ 27.94004, 45.11345 ], [ 27.94015, 45.11436 ], [ 27.94033, 45.11616 ], [ 27.94043, 45.11705 ], [ 27.94058, 45.11791 ], [ 27.94078, 45.11877 ], [ 27.94105, 45.11961 ], [ 27.94137, 45.12046 ], [ 27.94173, 45.12131 ], [ 27.94211, 45.12217 ], [ 27.9425, 45.12302 ], [ 27.9429, 45.12387 ], [ 27.94374, 45.12555 ], [ 27.944122, 45.126181 ], [ 27.944492, 45.126796 ], [ 27.94481, 45.127251 ], [ 27.943655, 45.127254 ], [ 27.942712, 45.127278 ], [ 27.942203, 45.126492 ], [ 27.941622, 45.125402 ], [ 27.94126, 45.12465 ], [ 27.94045, 45.12292 ], [ 27.9401, 45.12214 ], [ 27.93972, 45.12127 ], [ 27.93936, 45.12039 ], [ 27.93905, 45.11949 ], [ 27.9388, 45.11856 ], [ 27.93861, 45.11764 ], [ 27.93848, 45.11672 ], [ 27.93838, 45.11581 ], [ 27.9382, 45.11402 ], [ 27.93808, 45.11314 ], [ 27.93791, 45.11228 ], [ 27.9377, 45.11153 ], [ 27.93739, 45.11071 ], [ 27.93698, 45.10993 ], [ 27.93646, 45.10919 ], [ 27.93583, 45.10851 ], [ 27.93508, 45.10789 ], [ 27.93421, 45.10731 ], [ 27.93327, 45.10678 ], [ 27.93227, 45.10629 ], [ 27.93122, 45.10581 ], [ 27.93015, 45.10535 ], [ 27.92906, 45.1049 ], [ 27.92796, 45.10446 ], [ 27.92685, 45.10402 ], [ 27.92574, 45.10358 ], [ 27.92463, 45.10314 ], [ 27.92351, 45.1027 ], [ 27.9224, 45.10225 ], [ 27.92129, 45.10178 ], [ 27.92018, 45.1013 ], [ 27.91909, 45.1008 ], [ 27.91802, 45.10025 ], [ 27.91698, 45.09967 ], [ 27.91599, 45.09905 ], [ 27.91505, 45.09839 ], [ 27.91415, 45.09772 ], [ 27.9133, 45.09702 ], [ 27.91248, 45.09631 ], [ 27.91168, 45.09559 ], [ 27.9109, 45.09486 ], [ 27.91015, 45.09412 ], [ 27.90941, 45.09336 ], [ 27.9087, 45.0926 ], [ 27.908, 45.09183 ], [ 27.90733, 45.09104 ], [ 27.90668, 45.09025 ], [ 27.90607, 45.08943 ], [ 27.9055, 45.0886 ], [ 27.90497, 45.08775 ], [ 27.90449, 45.08689 ], [ 27.90406, 45.08601 ], [ 27.90368, 45.08511 ], [ 27.90337, 45.0842 ], [ 27.90311, 45.08329 ], [ 27.9029, 45.08238 ], [ 27.90273, 45.08146 ], [ 27.90261, 45.08054 ], [ 27.90254, 45.07962 ], [ 27.9025, 45.0787 ], [ 27.90251, 45.07778 ], [ 27.90256, 45.07685 ], [ 27.902673, 45.075935 ], [ 27.902741, 45.075277 ], [ 27.902766, 45.074211 ], [ 27.902812, 45.073281 ], [ 27.90279, 45.072046 ], [ 27.90279, 45.069013 ], [ 27.902755, 45.068346 ], [ 27.902683, 45.067473 ], [ 27.902566, 45.066329 ], [ 27.90222, 45.063502 ], [ 27.902003, 45.061076 ], [ 27.901961, 45.059885 ], [ 27.901934, 45.05921 ], [ 27.901912, 45.058669 ], [ 27.901781, 45.058159 ], [ 27.901693, 45.057695 ], [ 27.901584, 45.057278 ], [ 27.901328, 45.056467 ], [ 27.900759, 45.055579 ], [ 27.900355, 45.054602 ], [ 27.900173, 45.05361 ], [ 27.900125, 45.052661 ], [ 27.900116, 45.051755 ], [ 27.900092, 45.050862 ], [ 27.90006, 45.049963 ], [ 27.900032, 45.049058 ], [ 27.900017, 45.048149 ], [ 27.900019, 45.047237 ], [ 27.900041, 45.046323 ], [ 27.900088, 45.045405 ], [ 27.900168, 45.044484 ], [ 27.900288, 45.043563 ], [ 27.900449, 45.042645 ], [ 27.900647, 45.041734 ], [ 27.900875, 45.04083 ], [ 27.901131, 45.03993 ], [ 27.901413, 45.039035 ], [ 27.90172, 45.038147 ], [ 27.901922, 45.037571 ], [ 27.903129, 45.037565 ], [ 27.903601, 45.03756 ], [ 27.90429, 45.037553 ], [ 27.904254, 45.037683 ], [ 27.903935, 45.038545 ], [ 27.903637, 45.039405 ], [ 27.903366, 45.040267 ], [ 27.90312, 45.041133 ], [ 27.902901, 45.042 ], [ 27.902712, 45.042868 ], [ 27.90256, 45.043737 ], [ 27.902447, 45.044608 ], [ 27.902371, 45.045485 ], [ 27.902326, 45.046366 ], [ 27.902304, 45.047252 ], [ 27.902302, 45.04814 ], [ 27.902317, 45.049031 ], [ 27.902345, 45.049925 ], [ 27.902377, 45.050826 ], [ 27.902401, 45.051733 ], [ 27.902411, 45.052627 ], [ 27.902451, 45.053478 ], [ 27.902593, 45.054269 ], [ 27.902904, 45.055019 ], [ 27.903403, 45.055821 ], [ 27.903936, 45.056566 ], [ 27.904469, 45.057362 ], [ 27.905097, 45.058174 ], [ 27.905653, 45.058979 ], [ 27.90621, 45.059816 ], [ 27.906755, 45.060595 ], [ 27.907318, 45.061383 ], [ 27.907904, 45.062178 ], [ 27.908502, 45.062955 ], [ 27.90912, 45.063721 ], [ 27.909762, 45.064479 ], [ 27.910428, 45.065235 ], [ 27.911106, 45.065994 ], [ 27.911785, 45.066758 ], [ 27.912458, 45.067524 ], [ 27.913141, 45.068281 ], [ 27.913799, 45.069053 ], [ 27.914471, 45.069817 ], [ 27.915154, 45.070567 ], [ 27.915815, 45.071344 ], [ 27.9165, 45.072099 ], [ 27.917161, 45.072876 ], [ 27.917832, 45.07364 ], [ 27.918504, 45.074399 ], [ 27.919174, 45.075162 ], [ 27.919848, 45.075927 ], [ 27.920529, 45.076687 ], [ 27.9212, 45.077451 ], [ 27.921866, 45.078225 ], [ 27.922542, 45.078986 ], [ 27.923212, 45.079747 ], [ 27.923881, 45.080514 ], [ 27.924547, 45.081277 ], [ 27.925217, 45.082032 ], [ 27.925898, 45.082778 ], [ 27.926594, 45.083513 ], [ 27.927308, 45.084239 ], [ 27.928045, 45.084955 ], [ 27.928801, 45.085668 ], [ 27.929568, 45.086383 ], [ 27.930337, 45.087104 ], [ 27.931101, 45.087825 ], [ 27.931862, 45.088546 ], [ 27.932624, 45.089265 ], [ 27.933387, 45.089985 ], [ 27.934151, 45.090705 ], [ 27.934913, 45.091427 ], [ 27.935672, 45.092148 ], [ 27.936432, 45.092863 ], [ 27.937198, 45.093572 ], [ 27.937972, 45.094273 ], [ 27.938758, 45.094965 ], [ 27.93956, 45.095648 ], [ 27.940378, 45.096327 ], [ 27.941207, 45.097008 ], [ 27.942036, 45.097691 ], [ 27.942863, 45.098372 ], [ 27.94369, 45.099049 ], [ 27.944525, 45.099719 ], [ 27.945369, 45.100386 ], [ 27.946219, 45.101056 ], [ 27.947071, 45.10173 ], [ 27.947913, 45.102407 ], [ 27.948758, 45.103109 ], [ 27.949575, 45.103816 ], [ 27.950372, 45.104527 ], [ 27.951157, 45.105234 ], [ 27.951953, 45.10594 ], [ 27.952662, 45.106717 ], [ 27.953355, 45.107528 ], [ 27.954072, 45.108355 ], [ 27.95458, 45.109228 ], [ 27.955123, 45.110117 ], [ 27.955522, 45.111019 ], [ 27.955902, 45.111877 ], [ 27.956218, 45.112716 ], [ 27.956597, 45.113522 ], [ 27.957055, 45.11432 ], [ 27.957565, 45.115108 ], [ 27.958114, 45.115902 ], [ 27.958683, 45.116699 ], [ 27.959263, 45.117501 ], [ 27.959838, 45.118307 ], [ 27.960408, 45.119112 ], [ 27.960978, 45.119911 ], [ 27.961561, 45.120706 ], [ 27.962145, 45.121515 ], [ 27.962718, 45.122341 ], [ 27.963267, 45.123171 ], [ 27.963768, 45.124032 ], [ 27.964237, 45.12489 ], [ 27.964678, 45.12575 ], [ 27.965098, 45.126611 ], [ 27.96533, 45.127072 ], [ 27.964114, 45.127083 ], [ 27.963097, 45.127092 ], [ 27.962912, 45.127089 ] ] ] } },
{ "type": "Feature", "properties": { "DRVAL1": null, "OBJNAM": null, "NOBJNM": null, "TRAFIC": null, "INFORM": null, "SCAMIN": 90000 }, "geometry": { "type": "Polygon", "coordinates": [ [ [ 27.906915, 44.947509 ], [ 27.906914, 44.947534 ], [ 27.906928, 44.948415 ], [ 27.906916, 44.949294 ], [ 27.906867, 44.950163 ], [ 27.906764, 44.951015 ], [ 27.906587, 44.951852 ], [ 27.906329, 44.952678 ], [ 27.905995, 44.953494 ], [ 27.905589, 44.954304 ], [ 27.905127, 44.955119 ], [ 27.904637, 44.955951 ], [ 27.904159, 44.956805 ], [ 27.903715, 44.957672 ], [ 27.903306, 44.958548 ], [ 27.90292, 44.959418 ], [ 27.902559, 44.960292 ], [ 27.902213, 44.961167 ], [ 27.901878, 44.962044 ], [ 27.901556, 44.962929 ], [ 27.90126, 44.963829 ], [ 27.901007, 44.964741 ], [ 27.900804, 44.965659 ], [ 27.900644, 44.966577 ], [ 27.900522, 44.967496 ], [ 27.900437, 44.968421 ], [ 27.900398, 44.969352 ], [ 27.900416, 44.970285 ], [ 27.900484, 44.97121 ], [ 27.900581, 44.97212 ], [ 27.900688, 44.973023 ], [ 27.900804, 44.973929 ], [ 27.900945, 44.974843 ], [ 27.901125, 44.975758 ], [ 27.90134, 44.976663 ], [ 27.901571, 44.977554 ], [ 27.901799, 44.978437 ], [ 27.902018, 44.979318 ], [ 27.902229, 44.9802 ], [ 27.902434, 44.981084 ], [ 27.90263, 44.981966 ], [ 27.902812, 44.982847 ], [ 27.902976, 44.983727 ], [ 27.903119, 44.984608 ], [ 27.903242, 44.98549 ], [ 27.903343, 44.986372 ], [ 27.903419, 44.987254 ], [ 27.903468, 44.988133 ], [ 27.903482, 44.989009 ], [ 27.903457, 44.98988 ], [ 27.903385, 44.990744 ], [ 27.903258, 44.991592 ], [ 27.903056, 44.992406 ], [ 27.902743, 44.993165 ], [ 27.902276, 44.993861 ], [ 27.901646, 44.994507 ], [ 27.900883, 44.995117 ], [ 27.900025, 44.995693 ], [ 27.8991, 44.996238 ], [ 27.898124, 44.996757 ], [ 27.897109, 44.997258 ], [ 27.896066, 44.997749 ], [ 27.895006, 44.99824 ], [ 27.893941, 44.998737 ], [ 27.892881, 44.999239 ], [ 27.891828, 44.999741 ], [ 27.890773, 45.000242 ], [ 27.889712, 45.000748 ], [ 27.88865, 45.00127 ], [ 27.887601, 45.001816 ], [ 27.886574, 45.002386 ], [ 27.885572, 45.002978 ], [ 27.884594, 45.003593 ], [ 27.883642, 45.004235 ], [ 27.882723, 45.004912 ], [ 27.881844, 45.005633 ], [ 27.881023, 45.006427 ], [ 27.880326, 45.007324 ], [ 27.879856, 45.008316 ], [ 27.879652, 45.009341 ], [ 27.879669, 45.010352 ], [ 27.879859, 45.011334 ], [ 27.880182, 45.012278 ], [ 27.880595, 45.013182 ], [ 27.881062, 45.014058 ], [ 27.881581, 45.01492 ], [ 27.882166, 45.015769 ], [ 27.882829, 45.016601 ], [ 27.883592, 45.017406 ], [ 27.884479, 45.018169 ], [ 27.885494, 45.018855 ], [ 27.8866, 45.019447 ], [ 27.887752, 45.019955 ], [ 27.888919, 45.020399 ], [ 27.890066, 45.020802 ], [ 27.891164, 45.0212 ], [ 27.892204, 45.021627 ], [ 27.893204, 45.022101 ], [ 27.894179, 45.022616 ], [ 27.895135, 45.023162 ], [ 27.896046, 45.023735 ], [ 27.896923, 45.024333 ], [ 27.897762, 45.024961 ], [ 27.898566, 45.025618 ], [ 27.899372, 45.0263 ], [ 27.900159, 45.026987 ], [ 27.900907, 45.027673 ], [ 27.90158, 45.028367 ], [ 27.902152, 45.029083 ], [ 27.902615, 45.029832 ], [ 27.902966, 45.030607 ], [ 27.903197, 45.031404 ], [ 27.903308, 45.032215 ], [ 27.903302, 45.033035 ], [ 27.903183, 45.033859 ], [ 27.902969, 45.034694 ], [ 27.902688, 45.03554 ], [ 27.902373, 45.036399 ], [ 27.902045, 45.037268 ], [ 27.901922, 45.037571 ], [ 27.903129, 45.037565 ], [ 27.903601, 45.03756 ], [ 27.90429, 45.037553 ], [ 27.904582, 45.036813 ], [ 27.904907, 45.03593 ], [ 27.905206, 45.035024 ], [ 27.905446, 45.034087 ], [ 27.905584, 45.033121 ], [ 27.90559, 45.032141 ], [ 27.905456, 45.031162 ], [ 27.905176, 45.030196 ], [ 27.904752, 45.029258 ], [ 27.904195, 45.028358 ], [ 27.903518, 45.027509 ], [ 27.902754, 45.026719 ], [ 27.90195, 45.02598 ], [ 27.901137, 45.02527 ], [ 27.900307, 45.024578 ], [ 27.899451, 45.02387 ], [ 27.898544, 45.023191 ], [ 27.897592, 45.022542 ], [ 27.896604, 45.021927 ], [ 27.895582, 45.021338 ], [ 27.894522, 45.020777 ], [ 27.893411, 45.020251 ], [ 27.892254, 45.019786 ], [ 27.891093, 45.019355 ], [ 27.889966, 45.018959 ], [ 27.888895, 45.018552 ], [ 27.887892, 45.01811 ], [ 27.886972, 45.017619 ], [ 27.886151, 45.017065 ], [ 27.885424, 45.016438 ], [ 27.884773, 45.01575 ], [ 27.884187, 45.015014 ], [ 27.883658, 45.014246 ], [ 27.883181, 45.013453 ], [ 27.88275, 45.012645 ], [ 27.882379, 45.011836 ], [ 27.882102, 45.011032 ], [ 27.881946, 45.010232 ], [ 27.881932, 45.009444 ], [ 27.882079, 45.008688 ], [ 27.882417, 45.007977 ], [ 27.882947, 45.0073 ], [ 27.883629, 45.006644 ], [ 27.88441, 45.006004 ], [ 27.885251, 45.005384 ], [ 27.886139, 45.004787 ], [ 27.88706, 45.004207 ], [ 27.888008, 45.003647 ], [ 27.888979, 45.003108 ], [ 27.889976, 45.002589 ], [ 27.891, 45.002086 ], [ 27.892045, 45.001587 ], [ 27.893099, 45.001087 ], [ 27.894152, 45.000586 ], [ 27.895202, 45.000088 ], [ 27.896257, 44.999596 ], [ 27.897322, 44.999102 ], [ 27.898393, 44.998598 ], [ 27.899455, 44.998072 ], [ 27.900515, 44.99751 ], [ 27.901541, 44.996905 ], [ 27.902524, 44.996243 ], [ 27.903443, 44.995506 ], [ 27.904253, 44.994672 ], [ 27.904875, 44.993744 ], [ 27.905279, 44.992777 ], [ 27.905519, 44.991819 ], [ 27.90566, 44.990878 ], [ 27.905739, 44.989945 ], [ 27.905766, 44.989016 ], [ 27.90575, 44.988092 ], [ 27.905699, 44.987172 ], [ 27.90562, 44.986257 ], [ 27.905519, 44.985345 ], [ 27.90539, 44.984435 ], [ 27.905242, 44.983528 ], [ 27.905074, 44.982623 ], [ 27.904887, 44.981722 ], [ 27.904688, 44.980826 ], [ 27.904481, 44.979933 ], [ 27.904267, 44.979041 ], [ 27.904046, 44.97815 ], [ 27.903816, 44.977261 ], [ 27.903588, 44.976382 ], [ 27.903381, 44.975511 ], [ 27.90321, 44.974643 ], [ 27.903075, 44.973768 ], [ 27.902962, 44.972881 ], [ 27.902856, 44.97199 ], [ 27.902762, 44.971106 ], [ 27.902697, 44.970232 ], [ 27.902681, 44.969365 ], [ 27.902717, 44.968497 ], [ 27.902797, 44.967625 ], [ 27.902913, 44.966752 ], [ 27.903064, 44.965884 ], [ 27.903255, 44.965024 ], [ 27.903492, 44.96417 ], [ 27.903773, 44.963316 ], [ 27.904085, 44.962458 ], [ 27.904413, 44.961598 ], [ 27.904752, 44.960739 ], [ 27.905105, 44.959887 ], [ 27.905475, 44.959042 ], [ 27.905869, 44.958206 ], [ 27.906294, 44.957385 ], [ 27.906751, 44.956563 ], [ 27.907238, 44.955734 ], [ 27.907723, 44.954878 ], [ 27.908166, 44.953992 ], [ 27.908539, 44.95308 ], [ 27.908831, 44.952148 ], [ 27.90903, 44.951205 ], [ 27.909144, 44.950264 ], [ 27.909196, 44.949334 ], [ 27.90921, 44.948413 ], [ 27.909172, 44.947491 ], [ 27.908022, 44.947506 ], [ 27.906915, 44.947509 ] ] ] } },
{ "type": "Feature", "properties": { "DRVAL1": null, "OBJNAM": null, "NOBJNM": null, "TRAFIC": null, "INFORM": null, "SCAMIN": 90000 }, "geometry": { "type": "Polygon", "coordinates": [ [ [ 27.867247, 44.884515 ], [ 27.867848, 44.884714 ], [ 27.868972, 44.885089 ], [ 27.870076, 44.88548 ], [ 27.871144, 44.885892 ], [ 27.872173, 44.886341 ], [ 27.873176, 44.88683 ], [ 27.874171, 44.887353 ], [ 27.875161, 44.887892 ], [ 27.876127, 44.888436 ], [ 27.877042, 44.888996 ], [ 27.877888, 44.889584 ], [ 27.878654, 44.890211 ], [ 27.87933, 44.890877 ], [ 27.879905, 44.891587 ], [ 27.880388, 44.892346 ], [ 27.880806, 44.893147 ], [ 27.881186, 44.893979 ], [ 27.881545, 44.894828 ], [ 27.881895, 44.895689 ], [ 27.882245, 44.896559 ], [ 27.882616, 44.897428 ], [ 27.883, 44.898299 ], [ 27.883409, 44.89917 ], [ 27.883854, 44.900041 ], [ 27.884352, 44.900909 ], [ 27.884918, 44.901763 ], [ 27.885548, 44.902592 ], [ 27.886231, 44.903393 ], [ 27.886955, 44.904168 ], [ 27.887712, 44.904922 ], [ 27.888495, 44.905657 ], [ 27.889298, 44.906371 ], [ 27.890103, 44.907071 ], [ 27.890894, 44.907763 ], [ 27.891658, 44.908457 ], [ 27.892391, 44.909163 ], [ 27.893096, 44.909883 ], [ 27.89377, 44.910616 ], [ 27.894409, 44.911361 ], [ 27.895004, 44.912117 ], [ 27.89555, 44.912889 ], [ 27.896043, 44.913676 ], [ 27.896483, 44.91448 ], [ 27.896871, 44.915298 ], [ 27.897209, 44.91613 ], [ 27.8975, 44.916974 ], [ 27.897752, 44.917831 ], [ 27.89797, 44.918699 ], [ 27.898173, 44.919581 ], [ 27.898375, 44.920471 ], [ 27.898586, 44.921365 ], [ 27.898809, 44.92226 ], [ 27.89905, 44.923155 ], [ 27.899307, 44.924047 ], [ 27.899578, 44.924935 ], [ 27.89986, 44.925819 ], [ 27.900149, 44.926698 ], [ 27.900436, 44.927572 ], [ 27.900716, 44.928447 ], [ 27.900994, 44.929327 ], [ 27.901286, 44.930215 ], [ 27.901605, 44.931104 ], [ 27.901949, 44.931984 ], [ 27.902306, 44.932854 ], [ 27.902664, 44.933718 ], [ 27.903018, 44.93458 ], [ 27.903368, 44.935442 ], [ 27.903714, 44.936306 ], [ 27.904058, 44.937172 ], [ 27.904405, 44.93804 ], [ 27.904758, 44.938907 ], [ 27.90511, 44.939769 ], [ 27.905451, 44.940626 ], [ 27.905767, 44.941479 ], [ 27.90605, 44.942334 ], [ 27.906297, 44.94319 ], [ 27.906502, 44.944049 ], [ 27.906664, 44.944914 ], [ 27.906785, 44.945783 ], [ 27.906867, 44.946658 ], [ 27.906915, 44.947509 ], [ 27.908022, 44.947506 ], [ 27.909172, 44.947491 ], [ 27.909146, 44.946572 ], [ 27.909059, 44.94565 ], [ 27.908931, 44.944728 ], [ 27.908758, 44.943808 ], [ 27.90854, 44.942892 ], [ 27.908279, 44.941985 ], [ 27.90798, 44.941087 ], [ 27.907652, 44.9402 ], [ 27.907304, 44.939323 ], [ 27.906949, 44.938456 ], [ 27.906598, 44.937594 ], [ 27.906253, 44.936731 ], [ 27.905906, 44.935865 ], [ 27.905561, 44.934996 ], [ 27.905209, 44.934128 ], [ 27.904853, 44.933262 ], [ 27.904491, 44.9324 ], [ 27.904143, 44.931541 ], [ 27.903809, 44.930687 ], [ 27.903499, 44.929831 ], [ 27.903218, 44.928965 ], [ 27.902941, 44.928089 ], [ 27.902659, 44.927208 ], [ 27.90237, 44.92633 ], [ 27.902083, 44.925455 ], [ 27.901805, 44.924584 ], [ 27.901538, 44.923712 ], [ 27.901287, 44.92284 ], [ 27.901052, 44.921967 ], [ 27.900833, 44.921089 ], [ 27.900625, 44.920208 ], [ 27.900424, 44.919321 ], [ 27.900217, 44.918426 ], [ 27.89999, 44.917523 ], [ 27.899725, 44.916616 ], [ 27.899412, 44.915712 ], [ 27.899047, 44.914814 ], [ 27.898626, 44.913927 ], [ 27.898147, 44.913053 ], [ 27.897611, 44.912196 ], [ 27.897019, 44.911358 ], [ 27.896378, 44.910544 ], [ 27.895698, 44.909751 ], [ 27.894986, 44.908977 ], [ 27.894245, 44.908219 ], [ 27.893474, 44.907477 ], [ 27.892677, 44.906753 ], [ 27.89187, 44.906047 ], [ 27.891072, 44.905354 ], [ 27.890296, 44.904661 ], [ 27.889548, 44.903961 ], [ 27.888833, 44.90325 ], [ 27.888156, 44.902525 ], [ 27.887527, 44.901786 ], [ 27.886952, 44.901032 ], [ 27.88644, 44.900257 ], [ 27.885981, 44.899459 ], [ 27.885562, 44.898637 ], [ 27.885169, 44.8978 ], [ 27.884795, 44.896953 ], [ 27.88443, 44.896104 ], [ 27.884084, 44.895239 ], [ 27.883731, 44.89437 ], [ 27.883362, 44.893495 ], [ 27.882959, 44.892615 ], [ 27.882495, 44.891729 ], [ 27.881933, 44.890848 ], [ 27.881245, 44.889998 ], [ 27.880441, 44.889205 ], [ 27.879547, 44.888473 ], [ 27.878584, 44.887802 ], [ 27.877579, 44.887187 ], [ 27.876562, 44.886613 ], [ 27.87554, 44.886058 ], [ 27.874498, 44.885511 ], [ 27.873414, 44.884981 ], [ 27.872284, 44.884489 ], [ 27.871128, 44.884042 ], [ 27.869964, 44.883631 ], [ 27.868796, 44.88324 ], [ 27.867613, 44.882866 ], [ 27.867221, 44.882737 ], [ 27.867238, 44.883491 ], [ 27.867225, 44.883665 ], [ 27.867247, 44.884515 ] ] ] } },
{ "type": "Feature", "properties": { "DRVAL1": null, "OBJNAM": null, "NOBJNM": null, "TRAFIC": null, "INFORM": null, "SCAMIN": 90000 }, "geometry": { "type": "Polygon", "coordinates": [ [ [ 27.826502, 44.824614 ], [ 27.826698, 44.825336 ], [ 27.827005, 44.826241 ], [ 27.827362, 44.827137 ], [ 27.827765, 44.82802 ], [ 27.828204, 44.828888 ], [ 27.828673, 44.829746 ], [ 27.829169, 44.830595 ], [ 27.829698, 44.831438 ], [ 27.830263, 44.832268 ], [ 27.830848, 44.833078 ], [ 27.831425, 44.833872 ], [ 27.831971, 44.834658 ], [ 27.832466, 44.835446 ], [ 27.832895, 44.83624 ], [ 27.833244, 44.837045 ], [ 27.833509, 44.837868 ], [ 27.833701, 44.83871 ], [ 27.83383, 44.839567 ], [ 27.833915, 44.840445 ], [ 27.833987, 44.841344 ], [ 27.834078, 44.842261 ], [ 27.834211, 44.843185 ], [ 27.834399, 44.844112 ], [ 27.834652, 44.845038 ], [ 27.834985, 44.845963 ], [ 27.835424, 44.846881 ], [ 27.835983, 44.847768 ], [ 27.836624, 44.848595 ], [ 27.837269, 44.849371 ], [ 27.83786, 44.850127 ], [ 27.838374, 44.850891 ], [ 27.83881, 44.851673 ], [ 27.839158, 44.85247 ], [ 27.839405, 44.853273 ], [ 27.839529, 44.854074 ], [ 27.839509, 44.854873 ], [ 27.83935, 44.855688 ], [ 27.839098, 44.85653 ], [ 27.838809, 44.857399 ], [ 27.838521, 44.858279 ], [ 27.83824, 44.859161 ], [ 27.837965, 44.860044 ], [ 27.837698, 44.860928 ], [ 27.837436, 44.861813 ], [ 27.83718, 44.862701 ], [ 27.836934, 44.863598 ], [ 27.836716, 44.864511 ], [ 27.836546, 44.86544 ], [ 27.836444, 44.866386 ], [ 27.836432, 44.867347 ], [ 27.836532, 44.868311 ], [ 27.836742, 44.869257 ], [ 27.837025, 44.870175 ], [ 27.837353, 44.871074 ], [ 27.837727, 44.871973 ], [ 27.838183, 44.872872 ], [ 27.838749, 44.873757 ], [ 27.839441, 44.874608 ], [ 27.840266, 44.875409 ], [ 27.841223, 44.876133 ], [ 27.842261, 44.876765 ], [ 27.843318, 44.877324 ], [ 27.844366, 44.877851 ], [ 27.845422, 44.878374 ], [ 27.846519, 44.878885 ], [ 27.847662, 44.87936 ], [ 27.848824, 44.879788 ], [ 27.849974, 44.880187 ], [ 27.851109, 44.880581 ], [ 27.852259, 44.880984 ], [ 27.853462, 44.881372 ], [ 27.854719, 44.881709 ], [ 27.855988, 44.881979 ], [ 27.85723, 44.882212 ], [ 27.858441, 44.882441 ], [ 27.859641, 44.882686 ], [ 27.860847, 44.882942 ], [ 27.862058, 44.883201 ], [ 27.863258, 44.883459 ], [ 27.864434, 44.88373 ], [ 27.865583, 44.884026 ], [ 27.866718, 44.884356 ], [ 27.867247, 44.884515 ], [ 27.867225, 44.883665 ], [ 27.867238, 44.883491 ], [ 27.867221, 44.882737 ], [ 27.866404, 44.882515 ], [ 27.865173, 44.882197 ], [ 27.86394, 44.881913 ], [ 27.862717, 44.881649 ], [ 27.861502, 44.88139 ], [ 27.860282, 44.88113 ], [ 27.859048, 44.880879 ], [ 27.857812, 44.880645 ], [ 27.856605, 44.88042 ], [ 27.855448, 44.880174 ], [ 27.854336, 44.879876 ], [ 27.853234, 44.87952 ], [ 27.852113, 44.879127 ], [ 27.850974, 44.87873 ], [ 27.849847, 44.878341 ], [ 27.848761, 44.877941 ], [ 27.847719, 44.877507 ], [ 27.846697, 44.877032 ], [ 27.845675, 44.876525 ], [ 27.844657, 44.876013 ], [ 27.843681, 44.875498 ], [ 27.842795, 44.874961 ], [ 27.842019, 44.874374 ], [ 27.841349, 44.873723 ], [ 27.840775, 44.873016 ], [ 27.840294, 44.872262 ], [ 27.839893, 44.871468 ], [ 27.839548, 44.870641 ], [ 27.839241, 44.869797 ], [ 27.838981, 44.868957 ], [ 27.838796, 44.868125 ], [ 27.838709, 44.867294 ], [ 27.83872, 44.866456 ], [ 27.838812, 44.865607 ], [ 27.838969, 44.864751 ], [ 27.839175, 44.863889 ], [ 27.839413, 44.863019 ], [ 27.839667, 44.862143 ], [ 27.839926, 44.861266 ], [ 27.840191, 44.86039 ], [ 27.840463, 44.859515 ], [ 27.840741, 44.858642 ], [ 27.841027, 44.857769 ], [ 27.841321, 44.856885 ], [ 27.841594, 44.855967 ], [ 27.84178, 44.854998 ], [ 27.841804, 44.853999 ], [ 27.841652, 44.853011 ], [ 27.84136, 44.852056 ], [ 27.840958, 44.851134 ], [ 27.840462, 44.850243 ], [ 27.839883, 44.849383 ], [ 27.839245, 44.848565 ], [ 27.838602, 44.847791 ], [ 27.83802, 44.847043 ], [ 27.837543, 44.846288 ], [ 27.837168, 44.845502 ], [ 27.836874, 44.844683 ], [ 27.836645, 44.843842 ], [ 27.836472, 44.842987 ], [ 27.836347, 44.842121 ], [ 27.83626, 44.841242 ], [ 27.836188, 44.840343 ], [ 27.836099, 44.839425 ], [ 27.835957, 44.838493 ], [ 27.835743, 44.837557 ], [ 27.835443, 44.836626 ], [ 27.835047, 44.835711 ], [ 27.834569, 44.834825 ], [ 27.834031, 44.833969 ], [ 27.833457, 44.833141 ], [ 27.832872, 44.832336 ], [ 27.832301, 44.831545 ], [ 27.831763, 44.830754 ], [ 27.831259, 44.829953 ], [ 27.830787, 44.829143 ], [ 27.830337, 44.82832 ], [ 27.829919, 44.827495 ], [ 27.829541, 44.826666 ], [ 27.829208, 44.825829 ], [ 27.82892, 44.824984 ], [ 27.828799, 44.824601 ], [ 27.827633, 44.824606 ], [ 27.826502, 44.824614 ] ] ] } },
{ "type": "Feature", "properties": { "DRVAL1": null, "OBJNAM": null, "NOBJNM": null, "TRAFIC": null, "INFORM": null, "SCAMIN": 90000 }, "geometry": { "type": "Polygon", "coordinates": [ [ [ 27.828799, 44.824601 ], [ 27.828677, 44.82413 ], [ 27.828473, 44.823269 ], [ 27.828307, 44.822399 ], [ 27.828171, 44.821523 ], [ 27.828061, 44.820642 ], [ 27.827969, 44.819754 ], [ 27.827889, 44.818861 ], [ 27.827814, 44.817968 ], [ 27.82775, 44.817079 ], [ 27.827709, 44.816199 ], [ 27.827703, 44.815317 ], [ 27.827719, 44.81442 ], [ 27.827724, 44.813504 ], [ 27.827686, 44.812573 ], [ 27.827592, 44.81164 ], [ 27.827439, 44.810709 ], [ 27.827225, 44.809784 ], [ 27.82695, 44.808866 ], [ 27.826616, 44.807959 ], [ 27.826223, 44.807068 ], [ 27.82579, 44.806197 ], [ 27.825338, 44.805346 ], [ 27.824885, 44.804503 ], [ 27.824433, 44.803661 ], [ 27.823976, 44.802818 ], [ 27.823515, 44.801982 ], [ 27.823073, 44.801159 ], [ 27.822686, 44.800345 ], [ 27.822375, 44.799527 ], [ 27.822142, 44.798693 ], [ 27.82197, 44.797841 ], [ 27.821851, 44.796981 ], [ 27.821785, 44.796121 ], [ 27.821783, 44.795266 ], [ 27.821852, 44.794413 ], [ 27.821986, 44.793555 ], [ 27.822167, 44.792689 ], [ 27.822378, 44.791819 ], [ 27.822614, 44.790954 ], [ 27.822879, 44.790097 ], [ 27.82318, 44.789247 ], [ 27.823516, 44.788401 ], [ 27.823882, 44.787559 ], [ 27.824273, 44.786723 ], [ 27.82469, 44.785899 ], [ 27.825144, 44.785094 ], [ 27.825645, 44.78431 ], [ 27.826198, 44.783549 ], [ 27.826807, 44.782811 ], [ 27.827467, 44.782106 ], [ 27.828183, 44.781451 ], [ 27.828966, 44.780863 ], [ 27.829834, 44.780353 ], [ 27.83079, 44.77992 ], [ 27.831817, 44.779558 ], [ 27.832905, 44.779264 ], [ 27.834042, 44.779029 ], [ 27.835221, 44.778838 ], [ 27.836427, 44.778676 ], [ 27.83765, 44.778535 ], [ 27.838883, 44.778411 ], [ 27.840125, 44.778297 ], [ 27.841374, 44.778189 ], [ 27.842628, 44.778083 ], [ 27.843884, 44.777977 ], [ 27.845141, 44.777868 ], [ 27.846398, 44.777758 ], [ 27.847656, 44.777645 ], [ 27.848917, 44.777528 ], [ 27.850179, 44.777403 ], [ 27.85144, 44.777268 ], [ 27.852692, 44.777127 ], [ 27.853935, 44.776987 ], [ 27.855166, 44.776856 ], [ 27.856378, 44.77675 ], [ 27.857571, 44.776688 ], [ 27.858759, 44.776684 ], [ 27.859958, 44.776736 ], [ 27.861171, 44.776828 ], [ 27.862391, 44.776947 ], [ 27.863605, 44.77709 ], [ 27.864807, 44.777259 ], [ 27.866007, 44.77746 ], [ 27.867226, 44.777682 ], [ 27.868478, 44.777901 ], [ 27.869787, 44.778093 ], [ 27.871189, 44.778206 ], [ 27.872694, 44.77814 ], [ 27.874151, 44.777799 ], [ 27.875402, 44.777268 ], [ 27.876474, 44.776677 ], [ 27.877476, 44.776072 ], [ 27.878457, 44.775424 ], [ 27.879385, 44.774694 ], [ 27.880191, 44.773877 ], [ 27.880847, 44.773009 ], [ 27.881376, 44.772117 ], [ 27.881803, 44.771212 ], [ 27.882149, 44.770301 ], [ 27.882185, 44.770184 ], [ 27.881531, 44.770193 ], [ 27.881086, 44.770201 ], [ 27.879828, 44.770214 ], [ 27.879626, 44.770742 ], [ 27.879248, 44.771543 ], [ 27.878795, 44.77231 ], [ 27.878255, 44.773027 ], [ 27.877609, 44.773682 ], [ 27.876839, 44.774285 ], [ 27.875967, 44.77486 ], [ 27.875041, 44.775419 ], [ 27.874116, 44.775931 ], [ 27.873203, 44.776327 ], [ 27.872268, 44.776549 ], [ 27.871254, 44.776586 ], [ 27.870151, 44.776489 ], [ 27.868981, 44.776321 ], [ 27.867782, 44.776111 ], [ 27.866549, 44.775887 ], [ 27.865288, 44.775676 ], [ 27.864011, 44.775495 ], [ 27.862731, 44.775345 ], [ 27.861447, 44.77522 ], [ 27.860142, 44.775116 ], [ 27.858823, 44.775064 ], [ 27.857483, 44.775069 ], [ 27.856157, 44.775138 ], [ 27.85486, 44.77525 ], [ 27.85359, 44.775385 ], [ 27.852337, 44.775526 ], [ 27.851093, 44.775666 ], [ 27.849854, 44.775799 ], [ 27.848613, 44.775922 ], [ 27.847367, 44.776038 ], [ 27.846117, 44.77615 ], [ 27.844865, 44.77626 ], [ 27.843613, 44.776368 ], [ 27.84236, 44.776474 ], [ 27.841103, 44.77658 ], [ 27.839842, 44.776689 ], [ 27.838578, 44.776805 ], [ 27.837309, 44.776933 ], [ 27.836036, 44.77708 ], [ 27.834758, 44.777251 ], [ 27.833472, 44.77746 ], [ 27.832183, 44.777727 ], [ 27.830908, 44.778072 ], [ 27.829672, 44.778509 ], [ 27.828497, 44.779043 ], [ 27.827416, 44.779677 ], [ 27.826459, 44.780394 ], [ 27.825622, 44.781158 ], [ 27.824879, 44.781951 ], [ 27.824207, 44.782765 ], [ 27.823598, 44.783602 ], [ 27.823052, 44.784457 ], [ 27.822564, 44.785322 ], [ 27.822123, 44.786192 ], [ 27.821715, 44.787064 ], [ 27.821334, 44.787941 ], [ 27.820982, 44.788828 ], [ 27.820665, 44.789724 ], [ 27.820386, 44.790625 ], [ 27.82014, 44.791527 ], [ 27.819921, 44.792432 ], [ 27.819729, 44.793346 ], [ 27.819584, 44.794277 ], [ 27.819508, 44.795221 ], [ 27.81951, 44.796166 ], [ 27.819582, 44.797104 ], [ 27.819711, 44.798036 ], [ 27.819899, 44.798966 ], [ 27.82016, 44.799897 ], [ 27.820508, 44.800817 ], [ 27.820932, 44.801708 ], [ 27.821392, 44.802566 ], [ 27.821855, 44.803406 ], [ 27.822309, 44.804243 ], [ 27.82276, 44.805082 ], [ 27.823211, 44.805921 ], [ 27.823653, 44.806754 ], [ 27.824064, 44.807581 ], [ 27.824428, 44.808407 ], [ 27.824736, 44.809241 ], [ 27.824988, 44.810084 ], [ 27.825185, 44.810935 ], [ 27.825326, 44.811792 ], [ 27.825413, 44.812654 ], [ 27.825448, 44.813523 ], [ 27.825443, 44.814407 ], [ 27.825427, 44.815311 ], [ 27.825433, 44.816229 ], [ 27.825475, 44.817148 ], [ 27.825541, 44.818057 ], [ 27.825616, 44.818961 ], [ 27.825698, 44.819865 ], [ 27.825791, 44.820773 ], [ 27.825906, 44.821684 ], [ 27.826047, 44.822598 ], [ 27.826223, 44.823512 ], [ 27.826438, 44.824426 ], [ 27.826502, 44.824614 ], [ 27.827633, 44.824606 ], [ 27.828799, 44.824601 ] ] ] } },
{ "type": "Feature", "properties": { "DRVAL1": null, "OBJNAM": null, "NOBJNM": null, "TRAFIC": null, "INFORM": null, "SCAMIN": 90000 }, "geometry": { "type": "Polygon", "coordinates": [ [ [ 27.872913, 44.716236 ], [ 27.872053, 44.716253 ], [ 27.871714, 44.716253 ], [ 27.870791, 44.716266 ], [ 27.87045, 44.716892 ], [ 27.870032, 44.717782 ], [ 27.869694, 44.718718 ], [ 27.86948, 44.719674 ], [ 27.869366, 44.720617 ], [ 27.869312, 44.721544 ], [ 27.869288, 44.722457 ], [ 27.869276, 44.723358 ], [ 27.869258, 44.724253 ], [ 27.869228, 44.725152 ], [ 27.869206, 44.726063 ], [ 27.869212, 44.726985 ], [ 27.86926, 44.72791 ], [ 27.869345, 44.72883 ], [ 27.869464, 44.729745 ], [ 27.869605, 44.730649 ], [ 27.869753, 44.731543 ], [ 27.869892, 44.732432 ], [ 27.87002, 44.733327 ], [ 27.870161, 44.734237 ], [ 27.870341, 44.735154 ], [ 27.870566, 44.736064 ], [ 27.870817, 44.736958 ], [ 27.871072, 44.73784 ], [ 27.871321, 44.73872 ], [ 27.871568, 44.739602 ], [ 27.871815, 44.740485 ], [ 27.872064, 44.741369 ], [ 27.872313, 44.742251 ], [ 27.872561, 44.743133 ], [ 27.872807, 44.744014 ], [ 27.872789, 44.744109 ], [ 27.872748, 44.744192 ], [ 27.872683, 44.744272 ], [ 27.872612, 44.744325 ], [ 27.872464, 44.744383 ], [ 27.872343, 44.744416 ], [ 27.872247, 44.744437 ], [ 27.872171, 44.744448 ], [ 27.872111, 44.744451 ], [ 27.87201, 44.744446 ], [ 27.871907, 44.744427 ], [ 27.871768, 44.744372 ], [ 27.871634, 44.744282 ], [ 27.871478, 44.744185 ], [ 27.869702, 44.742866 ], [ 27.868445, 44.741407 ], [ 27.867487, 44.740157 ], [ 27.866454, 44.738463 ], [ 27.86629, 44.738198 ], [ 27.866125, 44.737932 ], [ 27.865962, 44.737667 ], [ 27.865799, 44.737402 ], [ 27.865636, 44.737137 ], [ 27.865474, 44.736872 ], [ 27.865313, 44.736607 ], [ 27.865153, 44.736343 ], [ 27.864995, 44.736078 ], [ 27.864837, 44.735813 ], [ 27.864681, 44.735547 ], [ 27.864526, 44.735282 ], [ 27.864373, 44.735016 ], [ 27.864222, 44.73475 ], [ 27.864072, 44.734484 ], [ 27.863925, 44.734218 ], [ 27.863779, 44.733951 ], [ 27.863636, 44.733684 ], [ 27.863495, 44.733416 ], [ 27.863356, 44.733148 ], [ 27.86322, 44.73288 ], [ 27.863087, 44.732611 ], [ 27.862956, 44.732343 ], [ 27.862828, 44.732073 ], [ 27.862703, 44.731803 ], [ 27.862582, 44.731533 ], [ 27.862463, 44.731262 ], [ 27.862348, 44.73099 ], [ 27.862236, 44.730719 ], [ 27.862127, 44.730446 ], [ 27.862022, 44.730173 ], [ 27.86192, 44.729898 ], [ 27.861821, 44.729623 ], [ 27.861725, 44.729347 ], [ 27.861631, 44.729071 ], [ 27.861541, 44.728794 ], [ 27.861454, 44.728516 ], [ 27.861369, 44.728238 ], [ 27.861287, 44.727959 ], [ 27.861207, 44.727679 ], [ 27.86113, 44.727399 ], [ 27.861056, 44.727118 ], [ 27.860983, 44.726837 ], [ 27.860913, 44.726556 ], [ 27.860846, 44.726274 ], [ 27.86078, 44.725991 ], [ 27.860716, 44.725708 ], [ 27.860654, 44.725425 ], [ 27.860593, 44.725141 ], [ 27.860534, 44.724857 ], [ 27.860476, 44.724572 ], [ 27.86042, 44.724286 ], [ 27.860364, 44.724001 ], [ 27.860309, 44.723715 ], [ 27.860255, 44.723428 ], [ 27.860201, 44.723141 ], [ 27.860148, 44.722854 ], [ 27.860095, 44.722567 ], [ 27.860043, 44.72228 ], [ 27.85999, 44.721992 ], [ 27.859938, 44.721704 ], [ 27.859886, 44.721417 ], [ 27.859834, 44.721129 ], [ 27.859782, 44.720841 ], [ 27.859731, 44.720554 ], [ 27.859679, 44.720266 ], [ 27.859628, 44.719978 ], [ 27.859576, 44.71969 ], [ 27.859525, 44.719402 ], [ 27.859474, 44.719114 ], [ 27.859423, 44.718827 ], [ 27.859373, 44.71854 ], [ 27.859324, 44.718253 ], [ 27.859275, 44.717967 ], [ 27.859228, 44.717681 ], [ 27.859182, 44.717395 ], [ 27.859137, 44.717109 ], [ 27.859095, 44.716824 ], [ 27.859054, 44.716539 ], [ 27.859027, 44.716349 ], [ 27.857887, 44.716357 ], [ 27.856748, 44.716366 ], [ 27.856753, 44.716407 ], [ 27.856793, 44.7167 ], [ 27.856835, 44.716993 ], [ 27.856879, 44.717285 ], [ 27.856924, 44.717577 ], [ 27.856971, 44.717868 ], [ 27.857019, 44.718159 ], [ 27.857068, 44.718449 ], [ 27.857118, 44.718739 ], [ 27.857169, 44.719028 ], [ 27.85722, 44.719317 ], [ 27.857271, 44.719606 ], [ 27.857323, 44.719894 ], [ 27.857374, 44.720182 ], [ 27.857426, 44.72047 ], [ 27.857477, 44.720759 ], [ 27.857529, 44.721047 ], [ 27.857581, 44.721335 ], [ 27.857633, 44.721624 ], [ 27.857685, 44.721912 ], [ 27.857737, 44.7222 ], [ 27.85779, 44.722489 ], [ 27.857843, 44.722777 ], [ 27.857896, 44.723066 ], [ 27.857949, 44.723354 ], [ 27.858003, 44.723643 ], [ 27.858058, 44.723933 ], [ 27.858113, 44.724222 ], [ 27.85817, 44.724512 ], [ 27.858227, 44.724801 ], [ 27.858286, 44.725091 ], [ 27.858346, 44.725381 ], [ 27.858408, 44.725672 ], [ 27.858472, 44.725962 ], [ 27.858538, 44.726253 ], [ 27.858605, 44.726543 ], [ 27.858675, 44.726834 ], [ 27.858747, 44.727125 ], [ 27.858822, 44.727415 ], [ 27.858899, 44.727705 ], [ 27.858979, 44.727996 ], [ 27.859061, 44.728286 ], [ 27.859147, 44.728576 ], [ 27.859235, 44.728865 ], [ 27.859326, 44.729154 ], [ 27.85942, 44.729443 ], [ 27.859517, 44.729732 ], [ 27.859618, 44.73002 ], [ 27.859721, 44.730308 ], [ 27.859828, 44.730595 ], [ 27.859939, 44.730882 ], [ 27.860053, 44.731168 ], [ 27.86017, 44.731453 ], [ 27.860291, 44.731738 ], [ 27.860415, 44.732022 ], [ 27.860542, 44.732304 ], [ 27.860673, 44.732586 ], [ 27.860806, 44.732867 ], [ 27.860942, 44.733147 ], [ 27.861081, 44.733426 ], [ 27.861222, 44.733704 ], [ 27.861365, 44.733981 ], [ 27.861511, 44.734258 ], [ 27.861659, 44.734534 ], [ 27.861809, 44.734809 ], [ 27.861961, 44.735083 ], [ 27.862114, 44.735356 ], [ 27.862269, 44.735628 ], [ 27.862426, 44.7359 ], [ 27.862584, 44.736171 ], [ 27.862743, 44.736442 ], [ 27.862903, 44.736711 ], [ 27.863065, 44.736981 ], [ 27.863227, 44.737249 ], [ 27.86339, 44.737517 ], [ 27.863553, 44.737785 ], [ 27.863717, 44.738052 ], [ 27.863881, 44.738319 ], [ 27.864046, 44.738585 ], [ 27.86421, 44.738851 ], [ 27.864375, 44.739117 ], [ 27.865555, 44.741014 ], [ 27.866729, 44.742621 ], [ 27.867886, 44.744177 ], [ 27.868857, 44.745435 ], [ 27.871942, 44.749671 ], [ 27.872121, 44.750108 ], [ 27.872854, 44.751904 ], [ 27.873301, 44.752989 ], [ 27.873562, 44.753554 ], [ 27.873818, 44.754139 ], [ 27.874196, 44.754993 ], [ 27.874643, 44.755779 ], [ 27.87527, 44.756749 ], [ 27.876158, 44.75806 ], [ 27.877649, 44.76008 ], [ 27.878134, 44.760767 ], [ 27.878644, 44.761577 ], [ 27.879103, 44.762434 ], [ 27.879474, 44.763298 ], [ 27.879847, 44.764155 ], [ 27.880198, 44.76499 ], [ 27.880464, 44.765797 ], [ 27.880593, 44.766588 ], [ 27.880565, 44.767391 ], [ 27.880419, 44.768221 ], [ 27.880203, 44.769069 ], [ 27.879939, 44.769915 ], [ 27.879828, 44.770214 ], [ 27.881086, 44.770201 ], [ 27.881531, 44.770193 ], [ 27.882185, 44.770184 ], [ 27.882431, 44.76939 ], [ 27.882668, 44.768467 ], [ 27.882833, 44.76751 ], [ 27.882865, 44.766515 ], [ 27.882705, 44.765519 ], [ 27.882396, 44.764573 ], [ 27.882023, 44.763683 ], [ 27.881647, 44.762821 ], [ 27.881279, 44.761963 ], [ 27.880914, 44.761103 ], [ 27.880549, 44.76024 ], [ 27.88018, 44.759376 ], [ 27.879746, 44.758555 ], [ 27.879263, 44.757587 ], [ 27.878892, 44.756804 ], [ 27.878493, 44.75598 ], [ 27.878069, 44.755155 ], [ 27.877665, 44.754327 ], [ 27.877592, 44.754146 ], [ 27.87752, 44.753973 ], [ 27.877306, 44.753442 ], [ 27.877028, 44.752597 ], [ 27.876791, 44.751699 ], [ 27.876569, 44.750827 ], [ 27.876345, 44.749933 ], [ 27.876274, 44.749424 ], [ 27.876189, 44.749034 ], [ 27.87602, 44.748163 ], [ 27.875856, 44.747284 ], [ 27.87566, 44.746388 ], [ 27.875475, 44.745448 ], [ 27.875282, 44.744584 ], [ 27.875038, 44.743699 ], [ 27.874791, 44.742815 ], [ 27.874542, 44.741932 ], [ 27.874293, 44.741049 ], [ 27.874044, 44.740167 ], [ 27.873798, 44.739285 ], [ 27.87355, 44.738401 ], [ 27.873299, 44.737516 ], [ 27.873044, 44.736635 ], [ 27.8728, 44.735764 ], [ 27.872586, 44.734901 ], [ 27.872417, 44.734035 ], [ 27.87228, 44.733156 ], [ 27.872152, 44.73226 ], [ 27.872011, 44.731359 ], [ 27.871863, 44.730465 ], [ 27.871725, 44.72958 ], [ 27.871611, 44.728702 ], [ 27.87153, 44.727826 ], [ 27.871485, 44.726952 ], [ 27.871411, 44.726072 ], [ 27.871361, 44.725183 ], [ 27.871287, 44.724276 ], [ 27.87123, 44.723377 ], [ 27.8712, 44.722479 ], [ 27.871288, 44.721585 ], [ 27.87146, 44.720709 ], [ 27.871695, 44.71987 ], [ 27.871918, 44.719048 ], [ 27.872211, 44.718242 ], [ 27.872483, 44.717402 ], [ 27.872798, 44.716523 ], [ 27.8728, 44.716515 ], [ 27.872913, 44.716236 ] ], [ [ 27.874111, 44.749766 ], [ 27.874387, 44.75102 ], [ 27.874643, 44.752022 ], [ 27.874911, 44.752912 ], [ 27.875268, 44.753791 ], [ 27.875681, 44.754676 ], [ 27.876147, 44.755544 ], [ 27.876591, 44.756393 ], [ 27.877111, 44.757233 ], [ 27.877499, 44.75786 ], [ 27.878167, 44.758895 ], [ 27.878725, 44.759778 ], [ 27.879243, 44.760521 ], [ 27.879843, 44.76132 ], [ 27.879449, 44.760487 ], [ 27.878994, 44.759695 ], [ 27.878481, 44.758808 ], [ 27.877894, 44.757804 ], [ 27.877505, 44.757145 ], [ 27.877001, 44.756314 ], [ 27.876513, 44.755463 ], [ 27.876059, 44.754611 ], [ 27.875689, 44.753729 ], [ 27.875314, 44.752846 ], [ 27.874967, 44.751968 ], [ 27.874577, 44.750976 ], [ 27.874111, 44.749766 ] ] ] } },
{ "type": "Feature", "properties": { "DRVAL1": null, "OBJNAM": null, "NOBJNM": null, "TRAFIC": null, "INFORM": null, "SCAMIN": 90000 }, "geometry": { "type": "Polygon", "coordinates": [ [ [ 27.978367, 44.671231 ], [ 27.977835, 44.671672 ], [ 27.97698, 44.672329 ], [ 27.97698, 44.672329 ], [ 27.976119, 44.672978 ], [ 27.975251, 44.67362 ], [ 27.974373, 44.674259 ], [ 27.973491, 44.674895 ], [ 27.97261, 44.675519 ], [ 27.971722, 44.676113 ], [ 27.970809, 44.676667 ], [ 27.96985, 44.67718 ], [ 27.968844, 44.677664 ], [ 27.967812, 44.678125 ], [ 27.966771, 44.678547 ], [ 27.965746, 44.678913 ], [ 27.964706, 44.679219 ], [ 27.963625, 44.67941 ], [ 27.962485, 44.679455 ], [ 27.961366, 44.679324 ], [ 27.960212, 44.679104 ], [ 27.959024, 44.678853 ], [ 27.957721, 44.678601 ], [ 27.956389, 44.678475 ], [ 27.955087, 44.678407 ], [ 27.953817, 44.678359 ], [ 27.952559, 44.678308 ], [ 27.951296, 44.678257 ], [ 27.950028, 44.678212 ], [ 27.948763, 44.678173 ], [ 27.947508, 44.678136 ], [ 27.946257, 44.678089 ], [ 27.944993, 44.678036 ], [ 27.943701, 44.677996 ], [ 27.942384, 44.677993 ], [ 27.941064, 44.678043 ], [ 27.939756, 44.678141 ], [ 27.938461, 44.678279 ], [ 27.937177, 44.678453 ], [ 27.9359, 44.678665 ], [ 27.934636, 44.678919 ], [ 27.933391, 44.679212 ], [ 27.932168, 44.679544 ], [ 27.930968, 44.679907 ], [ 27.929795, 44.680297 ], [ 27.928647, 44.680701 ], [ 27.927513, 44.68111 ], [ 27.926379, 44.681525 ], [ 27.925244, 44.681959 ], [ 27.924115, 44.68242 ], [ 27.923007, 44.682915 ], [ 27.921925, 44.683445 ], [ 27.920876, 44.684011 ], [ 27.919867, 44.684613 ], [ 27.9189, 44.685246 ], [ 27.917974, 44.685907 ], [ 27.917089, 44.686594 ], [ 27.916243, 44.687303 ], [ 27.915439, 44.688033 ], [ 27.914675, 44.688773 ], [ 27.913937, 44.689511 ], [ 27.913208, 44.690238 ], [ 27.912471, 44.690951 ], [ 27.911717, 44.691651 ], [ 27.910942, 44.692335 ], [ 27.910142, 44.693006 ], [ 27.909319, 44.693665 ], [ 27.908475, 44.694314 ], [ 27.907615, 44.694954 ], [ 27.90674, 44.695582 ], [ 27.905851, 44.696197 ], [ 27.904951, 44.696792 ], [ 27.904032, 44.697353 ], [ 27.903083, 44.697873 ], [ 27.902087, 44.698353 ], [ 27.901046, 44.698806 ], [ 27.899974, 44.699243 ], [ 27.898883, 44.699669 ], [ 27.89778, 44.700085 ], [ 27.896667, 44.700495 ], [ 27.895546, 44.7009 ], [ 27.894419, 44.701304 ], [ 27.89329, 44.701711 ], [ 27.89216, 44.702123 ], [ 27.891034, 44.702539 ], [ 27.88991, 44.70296 ], [ 27.888786, 44.70339 ], [ 27.887665, 44.703832 ], [ 27.886552, 44.704292 ], [ 27.885455, 44.704769 ], [ 27.884374, 44.705259 ], [ 27.883308, 44.705759 ], [ 27.882255, 44.706261 ], [ 27.881211, 44.706757 ], [ 27.880162, 44.707243 ], [ 27.87909, 44.707732 ], [ 27.878003, 44.708257 ], [ 27.876938, 44.708842 ], [ 27.875937, 44.709494 ], [ 27.875017, 44.710197 ], [ 27.874174, 44.710944 ], [ 27.873407, 44.711735 ], [ 27.872726, 44.712571 ], [ 27.87215, 44.713448 ], [ 27.871682, 44.714335 ], [ 27.871278, 44.715202 ], [ 27.870879, 44.716044 ], [ 27.870791, 44.716266 ], [ 27.871714, 44.716253 ], [ 27.872053, 44.716253 ], [ 27.872913, 44.716236 ], [ 27.873188, 44.715668 ], [ 27.873623, 44.714825 ], [ 27.874088, 44.71403 ], [ 27.874566, 44.713262 ], [ 27.875138, 44.712513 ], [ 27.875819, 44.711823 ], [ 27.876599, 44.711171 ], [ 27.87749, 44.710621 ], [ 27.878399, 44.710083 ], [ 27.879333, 44.70957 ], [ 27.880338, 44.709086 ], [ 27.881393, 44.708605 ], [ 27.88246, 44.70811 ], [ 27.883517, 44.707609 ], [ 27.884563, 44.70711 ], [ 27.885607, 44.70662 ], [ 27.886656, 44.706145 ], [ 27.887714, 44.705684 ], [ 27.888785, 44.705242 ], [ 27.889873, 44.704813 ], [ 27.890975, 44.704392 ], [ 27.892085, 44.703975 ], [ 27.8932, 44.703563 ], [ 27.894319, 44.703156 ], [ 27.895442, 44.702751 ], [ 27.89657, 44.702346 ], [ 27.897701, 44.701937 ], [ 27.898832, 44.701521 ], [ 27.89996, 44.701095 ], [ 27.901083, 44.700657 ], [ 27.902202, 44.700201 ], [ 27.903316, 44.699716 ], [ 27.904411, 44.699187 ], [ 27.905464, 44.698611 ], [ 27.90646, 44.697998 ], [ 27.907414, 44.697373 ], [ 27.908337, 44.696734 ], [ 27.90924, 44.696086 ], [ 27.910128, 44.695426 ], [ 27.910999, 44.694759 ], [ 27.911856, 44.69407 ], [ 27.912691, 44.693369 ], [ 27.913502, 44.692653 ], [ 27.914286, 44.691925 ], [ 27.915046, 44.69119 ], [ 27.915786, 44.690452 ], [ 27.916515, 44.689724 ], [ 27.917246, 44.689014 ], [ 27.918002, 44.68833 ], [ 27.91879, 44.687667 ], [ 27.919614, 44.687029 ], [ 27.920472, 44.686416 ], [ 27.921364, 44.685832 ], [ 27.922291, 44.685279 ], [ 27.923254, 44.684759 ], [ 27.924252, 44.68427 ], [ 27.925282, 44.68381 ], [ 27.926344, 44.683376 ], [ 27.927433, 44.682961 ], [ 27.928544, 44.682554 ], [ 27.929662, 44.68215 ], [ 27.930777, 44.681758 ], [ 27.931891, 44.681387 ], [ 27.933014, 44.681047 ], [ 27.93415, 44.68074 ], [ 27.9353, 44.680468 ], [ 27.936465, 44.680234 ], [ 27.937646, 44.680038 ], [ 27.938841, 44.679876 ], [ 27.940042, 44.679749 ], [ 27.941243, 44.679659 ], [ 27.942442, 44.679613 ], [ 27.943648, 44.679616 ], [ 27.944877, 44.679654 ], [ 27.946132, 44.679707 ], [ 27.947401, 44.679754 ], [ 27.948667, 44.679792 ], [ 27.949923, 44.67983 ], [ 27.951175, 44.679875 ], [ 27.952431, 44.679926 ], [ 27.953693, 44.679977 ], [ 27.954943, 44.680024 ], [ 27.956157, 44.680087 ], [ 27.957326, 44.680197 ], [ 27.958485, 44.680381 ], [ 27.959703, 44.680613 ], [ 27.961019, 44.680824 ], [ 27.962416, 44.680929 ], [ 27.963835, 44.680896 ], [ 27.965238, 44.68072 ], [ 27.966579, 44.680402 ], [ 27.96782, 44.679984 ], [ 27.968973, 44.679515 ], [ 27.97008, 44.679023 ], [ 27.971053, 44.678385 ], [ 27.97204, 44.67777 ], [ 27.973073, 44.677199 ], [ 27.974059, 44.676594 ], [ 27.975097, 44.67604 ], [ 27.97599, 44.675397 ], [ 27.976881, 44.674751 ], [ 27.977762, 44.674097 ], [ 27.978397, 44.67362 ], [ 27.978401, 44.67328 ], [ 27.978389, 44.672541 ], [ 27.97838, 44.672034 ], [ 27.978367, 44.671231 ] ] ] } },
{ "type": "Feature", "properties": { "DRVAL1": null, "OBJNAM": null, "NOBJNM": null, "TRAFIC": null, "INFORM": null, "SCAMIN": 90000 }, "geometry": { "type": "Polygon", "coordinates": [ [ [ 27.859027, 44.716349 ], [ 27.859015, 44.716254 ], [ 27.858978, 44.715969 ], [ 27.858943, 44.715685 ], [ 27.858911, 44.7154 ], [ 27.858881, 44.715115 ], [ 27.858854, 44.71483 ], [ 27.858829, 44.714546 ], [ 27.858808, 44.714261 ], [ 27.858788, 44.713977 ], [ 27.858772, 44.713692 ], [ 27.858758, 44.713408 ], [ 27.858747, 44.713123 ], [ 27.858739, 44.712838 ], [ 27.858734, 44.712553 ], [ 27.858731, 44.712268 ], [ 27.858731, 44.711983 ], [ 27.858733, 44.711697 ], [ 27.858738, 44.711412 ], [ 27.858745, 44.711126 ], [ 27.858754, 44.71084 ], [ 27.858765, 44.710554 ], [ 27.858778, 44.710267 ], [ 27.858794, 44.709981 ], [ 27.858811, 44.709694 ], [ 27.85883, 44.709408 ], [ 27.858852, 44.709123 ], [ 27.858875, 44.708838 ], [ 27.858902, 44.708554 ], [ 27.858931, 44.70827 ], [ 27.858963, 44.707986 ], [ 27.858998, 44.707704 ], [ 27.859037, 44.707422 ], [ 27.859079, 44.70714 ], [ 27.859124, 44.70686 ], [ 27.859174, 44.706579 ], [ 27.859227, 44.7063 ], [ 27.859284, 44.706021 ], [ 27.859346, 44.705743 ], [ 27.859411, 44.705465 ], [ 27.859482, 44.705188 ], [ 27.859556, 44.704912 ], [ 27.859635, 44.704637 ], [ 27.859718, 44.704362 ], [ 27.859807, 44.704088 ], [ 27.859899, 44.703816 ], [ 27.859997, 44.703544 ], [ 27.860099, 44.703274 ], [ 27.860207, 44.703005 ], [ 27.86032, 44.70274 ], [ 27.860438, 44.702477 ], [ 27.860563, 44.702216 ], [ 27.860695, 44.70196 ], [ 27.860833, 44.701707 ], [ 27.86098, 44.701457 ], [ 27.861135, 44.701212 ], [ 27.861298, 44.700969 ], [ 27.861471, 44.70073 ], [ 27.861653, 44.700492 ], [ 27.861844, 44.700257 ], [ 27.862043, 44.700024 ], [ 27.86225, 44.699793 ], [ 27.862464, 44.699565 ], [ 27.862685, 44.69934 ], [ 27.862912, 44.699117 ], [ 27.863146, 44.698897 ], [ 27.863385, 44.69868 ], [ 27.86363, 44.698465 ], [ 27.86388, 44.698253 ], [ 27.864136, 44.698043 ], [ 27.864396, 44.697836 ], [ 27.864662, 44.697631 ], [ 27.864931, 44.697429 ], [ 27.865205, 44.69723 ], [ 27.865483, 44.697033 ], [ 27.865764, 44.696839 ], [ 27.86605, 44.696649 ], [ 27.866339, 44.696461 ], [ 27.866631, 44.696276 ], [ 27.866928, 44.696094 ], [ 27.867228, 44.695916 ], [ 27.867532, 44.69574 ], [ 27.867839, 44.695569 ], [ 27.86815, 44.6954 ], [ 27.868464, 44.695234 ], [ 27.868782, 44.695072 ], [ 27.869103, 44.694913 ], [ 27.869428, 44.694758 ], [ 27.869755, 44.694606 ], [ 27.870085, 44.694457 ], [ 27.870419, 44.694313 ], [ 27.870756, 44.694171 ], [ 27.871096, 44.694033 ], [ 27.87144, 44.693897 ], [ 27.871788, 44.693764 ], [ 27.872139, 44.693632 ], [ 27.872494, 44.693502 ], [ 27.87285, 44.693374 ], [ 27.87321, 44.693246 ], [ 27.873572, 44.693119 ], [ 27.873935, 44.692992 ], [ 27.874301, 44.692865 ], [ 27.874667, 44.692738 ], [ 27.875033, 44.692611 ], [ 27.8754, 44.692483 ], [ 27.875767, 44.692355 ], [ 27.876134, 44.692227 ], [ 27.876501, 44.692098 ], [ 27.876868, 44.691969 ], [ 27.877235, 44.691838 ], [ 27.877601, 44.691707 ], [ 27.877968, 44.691575 ], [ 27.878335, 44.691442 ], [ 27.878702, 44.691308 ], [ 27.879068, 44.691172 ], [ 27.879434, 44.691034 ], [ 27.8798, 44.690894 ], [ 27.880165, 44.690753 ], [ 27.880529, 44.690609 ], [ 27.880892, 44.690463 ], [ 27.881253, 44.690314 ], [ 27.881613, 44.690162 ], [ 27.881971, 44.690009 ], [ 27.882327, 44.689852 ], [ 27.882681, 44.689693 ], [ 27.883033, 44.689532 ], [ 27.883383, 44.689368 ], [ 27.883731, 44.689201 ], [ 27.884076, 44.689032 ], [ 27.884419, 44.68886 ], [ 27.884761, 44.688685 ], [ 27.8851, 44.688507 ], [ 27.885437, 44.688326 ], [ 27.885772, 44.688141 ], [ 27.886103, 44.687951 ], [ 27.886431, 44.687758 ], [ 27.886756, 44.68756 ], [ 27.887076, 44.687358 ], [ 27.887391, 44.687151 ], [ 27.8877, 44.68694 ], [ 27.888003, 44.686727 ], [ 27.8883, 44.68651 ], [ 27.888592, 44.68629 ], [ 27.888879, 44.686068 ], [ 27.889161, 44.685844 ], [ 27.889438, 44.685619 ], [ 27.889711, 44.685392 ], [ 27.88998, 44.685163 ], [ 27.890247, 44.684932 ], [ 27.890511, 44.684699 ], [ 27.890772, 44.684463 ], [ 27.89103, 44.684224 ], [ 27.891284, 44.683981 ], [ 27.891533, 44.683734 ], [ 27.891776, 44.683484 ], [ 27.892014, 44.683229 ], [ 27.892246, 44.68297 ], [ 27.89247, 44.682707 ], [ 27.892685, 44.682443 ], [ 27.892894, 44.682175 ], [ 27.893095, 44.681906 ], [ 27.893288, 44.681634 ], [ 27.893475, 44.681361 ], [ 27.893656, 44.681087 ], [ 27.89383, 44.680812 ], [ 27.893998, 44.680537 ], [ 27.894161, 44.680262 ], [ 27.89432, 44.679987 ], [ 27.894475, 44.679712 ], [ 27.894627, 44.679438 ], [ 27.894777, 44.679164 ], [ 27.894925, 44.678889 ], [ 27.895072, 44.678613 ], [ 27.895217, 44.678334 ], [ 27.895358, 44.678053 ], [ 27.895496, 44.67777 ], [ 27.89563, 44.677485 ], [ 27.895759, 44.677197 ], [ 27.895882, 44.676907 ], [ 27.895998, 44.676616 ], [ 27.896109, 44.676323 ], [ 27.896213, 44.676028 ], [ 27.89631, 44.675733 ], [ 27.896401, 44.675435 ], [ 27.896484, 44.675138 ], [ 27.89656, 44.67484 ], [ 27.896631, 44.674542 ], [ 27.896695, 44.674245 ], [ 27.896754, 44.673948 ], [ 27.896808, 44.673651 ], [ 27.896858, 44.673356 ], [ 27.896905, 44.673063 ], [ 27.896949, 44.672771 ], [ 27.896992, 44.672482 ], [ 27.897035, 44.672194 ], [ 27.897079, 44.671909 ], [ 27.897125, 44.671626 ], [ 27.897173, 44.671343 ], [ 27.897224, 44.671059 ], [ 27.897278, 44.670775 ], [ 27.897332, 44.67049 ], [ 27.897344, 44.670432 ], [ 27.897388, 44.670204 ], [ 27.897445, 44.669916 ], [ 27.897502, 44.669628 ], [ 27.897558, 44.669339 ], [ 27.897613, 44.669048 ], [ 27.897668, 44.668756 ], [ 27.89772, 44.668463 ], [ 27.897769, 44.668169 ], [ 27.897816, 44.667873 ], [ 27.897859, 44.667576 ], [ 27.897899, 44.667278 ], [ 27.897933, 44.666978 ], [ 27.897962, 44.666678 ], [ 27.897986, 44.666376 ], [ 27.898003, 44.666073 ], [ 27.898014, 44.665769 ], [ 27.898017, 44.665464 ], [ 27.898011, 44.665159 ], [ 27.897998, 44.664853 ], [ 27.897977, 44.664549 ], [ 27.897948, 44.664244 ], [ 27.897912, 44.663941 ], [ 27.897869, 44.663638 ], [ 27.897819, 44.663337 ], [ 27.897764, 44.66304 ], [ 27.897705, 44.662746 ], [ 27.897644, 44.662455 ], [ 27.897582, 44.662167 ], [ 27.897557, 44.662038 ], [ 27.896409, 44.662047 ], [ 27.895267, 44.662056 ], [ 27.895277, 44.66212 ], [ 27.895338, 44.66241 ], [ 27.895399, 44.662697 ], [ 27.895459, 44.662981 ], [ 27.895515, 44.663261 ], [ 27.895567, 44.663539 ], [ 27.895613, 44.663816 ], [ 27.895652, 44.664091 ], [ 27.895685, 44.664367 ], [ 27.895711, 44.664643 ], [ 27.89573, 44.664918 ], [ 27.895742, 44.665194 ], [ 27.895747, 44.665469 ], [ 27.895744, 44.665744 ], [ 27.895735, 44.666021 ], [ 27.895719, 44.666298 ], [ 27.895697, 44.666576 ], [ 27.89567, 44.666856 ], [ 27.895637, 44.667136 ], [ 27.895601, 44.667417 ], [ 27.89556, 44.667698 ], [ 27.895515, 44.667981 ], [ 27.895467, 44.668264 ], [ 27.895416, 44.668548 ], [ 27.895364, 44.668833 ], [ 27.895309, 44.669118 ], [ 27.895254, 44.669404 ], [ 27.895197, 44.669691 ], [ 27.89514, 44.669979 ], [ 27.895084, 44.670268 ], [ 27.895068, 44.67035 ], [ 27.895028, 44.670558 ], [ 27.894974, 44.670849 ], [ 27.894921, 44.671141 ], [ 27.894871, 44.671434 ], [ 27.894823, 44.671728 ], [ 27.894778, 44.67202 ], [ 27.894735, 44.67231 ], [ 27.894692, 44.672598 ], [ 27.894649, 44.672884 ], [ 27.894603, 44.673168 ], [ 27.894556, 44.673449 ], [ 27.894504, 44.673729 ], [ 27.894449, 44.674008 ], [ 27.894389, 44.674284 ], [ 27.894324, 44.67456 ], [ 27.894254, 44.674833 ], [ 27.894178, 44.675105 ], [ 27.894096, 44.675375 ], [ 27.894007, 44.675645 ], [ 27.893912, 44.675914 ], [ 27.893811, 44.676183 ], [ 27.893704, 44.67645 ], [ 27.893591, 44.676716 ], [ 27.893472, 44.676982 ], [ 27.893348, 44.677247 ], [ 27.893218, 44.677513 ], [ 27.893084, 44.677779 ], [ 27.892946, 44.678045 ], [ 27.892805, 44.678311 ], [ 27.89266, 44.678578 ], [ 27.892514, 44.678846 ], [ 27.892366, 44.679112 ], [ 27.892217, 44.679376 ], [ 27.892066, 44.679638 ], [ 27.891912, 44.679898 ], [ 27.891755, 44.680155 ], [ 27.891593, 44.68041 ], [ 27.891428, 44.680661 ], [ 27.891257, 44.680911 ], [ 27.891081, 44.681158 ], [ 27.890899, 44.681401 ], [ 27.890712, 44.681642 ], [ 27.890518, 44.68188 ], [ 27.890319, 44.682113 ], [ 27.890113, 44.682344 ], [ 27.889899, 44.682572 ], [ 27.889679, 44.682799 ], [ 27.889452, 44.683023 ], [ 27.889219, 44.683246 ], [ 27.88898, 44.683468 ], [ 27.888737, 44.683689 ], [ 27.888488, 44.683908 ], [ 27.888236, 44.684126 ], [ 27.88798, 44.684343 ], [ 27.887722, 44.684558 ], [ 27.887462, 44.68477 ], [ 27.887199, 44.684978 ], [ 27.886934, 44.685184 ], [ 27.886665, 44.685386 ], [ 27.886393, 44.685584 ], [ 27.886118, 44.685779 ], [ 27.885838, 44.685969 ], [ 27.885554, 44.686155 ], [ 27.885265, 44.686338 ], [ 27.884971, 44.686518 ], [ 27.884671, 44.686694 ], [ 27.884366, 44.686868 ], [ 27.884057, 44.687039 ], [ 27.883744, 44.687208 ], [ 27.883426, 44.687375 ], [ 27.883105, 44.687539 ], [ 27.882781, 44.687701 ], [ 27.882455, 44.687861 ], [ 27.882126, 44.688019 ], [ 27.881796, 44.688174 ], [ 27.881463, 44.688327 ], [ 27.881127, 44.688477 ], [ 27.88079, 44.688625 ], [ 27.880451, 44.688771 ], [ 27.880109, 44.688915 ], [ 27.879766, 44.689056 ], [ 27.87942, 44.689195 ], [ 27.879071, 44.689333 ], [ 27.878721, 44.689469 ], [ 27.878369, 44.689604 ], [ 27.878015, 44.689737 ], [ 27.877659, 44.689869 ], [ 27.877301, 44.69 ], [ 27.876942, 44.69013 ], [ 27.876582, 44.69026 ], [ 27.876221, 44.690389 ], [ 27.875859, 44.690517 ], [ 27.875496, 44.690645 ], [ 27.875132, 44.690773 ], [ 27.874768, 44.6909 ], [ 27.874404, 44.691027 ], [ 27.874039, 44.691155 ], [ 27.873673, 44.691281 ], [ 27.873307, 44.691409 ], [ 27.872939, 44.691536 ], [ 27.872571, 44.691665 ], [ 27.872202, 44.691794 ], [ 27.871832, 44.691926 ], [ 27.871462, 44.692059 ], [ 27.871092, 44.692195 ], [ 27.870722, 44.692333 ], [ 27.870353, 44.692475 ], [ 27.869985, 44.69262 ], [ 27.869618, 44.692769 ], [ 27.869253, 44.692923 ], [ 27.86889, 44.69308 ], [ 27.868531, 44.693241 ], [ 27.868175, 44.693406 ], [ 27.867823, 44.693575 ], [ 27.867474, 44.693748 ], [ 27.867129, 44.693924 ], [ 27.866788, 44.694103 ], [ 27.86645, 44.694287 ], [ 27.866116, 44.694474 ], [ 27.865786, 44.694664 ], [ 27.865461, 44.694858 ], [ 27.865139, 44.695055 ], [ 27.864822, 44.695255 ], [ 27.864508, 44.695459 ], [ 27.864199, 44.695666 ], [ 27.863894, 44.695875 ], [ 27.863594, 44.696088 ], [ 27.863298, 44.696304 ], [ 27.863005, 44.696523 ], [ 27.862717, 44.696745 ], [ 27.862434, 44.696971 ], [ 27.862154, 44.6972 ], [ 27.86188, 44.697432 ], [ 27.861611, 44.697668 ], [ 27.861347, 44.697908 ], [ 27.861088, 44.698152 ], [ 27.860836, 44.698399 ], [ 27.860589, 44.698651 ], [ 27.86035, 44.698906 ], [ 27.860117, 44.699166 ], [ 27.859891, 44.69943 ], [ 27.859674, 44.699698 ], [ 27.859465, 44.69997 ], [ 27.859265, 44.700247 ], [ 27.859075, 44.700528 ], [ 27.858897, 44.700812 ], [ 27.858728, 44.701099 ], [ 27.85857, 44.701387 ], [ 27.858422, 44.701676 ], [ 27.858283, 44.701966 ], [ 27.858152, 44.702257 ], [ 27.858028, 44.702548 ], [ 27.857911, 44.70284 ], [ 27.857801, 44.703131 ], [ 27.857696, 44.703423 ], [ 27.857596, 44.703716 ], [ 27.857502, 44.704009 ], [ 27.857412, 44.704303 ], [ 27.857328, 44.704597 ], [ 27.857249, 44.704891 ], [ 27.857174, 44.705186 ], [ 27.857104, 44.705482 ], [ 27.857039, 44.705777 ], [ 27.856978, 44.706073 ], [ 27.856921, 44.706369 ], [ 27.856869, 44.706665 ], [ 27.856821, 44.706962 ], [ 27.856777, 44.707258 ], [ 27.856737, 44.707554 ], [ 27.8567, 44.70785 ], [ 27.856666, 44.708145 ], [ 27.856636, 44.708441 ], [ 27.856609, 44.708736 ], [ 27.856584, 44.709031 ], [ 27.856562, 44.709326 ], [ 27.856542, 44.709621 ], [ 27.856524, 44.709915 ], [ 27.856509, 44.710209 ], [ 27.856495, 44.710504 ], [ 27.856483, 44.710798 ], [ 27.856474, 44.711093 ], [ 27.856466, 44.711388 ], [ 27.856462, 44.711683 ], [ 27.856459, 44.711979 ], [ 27.856459, 44.712274 ], [ 27.856462, 44.71257 ], [ 27.856468, 44.712865 ], [ 27.856476, 44.713161 ], [ 27.856487, 44.713457 ], [ 27.856502, 44.713754 ], [ 27.856519, 44.714049 ], [ 27.856539, 44.714345 ], [ 27.856562, 44.71464 ], [ 27.856587, 44.714935 ], [ 27.856615, 44.71523 ], [ 27.856646, 44.715525 ], [ 27.856679, 44.715819 ], [ 27.856715, 44.716113 ], [ 27.856748, 44.716366 ], [ 27.857887, 44.716357 ], [ 27.859027, 44.716349 ] ] ] } },
{ "type": "Feature", "properties": { "DRVAL1": null, "OBJNAM": null, "NOBJNM": null, "TRAFIC": null, "INFORM": null, "SCAMIN": 90000 }, "geometry": { "type": "Polygon", "coordinates": [ [ [ 27.978397, 44.67362 ], [ 27.978639, 44.673437 ], [ 27.979498, 44.672776 ], [ 27.980356, 44.672116 ], [ 27.981214, 44.671459 ], [ 27.982077, 44.670801 ], [ 27.982866, 44.670096 ], [ 27.983718, 44.669411 ], [ 27.98452, 44.668705 ], [ 27.985292, 44.668012 ], [ 27.986122, 44.667319 ], [ 27.986995, 44.66668 ], [ 27.987866, 44.666009 ], [ 27.988726, 44.665355 ], [ 27.989515, 44.664726 ], [ 27.990392, 44.664019 ], [ 27.991296, 44.663386 ], [ 27.993107, 44.662148 ], [ 27.994004, 44.661535 ], [ 27.994903, 44.660921 ], [ 27.995792, 44.660304 ], [ 27.996695, 44.659705 ], [ 27.997613, 44.659128 ], [ 27.998554, 44.658581 ], [ 27.999526, 44.658068 ], [ 28.000534, 44.657584 ], [ 28.001577, 44.657126 ], [ 28.002639, 44.656686 ], [ 28.003729, 44.65626 ], [ 28.004834, 44.655839 ], [ 28.005948, 44.655418 ], [ 28.007062, 44.654995 ], [ 28.008171, 44.654574 ], [ 28.009295, 44.654145 ], [ 28.010413, 44.653709 ], [ 28.011534, 44.653251 ], [ 28.012648, 44.652766 ], [ 28.013745, 44.652236 ], [ 28.0148, 44.651657 ], [ 28.015807, 44.651017 ], [ 28.016742, 44.650319 ], [ 28.017595, 44.649569 ], [ 28.018355, 44.648773 ], [ 28.019026, 44.647949 ], [ 28.01962, 44.647107 ], [ 28.020153, 44.646258 ], [ 28.020644, 44.645407 ], [ 28.021107, 44.644559 ], [ 28.021562, 44.643714 ], [ 28.022009, 44.642865 ], [ 28.022444, 44.642007 ], [ 28.022854, 44.641143 ], [ 28.023256, 44.640281 ], [ 28.023644, 44.639423 ], [ 28.02403, 44.638568 ], [ 28.024421, 44.637715 ], [ 28.024816, 44.636863 ], [ 28.025216, 44.636011 ], [ 28.025617, 44.635155 ], [ 28.026013, 44.634295 ], [ 28.026398, 44.633436 ], [ 28.026782, 44.632593 ], [ 28.02719, 44.631772 ], [ 28.027642, 44.630978 ], [ 28.028154, 44.630214 ], [ 28.028736, 44.629484 ], [ 28.029407, 44.628777 ], [ 28.030146, 44.628058 ], [ 28.030901, 44.627292 ], [ 28.031593, 44.626471 ], [ 28.032197, 44.625624 ], [ 28.032728, 44.624768 ], [ 28.033213, 44.623906 ], [ 28.033655, 44.62303 ], [ 28.034048, 44.622138 ], [ 28.034384, 44.621234 ], [ 28.034667, 44.620328 ], [ 28.034909, 44.619425 ], [ 28.035124, 44.618531 ], [ 28.035339, 44.61766 ], [ 28.035588, 44.616815 ], [ 28.035904, 44.61598 ], [ 28.036268, 44.615126 ], [ 28.03663, 44.614236 ], [ 28.036934, 44.613307 ], [ 28.037136, 44.612344 ], [ 28.0372, 44.611354 ], [ 28.037094, 44.610359 ], [ 28.036823, 44.609385 ], [ 28.036409, 44.608446 ], [ 28.035867, 44.607548 ], [ 28.035218, 44.606696 ], [ 28.034483, 44.605892 ], [ 28.033686, 44.605137 ], [ 28.03286, 44.604425 ], [ 28.032037, 44.603739 ], [ 28.031234, 44.603057 ], [ 28.030445, 44.602369 ], [ 28.029668, 44.601672 ], [ 28.028901, 44.600969 ], [ 28.028143, 44.60026 ], [ 28.027393, 44.599545 ], [ 28.02665, 44.598825 ], [ 28.025911, 44.5981 ], [ 28.025174, 44.597372 ], [ 28.024437, 44.596643 ], [ 28.023703, 44.595915 ], [ 28.022975, 44.595185 ], [ 28.022252, 44.594453 ], [ 28.021532, 44.593716 ], [ 28.020809, 44.592977 ], [ 28.020083, 44.59224 ], [ 28.01936, 44.591505 ], [ 28.018647, 44.590772 ], [ 28.01795, 44.590037 ], [ 28.017276, 44.589297 ], [ 28.017006, 44.589005 ], [ 28.015714, 44.589026 ], [ 28.015502, 44.58903 ], [ 28.014364, 44.58904 ], [ 28.014683, 44.589378 ], [ 28.01536, 44.590164 ], [ 28.016061, 44.590933 ], [ 28.016777, 44.591689 ], [ 28.017502, 44.592434 ], [ 28.018229, 44.593172 ], [ 28.018953, 44.593907 ], [ 28.019673, 44.594644 ], [ 28.020396, 44.595383 ], [ 28.021124, 44.596122 ], [ 28.021859, 44.596859 ], [ 28.022597, 44.597591 ], [ 28.023336, 44.598322 ], [ 28.024076, 44.599052 ], [ 28.024847, 44.59976 ], [ 28.025673, 44.600462 ], [ 28.026447, 44.601146 ], [ 28.027265, 44.601872 ], [ 28.028082, 44.602573 ], [ 28.028882, 44.603263 ], [ 28.029677, 44.603948 ], [ 28.030506, 44.604649 ], [ 28.031334, 44.605335 ], [ 28.032135, 44.606016 ], [ 28.032907, 44.606683 ], [ 28.033558, 44.607405 ], [ 28.034099, 44.608128 ], [ 28.034575, 44.608918 ], [ 28.034916, 44.609732 ], [ 28.035092, 44.610543 ], [ 28.035206, 44.611373 ], [ 28.03516, 44.612203 ], [ 28.034984, 44.613062 ], [ 28.034723, 44.613876 ], [ 28.03432, 44.614714 ], [ 28.03384, 44.615547 ], [ 28.033382, 44.616436 ], [ 28.033112, 44.617352 ], [ 28.032889, 44.618254 ], [ 28.032677, 44.619135 ], [ 28.032445, 44.619999 ], [ 28.03218, 44.62085 ], [ 28.031869, 44.621687 ], [ 28.031505, 44.622512 ], [ 28.031092, 44.623329 ], [ 28.030637, 44.62414 ], [ 28.030148, 44.624928 ], [ 28.029609, 44.625685 ], [ 28.029001, 44.626406 ], [ 28.028304, 44.627112 ], [ 28.027552, 44.627844 ], [ 28.026809, 44.628628 ], [ 28.026144, 44.629462 ], [ 28.025568, 44.630322 ], [ 28.025069, 44.631195 ], [ 28.024634, 44.632071 ], [ 28.024238, 44.632939 ], [ 28.023854, 44.633795 ], [ 28.023463, 44.634645 ], [ 28.023064, 44.635497 ], [ 28.022663, 44.636351 ], [ 28.022265, 44.637209 ], [ 28.021872, 44.638067 ], [ 28.021484, 44.638925 ], [ 28.021098, 44.63978 ], [ 28.020708, 44.640628 ], [ 28.020304, 44.641468 ], [ 28.01988, 44.642303 ], [ 28.01944, 44.643139 ], [ 28.018991, 44.643974 ], [ 28.018537, 44.644804 ], [ 28.018068, 44.645618 ], [ 28.01757, 44.646411 ], [ 28.01703, 44.647177 ], [ 28.016442, 44.647914 ], [ 28.015774, 44.648601 ], [ 28.015039, 44.649248 ], [ 28.014231, 44.649851 ], [ 28.013359, 44.650405 ], [ 28.012413, 44.650918 ], [ 28.011417, 44.651402 ], [ 28.010378, 44.651856 ], [ 28.009307, 44.652294 ], [ 28.008215, 44.65272 ], [ 28.007109, 44.653142 ], [ 28.005993, 44.653563 ], [ 28.004884, 44.653987 ], [ 28.003769, 44.654409 ], [ 28.002649, 44.654835 ], [ 28.001527, 44.655272 ], [ 28.000408, 44.655734 ], [ 27.999303, 44.656223 ], [ 27.998217, 44.656744 ], [ 27.997162, 44.657301 ], [ 27.996146, 44.657891 ], [ 27.995171, 44.658503 ], [ 27.994229, 44.659131 ], [ 27.993307, 44.659769 ], [ 27.992404, 44.660417 ], [ 27.991519, 44.661075 ], [ 27.99065, 44.661738 ], [ 27.989791, 44.6624 ], [ 27.988936, 44.66306 ], [ 27.988077, 44.663717 ], [ 27.987215, 44.664377 ], [ 27.986355, 44.665041 ], [ 27.9855, 44.665709 ], [ 27.984652, 44.666379 ], [ 27.983808, 44.667049 ], [ 27.982965, 44.667716 ], [ 27.982121, 44.66838 ], [ 27.981272, 44.66904 ], [ 27.980417, 44.669696 ], [ 27.979555, 44.670353 ], [ 27.978693, 44.671012 ], [ 27.978367, 44.671231 ], [ 27.97838, 44.672034 ], [ 27.978389, 44.672541 ], [ 27.978401, 44.67328 ], [ 27.978397, 44.67362 ] ] ] } },
{ "type": "Feature", "properties": { "DRVAL1": null, "OBJNAM": null, "NOBJNM": null, "TRAFIC": null, "INFORM": null, "SCAMIN": 90000 }, "geometry": { "type": "Polygon", "coordinates": [ [ [ 28.069236, 44.501039 ], [ 28.069215, 44.500093 ], [ 28.068134, 44.500537 ], [ 28.067043, 44.500985 ], [ 28.065952, 44.501433 ], [ 28.064857, 44.501883 ], [ 28.063758, 44.502342 ], [ 28.062661, 44.502821 ], [ 28.06157, 44.503329 ], [ 28.060496, 44.503884 ], [ 28.059464, 44.504499 ], [ 28.058501, 44.505177 ], [ 28.05762, 44.505906 ], [ 28.056825, 44.506679 ], [ 28.056115, 44.50748 ], [ 28.055474, 44.508289 ], [ 28.054873, 44.509094 ], [ 28.054286, 44.509891 ], [ 28.0537, 44.510676 ], [ 28.053098, 44.511459 ], [ 28.05249, 44.512224 ], [ 28.051848, 44.512989 ], [ 28.051193, 44.513745 ], [ 28.050533, 44.514493 ], [ 28.049847, 44.515247 ], [ 28.049156, 44.516006 ], [ 28.048488, 44.516793 ], [ 28.047819, 44.517604 ], [ 28.047227, 44.518458 ], [ 28.046733, 44.519316 ], [ 28.046266, 44.520203 ], [ 28.045866, 44.521073 ], [ 28.045484, 44.521941 ], [ 28.045116, 44.522813 ], [ 28.044766, 44.523689 ], [ 28.044432, 44.524563 ], [ 28.044104, 44.525429 ], [ 28.043768, 44.526286 ], [ 28.043412, 44.527141 ], [ 28.043046, 44.528001 ], [ 28.042682, 44.528869 ], [ 28.042331, 44.529741 ], [ 28.04199, 44.530609 ], [ 28.041649, 44.531472 ], [ 28.041299, 44.532331 ], [ 28.040942, 44.533192 ], [ 28.040583, 44.534055 ], [ 28.040225, 44.534917 ], [ 28.039866, 44.535778 ], [ 28.039503, 44.536636 ], [ 28.039134, 44.537492 ], [ 28.038758, 44.538346 ], [ 28.038375, 44.539198 ], [ 28.037985, 44.540051 ], [ 28.03759, 44.540905 ], [ 28.037195, 44.541759 ], [ 28.036802, 44.54261 ], [ 28.036401, 44.543448 ], [ 28.035975, 44.544273 ], [ 28.035515, 44.545091 ], [ 28.035031, 44.545915 ], [ 28.034541, 44.546747 ], [ 28.034062, 44.547576 ], [ 28.033575, 44.548383 ], [ 28.033054, 44.549165 ], [ 28.032481, 44.549907 ], [ 28.031846, 44.550628 ], [ 28.03115, 44.551323 ], [ 28.030396, 44.551998 ], [ 28.029594, 44.552664 ], [ 28.028765, 44.553331 ], [ 28.027928, 44.554002 ], [ 28.027091, 44.554672 ], [ 28.026251, 44.555338 ], [ 28.025407, 44.556001 ], [ 28.024559, 44.556662 ], [ 28.023706, 44.557323 ], [ 28.022848, 44.557988 ], [ 28.021992, 44.558663 ], [ 28.021149, 44.559356 ], [ 28.020329, 44.560064 ], [ 28.019534, 44.560782 ], [ 28.018759, 44.561506 ], [ 28.017999, 44.562236 ], [ 28.017251, 44.562972 ], [ 28.016516, 44.563712 ], [ 28.015793, 44.564453 ], [ 28.015075, 44.565186 ], [ 28.01435, 44.565911 ], [ 28.013607, 44.566634 ], [ 28.012856, 44.567371 ], [ 28.01212, 44.568133 ], [ 28.011423, 44.568917 ], [ 28.010767, 44.569713 ], [ 28.010138, 44.570521 ], [ 28.009532, 44.571369 ], [ 28.009013, 44.572307 ], [ 28.008718, 44.573345 ], [ 28.008744, 44.574399 ], [ 28.008995, 44.575386 ], [ 28.009357, 44.576306 ], [ 28.009761, 44.577182 ], [ 28.010168, 44.57803 ], [ 28.010543, 44.578864 ], [ 28.010866, 44.5797 ], [ 28.011145, 44.580548 ], [ 28.011386, 44.581408 ], [ 28.0116, 44.58228 ], [ 28.011799, 44.583163 ], [ 28.012001, 44.584058 ], [ 28.012228, 44.584969 ], [ 28.012519, 44.585895 ], [ 28.012918, 44.586821 ], [ 28.013435, 44.587716 ], [ 28.014034, 44.588566 ], [ 28.014364, 44.58904 ], [ 28.015502, 44.58903 ], [ 28.015714, 44.589026 ], [ 28.017006, 44.589005 ], [ 28.016633, 44.588551 ], [ 28.016032, 44.587799 ], [ 28.015496, 44.587042 ], [ 28.015052, 44.586274 ], [ 28.014711, 44.585479 ], [ 28.01445, 44.584649 ], [ 28.014236, 44.583787 ], [ 28.014037, 44.582905 ], [ 28.013835, 44.582011 ], [ 28.013614, 44.581109 ], [ 28.01336, 44.580204 ], [ 28.013062, 44.579299 ], [ 28.012715, 44.5784 ], [ 28.01232, 44.57752 ], [ 28.01191, 44.576665 ], [ 28.011525, 44.575832 ], [ 28.011201, 44.575026 ], [ 28.011, 44.574239 ], [ 28.010974, 44.573493 ], [ 28.011184, 44.572775 ], [ 28.01159, 44.57204 ], [ 28.012135, 44.571283 ], [ 28.012734, 44.570518 ], [ 28.013356, 44.569763 ], [ 28.014009, 44.569028 ], [ 28.014705, 44.568308 ], [ 28.015436, 44.56759 ], [ 28.016185, 44.566862 ], [ 28.016925, 44.566122 ], [ 28.01765, 44.565381 ], [ 28.018369, 44.564645 ], [ 28.019092, 44.563917 ], [ 28.019824, 44.563196 ], [ 28.020568, 44.562482 ], [ 28.021323, 44.561777 ], [ 28.02209, 44.561083 ], [ 28.022876, 44.560404 ], [ 28.023687, 44.559739 ], [ 28.024521, 44.559081 ], [ 28.025371, 44.558422 ], [ 28.026226, 44.55776 ], [ 28.02708, 44.557094 ], [ 28.027931, 44.556426 ], [ 28.028777, 44.555754 ], [ 28.029618, 44.555082 ], [ 28.030457, 44.554409 ], [ 28.0313, 44.553731 ], [ 28.03214, 44.553032 ], [ 28.032958, 44.552301 ], [ 28.033727, 44.551531 ], [ 28.034433, 44.55073 ], [ 28.035079, 44.549905 ], [ 28.035638, 44.549053 ], [ 28.036149, 44.548206 ], [ 28.036632, 44.547371 ], [ 28.037119, 44.546544 ], [ 28.03761, 44.545708 ], [ 28.038089, 44.544856 ], [ 28.038535, 44.543991 ], [ 28.03895, 44.543127 ], [ 28.039347, 44.542268 ], [ 28.039741, 44.541413 ], [ 28.040136, 44.540557 ], [ 28.04053, 44.539699 ], [ 28.040917, 44.538837 ], [ 28.041297, 44.537974 ], [ 28.04167, 44.537109 ], [ 28.042036, 44.536244 ], [ 28.042396, 44.53538 ], [ 28.042755, 44.534517 ], [ 28.043114, 44.533653 ], [ 28.043472, 44.532788 ], [ 28.043826, 44.531919 ], [ 28.04417, 44.531049 ], [ 28.04451, 44.530184 ], [ 28.044855, 44.529326 ], [ 28.045214, 44.52847 ], [ 28.045581, 44.527608 ], [ 28.045944, 44.526737 ], [ 28.046288, 44.52586 ], [ 28.046617, 44.524988 ], [ 28.046947, 44.524125 ], [ 28.047289, 44.523271 ], [ 28.047649, 44.522419 ], [ 28.048022, 44.521569 ], [ 28.048407, 44.52073 ], [ 28.048818, 44.519914 ], [ 28.049278, 44.519129 ], [ 28.049812, 44.518371 ], [ 28.050416, 44.517624 ], [ 28.051069, 44.516877 ], [ 28.051745, 44.516126 ], [ 28.05243, 44.515369 ], [ 28.053113, 44.514603 ], [ 28.053783, 44.513828 ], [ 28.05444, 44.513044 ], [ 28.055177, 44.512268 ], [ 28.055862, 44.511505 ], [ 28.056562, 44.510765 ], [ 28.057267, 44.510021 ], [ 28.057981, 44.509258 ], [ 28.058539, 44.508612 ], [ 28.059215, 44.507788 ], [ 28.059825, 44.507072 ], [ 28.060463, 44.506355 ], [ 28.061097, 44.50573 ], [ 28.061884, 44.505164 ], [ 28.06285, 44.504665 ], [ 28.063867, 44.504192 ], [ 28.064918, 44.503734 ], [ 28.065992, 44.503285 ], [ 28.067079, 44.502839 ], [ 28.06817, 44.502391 ], [ 28.069247, 44.501948 ], [ 28.069247, 44.501925 ], [ 28.069236, 44.501039 ] ] ] } },
{ "type": "Feature", "properties": { "DRVAL1": null, "OBJNAM": null, "NOBJNM": null, "TRAFIC": null, "INFORM": null, "SCAMIN": 90000 }, "geometry": { "type": "Polygon", "coordinates": [ [ [ 28.069247, 44.501948 ], [ 28.069261, 44.501942 ], [ 28.070349, 44.501497 ], [ 28.071437, 44.501055 ], [ 28.072525, 44.500622 ], [ 28.073617, 44.500203 ], [ 28.074716, 44.4998 ], [ 28.075827, 44.499412 ], [ 28.07695, 44.49904 ], [ 28.078099, 44.498674 ], [ 28.079276, 44.498283 ], [ 28.080458, 44.497833 ], [ 28.081597, 44.4973 ], [ 28.082661, 44.496696 ], [ 28.083643, 44.496031 ], [ 28.084541, 44.495317 ], [ 28.085359, 44.49457 ], [ 28.086111, 44.493803 ], [ 28.086817, 44.493017 ], [ 28.087477, 44.492206 ], [ 28.088082, 44.491369 ], [ 28.088621, 44.490509 ], [ 28.089098, 44.489639 ], [ 28.089525, 44.488766 ], [ 28.089919, 44.487892 ], [ 28.090286, 44.487015 ], [ 28.090631, 44.486135 ], [ 28.090957, 44.48525 ], [ 28.091259, 44.484357 ], [ 28.091529, 44.483453 ], [ 28.091758, 44.482547 ], [ 28.091959, 44.481648 ], [ 28.092153, 44.480761 ], [ 28.092357, 44.479881 ], [ 28.092575, 44.479001 ], [ 28.092798, 44.478117 ], [ 28.093022, 44.477231 ], [ 28.093246, 44.476345 ], [ 28.093469, 44.475459 ], [ 28.093694, 44.474574 ], [ 28.093919, 44.473687 ], [ 28.094141, 44.4728 ], [ 28.094361, 44.471912 ], [ 28.094578, 44.471024 ], [ 28.094795, 44.470138 ], [ 28.095014, 44.469254 ], [ 28.095236, 44.46837 ], [ 28.095463, 44.467488 ], [ 28.095695, 44.466605 ], [ 28.095927, 44.465716 ], [ 28.096149, 44.46482 ], [ 28.096353, 44.463922 ], [ 28.096544, 44.463027 ], [ 28.09673, 44.462139 ], [ 28.096923, 44.461264 ], [ 28.097145, 44.460412 ], [ 28.097425, 44.459587 ], [ 28.097787, 44.45878 ], [ 28.098222, 44.457974 ], [ 28.098703, 44.45716 ], [ 28.0992, 44.456339 ], [ 28.099702, 44.455517 ], [ 28.100209, 44.454698 ], [ 28.10072, 44.453885 ], [ 28.101242, 44.453085 ], [ 28.101789, 44.452303 ], [ 28.102374, 44.451537 ], [ 28.102996, 44.450781 ], [ 28.103648, 44.450029 ], [ 28.104319, 44.44928 ], [ 28.105003, 44.448533 ], [ 28.105696, 44.447786 ], [ 28.106394, 44.447035 ], [ 28.107092, 44.446277 ], [ 28.10778, 44.445507 ], [ 28.10845, 44.444717 ], [ 28.109088, 44.443899 ], [ 28.10967, 44.443046 ], [ 28.110175, 44.442159 ], [ 28.110589, 44.441244 ], [ 28.110901, 44.440305 ], [ 28.111105, 44.439352 ], [ 28.111205, 44.438394 ], [ 28.111211, 44.437439 ], [ 28.111128, 44.436481 ], [ 28.110932, 44.435514 ], [ 28.110586, 44.434551 ], [ 28.11007, 44.433624 ], [ 28.109423, 44.43276 ], [ 28.108687, 44.431955 ], [ 28.107886, 44.431195 ], [ 28.107021, 44.430473 ], [ 28.106092, 44.429792 ], [ 28.105116, 44.429162 ], [ 28.104128, 44.428574 ], [ 28.103157, 44.428006 ], [ 28.102208, 44.427434 ], [ 28.101265, 44.42685 ], [ 28.100317, 44.426259 ], [ 28.099361, 44.425667 ], [ 28.098398, 44.425081 ], [ 28.09743, 44.424499 ], [ 28.096461, 44.423923 ], [ 28.0955, 44.423351 ], [ 28.094557, 44.422778 ], [ 28.093659, 44.422204 ], [ 28.092859, 44.421619 ], [ 28.092211, 44.421001 ], [ 28.091613, 44.420425 ], [ 28.091333, 44.420428 ], [ 28.090653, 44.420437 ], [ 28.089504, 44.420432 ], [ 28.089646, 44.420935 ], [ 28.090287, 44.421852 ], [ 28.091142, 44.422673 ], [ 28.092097, 44.423376 ], [ 28.093073, 44.424 ], [ 28.094046, 44.424592 ], [ 28.095017, 44.42517 ], [ 28.095982, 44.425743 ], [ 28.096939, 44.426318 ], [ 28.09789, 44.426898 ], [ 28.098837, 44.427483 ], [ 28.099783, 44.428074 ], [ 28.100741, 44.428667 ], [ 28.101715, 44.429254 ], [ 28.102691, 44.429824 ], [ 28.103635, 44.430387 ], [ 28.104526, 44.430962 ], [ 28.105354, 44.431568 ], [ 28.106125, 44.432211 ], [ 28.106838, 44.432888 ], [ 28.107479, 44.433588 ], [ 28.10802, 44.434309 ], [ 28.108436, 44.435054 ], [ 28.108715, 44.435833 ], [ 28.108878, 44.436647 ], [ 28.10895, 44.437486 ], [ 28.108945, 44.438331 ], [ 28.108858, 44.439169 ], [ 28.108681, 44.439994 ], [ 28.108411, 44.440806 ], [ 28.108051, 44.441603 ], [ 28.107607, 44.442383 ], [ 28.107084, 44.443147 ], [ 28.106496, 44.443901 ], [ 28.105861, 44.444649 ], [ 28.105195, 44.445395 ], [ 28.104509, 44.44614 ], [ 28.103813, 44.446888 ], [ 28.103115, 44.44764 ], [ 28.102421, 44.448398 ], [ 28.101735, 44.449165 ], [ 28.101061, 44.449942 ], [ 28.100407, 44.450737 ], [ 28.099785, 44.451551 ], [ 28.099206, 44.452378 ], [ 28.098664, 44.453209 ], [ 28.098143, 44.454038 ], [ 28.097632, 44.454864 ], [ 28.097126, 44.455692 ], [ 28.096623, 44.456522 ], [ 28.096127, 44.457369 ], [ 28.095654, 44.45824 ], [ 28.095247, 44.459148 ], [ 28.094933, 44.460071 ], [ 28.094694, 44.460989 ], [ 28.094494, 44.461892 ], [ 28.094307, 44.462784 ], [ 28.094118, 44.463669 ], [ 28.093918, 44.464548 ], [ 28.093701, 44.465425 ], [ 28.093471, 44.466306 ], [ 28.093238, 44.467192 ], [ 28.09301, 44.46808 ], [ 28.092786, 44.468969 ], [ 28.092567, 44.469857 ], [ 28.092349, 44.470745 ], [ 28.092133, 44.47163 ], [ 28.091914, 44.472515 ], [ 28.091691, 44.473399 ], [ 28.091467, 44.474284 ], [ 28.091242, 44.47517 ], [ 28.091019, 44.476057 ], [ 28.090795, 44.476942 ], [ 28.090571, 44.477828 ], [ 28.090347, 44.478715 ], [ 28.090127, 44.479608 ], [ 28.089918, 44.480503 ], [ 28.089724, 44.481395 ], [ 28.089527, 44.482275 ], [ 28.089308, 44.48314 ], [ 28.089053, 44.483997 ], [ 28.088763, 44.484853 ], [ 28.088495, 44.485717 ], [ 28.088183, 44.486585 ], [ 28.087877, 44.487424 ], [ 28.087537, 44.488287 ], [ 28.087152, 44.489126 ], [ 28.086812, 44.489957 ], [ 28.086398, 44.490767 ], [ 28.085876, 44.49159 ], [ 28.085275, 44.492308 ], [ 28.084567, 44.493046 ], [ 28.083807, 44.493724 ], [ 28.082968, 44.49437 ], [ 28.082118, 44.494975 ], [ 28.081245, 44.495523 ], [ 28.080273, 44.495986 ], [ 28.079307, 44.496437 ], [ 28.078268, 44.496832 ], [ 28.077163, 44.497199 ], [ 28.076014, 44.497565 ], [ 28.074855, 44.497949 ], [ 28.073704, 44.49835 ], [ 28.072565, 44.498768 ], [ 28.07144, 44.499201 ], [ 28.070329, 44.499642 ], [ 28.069229, 44.500089 ], [ 28.069215, 44.500093 ], [ 28.069236, 44.501039 ], [ 28.069247, 44.501925 ], [ 28.069247, 44.501948 ] ] ] } },
{ "type": "Feature", "properties": { "DRVAL1": null, "OBJNAM": null, "NOBJNM": null, "TRAFIC": null, "INFORM": null, "SCAMIN": 90000 }, "geometry": { "type": "Polygon", "coordinates": [ [ [ 28.023723, 44.367026 ], [ 28.02403, 44.367594 ], [ 28.024549, 44.368489 ], [ 28.025167, 44.369346 ], [ 28.025869, 44.37016 ], [ 28.026633, 44.370929 ], [ 28.027426, 44.371659 ], [ 28.028222, 44.372364 ], [ 28.029011, 44.373063 ], [ 28.029799, 44.373764 ], [ 28.030591, 44.374465 ], [ 28.031391, 44.375167 ], [ 28.032203, 44.375866 ], [ 28.033033, 44.376559 ], [ 28.03388, 44.37724 ], [ 28.034733, 44.37791 ], [ 28.035586, 44.378573 ], [ 28.036437, 44.379234 ], [ 28.037286, 44.379896 ], [ 28.038132, 44.380558 ], [ 28.038977, 44.381222 ], [ 28.039821, 44.381887 ], [ 28.040666, 44.382553 ], [ 28.041511, 44.383218 ], [ 28.042351, 44.383883 ], [ 28.043186, 44.38455 ], [ 28.044018, 44.385221 ], [ 28.044855, 44.385897 ], [ 28.045707, 44.386572 ], [ 28.046582, 44.387243 ], [ 28.047495, 44.387903 ], [ 28.048455, 44.38854 ], [ 28.049455, 44.389139 ], [ 28.050471, 44.389705 ], [ 28.051486, 44.39025 ], [ 28.052498, 44.390787 ], [ 28.053507, 44.391323 ], [ 28.054516, 44.391858 ], [ 28.055526, 44.392394 ], [ 28.056541, 44.39293 ], [ 28.057563, 44.393462 ], [ 28.058588, 44.393988 ], [ 28.059606, 44.394517 ], [ 28.060607, 44.395033 ], [ 28.061601, 44.395564 ], [ 28.062566, 44.396116 ], [ 28.063542, 44.396675 ], [ 28.064508, 44.397196 ], [ 28.065508, 44.397737 ], [ 28.066499, 44.398281 ], [ 28.067432, 44.39882 ], [ 28.068366, 44.399421 ], [ 28.069278, 44.400044 ], [ 28.070159, 44.400704 ], [ 28.071049, 44.401336 ], [ 28.071939, 44.401968 ], [ 28.07283, 44.4026 ], [ 28.073723, 44.403234 ], [ 28.074618, 44.403869 ], [ 28.075511, 44.404503 ], [ 28.076397, 44.405132 ], [ 28.077238, 44.405807 ], [ 28.078078, 44.406471 ], [ 28.078912, 44.407137 ], [ 28.079723, 44.407816 ], [ 28.080525, 44.4085 ], [ 28.081301, 44.409177 ], [ 28.082095, 44.409883 ], [ 28.082864, 44.410599 ], [ 28.083614, 44.411309 ], [ 28.084299, 44.412019 ], [ 28.084978, 44.412755 ], [ 28.085642, 44.413498 ], [ 28.086288, 44.414255 ], [ 28.086871, 44.415035 ], [ 28.087414, 44.415815 ], [ 28.087942, 44.416589 ], [ 28.088409, 44.417384 ], [ 28.088881, 44.418194 ], [ 28.089287, 44.419038 ], [ 28.089512, 44.419943 ], [ 28.089504, 44.420432 ], [ 28.090653, 44.420437 ], [ 28.091333, 44.420428 ], [ 28.091613, 44.420425 ], [ 28.090905, 44.419631 ], [ 28.090477, 44.418803 ], [ 28.090139, 44.417917 ], [ 28.089801, 44.417051 ], [ 28.089369, 44.416156 ], [ 28.08895, 44.415261 ], [ 28.088444, 44.414424 ], [ 28.087829, 44.413597 ], [ 28.087194, 44.412836 ], [ 28.086506, 44.412009 ], [ 28.085817, 44.411229 ], [ 28.085034, 44.410479 ], [ 28.084244, 44.409785 ], [ 28.083457, 44.409077 ], [ 28.082634, 44.4084 ], [ 28.081799, 44.407704 ], [ 28.080952, 44.407039 ], [ 28.080062, 44.406371 ], [ 28.079184, 44.405734 ], [ 28.078266, 44.405102 ], [ 28.077369, 44.40444 ], [ 28.076514, 44.403803 ], [ 28.075664, 44.403152 ], [ 28.074809, 44.402465 ], [ 28.073974, 44.401814 ], [ 28.073124, 44.401146 ], [ 28.072277, 44.400464 ], [ 28.071403, 44.399796 ], [ 28.070574, 44.399144 ], [ 28.069684, 44.398502 ], [ 28.06878, 44.397863 ], [ 28.067857, 44.39723 ], [ 28.066912, 44.39661 ], [ 28.065949, 44.396006 ], [ 28.06497, 44.395417 ], [ 28.063978, 44.394842 ], [ 28.062972, 44.39428 ], [ 28.061954, 44.393731 ], [ 28.060927, 44.393195 ], [ 28.059902, 44.39267 ], [ 28.058885, 44.392148 ], [ 28.057875, 44.391622 ], [ 28.056869, 44.391091 ], [ 28.055861, 44.390555 ], [ 28.054851, 44.39002 ], [ 28.053842, 44.389485 ], [ 28.052836, 44.38895 ], [ 28.051841, 44.388417 ], [ 28.050874, 44.387878 ], [ 28.049948, 44.387323 ], [ 28.049065, 44.386737 ], [ 28.048209, 44.386119 ], [ 28.04737, 44.385475 ], [ 28.046537, 44.384815 ], [ 28.045707, 44.384145 ], [ 28.044871, 44.38347 ], [ 28.044029, 44.382798 ], [ 28.043183, 44.382129 ], [ 28.042337, 44.381462 ], [ 28.041492, 44.380797 ], [ 28.040647, 44.380131 ], [ 28.039799, 44.379465 ], [ 28.03895, 44.3788 ], [ 28.038098, 44.378136 ], [ 28.037246, 44.377474 ], [ 28.036397, 44.376814 ], [ 28.035557, 44.376155 ], [ 28.034733, 44.375492 ], [ 28.033927, 44.374819 ], [ 28.033133, 44.374136 ], [ 28.032344, 44.373443 ], [ 28.031556, 44.372745 ], [ 28.030768, 44.372045 ], [ 28.029978, 44.371344 ], [ 28.029194, 44.370651 ], [ 28.028444, 44.369961 ], [ 28.027751, 44.369263 ], [ 28.027132, 44.368547 ], [ 28.026596, 44.367805 ], [ 28.026153, 44.367039 ], [ 28.026132, 44.36701 ], [ 28.024965, 44.367026 ], [ 28.023723, 44.367026 ] ] ] } },
{ "type": "Feature", "properties": { "DRVAL1": null, "OBJNAM": null, "NOBJNM": null, "TRAFIC": null, "INFORM": null, "SCAMIN": 90000 }, "geometry": { "type": "Polygon", "coordinates": [ [ [ 29.698228, 45.164942 ], [ 29.697281, 45.16476 ], [ 29.69592, 45.164505 ], [ 29.69416, 45.164163 ], [ 29.692256, 45.163771 ], [ 29.690421, 45.163378 ], [ 29.689078, 45.163065 ], [ 29.687265, 45.162684 ], [ 29.684443, 45.16209 ], [ 29.68257, 45.161688 ], [ 29.681326, 45.161406 ], [ 29.679627, 45.161024 ], [ 29.677882, 45.160652 ], [ 29.6761, 45.160249 ], [ 29.673976, 45.159676 ], [ 29.672044, 45.15907 ], [ 29.670398, 45.158567 ], [ 29.669146, 45.1583 ], [ 29.667882, 45.158106 ], [ 29.663091, 45.15765 ], [ 29.66059, 45.15749 ], [ 29.65824, 45.15741 ], [ 29.65589, 45.15741 ], [ 29.65341, 45.15747 ], [ 29.64862, 45.1576 ], [ 29.6463, 45.1577 ], [ 29.64399, 45.15788 ], [ 29.64168, 45.15814 ], [ 29.63935, 45.15846 ], [ 29.63706, 45.15884 ], [ 29.63468, 45.15928 ], [ 29.63239, 45.15968 ], [ 29.62984, 45.16003 ], [ 29.62749, 45.1602 ], [ 29.625187, 45.160261 ], [ 29.623236, 45.160208 ], [ 29.620209, 45.160022 ], [ 29.61779, 45.15988 ], [ 29.61603, 45.159796 ], [ 29.615509, 45.159785 ], [ 29.614829, 45.159808 ], [ 29.61418, 45.159857 ], [ 29.612329, 45.160018 ], [ 29.611343, 45.160179 ], [ 29.609135, 45.160732 ], [ 29.6073, 45.161226 ], [ 29.6051, 45.161851 ], [ 29.603704, 45.162243 ], [ 29.602491, 45.162615 ], [ 29.599213, 45.163591 ], [ 29.59756, 45.164134 ], [ 29.595542, 45.164808 ], [ 29.593494, 45.165442 ], [ 29.59129, 45.16602 ], [ 29.589837, 45.166307 ], [ 29.58766, 45.16666 ], [ 29.584762, 45.167042 ], [ 29.583048, 45.167203 ], [ 29.581477, 45.167465 ], [ 29.579839, 45.167917 ], [ 29.578443, 45.16837 ], [ 29.57578, 45.169517 ], [ 29.573974, 45.170503 ], [ 29.57166, 45.17194 ], [ 29.571304, 45.172138 ], [ 29.571289, 45.171803 ], [ 29.571281, 45.171617 ], [ 29.571273, 45.171468 ], [ 29.57153, 45.17131 ], [ 29.57344, 45.17011 ], [ 29.57529, 45.16909 ], [ 29.577973, 45.167938 ], [ 29.579505, 45.167394 ], [ 29.58125, 45.166931 ], [ 29.582911, 45.1667 ], [ 29.584611, 45.166529 ], [ 29.587493, 45.166183 ], [ 29.589564, 45.165804 ], [ 29.591005, 45.165513 ], [ 29.593175, 45.164929 ], [ 29.595087, 45.164335 ], [ 29.597165, 45.163631 ], [ 29.59882, 45.163069 ], [ 29.602066, 45.162072 ], [ 29.603234, 45.161721 ], [ 29.60472, 45.161294 ], [ 29.6071, 45.160672 ], [ 29.608893, 45.160189 ], [ 29.611115, 45.159655 ], [ 29.612344, 45.159474 ], [ 29.614119, 45.159313 ], [ 29.614784, 45.159255 ], [ 29.615412, 45.159233 ], [ 29.616091, 45.159243 ], [ 29.617783, 45.159323 ], [ 29.620483, 45.159514 ], [ 29.623388, 45.159675 ], [ 29.625193, 45.159695 ], [ 29.627499, 45.159645 ], [ 29.62985, 45.159484 ], [ 29.63227, 45.159132 ], [ 29.634576, 45.158749 ], [ 29.636958, 45.158306 ], [ 29.639256, 45.157944 ], [ 29.641592, 45.157622 ], [ 29.644265, 45.157348 ], [ 29.64671, 45.15714 ], [ 29.64882, 45.15705 ], [ 29.65363, 45.15692 ], [ 29.656232, 45.15687 ], [ 29.6585, 45.15687 ], [ 29.66088, 45.15696 ], [ 29.663244, 45.157115 ], [ 29.665369, 45.157239 ], [ 29.668102, 45.157475 ], [ 29.668885, 45.157582 ], [ 29.669572, 45.157708 ], [ 29.670872, 45.158057 ], [ 29.672474, 45.158588 ], [ 29.674355, 45.159203 ], [ 29.675333, 45.159484 ], [ 29.676358, 45.159776 ], [ 29.678155, 45.160128 ], [ 29.679885, 45.160501 ], [ 29.681553, 45.160833 ], [ 29.682813, 45.161084 ], [ 29.683829, 45.161285 ], [ 29.685073, 45.161557 ], [ 29.686454, 45.161859 ], [ 29.68772, 45.162096 ], [ 29.689466, 45.162441 ], [ 29.690732, 45.162724 ], [ 29.693303, 45.163268 ], [ 29.694578, 45.163559 ], [ 29.697544, 45.164102 ], [ 29.698192, 45.164186 ], [ 29.698212, 45.164597 ], [ 29.698228, 45.164942 ] ] ] } },
{ "type": "Feature", "properties": { "DRVAL1": null, "OBJNAM": null, "NOBJNM": null, "TRAFIC": null, "INFORM": null, "SCAMIN": 90000 }, "geometry": { "type": "Polygon", "coordinates": [ [ [ 29.571273, 45.171468 ], [ 29.56953, 45.17243 ], [ 29.56763, 45.17343 ], [ 29.56573, 45.17443 ], [ 29.563647, 45.175315 ], [ 29.561259, 45.176229 ], [ 29.559668, 45.176787 ], [ 29.558833, 45.177114 ], [ 29.55693, 45.177918 ], [ 29.554981, 45.178836 ], [ 29.552725, 45.179853 ], [ 29.550797, 45.180663 ], [ 29.549068, 45.181236 ], [ 29.54601, 45.18228 ], [ 29.54369, 45.18298 ], [ 29.54157, 45.1835 ], [ 29.53938, 45.18379 ], [ 29.53707, 45.18392 ], [ 29.53477, 45.18394 ], [ 29.53226, 45.1838 ], [ 29.52974, 45.18352 ], [ 29.5274, 45.18311 ], [ 29.52514, 45.18265 ], [ 29.52286, 45.18213 ], [ 29.520845, 45.181533 ], [ 29.519258, 45.18073 ], [ 29.518626, 45.180408 ], [ 29.517961, 45.179976 ], [ 29.517271, 45.179475 ], [ 29.515611, 45.178243 ], [ 29.51404, 45.17713 ], [ 29.51269, 45.17585 ], [ 29.5112, 45.17461 ], [ 29.510733, 45.174325 ], [ 29.51027, 45.174118 ], [ 29.509043, 45.173574 ], [ 29.508112, 45.173271 ], [ 29.507375, 45.17307 ], [ 29.50693, 45.172944 ], [ 29.505783, 45.172645 ], [ 29.504344, 45.172352 ], [ 29.502356, 45.172073 ], [ 29.49994, 45.17195 ], [ 29.49751, 45.17195 ], [ 29.49508, 45.17201 ], [ 29.49254, 45.17209 ], [ 29.490093, 45.172213 ], [ 29.484637, 45.172372 ], [ 29.481879, 45.172408 ], [ 29.47989, 45.172417 ], [ 29.478004, 45.172417 ], [ 29.475238, 45.172411 ], [ 29.474557, 45.172393 ], [ 29.473257, 45.172414 ], [ 29.470203, 45.172584 ], [ 29.4678, 45.17271 ], [ 29.46534, 45.17277 ], [ 29.46266, 45.17283 ], [ 29.460193, 45.172872 ], [ 29.457953, 45.172888 ], [ 29.457541, 45.172899 ], [ 29.454996, 45.172965 ], [ 29.45261, 45.17307 ], [ 29.4501, 45.17314 ], [ 29.44773, 45.1732 ], [ 29.44499, 45.17328 ], [ 29.444093, 45.17331 ], [ 29.444099, 45.173468 ], [ 29.444104, 45.17358 ], [ 29.444116, 45.17385 ], [ 29.44503, 45.17382 ], [ 29.44776, 45.17374 ], [ 29.45013, 45.17367 ], [ 29.45263, 45.17361 ], [ 29.455057, 45.173488 ], [ 29.457536, 45.173423 ], [ 29.457995, 45.17341 ], [ 29.460212, 45.173369 ], [ 29.46268, 45.17337 ], [ 29.46536, 45.17331 ], [ 29.46783, 45.17325 ], [ 29.470218, 45.173157 ], [ 29.473416, 45.172986 ], [ 29.474559, 45.172966 ], [ 29.475205, 45.172962 ], [ 29.478055, 45.173019 ], [ 29.479903, 45.173046 ], [ 29.481815, 45.173028 ], [ 29.484708, 45.172955 ], [ 29.48673, 45.172891 ], [ 29.488461, 45.172837 ], [ 29.490144, 45.172765 ], [ 29.49258, 45.17263 ], [ 29.49511, 45.17255 ], [ 29.49753, 45.17249 ], [ 29.49993, 45.17249 ], [ 29.502311, 45.172605 ], [ 29.504217, 45.172875 ], [ 29.505586, 45.173161 ], [ 29.506707, 45.173437 ], [ 29.507184, 45.173568 ], [ 29.507951, 45.173781 ], [ 29.508651, 45.174008 ], [ 29.509304, 45.174282 ], [ 29.50986, 45.174538 ], [ 29.510338, 45.174775 ], [ 29.51065, 45.17498 ], [ 29.5121, 45.17618 ], [ 29.51342, 45.17745 ], [ 29.515023, 45.178628 ], [ 29.516693, 45.179836 ], [ 29.517377, 45.180321 ], [ 29.518045, 45.180761 ], [ 29.518779, 45.181169 ], [ 29.520421, 45.181976 ], [ 29.52261, 45.18263 ], [ 29.52492, 45.18317 ], [ 29.52721, 45.18363 ], [ 29.52959, 45.18405 ], [ 29.53218, 45.18434 ], [ 29.53475, 45.18448 ], [ 29.53711, 45.18446 ], [ 29.53947, 45.18432 ], [ 29.54178, 45.18402 ], [ 29.54398, 45.18349 ], [ 29.54633, 45.18277 ], [ 29.549478, 45.181769 ], [ 29.551199, 45.181175 ], [ 29.551329, 45.181128 ], [ 29.552585, 45.180591 ], [ 29.553263, 45.180287 ], [ 29.555439, 45.179306 ], [ 29.557364, 45.178402 ], [ 29.559243, 45.177637 ], [ 29.560122, 45.177286 ], [ 29.561669, 45.176722 ], [ 29.56411, 45.175747 ], [ 29.56599, 45.17496 ], [ 29.56789, 45.17396 ], [ 29.56961, 45.17306 ], [ 29.571304, 45.172138 ], [ 29.571289, 45.171803 ], [ 29.571281, 45.171617 ], [ 29.571273, 45.171468 ] ] ] } },
{ "type": "Feature", "properties": { "DRVAL1": null, "OBJNAM": null, "NOBJNM": null, "TRAFIC": null, "INFORM": null, "SCAMIN": 90000 }, "geometry": { "type": "Polygon", "coordinates": [ [ [ 29.316969, 45.176768 ], [ 29.31741, 45.17676 ], [ 29.31991, 45.1767 ], [ 29.32245, 45.17663 ], [ 29.32745, 45.17651 ], [ 29.32984, 45.17646 ], [ 29.332353, 45.176387 ], [ 29.335191, 45.176277 ], [ 29.336319, 45.17624 ], [ 29.337879, 45.176207 ], [ 29.339736, 45.176232 ], [ 29.34228, 45.17621 ], [ 29.34473, 45.17616 ], [ 29.34713, 45.17612 ], [ 29.35474, 45.17597 ], [ 29.36212, 45.17582 ], [ 29.36728, 45.1757 ], [ 29.36976, 45.17565 ], [ 29.3723, 45.17559 ], [ 29.37484, 45.17554 ], [ 29.38222, 45.17536 ], [ 29.38476, 45.17529 ], [ 29.38961, 45.17517 ], [ 29.39718, 45.17499 ], [ 29.40689, 45.17475 ], [ 29.41194, 45.17463 ], [ 29.41431, 45.17458 ], [ 29.42187, 45.1744 ], [ 29.42915, 45.17422 ], [ 29.4318, 45.17416 ], [ 29.434505, 45.174069 ], [ 29.436913, 45.173969 ], [ 29.43914, 45.173909 ], [ 29.440503, 45.173908 ], [ 29.4418, 45.17392 ], [ 29.444116, 45.17385 ], [ 29.444104, 45.17358 ], [ 29.444099, 45.173468 ], [ 29.444093, 45.17331 ], [ 29.441796, 45.173364 ], [ 29.440434, 45.173358 ], [ 29.439004, 45.173366 ], [ 29.436868, 45.173457 ], [ 29.434489, 45.173547 ], [ 29.43178, 45.17362 ], [ 29.42913, 45.17368 ], [ 29.42184, 45.17386 ], [ 29.41428, 45.17404 ], [ 29.41192, 45.17409 ], [ 29.40686, 45.17421 ], [ 29.39715, 45.17445 ], [ 29.39465, 45.17451 ], [ 29.392124, 45.174577 ], [ 29.38959, 45.17463 ], [ 29.38722, 45.17469 ], [ 29.38473, 45.17476 ], [ 29.37482, 45.175 ], [ 29.37227, 45.17505 ], [ 29.36973, 45.17511 ], [ 29.36726, 45.17516 ], [ 29.3621, 45.17528 ], [ 29.35472, 45.17543 ], [ 29.34711, 45.17558 ], [ 29.34471, 45.17562 ], [ 29.34226, 45.17567 ], [ 29.339751, 45.175691 ], [ 29.337955, 45.175662 ], [ 29.336272, 45.175663 ], [ 29.335152, 45.175689 ], [ 29.332247, 45.175825 ], [ 29.32981, 45.17592 ], [ 29.32742, 45.17597 ], [ 29.32242, 45.17609 ], [ 29.31988, 45.17616 ], [ 29.31738, 45.17622 ], [ 29.316947, 45.176228 ], [ 29.316952, 45.176348 ], [ 29.316958, 45.176498 ], [ 29.316969, 45.176768 ] ] ] } },
{ "type": "Feature", "properties": { "DRVAL1": null, "OBJNAM": null, "NOBJNM": null, "TRAFIC": null, "INFORM": null, "SCAMIN": 90000 }, "geometry": { "type": "Polygon", "coordinates": [ [ [ 29.316947, 45.176228 ], [ 29.31667, 45.17624 ], [ 29.3092, 45.17639 ], [ 29.30669, 45.17645 ], [ 29.30432, 45.1765 ], [ 29.30185, 45.17656 ], [ 29.29948, 45.17661 ], [ 29.29709, 45.17667 ], [ 29.2947, 45.17672 ], [ 29.29217, 45.17678 ], [ 29.28954, 45.17683 ], [ 29.28456, 45.17687 ], [ 29.282276, 45.176941 ], [ 29.277656, 45.177074 ], [ 29.274897, 45.177161 ], [ 29.27224, 45.177202 ], [ 29.269826, 45.177222 ], [ 29.25993, 45.17742 ], [ 29.25755, 45.17748 ], [ 29.25503, 45.17755 ], [ 29.25249, 45.17761 ], [ 29.250056, 45.177673 ], [ 29.24765, 45.17772 ], [ 29.24513, 45.17775 ], [ 29.23795, 45.17781 ], [ 29.23292, 45.17789 ], [ 29.23052, 45.17794 ], [ 29.22806, 45.17804 ], [ 29.22555, 45.17813 ], [ 29.223264, 45.178284 ], [ 29.22142, 45.178454 ], [ 29.218875, 45.178795 ], [ 29.216468, 45.179237 ], [ 29.215484, 45.179481 ], [ 29.21417, 45.17979 ], [ 29.212294, 45.180323 ], [ 29.211005, 45.180683 ], [ 29.209947, 45.181026 ], [ 29.208123, 45.181658 ], [ 29.20773, 45.181791 ], [ 29.207077, 45.18199 ], [ 29.206399, 45.182163 ], [ 29.205703, 45.182306 ], [ 29.204716, 45.182485 ], [ 29.203712, 45.182663 ], [ 29.20295, 45.18276 ], [ 29.202137, 45.182846 ], [ 29.201197, 45.18293 ], [ 29.199953, 45.183031 ], [ 29.198796, 45.183095 ], [ 29.196704, 45.183066 ], [ 29.194782, 45.18302 ], [ 29.192914, 45.182948 ], [ 29.191768, 45.182918 ], [ 29.189932, 45.182863 ], [ 29.189937, 45.183008 ], [ 29.189942, 45.183138 ], [ 29.189953, 45.183412 ], [ 29.191803, 45.183432 ], [ 29.192969, 45.183452 ], [ 29.193566, 45.183457 ], [ 29.196663, 45.183613 ], [ 29.198789, 45.183643 ], [ 29.200096, 45.183602 ], [ 29.201359, 45.183489 ], [ 29.202268, 45.183394 ], [ 29.203048, 45.183305 ], [ 29.203947, 45.183183 ], [ 29.205006, 45.182984 ], [ 29.206012, 45.182763 ], [ 29.206614, 45.182636 ], [ 29.207195, 45.182483 ], [ 29.208312, 45.182146 ], [ 29.210212, 45.181546 ], [ 29.211308, 45.181213 ], [ 29.212561, 45.180839 ], [ 29.213693, 45.18052 ], [ 29.214632, 45.180248 ], [ 29.216737, 45.17971 ], [ 29.219043, 45.179283 ], [ 29.221521, 45.178955 ], [ 29.223359, 45.178799 ], [ 29.22559, 45.17867 ], [ 29.2281, 45.17857 ], [ 29.23055, 45.17848 ], [ 29.23293, 45.17843 ], [ 29.23796, 45.17835 ], [ 29.24514, 45.17829 ], [ 29.24766, 45.17826 ], [ 29.25005, 45.17822 ], [ 29.25506, 45.17808 ], [ 29.25995, 45.17796 ], [ 29.26736, 45.17781 ], [ 29.269795, 45.177794 ], [ 29.274889, 45.177693 ], [ 29.279522, 45.177564 ], [ 29.282253, 45.177493 ], [ 29.28457, 45.17741 ], [ 29.28955, 45.17737 ], [ 29.2922, 45.17732 ], [ 29.29472, 45.17726 ], [ 29.29712, 45.17721 ], [ 29.29951, 45.17715 ], [ 29.30187, 45.1771 ], [ 29.30435, 45.17704 ], [ 29.30671, 45.17699 ], [ 29.30923, 45.17693 ], [ 29.3143, 45.17683 ], [ 29.31669, 45.17677 ], [ 29.316969, 45.176768 ], [ 29.316958, 45.176498 ], [ 29.316952, 45.176348 ], [ 29.316947, 45.176228 ] ] ] } },
{ "type": "Feature", "properties": { "DRVAL1": null, "OBJNAM": null, "NOBJNM": null, "TRAFIC": null, "INFORM": null, "SCAMIN": 90000 }, "geometry": { "type": "Polygon", "coordinates": [ [ [ 29.062375, 45.175325 ], [ 29.063626, 45.175275 ], [ 29.064065, 45.175286 ], [ 29.064364, 45.175293 ], [ 29.064526, 45.1753 ], [ 29.06639, 45.17536 ], [ 29.068714, 45.175457 ], [ 29.071214, 45.175562 ], [ 29.073547, 45.175598 ], [ 29.076055, 45.175643 ], [ 29.078488, 45.175671 ], [ 29.080888, 45.175753 ], [ 29.081869, 45.175807 ], [ 29.08276, 45.175821 ], [ 29.083154, 45.17583 ], [ 29.083831, 45.175817 ], [ 29.08489, 45.175771 ], [ 29.086213, 45.175694 ], [ 29.088142, 45.175628 ], [ 29.09061, 45.17554 ], [ 29.093, 45.17547 ], [ 29.09545, 45.17537 ], [ 29.0979, 45.17527 ], [ 29.10025, 45.17515 ], [ 29.10261, 45.175 ], [ 29.10511, 45.17484 ], [ 29.10756, 45.17467 ], [ 29.10994, 45.1745 ], [ 29.11243, 45.17432 ], [ 29.11479, 45.17416 ], [ 29.117268, 45.174041 ], [ 29.11987, 45.173921 ], [ 29.122778, 45.173783 ], [ 29.124716, 45.1736 ], [ 29.127136, 45.17337 ], [ 29.129586, 45.173189 ], [ 29.131718, 45.173119 ], [ 29.13402, 45.17319 ], [ 29.13632, 45.17341 ], [ 29.13853, 45.17377 ], [ 29.14072, 45.17428 ], [ 29.14287, 45.17489 ], [ 29.14494, 45.17559 ], [ 29.147038, 45.176349 ], [ 29.14911, 45.177041 ], [ 29.151283, 45.177701 ], [ 29.152863, 45.178098 ], [ 29.153964, 45.178363 ], [ 29.155901, 45.178756 ], [ 29.15824, 45.17923 ], [ 29.160625, 45.179663 ], [ 29.16285, 45.180112 ], [ 29.164691, 45.180448 ], [ 29.16672, 45.180784 ], [ 29.168315, 45.181059 ], [ 29.170083, 45.181324 ], [ 29.172438, 45.181691 ], [ 29.17507, 45.182063 ], [ 29.178178, 45.182525 ], [ 29.180051, 45.182695 ], [ 29.180491, 45.182735 ], [ 29.182201, 45.182876 ], [ 29.184599, 45.183077 ], [ 29.187064, 45.183237 ], [ 29.189303, 45.183377 ], [ 29.189953, 45.183412 ], [ 29.189942, 45.183138 ], [ 29.189937, 45.183008 ], [ 29.189932, 45.182863 ], [ 29.18952, 45.18283 ], [ 29.187094, 45.182676 ], [ 29.184553, 45.182475 ], [ 29.182345, 45.182314 ], [ 29.180612, 45.182167 ], [ 29.180182, 45.182124 ], [ 29.178276, 45.181953 ], [ 29.175176, 45.181522 ], [ 29.172506, 45.181141 ], [ 29.17018, 45.18076 ], [ 29.168492, 45.180484 ], [ 29.16689, 45.180229 ], [ 29.164897, 45.179898 ], [ 29.163056, 45.179541 ], [ 29.160813, 45.179144 ], [ 29.15842, 45.17871 ], [ 29.156158, 45.178244 ], [ 29.154296, 45.177864 ], [ 29.153142, 45.177599 ], [ 29.151613, 45.177176 ], [ 29.149382, 45.176519 ], [ 29.14738, 45.17589 ], [ 29.14529, 45.17511 ], [ 29.14317, 45.17439 ], [ 29.14098, 45.17377 ], [ 29.13874, 45.17325 ], [ 29.13645, 45.17287 ], [ 29.1341, 45.17266 ], [ 29.131718, 45.172577 ], [ 29.12948, 45.172637 ], [ 29.127045, 45.172838 ], [ 29.124505, 45.173029 ], [ 29.12266, 45.173169 ], [ 29.119726, 45.173309 ], [ 29.117208, 45.17347 ], [ 29.11472, 45.17362 ], [ 29.11235, 45.17378 ], [ 29.10986, 45.17396 ], [ 29.10749, 45.17413 ], [ 29.10503, 45.1743 ], [ 29.10253, 45.17447 ], [ 29.10019, 45.17461 ], [ 29.09785, 45.17473 ], [ 29.09541, 45.17483 ], [ 29.09296, 45.17493 ], [ 29.09058, 45.175 ], [ 29.08813, 45.17506 ], [ 29.086164, 45.175174 ], [ 29.084902, 45.175274 ], [ 29.083344, 45.175368 ], [ 29.083007, 45.175382 ], [ 29.082713, 45.175376 ], [ 29.081883, 45.175362 ], [ 29.080977, 45.175337 ], [ 29.07847, 45.175212 ], [ 29.076103, 45.175191 ], [ 29.073611, 45.175139 ], [ 29.071259, 45.175094 ], [ 29.06876, 45.175 ], [ 29.06644, 45.174924 ], [ 29.064737, 45.174857 ], [ 29.06439, 45.174832 ], [ 29.064042, 45.174817 ], [ 29.063629, 45.174806 ], [ 29.062355, 45.174782 ], [ 29.062361, 45.17494 ], [ 29.062365, 45.175054 ], [ 29.062375, 45.175325 ] ] ] } },
{ "type": "Feature", "properties": { "DRVAL1": null, "OBJNAM": null, "NOBJNM": null, "TRAFIC": null, "INFORM": null, "SCAMIN": 90000 }, "geometry": { "type": "Polygon", "coordinates": [ [ [ 29.062355, 45.174782 ], [ 29.06207, 45.17477 ], [ 29.05963, 45.17465 ], [ 29.05702, 45.17451 ], [ 29.05433, 45.17434 ], [ 29.05174, 45.17417 ], [ 29.04939, 45.174 ], [ 29.04697, 45.1738 ], [ 29.04504, 45.17363 ], [ 29.04317, 45.17344 ], [ 29.040743, 45.17319 ], [ 29.038556, 45.172971 ], [ 29.037861, 45.172864 ], [ 29.036226, 45.172593 ], [ 29.035654, 45.172491 ], [ 29.033903, 45.172208 ], [ 29.031471, 45.171947 ], [ 29.02914, 45.17172 ], [ 29.02672, 45.17141 ], [ 29.02543, 45.171233 ], [ 29.024228, 45.171111 ], [ 29.022098, 45.171005 ], [ 29.020936, 45.171006 ], [ 29.020056, 45.170979 ], [ 29.01886, 45.17098 ], [ 29.018019, 45.170993 ], [ 29.017177, 45.171067 ], [ 29.01502, 45.17123 ], [ 29.01268, 45.1714 ], [ 29.01035, 45.17167 ], [ 29.00808, 45.17208 ], [ 29.00587, 45.17264 ], [ 29.00374, 45.17334 ], [ 29.00164, 45.17412 ], [ 28.999645, 45.175004 ], [ 28.99788, 45.175884 ], [ 28.996398, 45.176673 ], [ 28.994314, 45.177817 ], [ 28.992909, 45.17867 ], [ 28.992173, 45.179245 ], [ 28.990921, 45.180228 ], [ 28.989908, 45.18112 ], [ 28.988897, 45.182009 ], [ 28.988148, 45.182637 ], [ 28.987271, 45.183332 ], [ 28.98648, 45.18387 ], [ 28.98304, 45.18619 ], [ 28.9813, 45.18739 ], [ 28.97959, 45.18853 ], [ 28.977812, 45.189653 ], [ 28.977216, 45.189979 ], [ 28.976285, 45.190416 ], [ 28.975134, 45.190974 ], [ 28.974497, 45.191231 ], [ 28.973947, 45.191478 ], [ 28.973289, 45.191716 ], [ 28.972634, 45.191921 ], [ 28.971366, 45.19221 ], [ 28.970461, 45.192401 ], [ 28.969473, 45.192571 ], [ 28.968204, 45.192803 ], [ 28.967141, 45.192984 ], [ 28.965928, 45.193155 ], [ 28.964844, 45.193306 ], [ 28.963746, 45.193437 ], [ 28.962579, 45.193562 ], [ 28.961581, 45.193668 ], [ 28.960853, 45.193739 ], [ 28.959926, 45.193789 ], [ 28.959177, 45.193809 ], [ 28.957993, 45.193789 ], [ 28.955842, 45.193734 ], [ 28.954573, 45.193673 ], [ 28.9522, 45.19358 ], [ 28.951566, 45.193556 ], [ 28.951045, 45.193536 ], [ 28.95011, 45.1935 ], [ 28.94802, 45.19337 ], [ 28.946033, 45.193217 ], [ 28.94365, 45.19292 ], [ 28.94138, 45.19257 ], [ 28.939552, 45.192281 ], [ 28.937555, 45.191935 ], [ 28.936267, 45.191642 ], [ 28.935664, 45.191461 ], [ 28.935666, 45.191625 ], [ 28.935668, 45.191789 ], [ 28.935675, 45.192102 ], [ 28.936084, 45.192176 ], [ 28.936689, 45.192308 ], [ 28.937464, 45.192481 ], [ 28.938555, 45.192679 ], [ 28.939518, 45.192842 ], [ 28.941204, 45.193089 ], [ 28.943523, 45.193427 ], [ 28.945989, 45.193743 ], [ 28.948003, 45.193906 ], [ 28.950097, 45.194025 ], [ 28.952179, 45.194112 ], [ 28.954543, 45.194162 ], [ 28.955656, 45.19419 ], [ 28.956673, 45.194203 ], [ 28.958114, 45.194242 ], [ 28.959056, 45.194262 ], [ 28.960439, 45.194242 ], [ 28.961525, 45.194171 ], [ 28.962682, 45.194088 ], [ 28.964221, 45.193936 ], [ 28.965895, 45.193717 ], [ 28.967114, 45.193515 ], [ 28.968165, 45.193336 ], [ 28.969517, 45.193114 ], [ 28.970599, 45.192905 ], [ 28.97162, 45.192716 ], [ 28.972904, 45.19244 ], [ 28.973744, 45.192216 ], [ 28.97441, 45.191967 ], [ 28.974982, 45.191728 ], [ 28.975627, 45.191422 ], [ 28.976087, 45.191187 ], [ 28.976798, 45.190845 ], [ 28.977626, 45.190403 ], [ 28.978277, 45.190089 ], [ 28.978774, 45.189782 ], [ 28.979878, 45.189093 ], [ 28.981018, 45.188348 ], [ 28.98219, 45.187544 ], [ 28.983473, 45.18665 ], [ 28.984751, 45.185765 ], [ 28.987035, 45.18425 ], [ 28.988081, 45.18349 ], [ 28.988977, 45.182768 ], [ 28.989719, 45.182127 ], [ 28.990368, 45.181587 ], [ 28.991092, 45.180951 ], [ 28.991693, 45.180427 ], [ 28.992331, 45.179877 ], [ 28.99279, 45.179495 ], [ 28.993391, 45.179032 ], [ 28.994145, 45.178543 ], [ 28.995071, 45.177998 ], [ 28.995513, 45.177734 ], [ 28.996085, 45.177449 ], [ 28.997157, 45.176894 ], [ 28.998261, 45.176359 ], [ 28.999184, 45.175909 ], [ 29.00093, 45.17508 ], [ 29.001777, 45.174686 ], [ 29.002859, 45.174287 ], [ 29.004512, 45.173687 ], [ 29.00713, 45.172891 ], [ 29.008693, 45.172519 ], [ 29.01035, 45.172224 ], [ 29.011335, 45.172111 ], [ 29.012768, 45.171965 ], [ 29.01451, 45.171879 ], [ 29.01716, 45.171735 ], [ 29.018017, 45.171681 ], [ 29.019019, 45.171635 ], [ 29.019939, 45.171605 ], [ 29.020811, 45.171594 ], [ 29.022031, 45.171594 ], [ 29.023974, 45.171686 ], [ 29.025141, 45.171773 ], [ 29.026486, 45.171937 ], [ 29.028106, 45.17211 ], [ 29.029164, 45.172234 ], [ 29.030776, 45.172407 ], [ 29.032201, 45.172552 ], [ 29.033785, 45.172753 ], [ 29.035997, 45.173114 ], [ 29.037609, 45.173371 ], [ 29.038412, 45.173499 ], [ 29.039494, 45.173643 ], [ 29.041134, 45.173801 ], [ 29.04307, 45.17395 ], [ 29.044943, 45.174123 ], [ 29.046946, 45.174307 ], [ 29.049294, 45.174531 ], [ 29.051662, 45.174694 ], [ 29.054169, 45.174864 ], [ 29.056956, 45.175052 ], [ 29.05961, 45.175202 ], [ 29.062375, 45.175325 ], [ 29.062365, 45.175054 ], [ 29.062361, 45.17494 ], [ 29.062355, 45.174782 ] ] ] } },
{ "type": "Feature", "properties": { "DRVAL1": null, "OBJNAM": null, "NOBJNM": null, "TRAFIC": null, "INFORM": null, "SCAMIN": 90000 }, "geometry": { "type": "Polygon", "coordinates": [ [ [ 28.859633, 45.202226 ], [ 28.860629, 45.201929 ], [ 28.862002, 45.201512 ], [ 28.863149, 45.201078 ], [ 28.864195, 45.200677 ], [ 28.865315, 45.200248 ], [ 28.866406, 45.199886 ], [ 28.867573, 45.1995 ], [ 28.868543, 45.199144 ], [ 28.869602, 45.198772 ], [ 28.87062, 45.198425 ], [ 28.872538, 45.197819 ], [ 28.874305, 45.197136 ], [ 28.875381, 45.196784 ], [ 28.876486, 45.196354 ], [ 28.877577, 45.195905 ], [ 28.878623, 45.195441 ], [ 28.879743, 45.194855 ], [ 28.88072, 45.19436 ], [ 28.88171, 45.19378 ], [ 28.88269, 45.19319 ], [ 28.88366, 45.1926 ], [ 28.88462, 45.192 ], [ 28.88558, 45.19139 ], [ 28.88651, 45.19078 ], [ 28.88745, 45.19019 ], [ 28.8884, 45.18963 ], [ 28.88937, 45.18911 ], [ 28.890296, 45.188606 ], [ 28.890742, 45.188387 ], [ 28.891225, 45.188202 ], [ 28.892001, 45.187956 ], [ 28.892681, 45.187751 ], [ 28.89301, 45.187661 ], [ 28.893378, 45.187583 ], [ 28.894229, 45.187422 ], [ 28.89547, 45.18726 ], [ 28.89766, 45.18724 ], [ 28.89984, 45.18743 ], [ 28.90197, 45.1878 ], [ 28.903986, 45.188335 ], [ 28.906178, 45.188953 ], [ 28.908292, 45.189518 ], [ 28.909116, 45.189744 ], [ 28.910477, 45.190051 ], [ 28.912447, 45.19043 ], [ 28.913399, 45.190592 ], [ 28.914681, 45.190755 ], [ 28.915776, 45.190846 ], [ 28.91708, 45.19083 ], [ 28.91935, 45.19057 ], [ 28.92172, 45.19031 ], [ 28.92402, 45.19023 ], [ 28.92631, 45.19028 ], [ 28.92854, 45.19049 ], [ 28.93077, 45.19085 ], [ 28.933048, 45.191441 ], [ 28.934541, 45.191833 ], [ 28.935675, 45.192102 ], [ 28.935668, 45.191789 ], [ 28.935666, 45.191625 ], [ 28.935664, 45.191461 ], [ 28.934785, 45.191247 ], [ 28.933183, 45.190847 ], [ 28.93097, 45.19033 ], [ 28.92868, 45.18996 ], [ 28.92637, 45.18975 ], [ 28.92402, 45.18969 ], [ 28.92163, 45.18977 ], [ 28.91922, 45.19004 ], [ 28.91699, 45.19029 ], [ 28.915903, 45.190334 ], [ 28.914869, 45.190294 ], [ 28.913508, 45.190096 ], [ 28.912606, 45.189926 ], [ 28.910544, 45.189486 ], [ 28.908561, 45.189035 ], [ 28.906435, 45.188463 ], [ 28.904318, 45.187848 ], [ 28.90219, 45.18728 ], [ 28.89998, 45.1869 ], [ 28.8977, 45.1867 ], [ 28.8954, 45.18672 ], [ 28.89289, 45.187 ], [ 28.891982, 45.187002 ], [ 28.891173, 45.187007 ], [ 28.8904, 45.18713 ], [ 28.88929, 45.18754 ], [ 28.88816, 45.18807 ], [ 28.8872, 45.18858 ], [ 28.8861, 45.18923 ], [ 28.88523, 45.18978 ], [ 28.88429, 45.19039 ], [ 28.88335, 45.19099 ], [ 28.88241, 45.19158 ], [ 28.88145, 45.19217 ], [ 28.880538, 45.192774 ], [ 28.87958, 45.19339 ], [ 28.878652, 45.193937 ], [ 28.877694, 45.194415 ], [ 28.87654, 45.19494 ], [ 28.875499, 45.195403 ], [ 28.874438, 45.195813 ], [ 28.873595, 45.196187 ], [ 28.871803, 45.196866 ], [ 28.870286, 45.197463 ], [ 28.869159, 45.197875 ], [ 28.867849, 45.198279 ], [ 28.866804, 45.19861 ], [ 28.865666, 45.198981 ], [ 28.864402, 45.199369 ], [ 28.862748, 45.199855 ], [ 28.862091, 45.200086 ], [ 28.861177, 45.200418 ], [ 28.860122, 45.200736 ], [ 28.859585, 45.200854 ], [ 28.859601, 45.201214 ], [ 28.859617, 45.201556 ], [ 28.859633, 45.202226 ] ] ] } },
{ "type": "Feature", "properties": { "DRVAL1": null, "OBJNAM": null, "NOBJNM": null, "TRAFIC": null, "INFORM": null, "SCAMIN": 90000 }, "geometry": { "type": "Polygon", "coordinates": [ [ [ 28.859585, 45.200854 ], [ 28.858851, 45.201081 ], [ 28.857825, 45.201308 ], [ 28.856694, 45.20153 ], [ 28.855608, 45.201706 ], [ 28.854363, 45.201864 ], [ 28.853091, 45.202 ], [ 28.850693, 45.202227 ], [ 28.849633, 45.202289 ], [ 28.84854, 45.202358 ], [ 28.846891, 45.202489 ], [ 28.844295, 45.202639 ], [ 28.843076, 45.202691 ], [ 28.841804, 45.202718 ], [ 28.84056, 45.2027 ], [ 28.83931, 45.20266 ], [ 28.83806, 45.2026 ], [ 28.83682, 45.20252 ], [ 28.83558, 45.20241 ], [ 28.83435, 45.20227 ], [ 28.83312, 45.20211 ], [ 28.83178, 45.20191 ], [ 28.83057, 45.2017 ], [ 28.82937, 45.20146 ], [ 28.8282, 45.201177 ], [ 28.827062, 45.200861 ], [ 28.825728, 45.200424 ], [ 28.82486, 45.200114 ], [ 28.82371, 45.199747 ], [ 28.822446, 45.199343 ], [ 28.821299, 45.198954 ], [ 28.820385, 45.198612 ], [ 28.819219, 45.198151 ], [ 28.817631, 45.197579 ], [ 28.816366, 45.197061 ], [ 28.815446, 45.19669 ], [ 28.814158, 45.196092 ], [ 28.812871, 45.195483 ], [ 28.812035, 45.195004 ], [ 28.811015, 45.194178 ], [ 28.810273, 45.193476 ], [ 28.809597, 45.192774 ], [ 28.808776, 45.191891 ], [ 28.80822, 45.191136 ], [ 28.807664, 45.190363 ], [ 28.807293, 45.189766 ], [ 28.806922, 45.188923 ], [ 28.806565, 45.187992 ], [ 28.806313, 45.187185 ], [ 28.806, 45.18635 ], [ 28.80572, 45.1855 ], [ 28.80551, 45.18465 ], [ 28.80525, 45.1837 ], [ 28.80482, 45.18276 ], [ 28.80414, 45.18187 ], [ 28.80328, 45.18132 ], [ 28.80214, 45.18093 ], [ 28.80078, 45.18068 ], [ 28.79935, 45.18058 ], [ 28.79793, 45.18065 ], [ 28.796606, 45.180937 ], [ 28.795348, 45.181332 ], [ 28.794474, 45.181683 ], [ 28.793388, 45.182254 ], [ 28.792156, 45.183097 ], [ 28.791322, 45.183883 ], [ 28.79066, 45.18484 ], [ 28.79009, 45.185819 ], [ 28.78964, 45.186797 ], [ 28.789415, 45.187676 ], [ 28.789362, 45.188637 ], [ 28.789403, 45.189581 ], [ 28.789509, 45.190564 ], [ 28.789641, 45.19146 ], [ 28.78976, 45.19238 ], [ 28.78984, 45.19329 ], [ 28.78994, 45.1942 ], [ 28.79007, 45.19512 ], [ 28.790327, 45.196493 ], [ 28.790589, 45.198459 ], [ 28.790743, 45.199275 ], [ 28.790956, 45.200175 ], [ 28.791665, 45.202815 ], [ 28.791862, 45.203679 ], [ 28.792015, 45.204544 ], [ 28.7922, 45.205408 ], [ 28.792343, 45.206278 ], [ 28.792442, 45.207152 ], [ 28.792497, 45.208031 ], [ 28.792509, 45.208904 ], [ 28.792443, 45.209756 ], [ 28.792233, 45.210584 ], [ 28.792064, 45.210998 ], [ 28.791821, 45.211456 ], [ 28.791638, 45.211781 ], [ 28.791359, 45.21213 ], [ 28.791005, 45.212524 ], [ 28.790389, 45.212994 ], [ 28.789656, 45.213436 ], [ 28.788752, 45.213795 ], [ 28.787638, 45.214126 ], [ 28.786563, 45.214365 ], [ 28.785515, 45.214494 ], [ 28.784323, 45.214568 ], [ 28.78367, 45.214556 ], [ 28.783677, 45.215053 ], [ 28.783682, 45.215491 ], [ 28.7837, 45.216438 ], [ 28.784462, 45.216413 ], [ 28.785859, 45.216258 ], [ 28.787256, 45.215968 ], [ 28.788582, 45.21555 ], [ 28.789813, 45.215012 ], [ 28.790928, 45.214366 ], [ 28.791909, 45.213622 ], [ 28.792738, 45.212796 ], [ 28.793402, 45.211902 ], [ 28.79389, 45.210956 ], [ 28.794194, 45.209981 ], [ 28.794324, 45.209013 ], [ 28.794441, 45.208078 ], [ 28.794511, 45.207151 ], [ 28.794535, 45.206221 ], [ 28.794512, 45.20529 ], [ 28.794383, 45.204364 ], [ 28.794208, 45.203442 ], [ 28.79399, 45.202529 ], [ 28.793741, 45.201633 ], [ 28.79274, 45.198102 ], [ 28.792363, 45.196907 ], [ 28.7922, 45.19619 ], [ 28.79202, 45.19531 ], [ 28.79188, 45.19444 ], [ 28.79178, 45.19356 ], [ 28.791654, 45.192645 ], [ 28.791389, 45.19088 ], [ 28.791231, 45.189923 ], [ 28.791204, 45.18901 ], [ 28.791204, 45.188237 ], [ 28.791416, 45.187298 ], [ 28.791708, 45.186367 ], [ 28.792236, 45.185586 ], [ 28.792726, 45.184962 ], [ 28.793401, 45.184326 ], [ 28.794037, 45.183887 ], [ 28.795004, 45.183176 ], [ 28.795811, 45.182719 ], [ 28.796765, 45.182333 ], [ 28.79753, 45.18207 ], [ 28.79865, 45.18195 ], [ 28.79977, 45.18194 ], [ 28.80087, 45.18207 ], [ 28.8019, 45.18232 ], [ 28.80259, 45.18266 ], [ 28.80305, 45.18326 ], [ 28.8034, 45.18403 ], [ 28.80362, 45.18485 ], [ 28.80382, 45.18568 ], [ 28.80412, 45.18659 ], [ 28.804949, 45.189432 ], [ 28.805253, 45.190328 ], [ 28.805588, 45.191137 ], [ 28.806342, 45.192125 ], [ 28.807047, 45.192886 ], [ 28.807842, 45.193649 ], [ 28.808703, 45.194479 ], [ 28.809604, 45.195252 ], [ 28.810738, 45.196079 ], [ 28.811584, 45.196646 ], [ 28.812801, 45.197291 ], [ 28.81395, 45.197808 ], [ 28.815018, 45.198244 ], [ 28.816741, 45.198858 ], [ 28.818142, 45.199342 ], [ 28.819313, 45.199745 ], [ 28.820462, 45.200101 ], [ 28.821541, 45.200456 ], [ 28.822756, 45.20086 ], [ 28.823934, 45.201243 ], [ 28.82506, 45.201617 ], [ 28.826292, 45.202003 ], [ 28.827524, 45.202398 ], [ 28.828743, 45.202714 ], [ 28.82996, 45.20298 ], [ 28.83122, 45.2032 ], [ 28.83249, 45.2034 ], [ 28.8339, 45.20359 ], [ 28.83519, 45.20373 ], [ 28.83648, 45.20385 ], [ 28.83778, 45.20394 ], [ 28.8392, 45.20401 ], [ 28.8405, 45.20405 ], [ 28.841804, 45.204044 ], [ 28.843169, 45.204026 ], [ 28.844308, 45.203947 ], [ 28.845752, 45.203869 ], [ 28.847103, 45.203755 ], [ 28.848335, 45.203659 ], [ 28.849673, 45.203544 ], [ 28.850839, 45.203465 ], [ 28.853184, 45.203254 ], [ 28.854668, 45.203088 ], [ 28.857039, 45.202759 ], [ 28.858053, 45.202582 ], [ 28.85903, 45.202377 ], [ 28.859633, 45.202226 ], [ 28.859617, 45.201556 ], [ 28.859601, 45.201214 ], [ 28.859585, 45.200854 ] ] ] } },
{ "type": "Feature", "properties": { "DRVAL1": null, "OBJNAM": null, "NOBJNM": null, "TRAFIC": null, "INFORM": null, "SCAMIN": 90000 }, "geometry": { "type": "Polygon", "coordinates": [ [ [ 28.657114, 45.242331 ], [ 28.659604, 45.241907 ], [ 28.662621, 45.241132 ], [ 28.665111, 45.240358 ], [ 28.667376, 45.239625 ], [ 28.670994, 45.238385 ], [ 28.673794, 45.237399 ], [ 28.67629, 45.236414 ], [ 28.678647, 45.235435 ], [ 28.681371, 45.234375 ], [ 28.683959, 45.233412 ], [ 28.685779, 45.232691 ], [ 28.690798, 45.230749 ], [ 28.693621, 45.229638 ], [ 28.695546, 45.228831 ], [ 28.696095, 45.228566 ], [ 28.698497, 45.227672 ], [ 28.701332, 45.226554 ], [ 28.704313, 45.225558 ], [ 28.707077, 45.224921 ], [ 28.708481, 45.224687 ], [ 28.710731, 45.224498 ], [ 28.712904, 45.224419 ], [ 28.716492, 45.224379 ], [ 28.71812, 45.22449 ], [ 28.71933, 45.22456 ], [ 28.72051, 45.22469 ], [ 28.72169, 45.22489 ], [ 28.72286, 45.22514 ], [ 28.72402, 45.22543 ], [ 28.72517, 45.22576 ], [ 28.7263, 45.22612 ], [ 28.72742, 45.22651 ], [ 28.72855, 45.22692 ], [ 28.7297, 45.22733 ], [ 28.73089, 45.22772 ], [ 28.73215, 45.22808 ], [ 28.73349, 45.22834 ], [ 28.73488, 45.22848 ], [ 28.73628, 45.22848 ], [ 28.737121, 45.228401 ], [ 28.73767, 45.22835 ], [ 28.73902, 45.22812 ], [ 28.74034, 45.22775 ], [ 28.74157, 45.22721 ], [ 28.74264, 45.22654 ], [ 28.74345, 45.22585 ], [ 28.7442, 45.22507 ], [ 28.74487, 45.22427 ], [ 28.7455, 45.22347 ], [ 28.74611, 45.22268 ], [ 28.74672, 45.2219 ], [ 28.74736, 45.22115 ], [ 28.74802, 45.22043 ], [ 28.74867, 45.21982 ], [ 28.74946, 45.2192 ], [ 28.75033, 45.21862 ], [ 28.75127, 45.2181 ], [ 28.75227, 45.21764 ], [ 28.75331, 45.21725 ], [ 28.7544, 45.21694 ], [ 28.75554, 45.2167 ], [ 28.75672, 45.21653 ], [ 28.75793, 45.21641 ], [ 28.75916, 45.21633 ], [ 28.7604, 45.21628 ], [ 28.76166, 45.21625 ], [ 28.763396, 45.216323 ], [ 28.765215, 45.216417 ], [ 28.766919, 45.216484 ], [ 28.76893, 45.216552 ], [ 28.770136, 45.216578 ], [ 28.771438, 45.216592 ], [ 28.772962, 45.216627 ], [ 28.774379, 45.216647 ], [ 28.775922, 45.216626 ], [ 28.777555, 45.216579 ], [ 28.77903, 45.216559 ], [ 28.78172, 45.216478 ], [ 28.782849, 45.216437 ], [ 28.7837, 45.216438 ], [ 28.783682, 45.215491 ], [ 28.783677, 45.215053 ], [ 28.78367, 45.214556 ], [ 28.782762, 45.214628 ], [ 28.78167, 45.214679 ], [ 28.780354, 45.21476 ], [ 28.779059, 45.214831 ], [ 28.777642, 45.214892 ], [ 28.774546, 45.215055 ], [ 28.773215, 45.215095 ], [ 28.771538, 45.215116 ], [ 28.770352, 45.215156 ], [ 28.769006, 45.215166 ], [ 28.766958, 45.215099 ], [ 28.765292, 45.215018 ], [ 28.763531, 45.214951 ], [ 28.76161, 45.2149 ], [ 28.76032, 45.21493 ], [ 28.75902, 45.21498 ], [ 28.75771, 45.21507 ], [ 28.75639, 45.2152 ], [ 28.75508, 45.21539 ], [ 28.75377, 45.21566 ], [ 28.7525, 45.21602 ], [ 28.75129, 45.21648 ], [ 28.75015, 45.21701 ], [ 28.74909, 45.2176 ], [ 28.748515, 45.217912 ], [ 28.748137, 45.218181 ], [ 28.74736, 45.21882 ], [ 28.74653, 45.21958 ], [ 28.7458, 45.22036 ], [ 28.74519, 45.22108 ], [ 28.74456, 45.22187 ], [ 28.74395, 45.22267 ], [ 28.74334, 45.22345 ], [ 28.74271, 45.2242 ], [ 28.74205, 45.22492 ], [ 28.74133, 45.22556 ], [ 28.74051, 45.22609 ], [ 28.73959, 45.2265 ], [ 28.73855, 45.22681 ], [ 28.73743, 45.22701 ], [ 28.73628, 45.22713 ], [ 28.73513, 45.22714 ], [ 28.734, 45.22704 ], [ 28.73288, 45.22683 ], [ 28.73177, 45.22653 ], [ 28.73066, 45.22616 ], [ 28.72954, 45.22576 ], [ 28.7284, 45.22535 ], [ 28.72724, 45.22494 ], [ 28.72604, 45.22455 ], [ 28.72482, 45.2242 ], [ 28.72358, 45.22389 ], [ 28.72232, 45.22361 ], [ 28.72102, 45.22339 ], [ 28.71968, 45.22323 ], [ 28.71836, 45.22315 ], [ 28.716608, 45.223098 ], [ 28.714142, 45.223118 ], [ 28.710535, 45.223315 ], [ 28.708393, 45.223498 ], [ 28.706773, 45.223681 ], [ 28.705312, 45.223986 ], [ 28.704545, 45.224159 ], [ 28.703576, 45.224413 ], [ 28.700664, 45.225341 ], [ 28.697666, 45.226496 ], [ 28.695409, 45.227421 ], [ 28.694613, 45.227705 ], [ 28.692733, 45.228488 ], [ 28.690013, 45.229584 ], [ 28.684978, 45.23158 ], [ 28.683073, 45.232292 ], [ 28.680833, 45.233202 ], [ 28.678083, 45.234299 ], [ 28.675668, 45.235218 ], [ 28.672955, 45.236229 ], [ 28.670365, 45.237062 ], [ 28.66682, 45.238028 ], [ 28.66377, 45.238735 ], [ 28.660773, 45.239409 ], [ 28.658623, 45.239683 ], [ 28.657077, 45.239833 ], [ 28.657114, 45.241207 ], [ 28.657114, 45.242331 ] ] ] } },
{ "type": "Feature", "properties": { "DRVAL1": null, "OBJNAM": null, "NOBJNM": null, "TRAFIC": null, "INFORM": null, "SCAMIN": 90000 }, "geometry": { "type": "Polygon", "coordinates": [ [ [ 29.698228, 45.164942 ], [ 29.698212, 45.164597 ], [ 29.698192, 45.164186 ], [ 29.700321, 45.164597 ], [ 29.701737, 45.164853 ], [ 29.703956, 45.165202 ], [ 29.706405, 45.165417 ], [ 29.708078, 45.165485 ], [ 29.710623, 45.165526 ], [ 29.711981, 45.165458 ], [ 29.713798, 45.165324 ], [ 29.714831, 45.165216 ], [ 29.718782, 45.164692 ], [ 29.721154, 45.164342 ], [ 29.723449, 45.163858 ], [ 29.725219, 45.16336 ], [ 29.726596, 45.162943 ], [ 29.728165, 45.162405 ], [ 29.729332, 45.161894 ], [ 29.731838, 45.160845 ], [ 29.734908, 45.159514 ], [ 29.737969, 45.158195 ], [ 29.74101, 45.156823 ], [ 29.744099, 45.155518 ], [ 29.747159, 45.154106 ], [ 29.750258, 45.152774 ], [ 29.753328, 45.151416 ], [ 29.755623, 45.150434 ], [ 29.758839, 45.149024 ], [ 29.759765, 45.148618 ], [ 29.760007, 45.148512 ], [ 29.760134, 45.148457 ], [ 29.760261, 45.148402 ], [ 29.760388, 45.148347 ], [ 29.760515, 45.148293 ], [ 29.760642, 45.148238 ], [ 29.760769, 45.148183 ], [ 29.760897, 45.148128 ], [ 29.761024, 45.148073 ], [ 29.761151, 45.148018 ], [ 29.761278, 45.147964 ], [ 29.761406, 45.147909 ], [ 29.761533, 45.147854 ], [ 29.76166, 45.1478 ], [ 29.761788, 45.147745 ], [ 29.761915, 45.147691 ], [ 29.762042, 45.147636 ], [ 29.76217, 45.147581 ], [ 29.762297, 45.147527 ], [ 29.762425, 45.147472 ], [ 29.762552, 45.147418 ], [ 29.762679, 45.147363 ], [ 29.762807, 45.147309 ], [ 29.762934, 45.147254 ], [ 29.763062, 45.147199 ], [ 29.763189, 45.147145 ], [ 29.763316, 45.14709 ], [ 29.763444, 45.147036 ], [ 29.763571, 45.146981 ], [ 29.763698, 45.146926 ], [ 29.763825, 45.146872 ], [ 29.763953, 45.146817 ], [ 29.76408, 45.146762 ], [ 29.764207, 45.146707 ], [ 29.764334, 45.146652 ], [ 29.764461, 45.146597 ], [ 29.764588, 45.146543 ], [ 29.764716, 45.146487 ], [ 29.764843, 45.146432 ], [ 29.764969, 45.146377 ], [ 29.765096, 45.146322 ], [ 29.765223, 45.146267 ], [ 29.76535, 45.146212 ], [ 29.765477, 45.146156 ], [ 29.765497, 45.146146 ], [ 29.765603, 45.146101 ], [ 29.76573, 45.146046 ], [ 29.765857, 45.14599 ], [ 29.765983, 45.145935 ], [ 29.766109, 45.145879 ], [ 29.766236, 45.145823 ], [ 29.766362, 45.145767 ], [ 29.766488, 45.145711 ], [ 29.766614, 45.145655 ], [ 29.766741, 45.145599 ], [ 29.766866, 45.145543 ], [ 29.766992, 45.145487 ], [ 29.767118, 45.14543 ], [ 29.767244, 45.145374 ], [ 29.76737, 45.145317 ], [ 29.767495, 45.145261 ], [ 29.767621, 45.145204 ], [ 29.767746, 45.145147 ], [ 29.767872, 45.145091 ], [ 29.767997, 45.145034 ], [ 29.768122, 45.144977 ], [ 29.768248, 45.14492 ], [ 29.768373, 45.144863 ], [ 29.768498, 45.144806 ], [ 29.768623, 45.144748 ], [ 29.768748, 45.144691 ], [ 29.768873, 45.144634 ], [ 29.768998, 45.144577 ], [ 29.769123, 45.144519 ], [ 29.769248, 45.144462 ], [ 29.769373, 45.144404 ], [ 29.769497, 45.144347 ], [ 29.769622, 45.144289 ], [ 29.769747, 45.144232 ], [ 29.769872, 45.144174 ], [ 29.769996, 45.144117 ], [ 29.770121, 45.144059 ], [ 29.770246, 45.144001 ], [ 29.77037, 45.143944 ], [ 29.770495, 45.143886 ], [ 29.770619, 45.143828 ], [ 29.770744, 45.14377 ], [ 29.770868, 45.143713 ], [ 29.770993, 45.143655 ], [ 29.771117, 45.143597 ], [ 29.771242, 45.143539 ], [ 29.771366, 45.143482 ], [ 29.771491, 45.143424 ], [ 29.771615, 45.143366 ], [ 29.77174, 45.143308 ], [ 29.771864, 45.14325 ], [ 29.771989, 45.143193 ], [ 29.772114, 45.143135 ], [ 29.772238, 45.143077 ], [ 29.772363, 45.143019 ], [ 29.772487, 45.142961 ], [ 29.772612, 45.142904 ], [ 29.772736, 45.142846 ], [ 29.772861, 45.142788 ], [ 29.772985, 45.14273 ], [ 29.77311, 45.142673 ], [ 29.773234, 45.142615 ], [ 29.773359, 45.142557 ], [ 29.773483, 45.142499 ], [ 29.773608, 45.142442 ], [ 29.773733, 45.142384 ], [ 29.773857, 45.142326 ], [ 29.773982, 45.142268 ], [ 29.774106, 45.142211 ], [ 29.774231, 45.142153 ], [ 29.774355, 45.142095 ], [ 29.77448, 45.142037 ], [ 29.774604, 45.14198 ], [ 29.774729, 45.141922 ], [ 29.774853, 45.141864 ], [ 29.774978, 45.141807 ], [ 29.775103, 45.141749 ], [ 29.775227, 45.141691 ], [ 29.775352, 45.141633 ], [ 29.775476, 45.141576 ], [ 29.775601, 45.141518 ], [ 29.775726, 45.14146 ], [ 29.77585, 45.141402 ], [ 29.775975, 45.141345 ], [ 29.776099, 45.141287 ], [ 29.776224, 45.141229 ], [ 29.776348, 45.141171 ], [ 29.776473, 45.141114 ], [ 29.776598, 45.141056 ], [ 29.776722, 45.140998 ], [ 29.776847, 45.140941 ], [ 29.776971, 45.140883 ], [ 29.777096, 45.140825 ], [ 29.77722, 45.140768 ], [ 29.777345, 45.14071 ], [ 29.777469, 45.140652 ], [ 29.777594, 45.140594 ], [ 29.777719, 45.140537 ], [ 29.777843, 45.140479 ], [ 29.777968, 45.140421 ], [ 29.778092, 45.140363 ], [ 29.778217, 45.140305 ], [ 29.778341, 45.140248 ], [ 29.778466, 45.14019 ], [ 29.77859, 45.140132 ], [ 29.778715, 45.140074 ], [ 29.77884, 45.140017 ], [ 29.778964, 45.139959 ], [ 29.779089, 45.139901 ], [ 29.779213, 45.139844 ], [ 29.779338, 45.139786 ], [ 29.779462, 45.139728 ], [ 29.779587, 45.13967 ], [ 29.779711, 45.139613 ], [ 29.779836, 45.139555 ], [ 29.77996, 45.139497 ], [ 29.780085, 45.139439 ], [ 29.78021, 45.139382 ], [ 29.780334, 45.139324 ], [ 29.780459, 45.139266 ], [ 29.780583, 45.139208 ], [ 29.780708, 45.139151 ], [ 29.780832, 45.139093 ], [ 29.780957, 45.139035 ], [ 29.781081, 45.138977 ], [ 29.781206, 45.13892 ], [ 29.78133, 45.138862 ], [ 29.781455, 45.138804 ], [ 29.781579, 45.138746 ], [ 29.781704, 45.138689 ], [ 29.781828, 45.138631 ], [ 29.781953, 45.138573 ], [ 29.782077, 45.138515 ], [ 29.782202, 45.138458 ], [ 29.782327, 45.1384 ], [ 29.782451, 45.138342 ], [ 29.782576, 45.138284 ], [ 29.7827, 45.138227 ], [ 29.782825, 45.138169 ], [ 29.782949, 45.138111 ], [ 29.783074, 45.138053 ], [ 29.783198, 45.137996 ], [ 29.783323, 45.137938 ], [ 29.783447, 45.13788 ], [ 29.783572, 45.137822 ], [ 29.783697, 45.137764 ], [ 29.783821, 45.137707 ], [ 29.783946, 45.137649 ], [ 29.78407, 45.137591 ], [ 29.784195, 45.137533 ], [ 29.784319, 45.137476 ], [ 29.784444, 45.137418 ], [ 29.784568, 45.13736 ], [ 29.784693, 45.137302 ], [ 29.784817, 45.137245 ], [ 29.784942, 45.137187 ], [ 29.785066, 45.137129 ], [ 29.785191, 45.137071 ], [ 29.785315, 45.137014 ], [ 29.78544, 45.136956 ], [ 29.785564, 45.136898 ], [ 29.785689, 45.13684 ], [ 29.785813, 45.136783 ], [ 29.785938, 45.136725 ], [ 29.786063, 45.136667 ], [ 29.786187, 45.136609 ], [ 29.786312, 45.136552 ], [ 29.786436, 45.136494 ], [ 29.786561, 45.136436 ], [ 29.786685, 45.136378 ], [ 29.78681, 45.136321 ], [ 29.786934, 45.136263 ], [ 29.787059, 45.136205 ], [ 29.787183, 45.136147 ], [ 29.787308, 45.13609 ], [ 29.787432, 45.136032 ], [ 29.787557, 45.135974 ], [ 29.787682, 45.135916 ], [ 29.787806, 45.135858 ], [ 29.787931, 45.135801 ], [ 29.788055, 45.135743 ], [ 29.78818, 45.135685 ], [ 29.788304, 45.135627 ], [ 29.788429, 45.13557 ], [ 29.788553, 45.135512 ], [ 29.788678, 45.135454 ], [ 29.788802, 45.135396 ], [ 29.788927, 45.135339 ], [ 29.789051, 45.135281 ], [ 29.789176, 45.135223 ], [ 29.7893, 45.135165 ], [ 29.789425, 45.135108 ], [ 29.789549, 45.13505 ], [ 29.789674, 45.134992 ], [ 29.789798, 45.134934 ], [ 29.789923, 45.134877 ], [ 29.790048, 45.134819 ], [ 29.790172, 45.134761 ], [ 29.790297, 45.134703 ], [ 29.790421, 45.134646 ], [ 29.790546, 45.134588 ], [ 29.79067, 45.13453 ], [ 29.790795, 45.134472 ], [ 29.790919, 45.134415 ], [ 29.791044, 45.134357 ], [ 29.791168, 45.134299 ], [ 29.791293, 45.134241 ], [ 29.791417, 45.134184 ], [ 29.791542, 45.134126 ], [ 29.791666, 45.134068 ], [ 29.791791, 45.13401 ], [ 29.791915, 45.133952 ], [ 29.79204, 45.133895 ], [ 29.792345, 45.134224 ], [ 29.792667, 45.134572 ], [ 29.792542, 45.13463 ], [ 29.792417, 45.134688 ], [ 29.792293, 45.134745 ], [ 29.792168, 45.134803 ], [ 29.792044, 45.134861 ], [ 29.791919, 45.134919 ], [ 29.791794, 45.134977 ], [ 29.79167, 45.135035 ], [ 29.791545, 45.135092 ], [ 29.79142, 45.13515 ], [ 29.791296, 45.135208 ], [ 29.791171, 45.135266 ], [ 29.791047, 45.135323 ], [ 29.790922, 45.135381 ], [ 29.790797, 45.135439 ], [ 29.790673, 45.135497 ], [ 29.790548, 45.135555 ], [ 29.790423, 45.135613 ], [ 29.790299, 45.13567 ], [ 29.790174, 45.135728 ], [ 29.790049, 45.135786 ], [ 29.789925, 45.135844 ], [ 29.7898, 45.135902 ], [ 29.789676, 45.135959 ], [ 29.789551, 45.136017 ], [ 29.789426, 45.136075 ], [ 29.789302, 45.136133 ], [ 29.789177, 45.136191 ], [ 29.789052, 45.136249 ], [ 29.788928, 45.136306 ], [ 29.788803, 45.136364 ], [ 29.788678, 45.136422 ], [ 29.788554, 45.13648 ], [ 29.788429, 45.136538 ], [ 29.788304, 45.136595 ], [ 29.78818, 45.136653 ], [ 29.788055, 45.136711 ], [ 29.787931, 45.136769 ], [ 29.787806, 45.136827 ], [ 29.787681, 45.136885 ], [ 29.787557, 45.136942 ], [ 29.787432, 45.137 ], [ 29.787307, 45.137058 ], [ 29.787183, 45.137116 ], [ 29.787058, 45.137174 ], [ 29.786933, 45.137231 ], [ 29.786809, 45.137289 ], [ 29.786684, 45.137347 ], [ 29.786559, 45.137405 ], [ 29.786435, 45.137463 ], [ 29.78631, 45.13752 ], [ 29.786185, 45.137578 ], [ 29.786061, 45.137636 ], [ 29.785936, 45.137694 ], [ 29.785812, 45.137752 ], [ 29.785687, 45.137809 ], [ 29.785562, 45.137867 ], [ 29.785438, 45.137925 ], [ 29.785313, 45.137983 ], [ 29.785188, 45.138041 ], [ 29.785064, 45.138098 ], [ 29.784939, 45.138156 ], [ 29.784814, 45.138214 ], [ 29.78469, 45.138272 ], [ 29.784565, 45.13833 ], [ 29.78444, 45.138388 ], [ 29.784316, 45.138445 ], [ 29.784191, 45.138503 ], [ 29.784066, 45.138561 ], [ 29.783942, 45.138619 ], [ 29.783817, 45.138677 ], [ 29.783692, 45.138734 ], [ 29.783568, 45.138792 ], [ 29.783443, 45.13885 ], [ 29.783319, 45.138908 ], [ 29.783194, 45.138966 ], [ 29.783069, 45.139023 ], [ 29.782944, 45.139081 ], [ 29.78282, 45.139139 ], [ 29.782695, 45.139197 ], [ 29.782571, 45.139255 ], [ 29.782446, 45.139312 ], [ 29.782321, 45.13937 ], [ 29.782197, 45.139428 ], [ 29.782072, 45.139486 ], [ 29.781947, 45.139544 ], [ 29.781823, 45.139601 ], [ 29.781698, 45.139659 ], [ 29.781573, 45.139717 ], [ 29.781449, 45.139775 ], [ 29.781324, 45.139833 ], [ 29.781199, 45.13989 ], [ 29.781075, 45.139948 ], [ 29.78095, 45.140006 ], [ 29.780825, 45.140064 ], [ 29.780701, 45.140122 ], [ 29.780576, 45.14018 ], [ 29.780451, 45.140237 ], [ 29.780327, 45.140295 ], [ 29.780202, 45.140353 ], [ 29.780077, 45.140411 ], [ 29.779953, 45.140469 ], [ 29.779828, 45.140526 ], [ 29.779704, 45.140584 ], [ 29.779579, 45.140642 ], [ 29.779454, 45.1407 ], [ 29.779329, 45.140758 ], [ 29.779205, 45.140815 ], [ 29.77908, 45.140873 ], [ 29.778955, 45.140931 ], [ 29.778831, 45.140989 ], [ 29.778706, 45.141047 ], [ 29.778582, 45.141104 ], [ 29.778457, 45.141162 ], [ 29.778332, 45.14122 ], [ 29.778207, 45.141278 ], [ 29.778083, 45.141335 ], [ 29.777958, 45.141393 ], [ 29.777833, 45.141451 ], [ 29.777709, 45.141509 ], [ 29.777584, 45.141567 ], [ 29.777459, 45.141624 ], [ 29.777335, 45.141682 ], [ 29.77721, 45.14174 ], [ 29.777085, 45.141798 ], [ 29.776961, 45.141856 ], [ 29.776836, 45.141913 ], [ 29.776711, 45.141971 ], [ 29.776587, 45.142029 ], [ 29.776462, 45.142087 ], [ 29.776337, 45.142144 ], [ 29.776213, 45.142202 ], [ 29.776088, 45.14226 ], [ 29.775963, 45.142318 ], [ 29.775838, 45.142376 ], [ 29.775714, 45.142433 ], [ 29.775589, 45.142491 ], [ 29.775464, 45.142549 ], [ 29.77534, 45.142607 ], [ 29.775215, 45.142665 ], [ 29.77509, 45.142722 ], [ 29.774966, 45.14278 ], [ 29.774841, 45.142838 ], [ 29.774716, 45.142896 ], [ 29.774592, 45.142953 ], [ 29.774467, 45.143011 ], [ 29.774342, 45.143069 ], [ 29.774218, 45.143127 ], [ 29.774093, 45.143185 ], [ 29.773968, 45.143242 ], [ 29.773844, 45.1433 ], [ 29.773719, 45.143358 ], [ 29.773594, 45.143416 ], [ 29.77347, 45.143474 ], [ 29.773345, 45.143532 ], [ 29.77322, 45.143589 ], [ 29.773096, 45.143647 ], [ 29.772971, 45.143705 ], [ 29.772846, 45.143763 ], [ 29.772722, 45.143821 ], [ 29.772597, 45.143879 ], [ 29.772473, 45.143936 ], [ 29.772348, 45.143994 ], [ 29.772223, 45.144052 ], [ 29.772099, 45.14411 ], [ 29.771974, 45.144168 ], [ 29.771849, 45.144226 ], [ 29.771725, 45.144284 ], [ 29.7716, 45.144341 ], [ 29.771476, 45.144399 ], [ 29.771351, 45.144457 ], [ 29.771226, 45.144515 ], [ 29.771102, 45.144573 ], [ 29.770977, 45.14463 ], [ 29.770852, 45.144688 ], [ 29.770727, 45.144746 ], [ 29.770603, 45.144804 ], [ 29.770478, 45.144861 ], [ 29.770353, 45.144919 ], [ 29.770228, 45.144976 ], [ 29.770103, 45.145034 ], [ 29.769978, 45.145091 ], [ 29.769853, 45.145149 ], [ 29.769728, 45.145206 ], [ 29.769603, 45.145264 ], [ 29.769478, 45.145321 ], [ 29.769353, 45.145378 ], [ 29.769228, 45.145436 ], [ 29.769103, 45.145493 ], [ 29.768977, 45.14555 ], [ 29.768852, 45.145607 ], [ 29.768727, 45.145664 ], [ 29.768601, 45.145721 ], [ 29.768476, 45.145778 ], [ 29.76835, 45.145835 ], [ 29.768225, 45.145892 ], [ 29.768099, 45.145949 ], [ 29.767973, 45.146005 ], [ 29.767847, 45.146062 ], [ 29.767722, 45.146118 ], [ 29.767596, 45.146175 ], [ 29.76747, 45.146231 ], [ 29.767344, 45.146287 ], [ 29.767217, 45.146343 ], [ 29.767091, 45.146399 ], [ 29.766965, 45.146455 ], [ 29.766838, 45.146511 ], [ 29.766712, 45.146567 ], [ 29.766585, 45.146623 ], [ 29.766459, 45.146679 ], [ 29.766332, 45.146734 ], [ 29.766205, 45.14679 ], [ 29.766079, 45.146845 ], [ 29.766036, 45.146864 ], [ 29.765952, 45.1469 ], [ 29.765825, 45.146956 ], [ 29.765698, 45.147011 ], [ 29.765571, 45.147066 ], [ 29.765444, 45.147121 ], [ 29.765317, 45.147176 ], [ 29.76519, 45.147231 ], [ 29.765062, 45.147286 ], [ 29.764935, 45.147341 ], [ 29.764808, 45.147396 ], [ 29.764681, 45.147451 ], [ 29.764553, 45.147506 ], [ 29.764426, 45.147561 ], [ 29.764298, 45.147616 ], [ 29.764171, 45.14767 ], [ 29.764044, 45.147725 ], [ 29.763916, 45.14778 ], [ 29.763789, 45.147834 ], [ 29.763661, 45.147889 ], [ 29.763534, 45.147944 ], [ 29.763406, 45.147998 ], [ 29.763279, 45.148053 ], [ 29.763151, 45.148108 ], [ 29.763024, 45.148162 ], [ 29.762896, 45.148217 ], [ 29.762769, 45.148271 ], [ 29.762641, 45.148326 ], [ 29.762514, 45.148381 ], [ 29.762386, 45.148435 ], [ 29.762259, 45.14849 ], [ 29.762131, 45.148545 ], [ 29.762004, 45.148599 ], [ 29.761876, 45.148654 ], [ 29.761749, 45.148709 ], [ 29.761622, 45.148764 ], [ 29.761494, 45.148818 ], [ 29.761367, 45.148873 ], [ 29.76124, 45.148928 ], [ 29.761112, 45.148983 ], [ 29.760985, 45.149038 ], [ 29.760858, 45.149093 ], [ 29.760731, 45.149148 ], [ 29.760603, 45.149203 ], [ 29.756248, 45.151105 ], [ 29.753974, 45.152109 ], [ 29.751031, 45.153418 ], [ 29.744733, 45.156236 ], [ 29.741783, 45.157481 ], [ 29.738689, 45.158853 ], [ 29.730248, 45.162552 ], [ 29.728981, 45.163096 ], [ 29.727164, 45.163789 ], [ 29.725748, 45.16424 ], [ 29.723835, 45.164664 ], [ 29.721267, 45.165202 ], [ 29.719019, 45.165585 ], [ 29.717182, 45.16584 ], [ 29.714882, 45.166055 ], [ 29.713916, 45.166109 ], [ 29.712079, 45.166244 ], [ 29.71052, 45.166291 ], [ 29.707966, 45.166271 ], [ 29.706297, 45.166196 ], [ 29.703896, 45.165961 ], [ 29.701539, 45.165638 ], [ 29.700094, 45.165349 ], [ 29.698228, 45.164942 ] ] ] } },
{ "type": "Feature", "properties": { "DRVAL1": null, "OBJNAM": null, "NOBJNM": null, "TRAFIC": null, "INFORM": null, "SCAMIN": 90000 }, "geometry": { "type": "Polygon", "coordinates": [ [ [ 28.530269, 45.2645 ], [ 28.535065, 45.262531 ], [ 28.538316, 45.260966 ], [ 28.542782, 45.258594 ], [ 28.545723, 45.257168 ], [ 28.547882, 45.256179 ], [ 28.549906, 45.255171 ], [ 28.551741, 45.254258 ], [ 28.55475, 45.252727 ], [ 28.555829, 45.252233 ], [ 28.556855, 45.251796 ], [ 28.55842, 45.251149 ], [ 28.559877, 45.250655 ], [ 28.561801, 45.250051 ], [ 28.563326, 45.249621 ], [ 28.564674, 45.24928 ], [ 28.565741, 45.248976 ], [ 28.566707, 45.248797 ], [ 28.567724, 45.248564 ], [ 28.56933, 45.248224 ], [ 28.570855, 45.247973 ], [ 28.575965, 45.247275 ], [ 28.580592, 45.246863 ], [ 28.604731, 45.245682 ], [ 28.60665, 45.245533 ], [ 28.627443, 45.244513 ], [ 28.645284, 45.243709 ], [ 28.649198, 45.24344 ], [ 28.65052, 45.243243 ], [ 28.651893, 45.243082 ], [ 28.655172, 45.242661 ], [ 28.656119, 45.242495 ], [ 28.657114, 45.242331 ], [ 28.657114, 45.241207 ], [ 28.657077, 45.239833 ], [ 28.654625, 45.240058 ], [ 28.651592, 45.240474 ], [ 28.648816, 45.240799 ], [ 28.64523, 45.241165 ], [ 28.62711, 45.242124 ], [ 28.605886, 45.243472 ], [ 28.580409, 45.245197 ], [ 28.575101, 45.245517 ], [ 28.571338, 45.245947 ], [ 28.569101, 45.246307 ], [ 28.567118, 45.246612 ], [ 28.565796, 45.246827 ], [ 28.564398, 45.24706 ], [ 28.562669, 45.247418 ], [ 28.560793, 45.247827 ], [ 28.558062, 45.248496 ], [ 28.555705, 45.249276 ], [ 28.554414, 45.249954 ], [ 28.552632, 45.250896 ], [ 28.5511, 45.25181 ], [ 28.548782, 45.253102 ], [ 28.546257, 45.254383 ], [ 28.544126, 45.255375 ], [ 28.542053, 45.256253 ], [ 28.536572, 45.258679 ], [ 28.532804, 45.260262 ], [ 28.530138, 45.261379 ], [ 28.53016, 45.262262 ], [ 28.530163, 45.26236 ], [ 28.530269, 45.2645 ] ] ] } },
{ "type": "Feature", "properties": { "DRVAL1": null, "OBJNAM": null, "NOBJNM": null, "TRAFIC": null, "INFORM": null, "SCAMIN": 90000 }, "geometry": { "type": "Polygon", "coordinates": [ [ [ 28.403672, 45.30216 ], [ 28.404252, 45.3019 ], [ 28.405317, 45.301525 ], [ 28.406317, 45.301231 ], [ 28.407997, 45.300695 ], [ 28.411883, 45.299846 ], [ 28.413936, 45.299318 ], [ 28.415324, 45.298933 ], [ 28.416886, 45.298507 ], [ 28.419041, 45.297797 ], [ 28.42047, 45.297337 ], [ 28.421831, 45.296973 ], [ 28.423653, 45.296476 ], [ 28.425766, 45.295978 ], [ 28.427848, 45.295542 ], [ 28.43061, 45.295065 ], [ 28.432829, 45.29465 ], [ 28.434, 45.294447 ], [ 28.43536, 45.294193 ], [ 28.43682, 45.29394 ], [ 28.437962, 45.293747 ], [ 28.439293, 45.293534 ], [ 28.440897, 45.29326 ], [ 28.443681, 45.292879 ], [ 28.446659, 45.292449 ], [ 28.449756, 45.291931 ], [ 28.453562, 45.291276 ], [ 28.456496, 45.2906 ], [ 28.458787, 45.290019 ], [ 28.46104, 45.289445 ], [ 28.463498, 45.288814 ], [ 28.46598, 45.288128 ], [ 28.468957, 45.287269 ], [ 28.47094, 45.28665 ], [ 28.47326, 45.28589 ], [ 28.47557, 45.28513 ], [ 28.477466, 45.284512 ], [ 28.480608, 45.283581 ], [ 28.482919, 45.282813 ], [ 28.485072, 45.282153 ], [ 28.487708, 45.281241 ], [ 28.490517, 45.280148 ], [ 28.494119, 45.278735 ], [ 28.496568, 45.277749 ], [ 28.498673, 45.276871 ], [ 28.50319, 45.27501 ], [ 28.50539, 45.274111 ], [ 28.507995, 45.273059 ], [ 28.51194, 45.271563 ], [ 28.514271, 45.270697 ], [ 28.516658, 45.269744 ], [ 28.519669, 45.26862 ], [ 28.524887, 45.266616 ], [ 28.530269, 45.2645 ], [ 28.530163, 45.26236 ], [ 28.53016, 45.262262 ], [ 28.530138, 45.261379 ], [ 28.523224, 45.264324 ], [ 28.517998, 45.266377 ], [ 28.515033, 45.267626 ], [ 28.512577, 45.268618 ], [ 28.509822, 45.269669 ], [ 28.506422, 45.271086 ], [ 28.504116, 45.272038 ], [ 28.50169, 45.27301 ], [ 28.497528, 45.274774 ], [ 28.495451, 45.275559 ], [ 28.492614, 45.276665 ], [ 28.489626, 45.277593 ], [ 28.486384, 45.278735 ], [ 28.484611, 45.279413 ], [ 28.483294, 45.279877 ], [ 28.480457, 45.28084 ], [ 28.477874, 45.281696 ], [ 28.474581, 45.282731 ], [ 28.472808, 45.283337 ], [ 28.469921, 45.284194 ], [ 28.466729, 45.285335 ], [ 28.462373, 45.286584 ], [ 28.457814, 45.288047 ], [ 28.455382, 45.28876 ], [ 28.452495, 45.289509 ], [ 28.449188, 45.290149 ], [ 28.445828, 45.290788 ], [ 28.443374, 45.291088 ], [ 28.440973, 45.291426 ], [ 28.438946, 45.291689 ], [ 28.437239, 45.291952 ], [ 28.435639, 45.292177 ], [ 28.434199, 45.29244 ], [ 28.432758, 45.292666 ], [ 28.429984, 45.293154 ], [ 28.427017, 45.293827 ], [ 28.424761, 45.294274 ], [ 28.422128, 45.294983 ], [ 28.420718, 45.295464 ], [ 28.419417, 45.29591 ], [ 28.417971, 45.296336 ], [ 28.416611, 45.296803 ], [ 28.414862, 45.29733 ], [ 28.413011, 45.297857 ], [ 28.410755, 45.298425 ], [ 28.40666, 45.29944 ], [ 28.40434, 45.3002 ], [ 28.403658, 45.300415 ], [ 28.403659, 45.301532 ], [ 28.403659, 45.301667 ], [ 28.403672, 45.30216 ] ] ] } },
{ "type": "Feature", "properties": { "DRVAL1": null, "OBJNAM": null, "NOBJNM": null, "TRAFIC": null, "INFORM": null, "SCAMIN": 90000 }, "geometry": { "type": "Polygon", "coordinates": [ [ [ 28.403658, 45.300415 ], [ 28.40329, 45.30054 ], [ 28.40213, 45.30092 ], [ 28.40098, 45.3013 ], [ 28.400167, 45.301574 ], [ 28.399337, 45.30185 ], [ 28.398014, 45.302274 ], [ 28.396667, 45.302704 ], [ 28.395152, 45.303243 ], [ 28.39369, 45.30372 ], [ 28.39254, 45.30411 ], [ 28.39138, 45.3045 ], [ 28.39023, 45.30488 ], [ 28.38907, 45.30527 ], [ 28.38781, 45.3057 ], [ 28.38665, 45.30609 ], [ 28.38435, 45.30687 ], [ 28.3832, 45.30726 ], [ 28.38204, 45.30765 ], [ 28.37974, 45.30843 ], [ 28.37859, 45.30883 ], [ 28.37744, 45.30924 ], [ 28.37628, 45.30965 ], [ 28.37503, 45.31013 ], [ 28.37391, 45.31059 ], [ 28.3728, 45.31105 ], [ 28.3717, 45.31152 ], [ 28.3706, 45.312 ], [ 28.36952, 45.31249 ], [ 28.36844, 45.31299 ], [ 28.36737, 45.3135 ], [ 28.366047, 45.313916 ], [ 28.364397, 45.314479 ], [ 28.362588, 45.314991 ], [ 28.360967, 45.315454 ], [ 28.358978, 45.315986 ], [ 28.356997, 45.316489 ], [ 28.354827, 45.31706 ], [ 28.352992, 45.317637 ], [ 28.351517, 45.318095 ], [ 28.349787, 45.318868 ], [ 28.348387, 45.319608 ], [ 28.347103, 45.320552 ], [ 28.346178, 45.321363 ], [ 28.345426, 45.322113 ], [ 28.344473, 45.323066 ], [ 28.343676, 45.323851 ], [ 28.343332, 45.324136 ], [ 28.342464, 45.325049 ], [ 28.341453, 45.326305 ], [ 28.340296, 45.327603 ], [ 28.339298, 45.328778 ], [ 28.338486, 45.32971 ], [ 28.337246, 45.331028 ], [ 28.336378, 45.332103 ], [ 28.335048, 45.333724 ], [ 28.333833, 45.335224 ], [ 28.331982, 45.337494 ], [ 28.331172, 45.33863 ], [ 28.330478, 45.339684 ], [ 28.329842, 45.340636 ], [ 28.329264, 45.341427 ], [ 28.328483, 45.342542 ], [ 28.327846, 45.343373 ], [ 28.327181, 45.344265 ], [ 28.326545, 45.345218 ], [ 28.325952, 45.346029 ], [ 28.325403, 45.346758 ], [ 28.324882, 45.347468 ], [ 28.324362, 45.348258 ], [ 28.323841, 45.348927 ], [ 28.323263, 45.349657 ], [ 28.322319, 45.350809 ], [ 28.321653, 45.351591 ], [ 28.322072, 45.351588 ], [ 28.323122, 45.351573 ], [ 28.324644, 45.351577 ], [ 28.324932, 45.351232 ], [ 28.325249, 45.350715 ], [ 28.32592, 45.349672 ], [ 28.326429, 45.348939 ], [ 28.32687, 45.348253 ], [ 28.327437, 45.347392 ], [ 28.327907, 45.346726 ], [ 28.328497, 45.345879 ], [ 28.329072, 45.345025 ], [ 28.329691, 45.344164 ], [ 28.330277, 45.343377 ], [ 28.331102, 45.342301 ], [ 28.331697, 45.34154 ], [ 28.33245, 45.340599 ], [ 28.333246, 45.339617 ], [ 28.333994, 45.338675 ], [ 28.334959, 45.337438 ], [ 28.335899, 45.336214 ], [ 28.337457, 45.334435 ], [ 28.338021, 45.333786 ], [ 28.338727, 45.33301 ], [ 28.339496, 45.332178 ], [ 28.340854, 45.330571 ], [ 28.341565, 45.329679 ], [ 28.342537, 45.328519 ], [ 28.343833, 45.326948 ], [ 28.344834, 45.325717 ], [ 28.345672, 45.324719 ], [ 28.34638, 45.323876 ], [ 28.347227, 45.323044 ], [ 28.348107, 45.322368 ], [ 28.349246, 45.321655 ], [ 28.350334, 45.321076 ], [ 28.35155, 45.320488 ], [ 28.352967, 45.319847 ], [ 28.35441, 45.319312 ], [ 28.355961, 45.318657 ], [ 28.357904, 45.317985 ], [ 28.359878, 45.317308 ], [ 28.36158, 45.316688 ], [ 28.363368, 45.316157 ], [ 28.364942, 45.315615 ], [ 28.366461, 45.315062 ], [ 28.367853, 45.314617 ], [ 28.368992, 45.314189 ], [ 28.370992, 45.313493 ], [ 28.372154, 45.31304 ], [ 28.376788, 45.31141 ], [ 28.378914, 45.310626 ], [ 28.381166, 45.309842 ], [ 28.383419, 45.30904 ], [ 28.385722, 45.308291 ], [ 28.387215, 45.30781 ], [ 28.388706, 45.307294 ], [ 28.390098, 45.306795 ], [ 28.391591, 45.306279 ], [ 28.393211, 45.305762 ], [ 28.394755, 45.305174 ], [ 28.396071, 45.304747 ], [ 28.397589, 45.304176 ], [ 28.399183, 45.30366 ], [ 28.403672, 45.30216 ], [ 28.403659, 45.301667 ], [ 28.403659, 45.301532 ], [ 28.403658, 45.300415 ] ] ] } },
{ "type": "Feature", "properties": { "DRVAL1": null, "OBJNAM": null, "NOBJNM": null, "TRAFIC": null, "INFORM": null, "SCAMIN": 90000 }, "geometry": { "type": "Polygon", "coordinates": [ [ [ 28.321653, 45.351591 ], [ 28.321079, 45.352258 ], [ 28.320454, 45.35296 ], [ 28.319475, 45.354051 ], [ 28.31831, 45.35537 ], [ 28.31749, 45.35651 ], [ 28.31685, 45.3573 ], [ 28.31622, 45.35808 ], [ 28.31552, 45.35895 ], [ 28.31489, 45.35974 ], [ 28.31427, 45.36053 ], [ 28.31366, 45.36132 ], [ 28.31244, 45.36292 ], [ 28.31185, 45.36372 ], [ 28.31126, 45.36453 ], [ 28.31068, 45.36534 ], [ 28.30954, 45.36696 ], [ 28.30898, 45.36777 ], [ 28.30837, 45.36866 ], [ 28.30781, 45.36948 ], [ 28.30726, 45.37029 ], [ 28.30614, 45.37191 ], [ 28.30559, 45.37272 ], [ 28.30502, 45.37352 ], [ 28.30446, 45.37433 ], [ 28.30388, 45.37513 ], [ 28.3033, 45.37592 ], [ 28.30271, 45.37671 ], [ 28.3021, 45.37749 ], [ 28.30147, 45.37827 ], [ 28.30083, 45.37903 ], [ 28.30017, 45.37979 ], [ 28.29949, 45.38054 ], [ 28.29879, 45.38128 ], [ 28.29808, 45.382 ], [ 28.29733, 45.3827 ], [ 28.29654, 45.38338 ], [ 28.29571, 45.38404 ], [ 28.29486, 45.38469 ], [ 28.29398, 45.38534 ], [ 28.2931, 45.38598 ], [ 28.2922, 45.38662 ], [ 28.2913, 45.38725 ], [ 28.29039, 45.38789 ], [ 28.28949, 45.38852 ], [ 28.28858, 45.38916 ], [ 28.28767, 45.38981 ], [ 28.28677, 45.39048 ], [ 28.2859, 45.39117 ], [ 28.28507, 45.39191 ], [ 28.28437, 45.39261 ], [ 28.28368, 45.39344 ], [ 28.2831, 45.39432 ], [ 28.28266, 45.39525 ], [ 28.28237, 45.39619 ], [ 28.28219, 45.39714 ], [ 28.2821, 45.39807 ], [ 28.28207, 45.399 ], [ 28.28208, 45.39992 ], [ 28.28214, 45.40084 ], [ 28.28222, 45.40175 ], [ 28.28233, 45.40266 ], [ 28.28245, 45.40356 ], [ 28.28258, 45.40447 ], [ 28.28288, 45.40627 ], [ 28.28305, 45.40717 ], [ 28.28322, 45.40806 ], [ 28.2834, 45.40896 ], [ 28.28358, 45.40985 ], [ 28.28377, 45.41075 ], [ 28.28434, 45.41342 ], [ 28.28452, 45.4143 ], [ 28.28466, 45.41518 ], [ 28.28477, 45.41606 ], [ 28.28485, 45.41703 ], [ 28.28492, 45.41793 ], [ 28.28499, 45.41884 ], [ 28.2851, 45.41985 ], [ 28.28523, 45.42076 ], [ 28.28539, 45.42166 ], [ 28.28556, 45.42256 ], [ 28.28572, 45.42345 ], [ 28.28587, 45.42434 ], [ 28.286, 45.42522 ], [ 28.2861, 45.4261 ], [ 28.28617, 45.42698 ], [ 28.2862, 45.42787 ], [ 28.2862, 45.42875 ], [ 28.28616, 45.42963 ], [ 28.28609, 45.43051 ], [ 28.28598, 45.43139 ], [ 28.28584, 45.43227 ], [ 28.28567, 45.43315 ], [ 28.28547, 45.43402 ], [ 28.28524, 45.43489 ], [ 28.28496, 45.43585 ], [ 28.28468, 45.43672 ], [ 28.28438, 45.43758 ], [ 28.28405, 45.43843 ], [ 28.28369, 45.43928 ], [ 28.2833, 45.44012 ], [ 28.28288, 45.44095 ], [ 28.28243, 45.44177 ], [ 28.282244, 45.442067 ], [ 28.282869, 45.442061 ], [ 28.283745, 45.442051 ], [ 28.284333, 45.442044 ], [ 28.28468, 45.44142 ], [ 28.28512, 45.44056 ], [ 28.28552, 45.43968 ], [ 28.28589, 45.4388 ], [ 28.28623, 45.43792 ], [ 28.28655, 45.43703 ], [ 28.28681, 45.43623 ], [ 28.28707, 45.43533 ], [ 28.28731, 45.43443 ], [ 28.28753, 45.43353 ], [ 28.28771, 45.43262 ], [ 28.28786, 45.43171 ], [ 28.28797, 45.43088 ], [ 28.28806, 45.42996 ], [ 28.2881, 45.42905 ], [ 28.28812, 45.42813 ], [ 28.2881, 45.42721 ], [ 28.28803, 45.42619 ], [ 28.28793, 45.42528 ], [ 28.2878, 45.42437 ], [ 28.28765, 45.42346 ], [ 28.28749, 45.42256 ], [ 28.28732, 45.42167 ], [ 28.28717, 45.42078 ], [ 28.28703, 45.4199 ], [ 28.28693, 45.41902 ], [ 28.28685, 45.41813 ], [ 28.28679, 45.41723 ], [ 28.28671, 45.41633 ], [ 28.28661, 45.41532 ], [ 28.28647, 45.4144 ], [ 28.28629, 45.41349 ], [ 28.28611, 45.4126 ], [ 28.28591, 45.41171 ], [ 28.28553, 45.40993 ], [ 28.28517, 45.40815 ], [ 28.28483, 45.40637 ], [ 28.28453, 45.40459 ], [ 28.28439, 45.4037 ], [ 28.28427, 45.40281 ], [ 28.28416, 45.40192 ], [ 28.28407, 45.40103 ], [ 28.28401, 45.40006 ], [ 28.28398, 45.39918 ], [ 28.284, 45.3983 ], [ 28.28407, 45.39744 ], [ 28.28422, 45.39659 ], [ 28.28445, 45.39576 ], [ 28.2848, 45.39497 ], [ 28.28526, 45.39422 ], [ 28.28585, 45.39349 ], [ 28.28653, 45.39279 ], [ 28.28729, 45.39211 ], [ 28.2881, 45.39146 ], [ 28.28896, 45.39081 ], [ 28.28994, 45.39011 ], [ 28.29084, 45.38948 ], [ 28.29175, 45.38884 ], [ 28.29265, 45.38821 ], [ 28.29356, 45.38756 ], [ 28.29446, 45.38692 ], [ 28.29536, 45.38627 ], [ 28.29625, 45.38561 ], [ 28.29713, 45.38494 ], [ 28.298, 45.38425 ], [ 28.29891, 45.38346 ], [ 28.2997, 45.38272 ], [ 28.30038, 45.38204 ], [ 28.3011, 45.38128 ], [ 28.30179, 45.38051 ], [ 28.30247, 45.37973 ], [ 28.30313, 45.37894 ], [ 28.30377, 45.37815 ], [ 28.30439, 45.37735 ], [ 28.30499, 45.37655 ], [ 28.30559, 45.37574 ], [ 28.30617, 45.37493 ], [ 28.30731, 45.37331 ], [ 28.30792, 45.37242 ], [ 28.30848, 45.3716 ], [ 28.30904, 45.37079 ], [ 28.30959, 45.36998 ], [ 28.31015, 45.36917 ], [ 28.3107, 45.36836 ], [ 28.31126, 45.36755 ], [ 28.31183, 45.36674 ], [ 28.31239, 45.36594 ], [ 28.31355, 45.36434 ], [ 28.31414, 45.36355 ], [ 28.31473, 45.36275 ], [ 28.31534, 45.36196 ], [ 28.31595, 45.36118 ], [ 28.31657, 45.36039 ], [ 28.31719, 45.35961 ], [ 28.31782, 45.35883 ], [ 28.318473, 45.358015 ], [ 28.31908, 45.35726 ], [ 28.31972, 45.35648 ], [ 28.320369, 45.355765 ], [ 28.321348, 45.354639 ], [ 28.322371, 45.353687 ], [ 28.323353, 45.352795 ], [ 28.324644, 45.351577 ], [ 28.323122, 45.351573 ], [ 28.322072, 45.351588 ], [ 28.321653, 45.351591 ] ] ] } },
{ "type": "Feature", "properties": { "DRVAL1": null, "OBJNAM": null, "NOBJNM": null, "TRAFIC": null, "INFORM": null, "SCAMIN": 90000 }, "geometry": { "type": "Polygon", "coordinates": [ [ [ 28.282244, 45.442067 ], [ 28.28218, 45.44216 ], [ 28.28165, 45.44295 ], [ 28.28106, 45.4437 ], [ 28.28041, 45.44444 ], [ 28.27971, 45.44517 ], [ 28.27897, 45.44589 ], [ 28.27821, 45.4466 ], [ 28.27736, 45.44736 ], [ 28.27656, 45.44802 ], [ 28.27571, 45.44866 ], [ 28.27483, 45.44927 ], [ 28.27391, 45.44986 ], [ 28.27295, 45.45042 ], [ 28.27196, 45.45096 ], [ 28.27095, 45.45149 ], [ 28.26992, 45.452 ], [ 28.26888, 45.4525 ], [ 28.26782, 45.45299 ], [ 28.26675, 45.45347 ], [ 28.26567, 45.45393 ], [ 28.26458, 45.45438 ], [ 28.26348, 45.45481 ], [ 28.26237, 45.45523 ], [ 28.26124, 45.45563 ], [ 28.26011, 45.45601 ], [ 28.25896, 45.45637 ], [ 28.2578, 45.45671 ], [ 28.25662, 45.45702 ], [ 28.25542, 45.45733 ], [ 28.25422, 45.45765 ], [ 28.25301, 45.45798 ], [ 28.25181, 45.45832 ], [ 28.25062, 45.45866 ], [ 28.24943, 45.45901 ], [ 28.24589, 45.46009 ], [ 28.2446, 45.46048 ], [ 28.24343, 45.46085 ], [ 28.24225, 45.46121 ], [ 28.24108, 45.46158 ], [ 28.23991, 45.46194 ], [ 28.23874, 45.46231 ], [ 28.23763, 45.462644 ], [ 28.236331, 45.46304 ], [ 28.235216, 45.463374 ], [ 28.234019, 45.463726 ], [ 28.23271, 45.464092 ], [ 28.231615, 45.464413 ], [ 28.230417, 45.464754 ], [ 28.229387, 45.465028 ], [ 28.227471, 45.465577 ], [ 28.226457, 45.46579 ], [ 28.225505, 45.465972 ], [ 28.224273, 45.466193 ], [ 28.223078, 45.466388 ], [ 28.222107, 45.466497 ], [ 28.220848, 45.466659 ], [ 28.219534, 45.466791 ], [ 28.2182, 45.46691 ], [ 28.216928, 45.467 ], [ 28.216544, 45.467024 ], [ 28.216555, 45.467611 ], [ 28.216572, 45.468372 ], [ 28.21711, 45.46834 ], [ 28.21839, 45.46825 ], [ 28.22223, 45.46795 ], [ 28.22353, 45.46783 ], [ 28.22483, 45.46767 ], [ 28.22614, 45.46745 ], [ 28.22742, 45.46718 ], [ 28.22866, 45.46687 ], [ 28.22988, 45.46653 ], [ 28.23108, 45.46618 ], [ 28.23344, 45.46546 ], [ 28.23812, 45.46398 ], [ 28.23929, 45.46362 ], [ 28.24163, 45.46288 ], [ 28.2428, 45.46252 ], [ 28.24397, 45.46215 ], [ 28.24748, 45.46107 ], [ 28.24866, 45.46071 ], [ 28.24983, 45.46036 ], [ 28.25101, 45.46001 ], [ 28.25218, 45.45967 ], [ 28.25336, 45.45933 ], [ 28.25454, 45.45901 ], [ 28.25573, 45.45869 ], [ 28.25693, 45.45838 ], [ 28.25814, 45.45806 ], [ 28.25936, 45.45772 ], [ 28.26056, 45.45735 ], [ 28.26174, 45.45696 ], [ 28.26291, 45.45655 ], [ 28.26406, 45.45613 ], [ 28.26531, 45.45564 ], [ 28.26643, 45.45518 ], [ 28.26754, 45.45471 ], [ 28.26864, 45.45422 ], [ 28.26973, 45.45373 ], [ 28.2708, 45.45322 ], [ 28.27187, 45.45269 ], [ 28.27292, 45.45214 ], [ 28.27395, 45.45158 ], [ 28.27496, 45.451 ], [ 28.27595, 45.45038 ], [ 28.27691, 45.44973 ], [ 28.27781, 45.44906 ], [ 28.27868, 45.44835 ], [ 28.2795, 45.44763 ], [ 28.28028, 45.4469 ], [ 28.28105, 45.44617 ], [ 28.2818, 45.44541 ], [ 28.28244, 45.4447 ], [ 28.28311, 45.44389 ], [ 28.28371, 45.44306 ], [ 28.28424, 45.4422 ], [ 28.284333, 45.442044 ], [ 28.283745, 45.442051 ], [ 28.282869, 45.442061 ], [ 28.282244, 45.442067 ] ] ] } },
{ "type": "Feature", "properties": { "DRVAL1": null, "OBJNAM": null, "NOBJNM": null, "TRAFIC": null, "INFORM": null, "SCAMIN": 90000 }, "geometry": { "type": "Polygon", "coordinates": [ [ [ 28.216544, 45.467024 ], [ 28.215926, 45.467068 ], [ 28.214881, 45.467132 ], [ 28.2136, 45.467213 ], [ 28.212356, 45.467281 ], [ 28.211113, 45.467391 ], [ 28.209921, 45.467445 ], [ 28.208724, 45.467506 ], [ 28.206887, 45.467593 ], [ 28.206116, 45.467623 ], [ 28.205005, 45.467635 ], [ 28.203863, 45.467562 ], [ 28.203132, 45.467476 ], [ 28.202336, 45.467322 ], [ 28.201567, 45.467118 ], [ 28.200975, 45.46695 ], [ 28.200435, 45.46679 ], [ 28.199916, 45.466607 ], [ 28.199324, 45.466367 ], [ 28.198659, 45.466082 ], [ 28.198025, 45.465732 ], [ 28.197548, 45.465455 ], [ 28.196976, 45.465054 ], [ 28.196537, 45.464709 ], [ 28.196145, 45.464369 ], [ 28.195699, 45.463932 ], [ 28.195325, 45.46356 ], [ 28.195034, 45.463217 ], [ 28.194567, 45.462692 ], [ 28.194193, 45.462218 ], [ 28.193966, 45.46193 ], [ 28.193583, 45.461459 ], [ 28.193128, 45.460854 ], [ 28.192619, 45.460169 ], [ 28.191937, 45.459127 ], [ 28.19147, 45.45827 ], [ 28.191242, 45.457874 ], [ 28.191038, 45.457412 ], [ 28.190817, 45.456878 ], [ 28.190561, 45.45606 ], [ 28.190226, 45.455152 ], [ 28.189962, 45.454261 ], [ 28.18934, 45.452564 ], [ 28.189053, 45.451707 ], [ 28.188861, 45.450816 ], [ 28.188765, 45.449958 ], [ 28.188762, 45.448545 ], [ 28.18879, 45.447665 ], [ 28.188934, 45.446556 ], [ 28.189029, 45.445648 ], [ 28.189221, 45.44474 ], [ 28.189795, 45.442084 ], [ 28.189987, 45.441025 ], [ 28.191743, 45.433192 ], [ 28.192668, 45.42974 ], [ 28.193428, 45.427367 ], [ 28.193869, 45.42585 ], [ 28.194221, 45.424426 ], [ 28.194398, 45.423652 ], [ 28.194558, 45.422928 ], [ 28.194712, 45.422174 ], [ 28.19475, 45.421475 ], [ 28.194827, 45.420722 ], [ 28.194711, 45.41978 ], [ 28.194732, 45.419222 ], [ 28.194756, 45.418752 ], [ 28.194708, 45.418147 ], [ 28.194637, 45.417575 ], [ 28.194565, 45.417138 ], [ 28.194421, 45.416533 ], [ 28.194254, 45.416113 ], [ 28.193991, 45.415676 ], [ 28.193847, 45.415391 ], [ 28.193704, 45.415071 ], [ 28.193345, 45.414466 ], [ 28.19301, 45.414096 ], [ 28.192579, 45.413609 ], [ 28.192101, 45.413172 ], [ 28.191766, 45.41292 ], [ 28.191368, 45.412658 ], [ 28.191114, 45.412453 ], [ 28.190846, 45.412257 ], [ 28.190564, 45.412072 ], [ 28.190268, 45.411897 ], [ 28.18996, 45.411734 ], [ 28.18964, 45.411582 ], [ 28.189309, 45.411442 ], [ 28.188968, 45.411314 ], [ 28.188618, 45.411199 ], [ 28.18826, 45.411097 ], [ 28.187895, 45.411009 ], [ 28.187524, 45.410934 ], [ 28.186572, 45.410761 ], [ 28.186108, 45.410685 ], [ 28.18564, 45.410627 ], [ 28.185168, 45.410587 ], [ 28.184694, 45.410563 ], [ 28.184219, 45.410558 ], [ 28.183744, 45.410569 ], [ 28.18327, 45.410599 ], [ 28.1828, 45.410645 ], [ 28.182333, 45.410709 ], [ 28.181872, 45.41079 ], [ 28.181417, 45.410888 ], [ 28.179597, 45.411317 ], [ 28.178817, 45.411522 ], [ 28.178237, 45.411704 ], [ 28.17767, 45.411907 ], [ 28.176395, 45.41242 ], [ 28.176127, 45.412554 ], [ 28.17472, 45.413223 ], [ 28.173715, 45.413713 ], [ 28.172815, 45.41422 ], [ 28.171834, 45.414803 ], [ 28.17046, 45.415753 ], [ 28.169905, 45.416204 ], [ 28.168212, 45.41752 ], [ 28.166375, 45.418786 ], [ 28.164382, 45.420099 ], [ 28.162929, 45.420945 ], [ 28.162375, 45.421267 ], [ 28.161352, 45.421878 ], [ 28.160272, 45.422491 ], [ 28.159359, 45.422987 ], [ 28.158155, 45.423657 ], [ 28.157159, 45.424124 ], [ 28.156195, 45.424639 ], [ 28.155191, 45.425125 ], [ 28.15421, 45.42561 ], [ 28.153027, 45.426253 ], [ 28.15189, 45.426801 ], [ 28.150908, 45.427318 ], [ 28.149815, 45.427898 ], [ 28.148523, 45.428557 ], [ 28.14754, 45.429105 ], [ 28.14667, 45.429606 ], [ 28.145755, 45.430124 ], [ 28.144372, 45.430923 ], [ 28.142967, 45.431628 ], [ 28.141673, 45.432317 ], [ 28.140736, 45.432756 ], [ 28.139844, 45.433163 ], [ 28.139121, 45.433462 ], [ 28.139121, 45.433681 ], [ 28.139121, 45.434393 ], [ 28.139135, 45.435335 ], [ 28.140125, 45.434877 ], [ 28.140911, 45.434513 ], [ 28.142319, 45.433836 ], [ 28.143434, 45.433288 ], [ 28.144594, 45.432676 ], [ 28.146265, 45.43185 ], [ 28.147495, 45.431188 ], [ 28.148566, 45.430655 ], [ 28.150087, 45.429916 ], [ 28.151533, 45.429119 ], [ 28.152912, 45.428402 ], [ 28.154746, 45.427395 ], [ 28.156972, 45.426239 ], [ 28.157757, 45.425812 ], [ 28.158783, 45.425295 ], [ 28.159742, 45.424747 ], [ 28.16059, 45.424292 ], [ 28.161728, 45.42365 ], [ 28.162754, 45.423054 ], [ 28.163758, 45.422521 ], [ 28.165048, 45.421788 ], [ 28.165832, 45.42133 ], [ 28.167144, 45.420502 ], [ 28.168107, 45.419919 ], [ 28.169374, 45.419123 ], [ 28.170694, 45.418211 ], [ 28.171809, 45.417454 ], [ 28.173052, 45.416612 ], [ 28.174737, 45.415638 ], [ 28.175941, 45.415025 ], [ 28.177352, 45.414354 ], [ 28.178245, 45.413961 ], [ 28.179304, 45.413525 ], [ 28.180404, 45.413138 ], [ 28.181361, 45.412819 ], [ 28.182485, 45.412499 ], [ 28.183633, 45.412331 ], [ 28.184782, 45.412247 ], [ 28.185714, 45.412264 ], [ 28.186719, 45.412419 ], [ 28.187413, 45.41255 ], [ 28.188417, 45.412836 ], [ 28.189255, 45.413138 ], [ 28.190116, 45.413642 ], [ 28.190857, 45.414264 ], [ 28.191431, 45.414987 ], [ 28.191814, 45.415659 ], [ 28.192029, 45.416248 ], [ 28.192245, 45.41729 ], [ 28.192269, 45.417962 ], [ 28.192245, 45.418382 ], [ 28.192245, 45.418987 ], [ 28.192253, 45.419484 ], [ 28.192213, 45.420184 ], [ 28.192205, 45.42087 ], [ 28.192175, 45.421395 ], [ 28.192051, 45.422363 ], [ 28.191859, 45.423439 ], [ 28.191714, 45.424219 ], [ 28.191466, 45.42582 ], [ 28.190544, 45.430339 ], [ 28.190109, 45.433079 ], [ 28.189775, 45.434776 ], [ 28.189396, 45.436558 ], [ 28.188955, 45.438353 ], [ 28.188734, 45.439251 ], [ 28.188536, 45.440118 ], [ 28.188293, 45.441173 ], [ 28.188073, 45.442086 ], [ 28.187715, 45.443696 ], [ 28.187531, 45.444519 ], [ 28.187369, 45.445245 ], [ 28.187054, 45.446531 ], [ 28.186957, 45.447283 ], [ 28.186909, 45.447922 ], [ 28.186873, 45.448796 ], [ 28.186933, 45.449788 ], [ 28.1871, 45.450914 ], [ 28.187268, 45.451536 ], [ 28.187603, 45.452662 ], [ 28.187878, 45.453603 ], [ 28.188141, 45.45436 ], [ 28.188378, 45.455148 ], [ 28.188651, 45.455862 ], [ 28.188886, 45.45658 ], [ 28.189126, 45.457235 ], [ 28.189385, 45.457807 ], [ 28.189619, 45.45824 ], [ 28.189993, 45.458853 ], [ 28.190353, 45.459352 ], [ 28.190537, 45.459627 ], [ 28.191074, 45.460488 ], [ 28.19153, 45.461237 ], [ 28.192011, 45.461963 ], [ 28.192425, 45.462503 ], [ 28.192811, 45.463001 ], [ 28.193568, 45.463753 ], [ 28.194243, 45.464366 ], [ 28.194391, 45.464524 ], [ 28.195208, 45.465236 ], [ 28.195995, 45.465844 ], [ 28.197024, 45.466482 ], [ 28.198139, 45.467021 ], [ 28.199475, 45.467499 ], [ 28.200769, 45.467834 ], [ 28.201891, 45.468049 ], [ 28.203316, 45.468262 ], [ 28.204604, 45.468406 ], [ 28.205915, 45.468523 ], [ 28.207324, 45.468611 ], [ 28.208373, 45.468642 ], [ 28.209859, 45.46866 ], [ 28.211036, 45.46864 ], [ 28.21228, 45.468609 ], [ 28.212821, 45.468582 ], [ 28.216177, 45.468392 ], [ 28.216572, 45.468372 ], [ 28.216555, 45.467611 ], [ 28.216544, 45.467024 ] ] ] } },
{ "type": "Feature", "properties": { "DRVAL1": null, "OBJNAM": null, "NOBJNM": null, "TRAFIC": null, "INFORM": null, "SCAMIN": 90000 }, "geometry": { "type": "Polygon", "coordinates": [ [ [ 28.024458, 45.396602 ], [ 28.024596, 45.397364 ], [ 28.024831, 45.398476 ], [ 28.025137, 45.399397 ], [ 28.025543, 45.400449 ], [ 28.026028, 45.401465 ], [ 28.026576, 45.402677 ], [ 28.027153, 45.403899 ], [ 28.027553, 45.404876 ], [ 28.028258, 45.406343 ], [ 28.029056, 45.407685 ], [ 28.030067, 45.409187 ], [ 28.030709, 45.410279 ], [ 28.031773, 45.411913 ], [ 28.0329, 45.413424 ], [ 28.033923, 45.414585 ], [ 28.034998, 45.415837 ], [ 28.036124, 45.416963 ], [ 28.037073, 45.417841 ], [ 28.037955, 45.418539 ], [ 28.039148, 45.419401 ], [ 28.040354, 45.420188 ], [ 28.04144, 45.420864 ], [ 28.042204, 45.421311 ], [ 28.043085, 45.421789 ], [ 28.044151, 45.422331 ], [ 28.045196, 45.422852 ], [ 28.046136, 45.423296 ], [ 28.047295, 45.423825 ], [ 28.048398, 45.424321 ], [ 28.050456, 45.425221 ], [ 28.051639, 45.425732 ], [ 28.052723, 45.426212 ], [ 28.056219, 45.427789 ], [ 28.056999, 45.428125 ], [ 28.058267, 45.428685 ], [ 28.06023, 45.429511 ], [ 28.061348, 45.430008 ], [ 28.063714, 45.431019 ], [ 28.064977, 45.431601 ], [ 28.065967, 45.432051 ], [ 28.066851, 45.432482 ], [ 28.068162, 45.433103 ], [ 28.069146, 45.433583 ], [ 28.070273, 45.434134 ], [ 28.071142, 45.434575 ], [ 28.072212, 45.435116 ], [ 28.073281, 45.435652 ], [ 28.074265, 45.436137 ], [ 28.075976, 45.436918 ], [ 28.0781, 45.43781 ], [ 28.079968, 45.43848 ], [ 28.081366, 45.438961 ], [ 28.083846, 45.439712 ], [ 28.086128, 45.440333 ], [ 28.088509, 45.440914 ], [ 28.089821, 45.441154 ], [ 28.091119, 45.441405 ], [ 28.092374, 45.441625 ], [ 28.09347, 45.441806 ], [ 28.095946, 45.442116 ], [ 28.097343, 45.442256 ], [ 28.09981, 45.442446 ], [ 28.101027, 45.44253 ], [ 28.102362, 45.442597 ], [ 28.103754, 45.442616 ], [ 28.104839, 45.442626 ], [ 28.106056, 45.442606 ], [ 28.107353, 45.442557 ], [ 28.108765, 45.442516 ], [ 28.110005, 45.442446 ], [ 28.111232, 45.442336 ], [ 28.112472, 45.442236 ], [ 28.115025, 45.441905 ], [ 28.116154, 45.44174 ], [ 28.117563, 45.441505 ], [ 28.12003, 45.441044 ], [ 28.121142, 45.440804 ], [ 28.122511, 45.440483 ], [ 28.124764, 45.439932 ], [ 28.127482, 45.439157 ], [ 28.128628, 45.438811 ], [ 28.130025, 45.43842 ], [ 28.131237, 45.43804 ], [ 28.132948, 45.437519 ], [ 28.134075, 45.437148 ], [ 28.135044, 45.436838 ], [ 28.136641, 45.436247 ], [ 28.13781, 45.435846 ], [ 28.138652, 45.435516 ], [ 28.139135, 45.435335 ], [ 28.139121, 45.434393 ], [ 28.139121, 45.433681 ], [ 28.139121, 45.433462 ], [ 28.138267, 45.433793 ], [ 28.137371, 45.434145 ], [ 28.136155, 45.434634 ], [ 28.133903, 45.435496 ], [ 28.13292, 45.435846 ], [ 28.132136, 45.436107 ], [ 28.130602, 45.436575 ], [ 28.127943, 45.437356 ], [ 28.126559, 45.437747 ], [ 28.12481, 45.438262 ], [ 28.122151, 45.438948 ], [ 28.120928, 45.439231 ], [ 28.119645, 45.439562 ], [ 28.11829, 45.439832 ], [ 28.117249, 45.439993 ], [ 28.115125, 45.440343 ], [ 28.114041, 45.440493 ], [ 28.112758, 45.440654 ], [ 28.111328, 45.440844 ], [ 28.109749, 45.440954 ], [ 28.108407, 45.441015 ], [ 28.107117, 45.44107 ], [ 28.106, 45.44107 ], [ 28.104883, 45.441079 ], [ 28.103774, 45.441074 ], [ 28.102719, 45.441044 ], [ 28.10135, 45.440974 ], [ 28.098598, 45.440794 ], [ 28.097486, 45.440704 ], [ 28.096217, 45.440559 ], [ 28.094969, 45.440398 ], [ 28.093671, 45.440218 ], [ 28.092602, 45.440063 ], [ 28.09129, 45.439842 ], [ 28.090406, 45.439682 ], [ 28.089288, 45.439441 ], [ 28.088239, 45.439183 ], [ 28.086028, 45.4386 ], [ 28.084937, 45.438319 ], [ 28.084317, 45.43813 ], [ 28.08349, 45.437869 ], [ 28.082264, 45.437469 ], [ 28.079783, 45.436568 ], [ 28.077416, 45.435616 ], [ 28.075748, 45.434865 ], [ 28.074607, 45.434314 ], [ 28.073595, 45.433824 ], [ 28.072639, 45.433303 ], [ 28.07167, 45.432812 ], [ 28.070429, 45.432231 ], [ 28.069445, 45.43174 ], [ 28.068305, 45.43121 ], [ 28.067421, 45.430799 ], [ 28.066152, 45.430238 ], [ 28.063971, 45.429267 ], [ 28.062916, 45.428786 ], [ 28.060689, 45.427805 ], [ 28.059566, 45.427344 ], [ 28.058529, 45.426899 ], [ 28.057704, 45.426525 ], [ 28.056686, 45.426072 ], [ 28.055317, 45.425461 ], [ 28.054025, 45.424894 ], [ 28.052851, 45.42436 ], [ 28.051792, 45.423904 ], [ 28.049722, 45.422973 ], [ 28.04871, 45.422512 ], [ 28.047598, 45.422021 ], [ 28.046572, 45.421545 ], [ 28.045438, 45.421007 ], [ 28.044545, 45.420563 ], [ 28.043186, 45.419773 ], [ 28.04198, 45.419044 ], [ 28.040895, 45.418307 ], [ 28.039998, 45.417606 ], [ 28.039095, 45.416811 ], [ 28.03793, 45.415791 ], [ 28.036811, 45.414742 ], [ 28.035774, 45.413649 ], [ 28.034692, 45.412359 ], [ 28.034001, 45.411471 ], [ 28.033174, 45.410254 ], [ 28.032576, 45.409237 ], [ 28.031735, 45.407955 ], [ 28.030954, 45.406615 ], [ 28.030305, 45.405374 ], [ 28.029127, 45.402948 ], [ 28.028215, 45.40097 ], [ 28.027802, 45.400038 ], [ 28.027303, 45.398947 ], [ 28.027061, 45.397955 ], [ 28.02689, 45.397224 ], [ 28.026766, 45.396572 ], [ 28.025618, 45.396591 ], [ 28.024458, 45.396602 ] ] ] } },
{ "type": "Feature", "properties": { "DRVAL1": null, "OBJNAM": null, "NOBJNM": null, "TRAFIC": null, "INFORM": null, "SCAMIN": 90000 }, "geometry": { "type": "Polygon", "coordinates": [ [ [ 27.997526, 45.306828 ], [ 27.9977, 45.30746 ], [ 27.998009, 45.308363 ], [ 27.998353, 45.309274 ], [ 27.998716, 45.310189 ], [ 27.999008, 45.311038 ], [ 27.999619, 45.313055 ], [ 27.999868, 45.314261 ], [ 28.00015, 45.315379 ], [ 28.000431, 45.316768 ], [ 28.000867, 45.318039 ], [ 28.001196, 45.318834 ], [ 28.005567, 45.326732 ], [ 28.006737, 45.328789 ], [ 28.007791, 45.330686 ], [ 28.008914, 45.332632 ], [ 28.009705, 45.334054 ], [ 28.010623, 45.335646 ], [ 28.011452, 45.336798 ], [ 28.01233, 45.338001 ], [ 28.0135, 45.339496 ], [ 28.014692, 45.340878 ], [ 28.015656, 45.342004 ], [ 28.016596, 45.343177 ], [ 28.017536, 45.344335 ], [ 28.01811, 45.345203 ], [ 28.018832, 45.346159 ], [ 28.019704, 45.347349 ], [ 28.020673, 45.34886 ], [ 28.021429, 45.349952 ], [ 28.022139, 45.350915 ], [ 28.023057, 45.352297 ], [ 28.023881, 45.353549 ], [ 28.024709, 45.355064 ], [ 28.025187, 45.355856 ], [ 28.025562, 45.356672 ], [ 28.025821, 45.357291 ], [ 28.026081, 45.358008 ], [ 28.026301, 45.358743 ], [ 28.026481, 45.36013 ], [ 28.02657, 45.360981 ], [ 28.026638, 45.361769 ], [ 28.026705, 45.362675 ], [ 28.02675, 45.363601 ], [ 28.026795, 45.364382 ], [ 28.026773, 45.365343 ], [ 28.026773, 45.366372 ], [ 28.026728, 45.368586 ], [ 28.026683, 45.369512 ], [ 28.02666, 45.370068 ], [ 28.026663, 45.37044 ], [ 28.026682, 45.371244 ], [ 28.026673, 45.37211 ], [ 28.026709, 45.373031 ], [ 28.0267, 45.373908 ], [ 28.026709, 45.37485 ], [ 28.026709, 45.375679 ], [ 28.02669, 45.376693 ], [ 28.026653, 45.377522 ], [ 28.026627, 45.378225 ], [ 28.026558, 45.379157 ], [ 28.026428, 45.380208 ], [ 28.026287, 45.381252 ], [ 28.026102, 45.382167 ], [ 28.025926, 45.383145 ], [ 28.025833, 45.383714 ], [ 28.025703, 45.384246 ], [ 28.025592, 45.384877 ], [ 28.025351, 45.385941 ], [ 28.025182, 45.387008 ], [ 28.025026, 45.388135 ], [ 28.024892, 45.38884 ], [ 28.024781, 45.389544 ], [ 28.024714, 45.390374 ], [ 28.024625, 45.391251 ], [ 28.02458, 45.392065 ], [ 28.02458, 45.39291 ], [ 28.024558, 45.393818 ], [ 28.024514, 45.394836 ], [ 28.024491, 45.395744 ], [ 28.024458, 45.396602 ], [ 28.025618, 45.396591 ], [ 28.026766, 45.396572 ], [ 28.026629, 45.395711 ], [ 28.026562, 45.394945 ], [ 28.02654, 45.393896 ], [ 28.026562, 45.392127 ], [ 28.026518, 45.391172 ], [ 28.02653, 45.389907 ], [ 28.026629, 45.389043 ], [ 28.026718, 45.388339 ], [ 28.026916, 45.387002 ], [ 28.027233, 45.385718 ], [ 28.027541, 45.384278 ], [ 28.027745, 45.383388 ], [ 28.027911, 45.382484 ], [ 28.028055, 45.381562 ], [ 28.028194, 45.380702 ], [ 28.02831, 45.380009 ], [ 28.028435, 45.37902 ], [ 28.028541, 45.37824 ], [ 28.028637, 45.376843 ], [ 28.028655, 45.375927 ], [ 28.028655, 45.374987 ], [ 28.028627, 45.374133 ], [ 28.02859, 45.373329 ], [ 28.028572, 45.372463 ], [ 28.028516, 45.371539 ], [ 28.028498, 45.370743 ], [ 28.02846, 45.370151 ], [ 28.02846, 45.368515 ], [ 28.028438, 45.367491 ], [ 28.028437, 45.36645 ], [ 28.02846, 45.365276 ], [ 28.028482, 45.364464 ], [ 28.02846, 45.363676 ], [ 28.028437, 45.362746 ], [ 28.028392, 45.361793 ], [ 28.028392, 45.360918 ], [ 28.028347, 45.359909 ], [ 28.028272, 45.358874 ], [ 28.028179, 45.35807 ], [ 28.02791, 45.357019 ], [ 28.027567, 45.356004 ], [ 28.027265, 45.355277 ], [ 28.026934, 45.354376 ], [ 28.026417, 45.353063 ], [ 28.02575, 45.351628 ], [ 28.024956, 45.350169 ], [ 28.02445, 45.349363 ], [ 28.02365, 45.348282 ], [ 28.023078, 45.347576 ], [ 28.022255, 45.346486 ], [ 28.021268, 45.345136 ], [ 28.020535, 45.344044 ], [ 28.019964, 45.34329 ], [ 28.019002, 45.342134 ], [ 28.018017, 45.340962 ], [ 28.015701, 45.338435 ], [ 28.014485, 45.337133 ], [ 28.013514, 45.335942 ], [ 28.01271, 45.334766 ], [ 28.012009, 45.333562 ], [ 28.011101, 45.331951 ], [ 28.009901, 45.329963 ], [ 28.008915, 45.32805 ], [ 28.007829, 45.326061 ], [ 28.005774, 45.322504 ], [ 28.003462, 45.318529 ], [ 28.00289, 45.31748 ], [ 28.00248, 45.316395 ], [ 28.002224, 45.315294 ], [ 28.001968, 45.314261 ], [ 28.001785, 45.313514 ], [ 28.001511, 45.312624 ], [ 28.001091, 45.311483 ], [ 28.000857, 45.310863 ], [ 28.000403, 45.30977 ], [ 28.000094, 45.308883 ], [ 27.999805, 45.307968 ], [ 27.999631, 45.307308 ], [ 27.999464, 45.306811 ], [ 27.998736, 45.306807 ], [ 27.997526, 45.306828 ] ] ] } },
{ "type": "Feature", "properties": { "DRVAL1": null, "OBJNAM": null, "NOBJNM": null, "TRAFIC": null, "INFORM": null, "SCAMIN": 90000 }, "geometry": { "type": "Polygon", "coordinates": [ [ [ 27.999464, 45.306811 ], [ 27.99924, 45.30597 ], [ 27.99902, 45.30509 ], [ 27.99881, 45.30421 ], [ 27.99861, 45.30332 ], [ 27.99842, 45.30244 ], [ 27.99806, 45.30066 ], [ 27.99774, 45.29888 ], [ 27.99758, 45.29798 ], [ 27.99741, 45.29709 ], [ 27.99725, 45.29619 ], [ 27.99709, 45.2953 ], [ 27.99692, 45.2944 ], [ 27.99654, 45.2926 ], [ 27.99631, 45.2917 ], [ 27.99605, 45.29079 ], [ 27.99575, 45.28989 ], [ 27.99541, 45.289 ], [ 27.99502, 45.28812 ], [ 27.99462, 45.28725 ], [ 27.99419, 45.28639 ], [ 27.99375, 45.28554 ], [ 27.9933, 45.28469 ], [ 27.99284, 45.28384 ], [ 27.99238, 45.283 ], [ 27.99191, 45.28216 ], [ 27.99047, 45.27964 ], [ 27.98998, 45.27881 ], [ 27.98949, 45.27797 ], [ 27.989, 45.27714 ], [ 27.9885, 45.27631 ], [ 27.988, 45.27547 ], [ 27.98698, 45.27381 ], [ 27.98647, 45.27299 ], [ 27.98594, 45.27216 ], [ 27.98542, 45.27133 ], [ 27.98434, 45.26969 ], [ 27.98376, 45.26886 ], [ 27.98313, 45.26804 ], [ 27.98244, 45.26724 ], [ 27.98165, 45.26646 ], [ 27.98081, 45.26573 ], [ 27.97995, 45.26505 ], [ 27.97908, 45.26438 ], [ 27.97823, 45.26372 ], [ 27.9774, 45.26305 ], [ 27.97659, 45.26237 ], [ 27.97582, 45.26168 ], [ 27.97508, 45.26098 ], [ 27.97439, 45.26026 ], [ 27.973576, 45.259317 ], [ 27.972506, 45.257976 ], [ 27.971623, 45.256873 ], [ 27.971258, 45.25629 ], [ 27.971029, 45.255784 ], [ 27.970812, 45.255254 ], [ 27.970699, 45.254741 ], [ 27.970478, 45.253393 ], [ 27.97002, 45.2511 ], [ 27.9697, 45.25023 ], [ 27.96901, 45.24839 ], [ 27.96867, 45.24751 ], [ 27.96832, 45.24664 ], [ 27.96795, 45.24577 ], [ 27.96756, 45.2449 ], [ 27.96714, 45.24403 ], [ 27.966638, 45.243172 ], [ 27.966147, 45.242362 ], [ 27.96583, 45.241771 ], [ 27.965441, 45.241033 ], [ 27.965339, 45.240884 ], [ 27.965144, 45.240599 ], [ 27.964927, 45.24039 ], [ 27.964561, 45.240021 ], [ 27.964127, 45.239604 ], [ 27.963716, 45.239235 ], [ 27.963236, 45.238834 ], [ 27.962505, 45.238224 ], [ 27.962067, 45.237909 ], [ 27.960561, 45.238786 ], [ 27.960953, 45.239095 ], [ 27.961736, 45.239698 ], [ 27.96225, 45.240069 ], [ 27.962535, 45.240349 ], [ 27.962878, 45.240674 ], [ 27.963232, 45.241037 ], [ 27.963556, 45.241338 ], [ 27.963945, 45.241867 ], [ 27.964425, 45.242653 ], [ 27.96478, 45.2434 ], [ 27.96522, 45.24423 ], [ 27.96563, 45.24506 ], [ 27.96602, 45.24591 ], [ 27.96638, 45.24676 ], [ 27.96673, 45.24762 ], [ 27.96707, 45.24848 ], [ 27.9674, 45.24935 ], [ 27.96772, 45.25022 ], [ 27.968002, 45.251094 ], [ 27.968176, 45.251961 ], [ 27.968252, 45.25293 ], [ 27.968332, 45.253476 ], [ 27.968676, 45.255065 ], [ 27.968836, 45.255534 ], [ 27.969052, 45.256129 ], [ 27.969419, 45.256805 ], [ 27.96983, 45.257486 ], [ 27.970794, 45.258818 ], [ 27.971813, 45.259942 ], [ 27.97256, 45.26074 ], [ 27.97329, 45.26153 ], [ 27.97399, 45.26221 ], [ 27.97478, 45.26294 ], [ 27.97561, 45.26365 ], [ 27.97646, 45.26434 ], [ 27.97733, 45.26502 ], [ 27.97819, 45.26569 ], [ 27.97903, 45.26635 ], [ 27.97983, 45.26701 ], [ 27.98057, 45.2677 ], [ 27.98123, 45.26841 ], [ 27.98183, 45.26917 ], [ 27.98239, 45.26995 ], [ 27.98293, 45.27075 ], [ 27.98347, 45.27156 ], [ 27.98503, 45.27402 ], [ 27.98553, 45.27485 ], [ 27.98604, 45.27567 ], [ 27.98704, 45.27733 ], [ 27.98851, 45.27982 ], [ 27.98899, 45.28065 ], [ 27.98947, 45.28149 ], [ 27.98994, 45.28232 ], [ 27.99041, 45.28316 ], [ 27.99087, 45.28399 ], [ 27.99133, 45.28483 ], [ 27.99178, 45.28567 ], [ 27.99222, 45.28651 ], [ 27.99264, 45.28735 ], [ 27.99305, 45.2882 ], [ 27.99343, 45.28904 ], [ 27.99377, 45.28989 ], [ 27.99408, 45.29074 ], [ 27.99434, 45.2916 ], [ 27.99457, 45.29247 ], [ 27.99477, 45.29334 ], [ 27.99513, 45.29512 ], [ 27.99561, 45.29779 ], [ 27.99577, 45.29869 ], [ 27.99594, 45.29959 ], [ 27.9961, 45.30048 ], [ 27.99627, 45.30138 ], [ 27.99645, 45.30228 ], [ 27.99664, 45.30317 ], [ 27.99686, 45.30416 ], [ 27.99707, 45.30505 ], [ 27.99729, 45.30595 ], [ 27.997526, 45.306828 ], [ 27.998736, 45.306807 ], [ 27.999464, 45.306811 ] ] ] } },
{ "type": "Feature", "properties": { "DRVAL1": null, "OBJNAM": null, "NOBJNM": null, "TRAFIC": null, "INFORM": null, "SCAMIN": 90000 }, "geometry": { "type": "Polygon", "coordinates": [ [ [ 27.958077, 45.217151 ], [ 27.95774, 45.21758 ], [ 27.95715, 45.21841 ], [ 27.9566, 45.21925 ], [ 27.95611, 45.22011 ], [ 27.95565, 45.22098 ], [ 27.95524, 45.22186 ], [ 27.95487, 45.22275 ], [ 27.95455, 45.22365 ], [ 27.95428, 45.22456 ], [ 27.95407, 45.22548 ], [ 27.95395, 45.22642 ], [ 27.9539, 45.22736 ], [ 27.95392, 45.2283 ], [ 27.95399, 45.22922 ], [ 27.95411, 45.23014 ], [ 27.95428, 45.23106 ], [ 27.95451, 45.23199 ], [ 27.95481, 45.2329 ], [ 27.95522, 45.23382 ], [ 27.95576, 45.23471 ], [ 27.95644, 45.23556 ], [ 27.95722, 45.23635 ], [ 27.95808, 45.23707 ], [ 27.958633, 45.2375 ], [ 27.95907, 45.23782 ], [ 27.960084, 45.238451 ], [ 27.960561, 45.238786 ], [ 27.962067, 45.237909 ], [ 27.961602, 45.237614 ], [ 27.960916, 45.237117 ], [ 27.960322, 45.236652 ], [ 27.958405, 45.2351 ], [ 27.95769, 45.23441 ], [ 27.95719, 45.23366 ], [ 27.95679, 45.23288 ], [ 27.95648, 45.23205 ], [ 27.95624, 45.23121 ], [ 27.95607, 45.23034 ], [ 27.95594, 45.22947 ], [ 27.95585, 45.22859 ], [ 27.95581, 45.22772 ], [ 27.95582, 45.22686 ], [ 27.95591, 45.226 ], [ 27.956032, 45.225177 ], [ 27.9563, 45.22429 ], [ 27.95659, 45.22344 ], [ 27.95692, 45.2226 ], [ 27.9573, 45.22176 ], [ 27.95771, 45.22093 ], [ 27.95816, 45.22011 ], [ 27.95866, 45.21931 ], [ 27.9592, 45.21852 ], [ 27.95979, 45.21776 ], [ 27.960318, 45.217132 ], [ 27.959186, 45.217141 ], [ 27.958077, 45.217151 ] ] ] } },
{ "type": "Feature", "properties": { "DRVAL1": null, "OBJNAM": null, "NOBJNM": null, "TRAFIC": null, "INFORM": null, "SCAMIN": 22000 }, "geometry": { "type": "Polygon", "coordinates": [ [ [ 22.574879, 44.29933 ], [ 22.574912, 44.29886 ], [ 22.574949, 44.298407 ], [ 22.575169, 44.298365 ], [ 22.58005, 44.297576 ], [ 22.587384, 44.296389 ], [ 22.588264, 44.296238 ], [ 22.589134, 44.296068 ], [ 22.590936, 44.295693 ], [ 22.597254, 44.294378 ], [ 22.604474, 44.292874 ], [ 22.605396, 44.292687 ], [ 22.606328, 44.292511 ], [ 22.607263, 44.292347 ], [ 22.608203, 44.292196 ], [ 22.609147, 44.292057 ], [ 22.610094, 44.291932 ], [ 22.611044, 44.291819 ], [ 22.611997, 44.291719 ], [ 22.612952, 44.291632 ], [ 22.61391, 44.291558 ], [ 22.614865, 44.291496 ], [ 22.615801, 44.29144 ], [ 22.616433, 44.291383 ], [ 22.617065, 44.291326 ], [ 22.617697, 44.291271 ], [ 22.618329, 44.291215 ], [ 22.618961, 44.291161 ], [ 22.619593, 44.291107 ], [ 22.620226, 44.291054 ], [ 22.620858, 44.291001 ], [ 22.621491, 44.290949 ], [ 22.622124, 44.290898 ], [ 22.622756, 44.290847 ], [ 22.623389, 44.290797 ], [ 22.624022, 44.290748 ], [ 22.624655, 44.290699 ], [ 22.625289, 44.29065 ], [ 22.625922, 44.290603 ], [ 22.626555, 44.290556 ], [ 22.627189, 44.29051 ], [ 22.627838, 44.290501 ], [ 22.640686, 44.289591 ], [ 22.651603, 44.288672 ], [ 22.65876, 44.287897 ], [ 22.661251, 44.287591 ], [ 22.663425, 44.287252 ], [ 22.665028, 44.286833 ], [ 22.667617, 44.285958 ], [ 22.66941, 44.285135 ], [ 22.671457, 44.284216 ], [ 22.672499, 44.283681 ], [ 22.673554, 44.2831 ], [ 22.675218, 44.282079 ], [ 22.676139, 44.28145 ], [ 22.677313, 44.280478 ], [ 22.678669, 44.279317 ], [ 22.680058, 44.278027 ], [ 22.681153, 44.27693 ], [ 22.682168, 44.275705 ], [ 22.682658, 44.274557 ], [ 22.682993, 44.273156 ], [ 22.683082, 44.26993 ], [ 22.683161, 44.265858 ], [ 22.683367, 44.26168 ], [ 22.683606, 44.257713 ], [ 22.683574, 44.255274 ], [ 22.683328, 44.25333 ], [ 22.682702, 44.251124 ], [ 22.681648, 44.248436 ], [ 22.680091, 44.245579 ], [ 22.678528, 44.243205 ], [ 22.676832, 44.240732 ], [ 22.675695, 44.23904 ], [ 22.674239, 44.236657 ], [ 22.673282, 44.235005 ], [ 22.672394, 44.233225 ], [ 22.671077, 44.230258 ], [ 22.670592, 44.228532 ], [ 22.67037, 44.226967 ], [ 22.670273, 44.225651 ], [ 22.670273, 44.224483 ], [ 22.670398, 44.223536 ], [ 22.670606, 44.222569 ], [ 22.670883, 44.221737 ], [ 22.671541, 44.220391 ], [ 22.672719, 44.218868 ], [ 22.673901, 44.217536 ], [ 22.675216, 44.216039 ], [ 22.676401, 44.214768 ], [ 22.67725, 44.215242 ], [ 22.678085, 44.215675 ], [ 22.677527, 44.216313 ], [ 22.676655, 44.217304 ], [ 22.674985, 44.219116 ], [ 22.673869, 44.220382 ], [ 22.673273, 44.221334 ], [ 22.672837, 44.222138 ], [ 22.672616, 44.223065 ], [ 22.672463, 44.224018 ], [ 22.67238, 44.224851 ], [ 22.672352, 44.225737 ], [ 22.672408, 44.227046 ], [ 22.672727, 44.228725 ], [ 22.673281, 44.230363 ], [ 22.674573, 44.232905 ], [ 22.675303, 44.234217 ], [ 22.676237, 44.235884 ], [ 22.677596, 44.237929 ], [ 22.678936, 44.239875 ], [ 22.681168, 44.242592 ], [ 22.682796, 44.244923 ], [ 22.683938, 44.246761 ], [ 22.684877, 44.248814 ], [ 22.68581, 44.251721 ], [ 22.686167, 44.253338 ], [ 22.686366, 44.255475 ], [ 22.686239, 44.258019 ], [ 22.685979, 44.261301 ], [ 22.685626, 44.265837 ], [ 22.685442, 44.269803 ], [ 22.685164, 44.272142 ], [ 22.684759, 44.274408 ], [ 22.684436, 44.275509 ], [ 22.684096, 44.276486 ], [ 22.683782, 44.277127 ], [ 22.683441, 44.277672 ], [ 22.682918, 44.278346 ], [ 22.682209, 44.27917 ], [ 22.68067, 44.280459 ], [ 22.678836, 44.28194 ], [ 22.677393, 44.282947 ], [ 22.675887, 44.283834 ], [ 22.674248, 44.284721 ], [ 22.671925, 44.285781 ], [ 22.669468, 44.286816 ], [ 22.666504, 44.287801 ], [ 22.664243, 44.288398 ], [ 22.662695, 44.288713 ], [ 22.661732, 44.288864 ], [ 22.660481, 44.289093 ], [ 22.659302, 44.289317 ], [ 22.65221, 44.290681 ], [ 22.63796, 44.293355 ], [ 22.625148, 44.294264 ], [ 22.616509, 44.295237 ], [ 22.613689, 44.295651 ], [ 22.610923, 44.296143 ], [ 22.608475, 44.296661 ], [ 22.606434, 44.297279 ], [ 22.604886, 44.297867 ], [ 22.603672, 44.298355 ], [ 22.602164, 44.299057 ], [ 22.601204, 44.299524 ], [ 22.600323, 44.299968 ], [ 22.599323, 44.300508 ], [ 22.598319, 44.301073 ], [ 22.597343, 44.30175 ], [ 22.596406, 44.302442 ], [ 22.595517, 44.303218 ], [ 22.594398, 44.304335 ], [ 22.593225, 44.305624 ], [ 22.591978, 44.307019 ], [ 22.589113, 44.31041 ], [ 22.588256, 44.311396 ], [ 22.587157, 44.312461 ], [ 22.585517, 44.313792 ], [ 22.584674, 44.314321 ], [ 22.584033, 44.314674 ], [ 22.583326, 44.314963 ], [ 22.582437, 44.31538 ], [ 22.581348, 44.315813 ], [ 22.580402, 44.31613 ], [ 22.579224, 44.316518 ], [ 22.577549, 44.316968 ], [ 22.573473, 44.318014 ], [ 22.573499, 44.317698 ], [ 22.573521, 44.317364 ], [ 22.578561, 44.315589 ], [ 22.579864, 44.315123 ], [ 22.581011, 44.314723 ], [ 22.582134, 44.314273 ], [ 22.583081, 44.313815 ], [ 22.583587, 44.313493 ], [ 22.58419, 44.31315 ], [ 22.584793, 44.312718 ], [ 22.586078, 44.311643 ], [ 22.586955, 44.310777 ], [ 22.5876, 44.310024 ], [ 22.589288, 44.308132 ], [ 22.590819, 44.306359 ], [ 22.59191, 44.30511 ], [ 22.592838, 44.304054 ], [ 22.593751, 44.303046 ], [ 22.594513, 44.302321 ], [ 22.595624, 44.301264 ], [ 22.596665, 44.300302 ], [ 22.59791, 44.299422 ], [ 22.599497, 44.298394 ], [ 22.600798, 44.29766 ], [ 22.602267, 44.29695 ], [ 22.604042, 44.296241 ], [ 22.605469, 44.295808 ], [ 22.607468, 44.29534 ], [ 22.611937, 44.29452 ], [ 22.616367, 44.29383 ], [ 22.619104, 44.293484 ], [ 22.624164, 44.292704 ], [ 22.629418, 44.291816 ], [ 22.624276, 44.291978 ], [ 22.622062, 44.291977 ], [ 22.621361, 44.291987 ], [ 22.621084, 44.292007 ], [ 22.620687, 44.292034 ], [ 22.62029, 44.292061 ], [ 22.619893, 44.292088 ], [ 22.619497, 44.292114 ], [ 22.6191, 44.29214 ], [ 22.618702, 44.292166 ], [ 22.618305, 44.292191 ], [ 22.617908, 44.292216 ], [ 22.617511, 44.292241 ], [ 22.617113, 44.292265 ], [ 22.616716, 44.292289 ], [ 22.616319, 44.292313 ], [ 22.615905, 44.292337 ], [ 22.614969, 44.292393 ], [ 22.614033, 44.292453 ], [ 22.613099, 44.292526 ], [ 22.612167, 44.292611 ], [ 22.611237, 44.292708 ], [ 22.61031, 44.292818 ], [ 22.609386, 44.292941 ], [ 22.608465, 44.293076 ], [ 22.607548, 44.293223 ], [ 22.606635, 44.293383 ], [ 22.605727, 44.293555 ], [ 22.604823, 44.293739 ], [ 22.593993, 44.295994 ], [ 22.58948, 44.296933 ], [ 22.588573, 44.29711 ], [ 22.587725, 44.297256 ], [ 22.584909, 44.297712 ], [ 22.574879, 44.299334 ], [ 22.574879, 44.29933 ] ] ] } },
{ "type": "Feature", "properties": { "DRVAL1": null, "OBJNAM": null, "NOBJNM": null, "TRAFIC": null, "INFORM": null, "SCAMIN": 22000 }, "geometry": { "type": "Polygon", "coordinates": [ [ [ 22.566517, 44.3012 ], [ 22.566505, 44.301205 ], [ 22.566319, 44.301298 ], [ 22.566316, 44.301345 ], [ 22.566148, 44.301441 ], [ 22.566125, 44.30143 ], [ 22.565925, 44.30153 ], [ 22.565416, 44.301779 ], [ 22.564549, 44.302205 ], [ 22.563983, 44.30248 ], [ 22.563707, 44.302617 ], [ 22.563622, 44.302657 ], [ 22.563197, 44.302869 ], [ 22.563139, 44.302899 ], [ 22.563114, 44.302911 ], [ 22.563071, 44.302933 ], [ 22.563247, 44.303121 ], [ 22.563303, 44.303177 ], [ 22.563352, 44.303154 ], [ 22.563376, 44.303142 ], [ 22.563397, 44.303132 ], [ 22.563868, 44.302904 ], [ 22.56391, 44.302883 ], [ 22.564105, 44.302789 ], [ 22.564804, 44.302448 ], [ 22.565347, 44.302181 ], [ 22.565768, 44.301974 ], [ 22.566109, 44.301806 ], [ 22.566495, 44.301615 ], [ 22.566551, 44.301588 ], [ 22.566618, 44.301594 ], [ 22.566773, 44.301515 ], [ 22.566776, 44.301506 ], [ 22.566643, 44.301438 ], [ 22.566561, 44.301394 ], [ 22.566517, 44.3012 ] ] ] } },
{ "type": "Feature", "properties": { "DRVAL1": null, "OBJNAM": null, "NOBJNM": null, "TRAFIC": null, "INFORM": null, "SCAMIN": 22000 }, "geometry": { "type": "Polygon", "coordinates": [ [ [ 22.567621, 44.300708 ], [ 22.567583, 44.300724 ], [ 22.56754, 44.300742 ], [ 22.567283, 44.300865 ], [ 22.566867, 44.301069 ], [ 22.566709, 44.301136 ], [ 22.566608, 44.301188 ], [ 22.566572, 44.30121 ], [ 22.566553, 44.30122 ], [ 22.566594, 44.301378 ], [ 22.566784, 44.301477 ], [ 22.567111, 44.30132 ], [ 22.567303, 44.30123 ], [ 22.567487, 44.301154 ], [ 22.56774, 44.301054 ], [ 22.568375, 44.300816 ], [ 22.569088, 44.300562 ], [ 22.57038, 44.300185 ], [ 22.570953, 44.30004 ], [ 22.572067, 44.299803 ], [ 22.573445, 44.299569 ], [ 22.574879, 44.29933 ], [ 22.574912, 44.29886 ], [ 22.574949, 44.298407 ], [ 22.57388, 44.29862 ], [ 22.571766, 44.299118 ], [ 22.570996, 44.299346 ], [ 22.570349, 44.299577 ], [ 22.568255, 44.300441 ], [ 22.567927, 44.300583 ], [ 22.567643, 44.300699 ], [ 22.567621, 44.300708 ] ] ] } },
{ "type": "Feature", "properties": { "DRVAL1": null, "OBJNAM": null, "NOBJNM": null, "TRAFIC": null, "INFORM": null, "SCAMIN": 22000 }, "geometry": { "type": "Polygon", "coordinates": [ [ [ 22.56096, 44.303953 ], [ 22.561979, 44.303456 ], [ 22.562697, 44.303106 ], [ 22.562848, 44.303033 ], [ 22.562886, 44.303022 ], [ 22.56299, 44.302974 ], [ 22.563033, 44.302952 ], [ 22.56313, 44.303053 ], [ 22.563265, 44.303195 ], [ 22.563146, 44.303251 ], [ 22.563041, 44.303313 ], [ 22.562698, 44.303531 ], [ 22.562021, 44.30396 ], [ 22.561135, 44.304605 ], [ 22.560287, 44.305302 ], [ 22.559516, 44.306025 ], [ 22.558817, 44.306771 ], [ 22.552799, 44.313566 ], [ 22.550249, 44.316337 ], [ 22.545266, 44.322165 ], [ 22.543058, 44.324337 ], [ 22.540733, 44.326618 ], [ 22.539157, 44.328138 ], [ 22.537737, 44.329424 ], [ 22.539437, 44.328457 ], [ 22.542094, 44.327146 ], [ 22.544612, 44.326022 ], [ 22.547131, 44.32517 ], [ 22.549398, 44.32459 ], [ 22.550952, 44.324153 ], [ 22.556857, 44.322594 ], [ 22.564706, 44.320348 ], [ 22.564948, 44.320273 ], [ 22.564995, 44.32026 ], [ 22.565409, 44.320133 ], [ 22.566434, 44.319814 ], [ 22.567803, 44.319394 ], [ 22.568431, 44.319202 ], [ 22.568438, 44.31917 ], [ 22.568475, 44.319157 ], [ 22.569177, 44.318909 ], [ 22.569404, 44.318832 ], [ 22.572192, 44.317861 ], [ 22.572578, 44.317717 ], [ 22.573521, 44.317364 ], [ 22.573499, 44.317698 ], [ 22.573473, 44.318014 ], [ 22.572735, 44.318221 ], [ 22.572308, 44.318351 ], [ 22.571112, 44.318719 ], [ 22.57003, 44.319047 ], [ 22.569268, 44.319278 ], [ 22.568572, 44.319488 ], [ 22.568522, 44.319503 ], [ 22.567022, 44.319955 ], [ 22.565584, 44.320395 ], [ 22.565092, 44.320555 ], [ 22.565044, 44.320571 ], [ 22.549663, 44.32539 ], [ 22.548668, 44.325752 ], [ 22.545866, 44.326899 ], [ 22.542911, 44.32832 ], [ 22.541717, 44.328972 ], [ 22.540523, 44.329682 ], [ 22.539475, 44.330373 ], [ 22.53788, 44.331424 ], [ 22.535669, 44.332989 ], [ 22.534151, 44.334354 ], [ 22.532606, 44.335874 ], [ 22.530735, 44.337972 ], [ 22.528823, 44.340367 ], [ 22.527498, 44.342041 ], [ 22.526218, 44.344062 ], [ 22.524294, 44.34729 ], [ 22.515515, 44.363172 ], [ 22.511727, 44.363023 ], [ 22.520311, 44.346402 ], [ 22.522333, 44.343116 ], [ 22.523855, 44.34059 ], [ 22.525755, 44.337858 ], [ 22.527891, 44.335153 ], [ 22.533091, 44.330513 ], [ 22.53722, 44.32731 ], [ 22.53883, 44.325717 ], [ 22.541771, 44.322973 ], [ 22.546277, 44.318775 ], [ 22.549716, 44.315263 ], [ 22.553649, 44.31085 ], [ 22.556986, 44.307109 ], [ 22.557793, 44.306227 ], [ 22.558633, 44.305481 ], [ 22.559434, 44.304886 ], [ 22.560419, 44.30426 ], [ 22.560537, 44.304188 ], [ 22.560683, 44.304105 ], [ 22.56096, 44.303953 ] ] ] } },
{ "type": "Feature", "properties": { "DRVAL1": null, "OBJNAM": null, "NOBJNM": null, "TRAFIC": null, "INFORM": null, "SCAMIN": 22000 }, "geometry": { "type": "Polygon", "coordinates": [ [ [ 22.500704, 44.416553 ], [ 22.498592, 44.416481 ], [ 22.499377, 44.413737 ], [ 22.499586, 44.41225 ], [ 22.499662, 44.41114 ], [ 22.499678, 44.410237 ], [ 22.499632, 44.408831 ], [ 22.498984, 44.397447 ], [ 22.498816, 44.396068 ], [ 22.498514, 44.392452 ], [ 22.498713, 44.390579 ], [ 22.499211, 44.388658 ], [ 22.500225, 44.38581 ], [ 22.500957, 44.384114 ], [ 22.5026, 44.38095 ], [ 22.505198, 44.375863 ], [ 22.507346, 44.371786 ], [ 22.509271, 44.367912 ], [ 22.5117, 44.36309 ], [ 22.511727, 44.363023 ], [ 22.515515, 44.363172 ], [ 22.51229, 44.369419 ], [ 22.510063, 44.373939 ], [ 22.506791, 44.380665 ], [ 22.504463, 44.385717 ], [ 22.503651, 44.38778 ], [ 22.503116, 44.389631 ], [ 22.502709, 44.391347 ], [ 22.502535, 44.39274 ], [ 22.502485, 44.393964 ], [ 22.502784, 44.39909 ], [ 22.502941, 44.401625 ], [ 22.503071, 44.404667 ], [ 22.503373, 44.40925 ], [ 22.503393, 44.410534 ], [ 22.503373, 44.411963 ], [ 22.503342, 44.412961 ], [ 22.50317, 44.414513 ], [ 22.502717, 44.416652 ], [ 22.500704, 44.416553 ] ] ] } },
{ "type": "Feature", "properties": { "DRVAL1": null, "OBJNAM": null, "NOBJNM": null, "TRAFIC": null, "INFORM": null, "SCAMIN": 22000 }, "geometry": { "type": "Polygon", "coordinates": [ [ [ 22.511536, 44.472089 ], [ 22.511429, 44.473484 ], [ 22.509378, 44.473885 ], [ 22.505402, 44.474821 ], [ 22.500055, 44.47612 ], [ 22.49495, 44.47734 ], [ 22.488889, 44.478743 ], [ 22.48038, 44.48075 ], [ 22.477732, 44.481363 ], [ 22.4755, 44.48177 ], [ 22.47288, 44.482132 ], [ 22.47039, 44.48228 ], [ 22.468678, 44.48232 ], [ 22.46683, 44.4822 ], [ 22.465124, 44.481836 ], [ 22.46369, 44.48137 ], [ 22.461796, 44.480641 ], [ 22.460208, 44.479791 ], [ 22.458904, 44.478906 ], [ 22.457637, 44.477881 ], [ 22.456343, 44.476692 ], [ 22.455293, 44.475594 ], [ 22.45427, 44.47435 ], [ 22.453587, 44.47294 ], [ 22.453186, 44.471554 ], [ 22.452994, 44.470234 ], [ 22.453031, 44.469284 ], [ 22.453222, 44.467972 ], [ 22.453623, 44.46577 ], [ 22.454462, 44.462651 ], [ 22.455591, 44.459841 ], [ 22.45688, 44.45682 ], [ 22.458449, 44.453209 ], [ 22.460152, 44.449316 ], [ 22.461334, 44.446651 ], [ 22.462914, 44.443647 ], [ 22.463866, 44.442344 ], [ 22.464817, 44.441293 ], [ 22.46586, 44.440241 ], [ 22.467235, 44.43918 ], [ 22.468799, 44.438262 ], [ 22.471315, 44.437048 ], [ 22.474414, 44.435775 ], [ 22.477725, 44.434437 ], [ 22.480302, 44.43343 ], [ 22.482481, 44.432423 ], [ 22.484996, 44.430884 ], [ 22.487403, 44.42945 ], [ 22.489434, 44.428036 ], [ 22.491749, 44.4264 ], [ 22.494027, 44.424123 ], [ 22.495289, 44.422414 ], [ 22.496345, 44.420846 ], [ 22.497239, 44.419304 ], [ 22.497997, 44.417945 ], [ 22.498592, 44.416481 ], [ 22.500501, 44.41656 ], [ 22.502717, 44.416652 ], [ 22.50203, 44.418318 ], [ 22.501083, 44.420056 ], [ 22.500081, 44.421781 ], [ 22.498917, 44.42348 ], [ 22.49751, 44.42515 ], [ 22.496371, 44.426412 ], [ 22.49475, 44.42791 ], [ 22.492532, 44.429458 ], [ 22.490212, 44.430913 ], [ 22.48696, 44.432801 ], [ 22.484613, 44.434104 ], [ 22.482267, 44.435248 ], [ 22.479237, 44.436731 ], [ 22.476914, 44.437989 ], [ 22.473827, 44.439763 ], [ 22.472204, 44.44086 ], [ 22.470835, 44.441828 ], [ 22.469531, 44.442924 ], [ 22.468544, 44.444053 ], [ 22.46743, 44.445537 ], [ 22.466126, 44.447472 ], [ 22.464757, 44.449858 ], [ 22.46358, 44.452051 ], [ 22.460966, 44.45765 ], [ 22.459738, 44.460931 ], [ 22.458876, 44.463321 ], [ 22.458168, 44.465849 ], [ 22.457772, 44.467529 ], [ 22.457418, 44.469754 ], [ 22.457273, 44.470669 ], [ 22.45738, 44.471875 ], [ 22.45777, 44.472943 ], [ 22.458658, 44.474165 ], [ 22.459679, 44.47519 ], [ 22.460814, 44.476191 ], [ 22.462004, 44.47706 ], [ 22.463382, 44.47796 ], [ 22.464764, 44.478621 ], [ 22.466255, 44.47901 ], [ 22.467865, 44.479212 ], [ 22.46946, 44.4793 ], [ 22.470889, 44.479346 ], [ 22.47282, 44.47925 ], [ 22.47506, 44.478994 ], [ 22.476381, 44.478757 ], [ 22.478324, 44.478413 ], [ 22.482425, 44.477536 ], [ 22.490512, 44.475672 ], [ 22.495212, 44.474581 ], [ 22.499468, 44.473607 ], [ 22.50901, 44.47125 ], [ 22.511658, 44.470718 ], [ 22.511536, 44.472089 ] ] ] } },
{ "type": "Feature", "properties": { "DRVAL1": null, "OBJNAM": null, "NOBJNM": null, "TRAFIC": null, "INFORM": null, "SCAMIN": 22000 }, "geometry": { "type": "Polygon", "coordinates": [ [ [ 22.581252, 44.547609 ], [ 22.581156, 44.54887 ], [ 22.57932, 44.54836 ], [ 22.576451, 44.547432 ], [ 22.573946, 44.546426 ], [ 22.572178, 44.545434 ], [ 22.570887, 44.54459 ], [ 22.56932, 44.543465 ], [ 22.567575, 44.541963 ], [ 22.565017, 44.539535 ], [ 22.564177, 44.538422 ], [ 22.5633, 44.537086 ], [ 22.562672, 44.535839 ], [ 22.5621, 44.534482 ], [ 22.561696, 44.533234 ], [ 22.56139, 44.531649 ], [ 22.561125, 44.529796 ], [ 22.560902, 44.525761 ], [ 22.560763, 44.522323 ], [ 22.560358, 44.506027 ], [ 22.560051, 44.504309 ], [ 22.559621, 44.502237 ], [ 22.559131, 44.500345 ], [ 22.558492, 44.498292 ], [ 22.557261, 44.495004 ], [ 22.555938, 44.492062 ], [ 22.55529, 44.490708 ], [ 22.55479, 44.489827 ], [ 22.554195, 44.488931 ], [ 22.553303, 44.487792 ], [ 22.552616, 44.486994 ], [ 22.55191, 44.48638 ], [ 22.550215, 44.485006 ], [ 22.54839, 44.48384 ], [ 22.54444, 44.48154 ], [ 22.541442, 44.479985 ], [ 22.53874, 44.47883 ], [ 22.536376, 44.477859 ], [ 22.534104, 44.476966 ], [ 22.531622, 44.4761 ], [ 22.52914, 44.475357 ], [ 22.526513, 44.474541 ], [ 22.52369, 44.47377 ], [ 22.5223, 44.473439 ], [ 22.520984, 44.473205 ], [ 22.519743, 44.473081 ], [ 22.518666, 44.473007 ], [ 22.516458, 44.472945 ], [ 22.515325, 44.472955 ], [ 22.514021, 44.473076 ], [ 22.512679, 44.473277 ], [ 22.511429, 44.473484 ], [ 22.511536, 44.472089 ], [ 22.511658, 44.470718 ], [ 22.512954, 44.470544 ], [ 22.514948, 44.470398 ], [ 22.516221, 44.470346 ], [ 22.517663, 44.470371 ], [ 22.519159, 44.470421 ], [ 22.520673, 44.470532 ], [ 22.521951, 44.47068 ], [ 22.523119, 44.470854 ], [ 22.52454, 44.471165 ], [ 22.526094, 44.471582 ], [ 22.527863, 44.472116 ], [ 22.530673, 44.473081 ], [ 22.533447, 44.473972 ], [ 22.536622, 44.475085 ], [ 22.540127, 44.476491 ], [ 22.54241, 44.47757 ], [ 22.54501, 44.47891 ], [ 22.54797, 44.4806 ], [ 22.55121, 44.48258 ], [ 22.552663, 44.483492 ], [ 22.554229, 44.484658 ], [ 22.555259, 44.485439 ], [ 22.556231, 44.486408 ], [ 22.557009, 44.487336 ], [ 22.558107, 44.48898 ], [ 22.558611, 44.489908 ], [ 22.559719, 44.492166 ], [ 22.560718, 44.494483 ], [ 22.562035, 44.49792 ], [ 22.562552, 44.499968 ], [ 22.562998, 44.502008 ], [ 22.563237, 44.504064 ], [ 22.563349, 44.505725 ], [ 22.564173, 44.52239 ], [ 22.564303, 44.525493 ], [ 22.564665, 44.528797 ], [ 22.565, 44.531026 ], [ 22.56553, 44.532705 ], [ 22.566282, 44.534504 ], [ 22.567133, 44.536089 ], [ 22.567983, 44.537337 ], [ 22.569317, 44.53865 ], [ 22.57172, 44.540924 ], [ 22.574862, 44.543003 ], [ 22.578671, 44.544936 ], [ 22.581366, 44.546093 ], [ 22.581252, 44.547609 ] ] ] } },
{ "type": "Feature", "properties": { "DRVAL1": null, "OBJNAM": null, "NOBJNM": null, "TRAFIC": null, "INFORM": null, "SCAMIN": 22000 }, "geometry": { "type": "Polygon", "coordinates": [ [ [ 22.657945, 44.53205 ], [ 22.653362, 44.534542 ], [ 22.646279, 44.538323 ], [ 22.639592, 44.541618 ], [ 22.633691, 44.544283 ], [ 22.628372, 44.546489 ], [ 22.62518, 44.54772 ], [ 22.622761, 44.548476 ], [ 22.620423, 44.549022 ], [ 22.618317, 44.549377 ], [ 22.616196, 44.549644 ], [ 22.613278, 44.549978 ], [ 22.610496, 44.55023 ], [ 22.608159, 44.550407 ], [ 22.606008, 44.550496 ], [ 22.604286, 44.55054 ], [ 22.602795, 44.550466 ], [ 22.600828, 44.550437 ], [ 22.598568, 44.550244 ], [ 22.596601, 44.550037 ], [ 22.594524, 44.549644 ], [ 22.592149, 44.54918 ], [ 22.589849, 44.548678 ], [ 22.586194, 44.547623 ], [ 22.581366, 44.546093 ], [ 22.581252, 44.547609 ], [ 22.581156, 44.54887 ], [ 22.58505, 44.54995 ], [ 22.588812, 44.550901 ], [ 22.592759, 44.55199 ], [ 22.595771, 44.552598 ], [ 22.597738, 44.552835 ], [ 22.599921, 44.553013 ], [ 22.601934, 44.553087 ], [ 22.603979, 44.553057 ], [ 22.605762, 44.553042 ], [ 22.608267, 44.552924 ], [ 22.611157, 44.552798 ], [ 22.613923, 44.552591 ], [ 22.617044, 44.552354 ], [ 22.619841, 44.552006 ], [ 22.622848, 44.551385 ], [ 22.62469, 44.550828 ], [ 22.626746, 44.550148 ], [ 22.630094, 44.548887 ], [ 22.635319, 44.546622 ], [ 22.64291, 44.543011 ], [ 22.65044, 44.539133 ], [ 22.654591, 44.536969 ], [ 22.657695, 44.535274 ], [ 22.657822, 44.533656 ], [ 22.657945, 44.53205 ] ] ] } },
{ "type": "Feature", "properties": { "DRVAL1": null, "OBJNAM": null, "NOBJNM": null, "TRAFIC": null, "INFORM": null, "SCAMIN": 22000 }, "geometry": { "type": "Polygon", "coordinates": [ [ [ 22.752901, 44.564886 ], [ 22.755187, 44.56203 ], [ 22.760532, 44.554739 ], [ 22.761527, 44.553113 ], [ 22.762341, 44.551418 ], [ 22.762806, 44.550081 ], [ 22.763182, 44.548575 ], [ 22.763472, 44.546144 ], [ 22.76338, 44.544442 ], [ 22.763119, 44.543109 ], [ 22.762658, 44.541836 ], [ 22.76183, 44.540736 ], [ 22.760587, 44.539574 ], [ 22.758943, 44.538572 ], [ 22.756038, 44.537056 ], [ 22.749228, 44.534536 ], [ 22.742067, 44.531976 ], [ 22.707235, 44.519069 ], [ 22.703057, 44.517734 ], [ 22.700198, 44.517289 ], [ 22.697391, 44.516982 ], [ 22.695291, 44.516889 ], [ 22.693063, 44.517074 ], [ 22.690725, 44.517523 ], [ 22.687767, 44.518526 ], [ 22.682799, 44.520863 ], [ 22.679219, 44.522869 ], [ 22.675457, 44.52506 ], [ 22.667619, 44.529773 ], [ 22.664085, 44.531799 ], [ 22.657695, 44.535274 ], [ 22.657822, 44.533656 ], [ 22.657945, 44.53205 ], [ 22.665393, 44.527739 ], [ 22.673277, 44.522926 ], [ 22.676348, 44.520973 ], [ 22.679599, 44.519059 ], [ 22.681952, 44.517792 ], [ 22.684573, 44.51665 ], [ 22.686813, 44.515658 ], [ 22.689571, 44.514808 ], [ 22.692459, 44.514187 ], [ 22.695285, 44.514024 ], [ 22.69742, 44.514068 ], [ 22.699125, 44.514201 ], [ 22.701838, 44.51472 ], [ 22.703549, 44.515164 ], [ 22.708335, 44.516685 ], [ 22.75074, 44.532568 ], [ 22.757901, 44.53534 ], [ 22.760591, 44.536595 ], [ 22.762566, 44.537914 ], [ 22.76378, 44.538995 ], [ 22.764668, 44.540057 ], [ 22.765194, 44.54083 ], [ 22.765655, 44.541644 ], [ 22.765978, 44.542414 ], [ 22.766316, 44.543672 ], [ 22.766469, 44.545064 ], [ 22.766485, 44.546825 ], [ 22.766316, 44.548897 ], [ 22.765931, 44.551281 ], [ 22.765462, 44.552867 ], [ 22.764954, 44.553917 ], [ 22.763638, 44.55607 ], [ 22.758761, 44.56256 ], [ 22.756664, 44.565037 ], [ 22.754924, 44.564975 ], [ 22.754013, 44.564936 ], [ 22.752901, 44.564886 ] ] ] } },
{ "type": "Feature", "properties": { "DRVAL1": null, "OBJNAM": null, "NOBJNM": null, "TRAFIC": null, "INFORM": null, "SCAMIN": 22000 }, "geometry": { "type": "Polygon", "coordinates": [ [ [ 22.702554, 44.609764 ], [ 22.702621, 44.608855 ], [ 22.702711, 44.607644 ], [ 22.703502, 44.607245 ], [ 22.704571, 44.60662 ], [ 22.706039, 44.605668 ], [ 22.706944, 44.604815 ], [ 22.707456, 44.604184 ], [ 22.706395, 44.604345 ], [ 22.70464, 44.604629 ], [ 22.703107, 44.604869 ], [ 22.702915, 44.604878 ], [ 22.702984, 44.603943 ], [ 22.703061, 44.602955 ], [ 22.7035, 44.602875 ], [ 22.704105, 44.602748 ], [ 22.704863, 44.602576 ], [ 22.705717, 44.602352 ], [ 22.706436, 44.602151 ], [ 22.706884, 44.602012 ], [ 22.707937, 44.601731 ], [ 22.708838, 44.601433 ], [ 22.70953, 44.601165 ], [ 22.710159, 44.600927 ], [ 22.710872, 44.60057 ], [ 22.711543, 44.600198 ], [ 22.712025, 44.5999 ], [ 22.712498, 44.599575 ], [ 22.738058, 44.579494 ], [ 22.742653, 44.575648 ], [ 22.745944, 44.57248 ], [ 22.749326, 44.568868 ], [ 22.752901, 44.564886 ], [ 22.754013, 44.564936 ], [ 22.754924, 44.564975 ], [ 22.756664, 44.565037 ], [ 22.752112, 44.570309 ], [ 22.748237, 44.574107 ], [ 22.744297, 44.577445 ], [ 22.742798, 44.578703 ], [ 22.714393, 44.601091 ], [ 22.709812, 44.605013 ], [ 22.708429, 44.606189 ], [ 22.706625, 44.607395 ], [ 22.704613, 44.608615 ], [ 22.702554, 44.609764 ] ] ] } },
{ "type": "Feature", "properties": { "DRVAL1": null, "OBJNAM": null, "NOBJNM": null, "TRAFIC": null, "INFORM": null, "SCAMIN": 22000 }, "geometry": { "type": "Polygon", "coordinates": [ [ [ 22.62653, 44.615186 ], [ 22.626607, 44.614268 ], [ 22.627668, 44.614283 ], [ 22.630007, 44.614357 ], [ 22.633054, 44.614549 ], [ 22.635516, 44.614786 ], [ 22.637542, 44.615006 ], [ 22.63948, 44.615183 ], [ 22.641373, 44.615376 ], [ 22.644789, 44.615775 ], [ 22.648728, 44.61619 ], [ 22.650821, 44.616397 ], [ 22.653532, 44.61658 ], [ 22.656224, 44.61661 ], [ 22.658329, 44.61659 ], [ 22.660521, 44.616594 ], [ 22.663631, 44.616532 ], [ 22.667546, 44.616396 ], [ 22.670363, 44.616161 ], [ 22.672278, 44.616014 ], [ 22.672283, 44.616014 ], [ 22.673528, 44.61574 ], [ 22.674508, 44.615515 ], [ 22.675364, 44.615155 ], [ 22.676273, 44.614667 ], [ 22.677109, 44.614138 ], [ 22.677766, 44.613654 ], [ 22.678379, 44.613137 ], [ 22.678943, 44.612589 ], [ 22.679465, 44.612001 ], [ 22.679924, 44.611416 ], [ 22.680222, 44.611055 ], [ 22.680502, 44.610736 ], [ 22.680762, 44.610453 ], [ 22.681009, 44.610197 ], [ 22.681602, 44.609621 ], [ 22.682311, 44.609 ], [ 22.683074, 44.608396 ], [ 22.683893, 44.607812 ], [ 22.684771, 44.607249 ], [ 22.685708, 44.606711 ], [ 22.686384, 44.606358 ], [ 22.687016, 44.606053 ], [ 22.687681, 44.605755 ], [ 22.688388, 44.605464 ], [ 22.68915, 44.605177 ], [ 22.689985, 44.604892 ], [ 22.690921, 44.604609 ], [ 22.692002, 44.604326 ], [ 22.693474, 44.604065 ], [ 22.69516, 44.603863 ], [ 22.698116, 44.603514 ], [ 22.699448, 44.603434 ], [ 22.70038, 44.603349 ], [ 22.70116, 44.603256 ], [ 22.701714, 44.603183 ], [ 22.702246, 44.603103 ], [ 22.703061, 44.602955 ], [ 22.702984, 44.603943 ], [ 22.702915, 44.604878 ], [ 22.702719, 44.604891 ], [ 22.702475, 44.604909 ], [ 22.702304, 44.604925 ], [ 22.699968, 44.605145 ], [ 22.697472, 44.605383 ], [ 22.695932, 44.605536 ], [ 22.694327, 44.605787 ], [ 22.692879, 44.605993 ], [ 22.691518, 44.606355 ], [ 22.690231, 44.60667 ], [ 22.689055, 44.607082 ], [ 22.688012, 44.607416 ], [ 22.687004, 44.607832 ], [ 22.685841, 44.608499 ], [ 22.684968, 44.609124 ], [ 22.68349, 44.61024 ], [ 22.682235, 44.611446 ], [ 22.681021, 44.612732 ], [ 22.680112, 44.613781 ], [ 22.678551, 44.61542 ], [ 22.680794, 44.61503 ], [ 22.683441, 44.614538 ], [ 22.68603, 44.613903 ], [ 22.688476, 44.613218 ], [ 22.691207, 44.612311 ], [ 22.69407, 44.611312 ], [ 22.697172, 44.610042 ], [ 22.700941, 44.608433 ], [ 22.702711, 44.607644 ], [ 22.702621, 44.608855 ], [ 22.702554, 44.609764 ], [ 22.700403, 44.610752 ], [ 22.695536, 44.612699 ], [ 22.690716, 44.61445 ], [ 22.686838, 44.615782 ], [ 22.684868, 44.616374 ], [ 22.682637, 44.616897 ], [ 22.679973, 44.617416 ], [ 22.677848, 44.617737 ], [ 22.675398, 44.61798 ], [ 22.67264, 44.618194 ], [ 22.668631, 44.618442 ], [ 22.664033, 44.618565 ], [ 22.660832, 44.618506 ], [ 22.658404, 44.618436 ], [ 22.656176, 44.61834 ], [ 22.654237, 44.618251 ], [ 22.652221, 44.6181 ], [ 22.650375, 44.617922 ], [ 22.648467, 44.617744 ], [ 22.644222, 44.61729 ], [ 22.640603, 44.61696 ], [ 22.637233, 44.616708 ], [ 22.634248, 44.61646 ], [ 22.631007, 44.616237 ], [ 22.627822, 44.616059 ], [ 22.626453, 44.616103 ], [ 22.62653, 44.615186 ] ] ] } },
{ "type": "Feature", "properties": { "DRVAL1": null, "OBJNAM": null, "NOBJNM": null, "TRAFIC": null, "INFORM": null, "SCAMIN": 22000 }, "geometry": { "type": "Polygon", "coordinates": [ [ [ 22.547042, 44.665843 ], [ 22.547085, 44.665305 ], [ 22.54873, 44.663989 ], [ 22.550285, 44.662583 ], [ 22.551724, 44.66115 ], [ 22.55311, 44.659488 ], [ 22.554435, 44.657919 ], [ 22.555507, 44.656636 ], [ 22.556624, 44.655301 ], [ 22.55789, 44.65375 ], [ 22.560991, 44.650477 ], [ 22.562173, 44.6493 ], [ 22.568348, 44.644086 ], [ 22.57063, 44.642283 ], [ 22.572146, 44.641048 ], [ 22.573565, 44.639961 ], [ 22.57552, 44.638533 ], [ 22.578064, 44.636601 ], [ 22.579371, 44.635628 ], [ 22.580496, 44.634854 ], [ 22.581457, 44.634212 ], [ 22.582729, 44.633438 ], [ 22.587163, 44.63105 ], [ 22.582198, 44.632263 ], [ 22.581456, 44.6324 ], [ 22.580298, 44.632633 ], [ 22.579604, 44.632795 ], [ 22.579078, 44.632899 ], [ 22.578735, 44.632964 ], [ 22.577592, 44.633255 ], [ 22.575877, 44.633868 ], [ 22.574897, 44.634211 ], [ 22.573835, 44.634713 ], [ 22.572074, 44.635692 ], [ 22.570221, 44.636912 ], [ 22.568446, 44.638189 ], [ 22.566752, 44.639521 ], [ 22.56601, 44.640144 ], [ 22.557941, 44.647058 ], [ 22.5531, 44.651205 ], [ 22.552062, 44.65207 ], [ 22.551206, 44.65273 ], [ 22.550318, 44.653369 ], [ 22.5494, 44.653986 ], [ 22.548453, 44.65458 ], [ 22.548323, 44.654658 ], [ 22.547874, 44.654926 ], [ 22.547925, 44.654252 ], [ 22.547969, 44.653685 ], [ 22.550306, 44.652066 ], [ 22.55729, 44.64616 ], [ 22.562171, 44.641731 ], [ 22.568408, 44.63678 ], [ 22.571166, 44.634968 ], [ 22.572748, 44.634063 ], [ 22.573679, 44.63357 ], [ 22.576425, 44.632047 ], [ 22.577327, 44.63161 ], [ 22.581097, 44.630641 ], [ 22.585099, 44.629857 ], [ 22.589362, 44.628835 ], [ 22.591394, 44.628213 ], [ 22.593487, 44.62731 ], [ 22.597617, 44.625325 ], [ 22.603788, 44.6221 ], [ 22.607728, 44.619998 ], [ 22.611019, 44.618428 ], [ 22.613728, 44.617228 ], [ 22.615143, 44.616666 ], [ 22.616313, 44.616237 ], [ 22.617667, 44.615778 ], [ 22.620683, 44.614934 ], [ 22.622883, 44.614549 ], [ 22.625483, 44.614297 ], [ 22.626607, 44.614268 ], [ 22.62653, 44.615186 ], [ 22.626453, 44.616103 ], [ 22.625473, 44.616173 ], [ 22.623329, 44.616399 ], [ 22.621468, 44.616696 ], [ 22.619575, 44.617125 ], [ 22.618005, 44.617628 ], [ 22.615051, 44.618783 ], [ 22.612268, 44.620174 ], [ 22.60956, 44.621486 ], [ 22.605266, 44.62364 ], [ 22.599263, 44.626808 ], [ 22.594764, 44.629101 ], [ 22.592363, 44.630365 ], [ 22.587799, 44.632574 ], [ 22.584424, 44.634509 ], [ 22.581947, 44.635991 ], [ 22.579746, 44.637539 ], [ 22.576729, 44.639853 ], [ 22.575702, 44.64061 ], [ 22.573762, 44.642068 ], [ 22.572148, 44.643336 ], [ 22.569833, 44.645262 ], [ 22.564624, 44.649816 ], [ 22.563443, 44.650977 ], [ 22.562006, 44.65246 ], [ 22.559765, 44.654846 ], [ 22.55831, 44.656544 ], [ 22.557055, 44.657984 ], [ 22.555353, 44.659875 ], [ 22.552684, 44.66226 ], [ 22.551638, 44.663119 ], [ 22.550687, 44.663866 ], [ 22.549461, 44.664758 ], [ 22.547023, 44.666198 ], [ 22.547042, 44.665843 ] ] ] } },
{ "type": "Feature", "properties": { "DRVAL1": null, "OBJNAM": null, "NOBJNM": null, "TRAFIC": null, "INFORM": null, "SCAMIN": 22000 }, "geometry": { "type": "Polygon", "coordinates": [ [ [ 22.467639, 44.713342 ], [ 22.467834, 44.710847 ], [ 22.471891, 44.708733 ], [ 22.476124, 44.705945 ], [ 22.480603, 44.702043 ], [ 22.48396, 44.699105 ], [ 22.488201, 44.695572 ], [ 22.492586, 44.691952 ], [ 22.500394, 44.685307 ], [ 22.509575, 44.678392 ], [ 22.510941, 44.677396 ], [ 22.512054, 44.67656 ], [ 22.514925, 44.67445 ], [ 22.518182, 44.672254 ], [ 22.521494, 44.670242 ], [ 22.52156, 44.670205 ], [ 22.521979, 44.669949 ], [ 22.522073, 44.670089 ], [ 22.522269, 44.670186 ], [ 22.522232, 44.670208 ], [ 22.522196, 44.670232 ], [ 22.521764, 44.670519 ], [ 22.520065, 44.671692 ], [ 22.518202, 44.673053 ], [ 22.516157, 44.674673 ], [ 22.513194, 44.677034 ], [ 22.507236, 44.681807 ], [ 22.501001, 44.687056 ], [ 22.4951, 44.691899 ], [ 22.486296, 44.699433 ], [ 22.47897, 44.706214 ], [ 22.474879, 44.709734 ], [ 22.478069, 44.708143 ], [ 22.484876, 44.703471 ], [ 22.496134, 44.695262 ], [ 22.505089, 44.689336 ], [ 22.517702, 44.682347 ], [ 22.523876, 44.679175 ], [ 22.529303, 44.676318 ], [ 22.529381, 44.676278 ], [ 22.529583, 44.676149 ], [ 22.52972, 44.676068 ], [ 22.529809, 44.676202 ], [ 22.530005, 44.676298 ], [ 22.529345, 44.676691 ], [ 22.524112, 44.679591 ], [ 22.516098, 44.684255 ], [ 22.513175, 44.686094 ], [ 22.507394, 44.68972 ], [ 22.499711, 44.695047 ], [ 22.494132, 44.698949 ], [ 22.480162, 44.708965 ], [ 22.478397, 44.710074 ], [ 22.47527, 44.711879 ], [ 22.47148, 44.71373 ], [ 22.46775, 44.71531 ], [ 22.467478, 44.715399 ], [ 22.467639, 44.713342 ] ] ] } },
{ "type": "Feature", "properties": { "DRVAL1": null, "OBJNAM": null, "NOBJNM": null, "TRAFIC": null, "INFORM": null, "SCAMIN": 22000 }, "geometry": { "type": "Polygon", "coordinates": [ [ [ 22.536175, 44.672227 ], [ 22.537917, 44.671169 ], [ 22.538944, 44.670548 ], [ 22.539581, 44.670164 ], [ 22.541761, 44.668864 ], [ 22.542756, 44.668259 ], [ 22.54388, 44.667556 ], [ 22.545582, 44.666475 ], [ 22.546173, 44.666057 ], [ 22.546669, 44.665655 ], [ 22.547085, 44.665305 ], [ 22.547042, 44.665843 ], [ 22.547023, 44.666198 ], [ 22.5464, 44.66656 ], [ 22.545752, 44.666956 ], [ 22.544142, 44.667926 ], [ 22.542833, 44.668725 ], [ 22.536609, 44.672381 ], [ 22.536459, 44.672467 ], [ 22.536272, 44.672375 ], [ 22.536175, 44.672227 ] ] ] } },
{ "type": "Feature", "properties": { "DRVAL1": null, "OBJNAM": null, "NOBJNM": null, "TRAFIC": null, "INFORM": null, "SCAMIN": 22000 }, "geometry": { "type": "Polygon", "coordinates": [ [ [ 22.533991, 44.662078 ], [ 22.543382, 44.656524 ], [ 22.545601, 44.655123 ], [ 22.546416, 44.654686 ], [ 22.547969, 44.653685 ], [ 22.547925, 44.654252 ], [ 22.547874, 44.654926 ], [ 22.544005, 44.657233 ], [ 22.540583, 44.659273 ], [ 22.534777, 44.662734 ], [ 22.53442, 44.662952 ], [ 22.53439, 44.662964 ], [ 22.531048, 44.664955 ], [ 22.52902, 44.666154 ], [ 22.529039, 44.666169 ], [ 22.528853, 44.66628 ], [ 22.528664, 44.666187 ], [ 22.528564, 44.666035 ], [ 22.528537, 44.666013 ], [ 22.528707, 44.665911 ], [ 22.528744, 44.665917 ], [ 22.528831, 44.665879 ], [ 22.529389, 44.664995 ], [ 22.529677, 44.664627 ], [ 22.531077, 44.663804 ], [ 22.533836, 44.662174 ], [ 22.533991, 44.662078 ] ] ] } },
{ "type": "Feature", "properties": { "DRVAL1": null, "OBJNAM": null, "NOBJNM": null, "TRAFIC": null, "INFORM": null, "SCAMIN": 22000 }, "geometry": { "type": "Polygon", "coordinates": [ [ [ 22.406884, 44.696439 ], [ 22.409715, 44.696543 ], [ 22.412543, 44.696658 ], [ 22.412951, 44.697772 ], [ 22.413328, 44.699224 ], [ 22.413924, 44.701882 ], [ 22.414841, 44.704107 ], [ 22.41555, 44.705143 ], [ 22.41632, 44.705928 ], [ 22.417322, 44.706683 ], [ 22.418832, 44.707423 ], [ 22.420219, 44.707867 ], [ 22.422377, 44.708326 ], [ 22.437155, 44.710842 ], [ 22.446883, 44.712549 ], [ 22.451584, 44.713393 ], [ 22.454512, 44.713867 ], [ 22.456223, 44.714 ], [ 22.457517, 44.71398 ], [ 22.45853, 44.71392 ], [ 22.459719, 44.713765 ], [ 22.46101, 44.71355 ], [ 22.46215, 44.71318 ], [ 22.46733, 44.71109 ], [ 22.467834, 44.710847 ], [ 22.467639, 44.713342 ], [ 22.467478, 44.715399 ], [ 22.46564, 44.716 ], [ 22.46043, 44.71741 ], [ 22.459, 44.7176 ], [ 22.457137, 44.717666 ], [ 22.455087, 44.717693 ], [ 22.45314, 44.717508 ], [ 22.450998, 44.71719 ], [ 22.448131, 44.716642 ], [ 22.444601, 44.715872 ], [ 22.441323, 44.715171 ], [ 22.43809, 44.714546 ], [ 22.420581, 44.711052 ], [ 22.418278, 44.710548 ], [ 22.415836, 44.709871 ], [ 22.414416, 44.709384 ], [ 22.413406, 44.708791 ], [ 22.412527, 44.708037 ], [ 22.41191, 44.707301 ], [ 22.411218, 44.706313 ], [ 22.410526, 44.704966 ], [ 22.409572, 44.70254 ], [ 22.408726, 44.700214 ], [ 22.408014, 44.698361 ], [ 22.407288, 44.697125 ], [ 22.406884, 44.696439 ] ] ] } },
{ "type": "Feature", "properties": { "DRVAL1": null, "OBJNAM": null, "NOBJNM": null, "TRAFIC": null, "INFORM": null, "SCAMIN": 22000 }, "geometry": { "type": "Polygon", "coordinates": [ [ [ 22.308887, 44.662558 ], [ 22.309058, 44.660596 ], [ 22.309204, 44.658905 ], [ 22.311283, 44.660607 ], [ 22.314532, 44.662702 ], [ 22.318305, 44.664819 ], [ 22.322347, 44.667038 ], [ 22.325058, 44.6684 ], [ 22.327738, 44.669821 ], [ 22.331342, 44.671479 ], [ 22.334478, 44.672345 ], [ 22.337206, 44.672967 ], [ 22.340423, 44.672996 ], [ 22.345352, 44.672759 ], [ 22.365947, 44.671964 ], [ 22.370488, 44.672162 ], [ 22.375332, 44.67273 ], [ 22.38002, 44.673839 ], [ 22.384346, 44.674996 ], [ 22.38838, 44.676487 ], [ 22.392227, 44.678243 ], [ 22.395885, 44.68038 ], [ 22.397946, 44.681616 ], [ 22.400269, 44.683185 ], [ 22.40377, 44.686157 ], [ 22.406732, 44.689217 ], [ 22.409809, 44.69259 ], [ 22.411493, 44.694885 ], [ 22.412543, 44.696658 ], [ 22.409715, 44.696543 ], [ 22.406884, 44.696439 ], [ 22.405889, 44.694885 ], [ 22.404495, 44.693374 ], [ 22.401476, 44.690275 ], [ 22.398122, 44.687147 ], [ 22.39463, 44.68435 ], [ 22.39138, 44.682531 ], [ 22.38715, 44.68058 ], [ 22.38273, 44.678818 ], [ 22.378936, 44.677527 ], [ 22.373704, 44.676352 ], [ 22.369346, 44.675907 ], [ 22.364998, 44.675726 ], [ 22.344507, 44.676698 ], [ 22.340472, 44.676816 ], [ 22.335497, 44.676848 ], [ 22.333247, 44.676372 ], [ 22.330629, 44.675513 ], [ 22.328411, 44.674566 ], [ 22.326131, 44.673293 ], [ 22.324221, 44.672138 ], [ 22.322426, 44.671007 ], [ 22.31968, 44.669398 ], [ 22.317666, 44.668087 ], [ 22.314759, 44.66641 ], [ 22.31221, 44.66489 ], [ 22.30949, 44.66299 ], [ 22.308887, 44.662558 ] ] ] } },
{ "type": "Feature", "properties": { "DRVAL1": null, "OBJNAM": null, "NOBJNM": null, "TRAFIC": null, "INFORM": null, "SCAMIN": 22000 }, "geometry": { "type": "Polygon", "coordinates": [ [ [ 22.309058, 44.660596 ], [ 22.308887, 44.662558 ], [ 22.307164, 44.661014 ], [ 22.305424, 44.659237 ], [ 22.303946, 44.657513 ], [ 22.303022, 44.656151 ], [ 22.302344, 44.654878 ], [ 22.301759, 44.653634 ], [ 22.3014, 44.65265 ], [ 22.301028, 44.651414 ], [ 22.300682, 44.650237 ], [ 22.29956, 44.64585 ], [ 22.299121, 44.644312 ], [ 22.298582, 44.642677 ], [ 22.297643, 44.640871 ], [ 22.296781, 44.639538 ], [ 22.295758, 44.638398 ], [ 22.294926, 44.637729 ], [ 22.294126, 44.637166 ], [ 22.293172, 44.636574 ], [ 22.292448, 44.636189 ], [ 22.291756, 44.635826 ], [ 22.291249, 44.635518 ], [ 22.290602, 44.635148 ], [ 22.289417, 44.634334 ], [ 22.288771, 44.63389 ], [ 22.288294, 44.633476 ], [ 22.287616, 44.632928 ], [ 22.28718, 44.63258 ], [ 22.286125, 44.631677 ], [ 22.285206, 44.630995 ], [ 22.284184, 44.630448 ], [ 22.283091, 44.629886 ], [ 22.281922, 44.629353 ], [ 22.280798, 44.628938 ], [ 22.279967, 44.628613 ], [ 22.279188, 44.628266 ], [ 22.278264, 44.627852 ], [ 22.277525, 44.627433 ], [ 22.276694, 44.626959 ], [ 22.275909, 44.626486 ], [ 22.27524, 44.626008 ], [ 22.274673, 44.625512 ], [ 22.274024, 44.624772 ], [ 22.273516, 44.62404 ], [ 22.273047, 44.623203 ], [ 22.272716, 44.622448 ], [ 22.272423, 44.621697 ], [ 22.272216, 44.620775 ], [ 22.272108, 44.619772 ], [ 22.27207, 44.619028 ], [ 22.272093, 44.618421 ], [ 22.272101, 44.617859 ], [ 22.272147, 44.616689 ], [ 22.272133, 44.615888 ], [ 22.272122, 44.615383 ], [ 22.272075, 44.614798 ], [ 22.271988, 44.614193 ], [ 22.271782, 44.613574 ], [ 22.271487, 44.61293 ], [ 22.271028, 44.611964 ], [ 22.270505, 44.610824 ], [ 22.269183, 44.607908 ], [ 22.26866, 44.606769 ], [ 22.268075, 44.605421 ], [ 22.267275, 44.60366 ], [ 22.266583, 44.602158 ], [ 22.265906, 44.600634 ], [ 22.267114, 44.60069 ], [ 22.26831, 44.600741 ], [ 22.269159, 44.602678 ], [ 22.270044, 44.60491 ], [ 22.271905, 44.609684 ], [ 22.27231, 44.610781 ], [ 22.272575, 44.611547 ], [ 22.272933, 44.612485 ], [ 22.273187, 44.613203 ], [ 22.273372, 44.613781 ], [ 22.273524, 44.614494 ], [ 22.273664, 44.615441 ], [ 22.27371, 44.616234 ], [ 22.273716, 44.616882 ], [ 22.273678, 44.617866 ], [ 22.273647, 44.618618 ], [ 22.273685, 44.619376 ], [ 22.273785, 44.620157 ], [ 22.274062, 44.621105 ], [ 22.274478, 44.621974 ], [ 22.275186, 44.623073 ], [ 22.276078, 44.624139 ], [ 22.277156, 44.625094 ], [ 22.278325, 44.625923 ], [ 22.279397, 44.62656 ], [ 22.281735, 44.627741 ], [ 22.283651, 44.628621 ], [ 22.285324, 44.629407 ], [ 22.286263, 44.629954 ], [ 22.287009, 44.630492 ], [ 22.289785, 44.632746 ], [ 22.291732, 44.634121 ], [ 22.293441, 44.635037 ], [ 22.296032, 44.63631 ], [ 22.297536, 44.637268 ], [ 22.298683, 44.638422 ], [ 22.299598, 44.639629 ], [ 22.300499, 44.641187 ], [ 22.301107, 44.642871 ], [ 22.301453, 44.644258 ], [ 22.301907, 44.646024 ], [ 22.302274, 44.64746 ], [ 22.302559, 44.648519 ], [ 22.302862, 44.649584 ], [ 22.303116, 44.650387 ], [ 22.303321, 44.651027 ], [ 22.3036, 44.651823 ], [ 22.304346, 44.653309 ], [ 22.305347, 44.654922 ], [ 22.306471, 44.656358 ], [ 22.307826, 44.657675 ], [ 22.309204, 44.658905 ], [ 22.309058, 44.660596 ] ] ] } },
{ "type": "Feature", "properties": { "DRVAL1": null, "OBJNAM": null, "NOBJNM": null, "TRAFIC": null, "INFORM": null, "SCAMIN": 22000 }, "geometry": { "type": "Polygon", "coordinates": [ [ [ 22.213094, 44.539775 ], [ 22.21533, 44.542821 ], [ 22.217458, 44.545867 ], [ 22.220009, 44.549449 ], [ 22.223374, 44.553965 ], [ 22.226046, 44.557189 ], [ 22.229797, 44.561689 ], [ 22.233978, 44.566663 ], [ 22.237484, 44.570985 ], [ 22.242034, 44.576551 ], [ 22.244063, 44.578874 ], [ 22.245929, 44.580858 ], [ 22.247867, 44.582701 ], [ 22.250388, 44.584564 ], [ 22.252464, 44.585778 ], [ 22.254202, 44.586829 ], [ 22.257678, 44.589331 ], [ 22.259246, 44.5907 ], [ 22.260323, 44.591781 ], [ 22.261399, 44.592995 ], [ 22.262122, 44.593957 ], [ 22.263061, 44.5954 ], [ 22.263983, 44.596902 ], [ 22.264956, 44.598709 ], [ 22.265906, 44.600634 ], [ 22.267114, 44.60069 ], [ 22.26831, 44.600741 ], [ 22.266829, 44.597879 ], [ 22.26566, 44.595836 ], [ 22.264567, 44.594163 ], [ 22.263445, 44.592521 ], [ 22.262338, 44.591248 ], [ 22.261092, 44.590093 ], [ 22.258754, 44.588176 ], [ 22.255524, 44.585489 ], [ 22.25371, 44.583772 ], [ 22.25179, 44.581861 ], [ 22.250085, 44.579977 ], [ 22.248457, 44.577825 ], [ 22.246744, 44.575451 ], [ 22.24313, 44.57075 ], [ 22.236541, 44.562464 ], [ 22.231809, 44.556488 ], [ 22.225046, 44.547902 ], [ 22.220253, 44.541568 ], [ 22.216121, 44.535301 ], [ 22.213741, 44.531358 ], [ 22.213417, 44.53616 ], [ 22.213094, 44.539775 ] ] ] } },
{ "type": "Feature", "properties": { "DRVAL1": null, "OBJNAM": null, "NOBJNM": null, "TRAFIC": null, "INFORM": null, "SCAMIN": 22000 }, "geometry": { "type": "Polygon", "coordinates": [ [ [ 22.142824, 44.475652 ], [ 22.144871, 44.475463 ], [ 22.147549, 44.475193 ], [ 22.150372, 44.474917 ], [ 22.153703, 44.474606 ], [ 22.157858, 44.474461 ], [ 22.161329, 44.474574 ], [ 22.164704, 44.47488 ], [ 22.167228, 44.475299 ], [ 22.170083, 44.475862 ], [ 22.171864, 44.476336 ], [ 22.174263, 44.477202 ], [ 22.176364, 44.478024 ], [ 22.177968, 44.478951 ], [ 22.18043, 44.480817 ], [ 22.182596, 44.482602 ], [ 22.183962, 44.483846 ], [ 22.186005, 44.485936 ], [ 22.186879, 44.48687 ], [ 22.187783, 44.487924 ], [ 22.188675, 44.48948 ], [ 22.189469, 44.491251 ], [ 22.19006, 44.492824 ], [ 22.190636, 44.49476 ], [ 22.191143, 44.497043 ], [ 22.191704, 44.499668 ], [ 22.192521, 44.503029 ], [ 22.193222, 44.505277 ], [ 22.193721, 44.50651 ], [ 22.194537, 44.508178 ], [ 22.197732, 44.513652 ], [ 22.19976, 44.516791 ], [ 22.201849, 44.520344 ], [ 22.203509, 44.523246 ], [ 22.205106, 44.525911 ], [ 22.207288, 44.529997 ], [ 22.210392, 44.535623 ], [ 22.213094, 44.539775 ], [ 22.213417, 44.53616 ], [ 22.213741, 44.531358 ], [ 22.209685, 44.524193 ], [ 22.205444, 44.517442 ], [ 22.201923, 44.5121 ], [ 22.198314, 44.506193 ], [ 22.197561, 44.504876 ], [ 22.196885, 44.503158 ], [ 22.195841, 44.49999 ], [ 22.19455, 44.494495 ], [ 22.193628, 44.491785 ], [ 22.192569, 44.48938 ], [ 22.19125, 44.487066 ], [ 22.189684, 44.485023 ], [ 22.18824, 44.483394 ], [ 22.186844, 44.482079 ], [ 22.185125, 44.480421 ], [ 22.182914, 44.478585 ], [ 22.179538, 44.476306 ], [ 22.177622, 44.475186 ], [ 22.17548, 44.4742 ], [ 22.173705, 44.473611 ], [ 22.171412, 44.472912 ], [ 22.168913, 44.472491 ], [ 22.165627, 44.47201 ], [ 22.162093, 44.471655 ], [ 22.158036, 44.471669 ], [ 22.152834, 44.471885 ], [ 22.149848, 44.472101 ], [ 22.143047, 44.472923 ], [ 22.14293, 44.474328 ], [ 22.142824, 44.475652 ] ] ] } },
{ "type": "Feature", "properties": { "DRVAL1": null, "OBJNAM": null, "NOBJNM": null, "TRAFIC": null, "INFORM": null, "SCAMIN": 22000 }, "geometry": { "type": "Polygon", "coordinates": [ [ [ 22.079789, 44.507241 ], [ 22.077503, 44.507117 ], [ 22.075239, 44.507067 ], [ 22.076098, 44.505463 ], [ 22.078009, 44.5024 ], [ 22.081162, 44.498078 ], [ 22.08457, 44.493982 ], [ 22.088646, 44.490217 ], [ 22.093282, 44.486613 ], [ 22.098805, 44.483541 ], [ 22.102595, 44.481896 ], [ 22.106703, 44.480445 ], [ 22.11097, 44.479058 ], [ 22.114649, 44.477945 ], [ 22.118311, 44.476913 ], [ 22.121218, 44.476275 ], [ 22.124143, 44.47578 ], [ 22.126835, 44.475348 ], [ 22.130746, 44.474719 ], [ 22.135889, 44.473848 ], [ 22.139615, 44.473332 ], [ 22.143047, 44.472923 ], [ 22.142951, 44.474288 ], [ 22.142851, 44.475575 ], [ 22.140272, 44.475828 ], [ 22.136303, 44.476325 ], [ 22.131423, 44.477208 ], [ 22.127441, 44.478002 ], [ 22.124276, 44.478676 ], [ 22.121811, 44.479349 ], [ 22.119719, 44.479999 ], [ 22.11683, 44.480931 ], [ 22.113218, 44.482105 ], [ 22.107563, 44.484186 ], [ 22.103869, 44.485864 ], [ 22.098698, 44.48839 ], [ 22.094653, 44.490938 ], [ 22.091384, 44.493572 ], [ 22.087498, 44.49712 ], [ 22.085077, 44.499829 ], [ 22.082593, 44.503022 ], [ 22.080841, 44.505602 ], [ 22.079789, 44.507241 ] ] ] } },
{ "type": "Feature", "properties": { "DRVAL1": null, "OBJNAM": null, "NOBJNM": null, "TRAFIC": null, "INFORM": null, "SCAMIN": 22000 }, "geometry": { "type": "Polygon", "coordinates": [ [ [ 22.077503, 44.507117 ], [ 22.079789, 44.507241 ], [ 22.07956, 44.50751 ], [ 22.078894, 44.508756 ], [ 22.078326, 44.509985 ], [ 22.077742, 44.51191 ], [ 22.076943, 44.515212 ], [ 22.076145, 44.51818 ], [ 22.075726, 44.519666 ], [ 22.075208, 44.521569 ], [ 22.074839, 44.522709 ], [ 22.074329, 44.523807 ], [ 22.073562, 44.524937 ], [ 22.072621, 44.526072 ], [ 22.071443, 44.527262 ], [ 22.069096, 44.529214 ], [ 22.067634, 44.530352 ], [ 22.06599, 44.53154 ], [ 22.064211, 44.532739 ], [ 22.06233, 44.53394 ], [ 22.060758, 44.534868 ], [ 22.058736, 44.535958 ], [ 22.055027, 44.537851 ], [ 22.0532, 44.538705 ], [ 22.051008, 44.539608 ], [ 22.046603, 44.541351 ], [ 22.045285, 44.541945 ], [ 22.04428, 44.542533 ], [ 22.04291, 44.543405 ], [ 22.041659, 44.544297 ], [ 22.03986, 44.54572 ], [ 22.038362, 44.546953 ], [ 22.036824, 44.548382 ], [ 22.035949, 44.549295 ], [ 22.035218, 44.550136 ], [ 22.034634, 44.551027 ], [ 22.034077, 44.551953 ], [ 22.033468, 44.553045 ], [ 22.032852, 44.554252 ], [ 22.031955, 44.556336 ], [ 22.031559, 44.557364 ], [ 22.031248, 44.558267 ], [ 22.030716, 44.560033 ], [ 22.030462, 44.5611 ], [ 22.029841, 44.563501 ], [ 22.029473, 44.564784 ], [ 22.02916, 44.566223 ], [ 22.028826, 44.567559 ], [ 22.028674, 44.568411 ], [ 22.02854, 44.570335 ], [ 22.028525, 44.572202 ], [ 22.028725, 44.574622 ], [ 22.029001, 44.578213 ], [ 22.029001, 44.579618 ], [ 22.028895, 44.581943 ], [ 22.028642, 44.584547 ], [ 22.02843, 44.585774 ], [ 22.02813, 44.58707 ], [ 22.027577, 44.588884 ], [ 22.026996, 44.590438 ], [ 22.026246, 44.591972 ], [ 22.024783, 44.594349 ], [ 22.024462, 44.594857 ], [ 22.022476, 44.594772 ], [ 22.020531, 44.594687 ], [ 22.021158, 44.593955 ], [ 22.02192, 44.59294 ], [ 22.022895, 44.591571 ], [ 22.02352, 44.59042 ], [ 22.024008, 44.589302 ], [ 22.024511, 44.587985 ], [ 22.024912, 44.586524 ], [ 22.02525, 44.58491 ], [ 22.025419, 44.583252 ], [ 22.025542, 44.581055 ], [ 22.025496, 44.578116 ], [ 22.025358, 44.576139 ], [ 22.025066, 44.573845 ], [ 22.024895, 44.572281 ], [ 22.024937, 44.56998 ], [ 22.02515, 44.567947 ], [ 22.025874, 44.564663 ], [ 22.02698, 44.560421 ], [ 22.028726, 44.554826 ], [ 22.031031, 44.550011 ], [ 22.03372, 44.54671 ], [ 22.03712, 44.54402 ], [ 22.039019, 44.54243 ], [ 22.041029, 44.540957 ], [ 22.044733, 44.538904 ], [ 22.04877, 44.53715 ], [ 22.0535, 44.53476 ], [ 22.05841, 44.53237 ], [ 22.06287, 44.52968 ], [ 22.066184, 44.527065 ], [ 22.069493, 44.523797 ], [ 22.070584, 44.522375 ], [ 22.071297, 44.52073 ], [ 22.072101, 44.517909 ], [ 22.072811, 44.514907 ], [ 22.073518, 44.511828 ], [ 22.07431, 44.508833 ], [ 22.075239, 44.507067 ], [ 22.077503, 44.507117 ] ] ] } },
{ "type": "Feature", "properties": { "DRVAL1": null, "OBJNAM": null, "NOBJNM": null, "TRAFIC": null, "INFORM": null, "SCAMIN": 22000 }, "geometry": { "type": "Polygon", "coordinates": [ [ [ 21.952981, 44.636223 ], [ 21.953084, 44.634712 ], [ 21.95318, 44.633263 ], [ 21.955124, 44.633014 ], [ 21.957462, 44.632842 ], [ 21.960311, 44.632606 ], [ 21.964036, 44.63234 ], [ 21.967637, 44.632192 ], [ 21.971658, 44.63221 ], [ 21.973373, 44.63221 ], [ 21.975023, 44.632336 ], [ 21.980005, 44.632778 ], [ 21.982314, 44.632807 ], [ 21.985975, 44.632591 ], [ 21.987792, 44.632383 ], [ 21.989434, 44.632066 ], [ 21.990938, 44.631388 ], [ 21.991658, 44.631011 ], [ 21.992807, 44.629966 ], [ 21.993584, 44.629004 ], [ 21.994438, 44.627746 ], [ 21.995374, 44.626356 ], [ 21.99652, 44.6245 ], [ 21.99757, 44.622317 ], [ 21.998219, 44.620496 ], [ 21.998555, 44.619031 ], [ 21.998897, 44.617655 ], [ 21.999467, 44.615508 ], [ 22.00043, 44.61191 ], [ 22.000813, 44.610993 ], [ 22.00147, 44.60988 ], [ 22.00248, 44.608625 ], [ 22.003827, 44.60719 ], [ 22.006177, 44.604984 ], [ 22.00954, 44.60218 ], [ 22.011498, 44.600616 ], [ 22.013513, 44.599069 ], [ 22.015098, 44.598033 ], [ 22.017128, 44.596967 ], [ 22.019771, 44.595462 ], [ 22.020306, 44.59495 ], [ 22.020531, 44.594687 ], [ 22.022476, 44.594772 ], [ 22.024462, 44.594857 ], [ 22.023897, 44.595546 ], [ 22.023002, 44.59665 ], [ 22.02179, 44.597713 ], [ 22.020615, 44.598479 ], [ 22.019246, 44.599234 ], [ 22.017421, 44.600276 ], [ 22.01591, 44.60122 ], [ 22.014406, 44.602334 ], [ 22.012867, 44.603503 ], [ 22.010714, 44.605235 ], [ 22.008316, 44.607172 ], [ 22.00628, 44.60908 ], [ 22.00502, 44.61037 ], [ 22.004292, 44.611549 ], [ 22.00361, 44.613163 ], [ 22.00321, 44.61486 ], [ 22.002667, 44.617248 ], [ 22.002347, 44.618715 ], [ 22.001968, 44.619979 ], [ 22.00068, 44.623343 ], [ 21.999694, 44.625388 ], [ 21.99845, 44.62745 ], [ 21.99765, 44.628743 ], [ 21.996902, 44.62984 ], [ 21.996087, 44.630815 ], [ 21.995343, 44.631575 ], [ 21.994647, 44.63216 ], [ 21.994036, 44.632622 ], [ 21.99332, 44.633061 ], [ 21.992351, 44.63342 ], [ 21.991443, 44.633667 ], [ 21.989586, 44.634084 ], [ 21.987122, 44.63442 ], [ 21.98447, 44.63466 ], [ 21.982129, 44.634687 ], [ 21.980021, 44.634599 ], [ 21.975154, 44.634287 ], [ 21.973308, 44.634211 ], [ 21.971449, 44.634237 ], [ 21.967545, 44.634383 ], [ 21.963636, 44.634679 ], [ 21.960557, 44.635093 ], [ 21.95739, 44.635509 ], [ 21.954644, 44.635911 ], [ 21.952981, 44.636223 ] ] ] } },
{ "type": "Feature", "properties": { "DRVAL1": null, "OBJNAM": null, "NOBJNM": null, "TRAFIC": null, "INFORM": null, "SCAMIN": 22000 }, "geometry": { "type": "Polygon", "coordinates": [ [ [ 21.825256, 44.654412 ], [ 21.82995, 44.65504 ], [ 21.83428, 44.65562 ], [ 21.83807, 44.65594 ], [ 21.84026, 44.656053 ], [ 21.842493, 44.656028 ], [ 21.845274, 44.655845 ], [ 21.848497, 44.655608 ], [ 21.851906, 44.655247 ], [ 21.857942, 44.654519 ], [ 21.869475, 44.652896 ], [ 21.875007, 44.651819 ], [ 21.877121, 44.651331 ], [ 21.880425, 44.650517 ], [ 21.88258, 44.64992 ], [ 21.88522, 44.649054 ], [ 21.887241, 44.648493 ], [ 21.889229, 44.648043 ], [ 21.8908, 44.647915 ], [ 21.892838, 44.647763 ], [ 21.894057, 44.647747 ], [ 21.898485, 44.647714 ], [ 21.901709, 44.647763 ], [ 21.904499, 44.647763 ], [ 21.907055, 44.647795 ], [ 21.90968, 44.647808 ], [ 21.914429, 44.64747 ], [ 21.916241, 44.647284 ], [ 21.91789, 44.647073 ], [ 21.919078, 44.646888 ], [ 21.920625, 44.646579 ], [ 21.923608, 44.645911 ], [ 21.925164, 44.64549 ], [ 21.92826, 44.64458 ], [ 21.929694, 44.644117 ], [ 21.932576, 44.643102 ], [ 21.934104, 44.642458 ], [ 21.938231, 44.640442 ], [ 21.939745, 44.639802 ], [ 21.941562, 44.639143 ], [ 21.9433, 44.638598 ], [ 21.944709, 44.638202 ], [ 21.946273, 44.637712 ], [ 21.947634, 44.637346 ], [ 21.949199, 44.636927 ], [ 21.951408, 44.6365 ], [ 21.952981, 44.636223 ], [ 21.953084, 44.634712 ], [ 21.95318, 44.633263 ], [ 21.949524, 44.634079 ], [ 21.946266, 44.634871 ], [ 21.94202, 44.635984 ], [ 21.938213, 44.637246 ], [ 21.934809, 44.638929 ], [ 21.930599, 44.641033 ], [ 21.926208, 44.642517 ], [ 21.921157, 44.643878 ], [ 21.916948, 44.644794 ], [ 21.912372, 44.645289 ], [ 21.9091, 44.645513 ], [ 21.906953, 44.645533 ], [ 21.904399, 44.645629 ], [ 21.901575, 44.645565 ], [ 21.898618, 44.645549 ], [ 21.895377, 44.645597 ], [ 21.89349, 44.645573 ], [ 21.891535, 44.645557 ], [ 21.889714, 44.645717 ], [ 21.887291, 44.646054 ], [ 21.88512, 44.646744 ], [ 21.883048, 44.647418 ], [ 21.880993, 44.647995 ], [ 21.877819, 44.648845 ], [ 21.873939, 44.649619 ], [ 21.868153, 44.65056 ], [ 21.862738, 44.651376 ], [ 21.857136, 44.652119 ], [ 21.844982, 44.653628 ], [ 21.842493, 44.653826 ], [ 21.84026, 44.653752 ], [ 21.837492, 44.653622 ], [ 21.83296, 44.65331 ], [ 21.82707, 44.65254 ], [ 21.825438, 44.652368 ], [ 21.825341, 44.653454 ], [ 21.825256, 44.654412 ] ] ] } },
{ "type": "Feature", "properties": { "DRVAL1": null, "OBJNAM": null, "NOBJNM": null, "TRAFIC": null, "INFORM": null, "SCAMIN": 22000 }, "geometry": { "type": "Polygon", "coordinates": [ [ [ 21.698382, 44.662706 ], [ 21.698464, 44.661609 ], [ 21.700351, 44.660806 ], [ 21.702722, 44.659651 ], [ 21.704555, 44.658496 ], [ 21.707373, 44.657037 ], [ 21.710222, 44.65569 ], [ 21.712886, 44.654595 ], [ 21.715149, 44.653884 ], [ 21.717551, 44.653322 ], [ 21.719676, 44.652922 ], [ 21.721986, 44.652715 ], [ 21.724203, 44.65267 ], [ 21.726374, 44.652707 ], [ 21.728761, 44.652796 ], [ 21.733703, 44.653011 ], [ 21.738861, 44.653611 ], [ 21.743988, 44.654469 ], [ 21.751394, 44.655785 ], [ 21.757386, 44.657103 ], [ 21.765099, 44.658773 ], [ 21.767435, 44.659286 ], [ 21.769913, 44.659789 ], [ 21.772701, 44.660277 ], [ 21.775503, 44.660455 ], [ 21.778014, 44.660455 ], [ 21.781155, 44.660129 ], [ 21.784389, 44.659485 ], [ 21.787068, 44.65879 ], [ 21.791208, 44.657595 ], [ 21.79531, 44.656342 ], [ 21.798893, 44.65509 ], [ 21.80293, 44.65365 ], [ 21.804594, 44.653113 ], [ 21.808038, 44.652358 ], [ 21.81134, 44.65201 ], [ 21.8155, 44.651901 ], [ 21.820259, 44.65202 ], [ 21.825438, 44.652368 ], [ 21.825341, 44.653454 ], [ 21.825256, 44.654412 ], [ 21.82434, 44.65429 ], [ 21.82028, 44.65401 ], [ 21.816382, 44.654026 ], [ 21.813624, 44.654066 ], [ 21.81126, 44.65419 ], [ 21.809354, 44.654384 ], [ 21.80773, 44.654643 ], [ 21.80507, 44.655259 ], [ 21.80302, 44.65581 ], [ 21.801682, 44.656212 ], [ 21.799149, 44.657129 ], [ 21.7966, 44.657961 ], [ 21.79312, 44.659086 ], [ 21.789379, 44.660181 ], [ 21.785375, 44.661365 ], [ 21.782665, 44.661987 ], [ 21.780216, 44.662498 ], [ 21.777505, 44.662676 ], [ 21.774627, 44.662579 ], [ 21.772316, 44.662424 ], [ 21.769698, 44.662083 ], [ 21.767219, 44.661625 ], [ 21.764178, 44.660958 ], [ 21.76058, 44.660144 ], [ 21.756287, 44.659201 ], [ 21.750837, 44.657886 ], [ 21.745825, 44.656776 ], [ 21.7442, 44.65649 ], [ 21.742137, 44.656128 ], [ 21.73883, 44.655609 ], [ 21.735843, 44.655135 ], [ 21.73221, 44.65476 ], [ 21.728776, 44.654558 ], [ 21.725742, 44.654469 ], [ 21.723279, 44.654462 ], [ 21.720276, 44.65464 ], [ 21.718444, 44.654943 ], [ 21.717012, 44.655269 ], [ 21.715657, 44.65558 ], [ 21.714395, 44.655986 ], [ 21.71344, 44.656371 ], [ 21.711839, 44.65703 ], [ 21.70996, 44.657904 ], [ 21.707881, 44.659058 ], [ 21.705494, 44.660435 ], [ 21.703492, 44.66156 ], [ 21.701875, 44.662374 ], [ 21.699642, 44.663366 ], [ 21.69828, 44.663918 ], [ 21.698382, 44.662706 ] ] ] } },
{ "type": "Feature", "properties": { "DRVAL1": null, "OBJNAM": null, "NOBJNM": null, "TRAFIC": null, "INFORM": null, "SCAMIN": 90000 }, "geometry": { "type": "Polygon", "coordinates": [ [ [ 21.647603, 44.696702 ], [ 21.645635, 44.696581 ], [ 21.646285, 44.69518 ], [ 21.646736, 44.694346 ], [ 21.647305, 44.693416 ], [ 21.647927, 44.692624 ], [ 21.649312, 44.691095 ], [ 21.650808, 44.689784 ], [ 21.65211, 44.68886 ], [ 21.653436, 44.688146 ], [ 21.655525, 44.687418 ], [ 21.656834, 44.686952 ], [ 21.658422, 44.686519 ], [ 21.6602, 44.685991 ], [ 21.662167, 44.685228 ], [ 21.663807, 44.684473 ], [ 21.665203, 44.683588 ], [ 21.666197, 44.682866 ], [ 21.666975, 44.68228 ], [ 21.667458, 44.681911 ], [ 21.668723, 44.680871 ], [ 21.670277, 44.679429 ], [ 21.67128, 44.677905 ], [ 21.671932, 44.67645 ], [ 21.672433, 44.67513 ], [ 21.672951, 44.673975 ], [ 21.67367, 44.672772 ], [ 21.674504, 44.671595 ], [ 21.675382, 44.670781 ], [ 21.676865, 44.669748 ], [ 21.678239, 44.668981 ], [ 21.680271, 44.668053 ], [ 21.681983, 44.667415 ], [ 21.695977, 44.662504 ], [ 21.698464, 44.661609 ], [ 21.698382, 44.662706 ], [ 21.69828, 44.663918 ], [ 21.69694, 44.664377 ], [ 21.695692, 44.664791 ], [ 21.694131, 44.665332 ], [ 21.691384, 44.666294 ], [ 21.687579, 44.667597 ], [ 21.684545, 44.668648 ], [ 21.682635, 44.669314 ], [ 21.68046, 44.670167 ], [ 21.678314, 44.671158 ], [ 21.67702, 44.671936 ], [ 21.67617, 44.672753 ], [ 21.675321, 44.673712 ], [ 21.674673, 44.674897 ], [ 21.674071, 44.676245 ], [ 21.67362, 44.677416 ], [ 21.673118, 44.678699 ], [ 21.672299, 44.680054 ], [ 21.671326, 44.681377 ], [ 21.669781, 44.683411 ], [ 21.669452, 44.683788 ], [ 21.668903, 44.684338 ], [ 21.668264, 44.684935 ], [ 21.667811, 44.685283 ], [ 21.667225, 44.685644 ], [ 21.666562, 44.685999 ], [ 21.665484, 44.686507 ], [ 21.664141, 44.687111 ], [ 21.662185, 44.68801 ], [ 21.660363, 44.688908 ], [ 21.658909, 44.689694 ], [ 21.657818, 44.690234 ], [ 21.656354, 44.69119 ], [ 21.654792, 44.692388 ], [ 21.653257, 44.693662 ], [ 21.651995, 44.694748 ], [ 21.64961, 44.696798 ], [ 21.647603, 44.696702 ] ] ] } },
{ "type": "Feature", "properties": { "DRVAL1": null, "OBJNAM": null, "NOBJNM": null, "TRAFIC": null, "INFORM": null, "SCAMIN": 90000 }, "geometry": { "type": "Polygon", "coordinates": [ [ [ 21.587542, 44.755373 ], [ 21.587302, 44.757729 ], [ 21.587125, 44.759447 ], [ 21.588677, 44.758898 ], [ 21.590533, 44.758318 ], [ 21.592133, 44.757641 ], [ 21.594096, 44.756624 ], [ 21.59593, 44.755441 ], [ 21.597851, 44.754038 ], [ 21.598797, 44.753213 ], [ 21.5998, 44.752223 ], [ 21.600975, 44.750765 ], [ 21.601864, 44.749664 ], [ 21.603514, 44.747245 ], [ 21.605322, 44.743747 ], [ 21.606701, 44.740885 ], [ 21.607724, 44.738156 ], [ 21.609862, 44.732386 ], [ 21.611244, 44.728274 ], [ 21.61177, 44.726638 ], [ 21.61263, 44.723774 ], [ 21.613613, 44.720784 ], [ 21.614265, 44.719441 ], [ 21.615006, 44.7184 ], [ 21.615859, 44.717584 ], [ 21.616861, 44.716769 ], [ 21.61794, 44.715989 ], [ 21.619412, 44.715201 ], [ 21.621046, 44.714513 ], [ 21.622371, 44.714058 ], [ 21.623712, 44.713697 ], [ 21.631441, 44.712126 ], [ 21.633505, 44.711502 ], [ 21.635056, 44.710948 ], [ 21.635982, 44.710538 ], [ 21.636883, 44.71007 ], [ 21.637525, 44.709744 ], [ 21.638217, 44.709289 ], [ 21.63882, 44.708843 ], [ 21.639635, 44.708162 ], [ 21.641454, 44.706489 ], [ 21.642437, 44.705375 ], [ 21.643412, 44.70402 ], [ 21.644412, 44.702551 ], [ 21.644595, 44.7023 ], [ 21.645702, 44.700768 ], [ 21.646274, 44.700189 ], [ 21.647024, 44.699408 ], [ 21.648104, 44.698256 ], [ 21.649513, 44.696806 ], [ 21.647603, 44.696702 ], [ 21.645635, 44.696581 ], [ 21.644994, 44.697811 ], [ 21.643884, 44.699956 ], [ 21.642913, 44.701695 ], [ 21.642845, 44.701789 ], [ 21.642772, 44.701877 ], [ 21.642116, 44.702751 ], [ 21.641352, 44.703647 ], [ 21.640671, 44.704343 ], [ 21.640041, 44.705 ], [ 21.639134, 44.705783 ], [ 21.638263, 44.706432 ], [ 21.63683, 44.707362 ], [ 21.636013, 44.707866 ], [ 21.635204, 44.708292 ], [ 21.633921, 44.708814 ], [ 21.632723, 44.709161 ], [ 21.630564, 44.709572 ], [ 21.623743, 44.710416 ], [ 21.621739, 44.710712 ], [ 21.619797, 44.711274 ], [ 21.617763, 44.712074 ], [ 21.616406, 44.712755 ], [ 21.614187, 44.714058 ], [ 21.612056, 44.71598 ], [ 21.611242, 44.717159 ], [ 21.610426, 44.718506 ], [ 21.609846, 44.719805 ], [ 21.608216, 44.724996 ], [ 21.606322, 44.730911 ], [ 21.605656, 44.732854 ], [ 21.604009, 44.736657 ], [ 21.601565, 44.740957 ], [ 21.599035, 44.744503 ], [ 21.595067, 44.748988 ], [ 21.591668, 44.752143 ], [ 21.589212, 44.754136 ], [ 21.58793, 44.755098 ], [ 21.587542, 44.755373 ] ] ] } },
{ "type": "Feature", "properties": { "DRVAL1": null, "OBJNAM": null, "NOBJNM": null, "TRAFIC": null, "INFORM": null, "SCAMIN": 22000 }, "geometry": { "type": "Polygon", "coordinates": [ [ [ 21.587542, 44.755373 ], [ 21.587302, 44.757729 ], [ 21.587125, 44.759447 ], [ 21.583846, 44.760568 ], [ 21.580702, 44.761865 ], [ 21.57827, 44.762837 ], [ 21.575689, 44.763894 ], [ 21.572633, 44.765035 ], [ 21.570023, 44.766021 ], [ 21.564872, 44.767969 ], [ 21.561864, 44.769097 ], [ 21.559656, 44.769774 ], [ 21.557824, 44.770247 ], [ 21.555679, 44.770691 ], [ 21.554367, 44.770958 ], [ 21.551437, 44.771506 ], [ 21.548428, 44.772083 ], [ 21.545234, 44.772616 ], [ 21.541837, 44.773024 ], [ 21.538427, 44.77338 ], [ 21.531235, 44.773787 ], [ 21.528118, 44.773965 ], [ 21.524816, 44.774098 ], [ 21.521792, 44.774187 ], [ 21.519324, 44.774246 ], [ 21.516516, 44.774335 ], [ 21.513584, 44.774424 ], [ 21.510436, 44.774498 ], [ 21.50482, 44.774794 ], [ 21.500037, 44.775119 ], [ 21.492785, 44.775534 ], [ 21.479195, 44.776325 ], [ 21.47378, 44.776636 ], [ 21.469642, 44.776822 ], [ 21.464612, 44.776851 ], [ 21.46038, 44.77689 ], [ 21.459154, 44.776902 ], [ 21.459252, 44.775896 ], [ 21.459353, 44.774887 ], [ 21.460793, 44.77497 ], [ 21.462643, 44.775025 ], [ 21.464483, 44.775038 ], [ 21.466344, 44.775006 ], [ 21.468173, 44.774912 ], [ 21.4691, 44.774847 ], [ 21.470833, 44.774756 ], [ 21.47415, 44.774475 ], [ 21.479226, 44.774024 ], [ 21.48967, 44.773047 ], [ 21.499514, 44.772188 ], [ 21.504852, 44.771714 ], [ 21.509838, 44.77147 ], [ 21.51459, 44.771233 ], [ 21.520096, 44.770974 ], [ 21.52636, 44.770797 ], [ 21.53432, 44.770501 ], [ 21.537714, 44.770382 ], [ 21.540664, 44.770229 ], [ 21.542522, 44.770149 ], [ 21.544377, 44.770035 ], [ 21.546227, 44.769885 ], [ 21.54807, 44.769701 ], [ 21.549907, 44.769483 ], [ 21.553566, 44.768956 ], [ 21.555919, 44.768568 ], [ 21.557842, 44.76817 ], [ 21.560187, 44.767608 ], [ 21.562794, 44.766838 ], [ 21.56736, 44.765269 ], [ 21.570677, 44.763922 ], [ 21.576158, 44.76173 ], [ 21.579366, 44.760323 ], [ 21.581011, 44.759525 ], [ 21.582459, 44.758692 ], [ 21.583876, 44.757832 ], [ 21.585941, 44.756493 ], [ 21.586613, 44.756034 ], [ 21.587542, 44.755373 ] ] ] } },
{ "type": "Feature", "properties": { "DRVAL1": null, "OBJNAM": null, "NOBJNM": null, "TRAFIC": null, "INFORM": null, "SCAMIN": 22000 }, "geometry": { "type": "Polygon", "coordinates": [ [ [ 21.392361, 44.782435 ], [ 21.391032, 44.782369 ], [ 21.391404, 44.781729 ], [ 21.391837, 44.781078 ], [ 21.392315, 44.780444 ], [ 21.392837, 44.779828 ], [ 21.393402, 44.779231 ], [ 21.394008, 44.778655 ], [ 21.394653, 44.7781 ], [ 21.395337, 44.77757 ], [ 21.396057, 44.777065 ], [ 21.396811, 44.776586 ], [ 21.397598, 44.776134 ], [ 21.398416, 44.775711 ], [ 21.399262, 44.775318 ], [ 21.400136, 44.774955 ], [ 21.401033, 44.774624 ], [ 21.401952, 44.774325 ], [ 21.402891, 44.774059 ], [ 21.403848, 44.773827 ], [ 21.404817, 44.77363 ], [ 21.408557, 44.773016 ], [ 21.409506, 44.77287 ], [ 21.410468, 44.772741 ], [ 21.411435, 44.772629 ], [ 21.412405, 44.772533 ], [ 21.413378, 44.772455 ], [ 21.414353, 44.772395 ], [ 21.41533, 44.772352 ], [ 21.416309, 44.772326 ], [ 21.417288, 44.772318 ], [ 21.418267, 44.772327 ], [ 21.419245, 44.772353 ], [ 21.420221, 44.772397 ], [ 21.421181, 44.772456 ], [ 21.428734, 44.772938 ], [ 21.441004, 44.77372 ], [ 21.449498, 44.774261 ], [ 21.458935, 44.774861 ], [ 21.459353, 44.774887 ], [ 21.459252, 44.775896 ], [ 21.459154, 44.776902 ], [ 21.456298, 44.776866 ], [ 21.45277, 44.77681 ], [ 21.44799, 44.776688 ], [ 21.444028, 44.776565 ], [ 21.439956, 44.776515 ], [ 21.435539, 44.776402 ], [ 21.432396, 44.77612 ], [ 21.430124, 44.775894 ], [ 21.428619, 44.775717 ], [ 21.427179, 44.775491 ], [ 21.42374, 44.77508 ], [ 21.421025, 44.774733 ], [ 21.418714, 44.774634 ], [ 21.416351, 44.774929 ], [ 21.413397, 44.775647 ], [ 21.411581, 44.776203 ], [ 21.409871, 44.776648 ], [ 21.408155, 44.777096 ], [ 21.406889, 44.777336 ], [ 21.405919, 44.777509 ], [ 21.404883, 44.777706 ], [ 21.403818, 44.777895 ], [ 21.402968, 44.778084 ], [ 21.402069, 44.77827 ], [ 21.400767, 44.778604 ], [ 21.399538, 44.779024 ], [ 21.398566, 44.77942 ], [ 21.397608, 44.7798 ], [ 21.396514, 44.780306 ], [ 21.395467, 44.780938 ], [ 21.394544, 44.781655 ], [ 21.393691, 44.782501 ], [ 21.392361, 44.782435 ] ] ] } },
{ "type": "Feature", "properties": { "DRVAL1": null, "OBJNAM": null, "NOBJNM": null, "TRAFIC": null, "INFORM": null, "SCAMIN": 22000 }, "geometry": { "type": "Polygon", "coordinates": [ [ [ 21.392361, 44.782435 ], [ 21.393691, 44.782501 ], [ 21.393376, 44.783041 ], [ 21.393079, 44.783635 ], [ 21.392824, 44.784238 ], [ 21.392605, 44.784864 ], [ 21.387816, 44.799657 ], [ 21.387505, 44.800557 ], [ 21.387156, 44.80145 ], [ 21.38677, 44.802335 ], [ 21.386347, 44.803211 ], [ 21.385887, 44.804078 ], [ 21.385391, 44.804935 ], [ 21.38486, 44.805781 ], [ 21.384293, 44.806615 ], [ 21.383691, 44.807437 ], [ 21.383056, 44.808246 ], [ 21.382386, 44.809041 ], [ 21.381684, 44.809821 ], [ 21.380949, 44.810586 ], [ 21.380182, 44.811335 ], [ 21.379384, 44.812068 ], [ 21.378556, 44.812783 ], [ 21.377698, 44.81348 ], [ 21.376812, 44.814159 ], [ 21.375897, 44.814818 ], [ 21.374955, 44.815458 ], [ 21.373987, 44.816078 ], [ 21.372992, 44.816676 ], [ 21.371974, 44.817253 ], [ 21.370931, 44.817809 ], [ 21.369866, 44.818342 ], [ 21.368779, 44.818852 ], [ 21.367671, 44.819339 ], [ 21.366543, 44.819801 ], [ 21.365396, 44.82024 ], [ 21.364231, 44.820654 ], [ 21.363049, 44.821044 ], [ 21.361852, 44.821408 ], [ 21.36064, 44.821746 ], [ 21.359413, 44.822058 ], [ 21.358348, 44.822302 ], [ 21.358046, 44.821427 ], [ 21.357744, 44.820551 ], [ 21.358597, 44.820355 ], [ 21.359752, 44.820061 ], [ 21.360893, 44.819742 ], [ 21.362022, 44.819399 ], [ 21.363135, 44.819032 ], [ 21.364232, 44.818642 ], [ 21.365313, 44.818229 ], [ 21.366375, 44.817793 ], [ 21.367419, 44.817334 ], [ 21.368443, 44.816854 ], [ 21.369447, 44.816352 ], [ 21.370429, 44.815829 ], [ 21.371388, 44.815285 ], [ 21.372325, 44.814721 ], [ 21.373237, 44.814138 ], [ 21.374124, 44.813535 ], [ 21.374986, 44.812914 ], [ 21.375821, 44.812274 ], [ 21.376629, 44.811617 ], [ 21.377409, 44.810944 ], [ 21.378161, 44.810254 ], [ 21.378883, 44.809548 ], [ 21.379575, 44.808828 ], [ 21.380237, 44.808093 ], [ 21.380868, 44.807344 ], [ 21.381467, 44.806582 ], [ 21.382033, 44.805808 ], [ 21.382568, 44.805022 ], [ 21.383068, 44.804225 ], [ 21.383535, 44.803418 ], [ 21.383969, 44.802601 ], [ 21.384367, 44.801775 ], [ 21.384731, 44.800942 ], [ 21.38506, 44.8001 ], [ 21.385353, 44.799253 ], [ 21.390147, 44.784445 ], [ 21.390386, 44.783761 ], [ 21.390678, 44.783072 ], [ 21.391017, 44.782394 ], [ 21.391032, 44.782369 ], [ 21.392361, 44.782435 ] ] ] } },
{ "type": "Feature", "properties": { "DRVAL1": null, "OBJNAM": null, "NOBJNM": null, "TRAFIC": null, "INFORM": null, "SCAMIN": 90000 }, "geometry": { "type": "Polygon", "coordinates": [ [ [ 24.73621, 43.685751 ], [ 24.729616, 43.685936 ], [ 24.728968, 43.68596 ], [ 24.727907, 43.686017 ], [ 24.727024, 43.686073 ], [ 24.72568, 43.686177 ], [ 24.724319, 43.686332 ], [ 24.722501, 43.68655 ], [ 24.720927, 43.686789 ], [ 24.719789, 43.686994 ], [ 24.718365, 43.687272 ], [ 24.716459, 43.687758 ], [ 24.71481, 43.688186 ], [ 24.712536, 43.68884 ], [ 24.710362, 43.689558 ], [ 24.708898, 43.690188 ], [ 24.707887, 43.690734 ], [ 24.706243, 43.69164 ], [ 24.688685, 43.70134 ], [ 24.676845, 43.707155 ], [ 24.670497, 43.711785 ], [ 24.664981, 43.715878 ], [ 24.664997, 43.714804 ], [ 24.665047, 43.713592 ], [ 24.667179, 43.712152 ], [ 24.676124, 43.706161 ], [ 24.68786, 43.700141 ], [ 24.692768, 43.697484 ], [ 24.697369, 43.694844 ], [ 24.700181, 43.693271 ], [ 24.703447, 43.691511 ], [ 24.704745, 43.690854 ], [ 24.705962, 43.690261 ], [ 24.70799, 43.68927 ], [ 24.709895, 43.688435 ], [ 24.71109, 43.68797 ], [ 24.712096, 43.687612 ], [ 24.713305, 43.687193 ], [ 24.714892, 43.686612 ], [ 24.716942, 43.685935 ], [ 24.718469, 43.685553 ], [ 24.71982, 43.685247 ], [ 24.721155, 43.685013 ], [ 24.723119, 43.684747 ], [ 24.724533, 43.684614 ], [ 24.73567, 43.684051 ], [ 24.735921, 43.684892 ], [ 24.73621, 43.685751 ] ] ] } },
{ "type": "Feature", "properties": { "DRVAL1": null, "OBJNAM": null, "NOBJNM": null, "TRAFIC": null, "INFORM": null, "SCAMIN": 90000 }, "geometry": { "type": "Polygon", "coordinates": [ [ [ 24.589099, 43.751693 ], [ 24.589282, 43.751652 ], [ 24.605265, 43.74838 ], [ 24.606359, 43.748103 ], [ 24.607528, 43.747774 ], [ 24.608483, 43.747438 ], [ 24.608923, 43.747252 ], [ 24.60938, 43.746993 ], [ 24.610198, 43.746526 ], [ 24.610787, 43.746175 ], [ 24.612008, 43.745407 ], [ 24.614796, 43.743593 ], [ 24.624508, 43.737723 ], [ 24.62502, 43.73745 ], [ 24.62545, 43.73726 ], [ 24.62591, 43.73705 ], [ 24.6264, 43.73684 ], [ 24.638566, 43.731408 ], [ 24.63962, 43.73085 ], [ 24.640754, 43.730133 ], [ 24.653135, 43.72177 ], [ 24.665047, 43.713592 ], [ 24.664997, 43.714804 ], [ 24.664981, 43.715878 ], [ 24.659502, 43.7199 ], [ 24.641536, 43.731825 ], [ 24.640868, 43.73224 ], [ 24.639957, 43.732756 ], [ 24.62701, 43.73877 ], [ 24.626186, 43.739151 ], [ 24.62575, 43.739351 ], [ 24.616984, 43.744086 ], [ 24.615823, 43.744768 ], [ 24.614987, 43.745342 ], [ 24.613407, 43.74661 ], [ 24.611721, 43.748054 ], [ 24.611227, 43.748382 ], [ 24.610758, 43.748607 ], [ 24.610232, 43.748832 ], [ 24.609721, 43.748992 ], [ 24.608183, 43.749385 ], [ 24.606071, 43.749824 ], [ 24.589033, 43.753322 ], [ 24.589057, 43.752544 ], [ 24.589099, 43.751693 ] ] ] } },
{ "type": "Feature", "properties": { "DRVAL1": null, "OBJNAM": null, "NOBJNM": null, "TRAFIC": null, "INFORM": null, "SCAMIN": 90000 }, "geometry": { "type": "Polygon", "coordinates": [ [ [ 24.514247, 43.759458 ], [ 24.522172, 43.758365 ], [ 24.532617, 43.756962 ], [ 24.539798, 43.756144 ], [ 24.541798, 43.75596 ], [ 24.544187, 43.755815 ], [ 24.5475, 43.755843 ], [ 24.550487, 43.755875 ], [ 24.552857, 43.755935 ], [ 24.554968, 43.756073 ], [ 24.55642, 43.756236 ], [ 24.558175, 43.756413 ], [ 24.559532, 43.756549 ], [ 24.560503, 43.756633 ], [ 24.56131, 43.756682 ], [ 24.562124, 43.756722 ], [ 24.56284, 43.756714 ], [ 24.563449, 43.756682 ], [ 24.564173, 43.756594 ], [ 24.564891, 43.756498 ], [ 24.565999, 43.756297 ], [ 24.56694, 43.756102 ], [ 24.567781, 43.755947 ], [ 24.568507, 43.755829 ], [ 24.569349, 43.755688 ], [ 24.570177, 43.755562 ], [ 24.571322, 43.755369 ], [ 24.589099, 43.751693 ], [ 24.589057, 43.752544 ], [ 24.589033, 43.753322 ], [ 24.571876, 43.75682 ], [ 24.570951, 43.756968 ], [ 24.570191, 43.757098 ], [ 24.569402, 43.757239 ], [ 24.568598, 43.757369 ], [ 24.567764, 43.757509 ], [ 24.566854, 43.757644 ], [ 24.566022, 43.757797 ], [ 24.565206, 43.757892 ], [ 24.563691, 43.758108 ], [ 24.562255, 43.758189 ], [ 24.561643, 43.758218 ], [ 24.559688, 43.758153 ], [ 24.558112, 43.758018 ], [ 24.556806, 43.757901 ], [ 24.555314, 43.757762 ], [ 24.553964, 43.757617 ], [ 24.552779, 43.757505 ], [ 24.551283, 43.757381 ], [ 24.54727, 43.757131 ], [ 24.545789, 43.757083 ], [ 24.543904, 43.757103 ], [ 24.541156, 43.757251 ], [ 24.539882, 43.757358 ], [ 24.538251, 43.75754 ], [ 24.532984, 43.758302 ], [ 24.521169, 43.759801 ], [ 24.514194, 43.760815 ], [ 24.514223, 43.760141 ], [ 24.514247, 43.759458 ] ] ] } },
{ "type": "Feature", "properties": { "DRVAL1": null, "OBJNAM": null, "NOBJNM": null, "TRAFIC": null, "INFORM": null, "SCAMIN": 90000 }, "geometry": { "type": "Polygon", "coordinates": [ [ [ 24.440555, 43.739289 ], [ 24.449957, 43.745545 ], [ 24.451537, 43.746475 ], [ 24.452556, 43.747038 ], [ 24.453593, 43.747502 ], [ 24.46194, 43.750641 ], [ 24.475525, 43.756993 ], [ 24.47749, 43.757822 ], [ 24.47855, 43.758281 ], [ 24.479545, 43.758625 ], [ 24.481251, 43.759181 ], [ 24.483337, 43.759884 ], [ 24.485049, 43.760469 ], [ 24.487369, 43.761175 ], [ 24.48878, 43.761462 ], [ 24.489921, 43.761572 ], [ 24.491344, 43.761733 ], [ 24.492998, 43.761869 ], [ 24.494693, 43.762022 ], [ 24.496701, 43.76217 ], [ 24.498874, 43.762378 ], [ 24.500059, 43.762459 ], [ 24.501744, 43.762462 ], [ 24.502045, 43.762455 ], [ 24.5034, 43.762314 ], [ 24.50554, 43.762074 ], [ 24.514194, 43.760815 ], [ 24.514223, 43.760141 ], [ 24.514247, 43.759458 ], [ 24.514104, 43.759479 ], [ 24.508446, 43.760094 ], [ 24.505725, 43.760392 ], [ 24.504129, 43.76052 ], [ 24.502934, 43.760537 ], [ 24.501817, 43.760472 ], [ 24.500983, 43.760391 ], [ 24.499426, 43.760262 ], [ 24.497129, 43.760032 ], [ 24.494678, 43.759772 ], [ 24.492612, 43.759579 ], [ 24.490265, 43.759381 ], [ 24.488678, 43.759194 ], [ 24.487195, 43.758948 ], [ 24.486035, 43.758724 ], [ 24.484776, 43.758435 ], [ 24.483451, 43.758082 ], [ 24.481984, 43.757652 ], [ 24.480844, 43.75734 ], [ 24.479215, 43.756839 ], [ 24.477806, 43.75623 ], [ 24.476532, 43.75573 ], [ 24.462575, 43.74958 ], [ 24.454248, 43.745865 ], [ 24.453338, 43.745426 ], [ 24.452458, 43.744935 ], [ 24.451192, 43.744149 ], [ 24.449102, 43.742833 ], [ 24.441965, 43.737914 ], [ 24.440653, 43.737017 ], [ 24.44062, 43.738223 ], [ 24.440555, 43.739289 ] ] ] } },
{ "type": "Feature", "properties": { "DRVAL1": null, "OBJNAM": null, "NOBJNM": null, "TRAFIC": null, "INFORM": null, "SCAMIN": 90000 }, "geometry": { "type": "Polygon", "coordinates": [ [ [ 24.318191, 43.698836 ], [ 24.337628, 43.697703 ], [ 24.3398, 43.697679 ], [ 24.341362, 43.697735 ], [ 24.342977, 43.697878 ], [ 24.344547, 43.69814 ], [ 24.345857, 43.69845 ], [ 24.347213, 43.698876 ], [ 24.348531, 43.69932 ], [ 24.350107, 43.699871 ], [ 24.35172, 43.70044 ], [ 24.35287, 43.70084 ], [ 24.35406, 43.70127 ], [ 24.35525, 43.70172 ], [ 24.35644, 43.70219 ], [ 24.35762, 43.70268 ], [ 24.35878, 43.70317 ], [ 24.3599, 43.70366 ], [ 24.36099, 43.70414 ], [ 24.36203, 43.70462 ], [ 24.36305, 43.70508 ], [ 24.36404, 43.70554 ], [ 24.36501, 43.70598 ], [ 24.36502, 43.70598 ], [ 24.36597, 43.70641 ], [ 24.36598, 43.70642 ], [ 24.36692, 43.70683 ], [ 24.36693, 43.70684 ], [ 24.36786, 43.70723 ], [ 24.36788, 43.70724 ], [ 24.36881, 43.70762 ], [ 24.36882, 43.70763 ], [ 24.36975, 43.708 ], [ 24.36976, 43.708 ], [ 24.37069, 43.70836 ], [ 24.3707, 43.70837 ], [ 24.37163, 43.70872 ], [ 24.37164, 43.70872 ], [ 24.37257, 43.70907 ], [ 24.37351, 43.70941 ], [ 24.37446, 43.70976 ], [ 24.3754, 43.7101 ], [ 24.37636, 43.71046 ], [ 24.37637, 43.71046 ], [ 24.37735, 43.71082 ], [ 24.37736, 43.71082 ], [ 24.37838, 43.71118 ], [ 24.37839, 43.71119 ], [ 24.37947, 43.71156 ], [ 24.37949, 43.71157 ], [ 24.380608, 43.711963 ], [ 24.404922, 43.718822 ], [ 24.407562, 43.719552 ], [ 24.408943, 43.720034 ], [ 24.410125, 43.720535 ], [ 24.410761, 43.720898 ], [ 24.411764, 43.721538 ], [ 24.440555, 43.739289 ], [ 24.44062, 43.738223 ], [ 24.440653, 43.737017 ], [ 24.4128, 43.720482 ], [ 24.411344, 43.719572 ], [ 24.409634, 43.71861 ], [ 24.409132, 43.718429 ], [ 24.408248, 43.718136 ], [ 24.406096, 43.717501 ], [ 24.38164, 43.7103 ], [ 24.38052, 43.70993 ], [ 24.37947, 43.70957 ], [ 24.37846, 43.70921 ], [ 24.37748, 43.70885 ], [ 24.37652, 43.7085 ], [ 24.37557, 43.70815 ], [ 24.37463, 43.7078 ], [ 24.37277, 43.70712 ], [ 24.37185, 43.70677 ], [ 24.37094, 43.70642 ], [ 24.37002, 43.70606 ], [ 24.36911, 43.70568 ], [ 24.3682, 43.70529 ], [ 24.36727, 43.70488 ], [ 24.36633, 43.70446 ], [ 24.36537, 43.70402 ], [ 24.36438, 43.70356 ], [ 24.36437, 43.70356 ], [ 24.36335, 43.70309 ], [ 24.36229, 43.70261 ], [ 24.36119, 43.70212 ], [ 24.36118, 43.70212 ], [ 24.36005, 43.70163 ], [ 24.36003, 43.70162 ], [ 24.35886, 43.70112 ], [ 24.35885, 43.70112 ], [ 24.35766, 43.70063 ], [ 24.35764, 43.70062 ], [ 24.35643, 43.70014 ], [ 24.35641, 43.70013 ], [ 24.355147, 43.699593 ], [ 24.353958, 43.699086 ], [ 24.352817, 43.698597 ], [ 24.351248, 43.698041 ], [ 24.349703, 43.697469 ], [ 24.348181, 43.697028 ], [ 24.346562, 43.696566 ], [ 24.345173, 43.696267 ], [ 24.343998, 43.696104 ], [ 24.342672, 43.695997 ], [ 24.341853, 43.695958 ], [ 24.341064, 43.695938 ], [ 24.34004, 43.695902 ], [ 24.338764, 43.695886 ], [ 24.337713, 43.695886 ], [ 24.318271, 43.697036 ], [ 24.318231, 43.697933 ], [ 24.318191, 43.698836 ] ] ] } },
{ "type": "Feature", "properties": { "DRVAL1": null, "OBJNAM": null, "NOBJNM": null, "TRAFIC": null, "INFORM": null, "SCAMIN": 90000 }, "geometry": { "type": "Polygon", "coordinates": [ [ [ 24.194767, 43.684426 ], [ 24.19601, 43.68455 ], [ 24.19734, 43.68468 ], [ 24.19875, 43.68482 ], [ 24.19875, 43.68483 ], [ 24.20022, 43.68497 ], [ 24.20023, 43.68497 ], [ 24.202576, 43.685265 ], [ 24.212923, 43.68682 ], [ 24.251338, 43.692418 ], [ 24.266557, 43.694467 ], [ 24.2693, 43.69483 ], [ 24.27116, 43.69511 ], [ 24.27301, 43.69538 ], [ 24.27487, 43.69566 ], [ 24.27673, 43.69593 ], [ 24.27674, 43.69593 ], [ 24.2786, 43.6962 ], [ 24.28046, 43.69646 ], [ 24.28047, 43.69646 ], [ 24.28233, 43.69671 ], [ 24.28233, 43.69672 ], [ 24.28418, 43.69696 ], [ 24.28419, 43.69696 ], [ 24.28603, 43.6972 ], [ 24.287777, 43.697511 ], [ 24.289588, 43.69781 ], [ 24.291527, 43.698113 ], [ 24.293662, 43.698465 ], [ 24.296898, 43.698813 ], [ 24.299385, 43.699061 ], [ 24.300483, 43.699164 ], [ 24.301219, 43.699228 ], [ 24.301977, 43.699302 ], [ 24.302878, 43.699376 ], [ 24.304255, 43.699496 ], [ 24.305599, 43.699557 ], [ 24.306755, 43.699563 ], [ 24.310736, 43.699418 ], [ 24.312364, 43.699253 ], [ 24.313895, 43.69911 ], [ 24.315336, 43.698999 ], [ 24.31719, 43.69887 ], [ 24.318191, 43.698836 ], [ 24.318231, 43.697933 ], [ 24.318271, 43.697036 ], [ 24.31709, 43.69707 ], [ 24.315279, 43.697193 ], [ 24.3136, 43.697322 ], [ 24.312242, 43.697455 ], [ 24.310575, 43.697614 ], [ 24.307196, 43.697912 ], [ 24.305933, 43.697967 ], [ 24.30451, 43.697932 ], [ 24.303109, 43.697828 ], [ 24.301437, 43.697642 ], [ 24.300399, 43.69753 ], [ 24.298816, 43.697345 ], [ 24.295791, 43.696906 ], [ 24.292499, 43.696359 ], [ 24.29011, 43.696 ], [ 24.288294, 43.695704 ], [ 24.28646, 43.69542 ], [ 24.28463, 43.69519 ], [ 24.28278, 43.69495 ], [ 24.27908, 43.69443 ], [ 24.27536, 43.69389 ], [ 24.27351, 43.69362 ], [ 24.271616, 43.693386 ], [ 24.269526, 43.693105 ], [ 24.266587, 43.69269 ], [ 24.251654, 43.690727 ], [ 24.214771, 43.685325 ], [ 24.202819, 43.683488 ], [ 24.20056, 43.68319 ], [ 24.19908, 43.68304 ], [ 24.19768, 43.6829 ], [ 24.19634, 43.68277 ], [ 24.19484, 43.682674 ], [ 24.194809, 43.683523 ], [ 24.194767, 43.684426 ] ] ] } },
{ "type": "Feature", "properties": { "DRVAL1": null, "OBJNAM": null, "NOBJNM": null, "TRAFIC": null, "INFORM": null, "SCAMIN": 90000 }, "geometry": { "type": "Polygon", "coordinates": [ [ [ 24.069512, 43.710303 ], [ 24.071743, 43.709035 ], [ 24.07303, 43.708278 ], [ 24.074128, 43.707609 ], [ 24.075604, 43.706693 ], [ 24.077596, 43.705407 ], [ 24.079209, 43.704456 ], [ 24.08041, 43.703716 ], [ 24.081697, 43.703117 ], [ 24.082709, 43.702677 ], [ 24.083824, 43.702254 ], [ 24.084785, 43.701955 ], [ 24.085643, 43.701726 ], [ 24.086466, 43.701585 ], [ 24.087388, 43.701439 ], [ 24.08836, 43.701271 ], [ 24.090043, 43.701026 ], [ 24.092772, 43.700672 ], [ 24.095648, 43.70036 ], [ 24.098524, 43.700075 ], [ 24.104745, 43.699653 ], [ 24.111019, 43.699286 ], [ 24.113048, 43.699072 ], [ 24.114956, 43.698829 ], [ 24.117037, 43.698509 ], [ 24.120505, 43.697834 ], [ 24.124359, 43.697067 ], [ 24.127493, 43.696374 ], [ 24.130664, 43.695656 ], [ 24.134554, 43.694716 ], [ 24.140232, 43.693402 ], [ 24.146574, 43.69195 ], [ 24.148892, 43.691371 ], [ 24.150254, 43.690977 ], [ 24.15137, 43.69062 ], [ 24.152691, 43.69012 ], [ 24.153717, 43.689735 ], [ 24.165467, 43.685058 ], [ 24.166875, 43.684668 ], [ 24.167829, 43.684484 ], [ 24.16912, 43.68427 ], [ 24.170064, 43.684139 ], [ 24.17714, 43.683312 ], [ 24.178752, 43.683153 ], [ 24.180701, 43.682957 ], [ 24.18234, 43.682824 ], [ 24.184211, 43.68271 ], [ 24.186173, 43.682643 ], [ 24.188174, 43.682611 ], [ 24.19097, 43.682611 ], [ 24.19484, 43.682674 ], [ 24.194809, 43.683523 ], [ 24.194767, 43.684426 ], [ 24.19471, 43.68442 ], [ 24.190916, 43.684332 ], [ 24.189762, 43.684312 ], [ 24.187394, 43.684337 ], [ 24.186139, 43.684352 ], [ 24.184889, 43.684398 ], [ 24.183661, 43.684444 ], [ 24.182513, 43.684507 ], [ 24.181103, 43.684601 ], [ 24.179487, 43.684735 ], [ 24.177773, 43.684915 ], [ 24.170284, 43.685633 ], [ 24.169347, 43.685749 ], [ 24.168281, 43.685973 ], [ 24.167051, 43.686328 ], [ 24.166107, 43.686675 ], [ 24.154438, 43.691338 ], [ 24.153502, 43.69167 ], [ 24.151609, 43.692321 ], [ 24.149564, 43.692914 ], [ 24.147746, 43.693387 ], [ 24.145716, 43.693891 ], [ 24.14361, 43.694379 ], [ 24.14158, 43.69488 ], [ 24.13956, 43.69539 ], [ 24.13955, 43.6954 ], [ 24.13754, 43.6959 ], [ 24.13753, 43.6959 ], [ 24.13555, 43.69639 ], [ 24.1336, 43.69686 ], [ 24.1317, 43.69731 ], [ 24.13169, 43.69731 ], [ 24.12985, 43.69773 ], [ 24.12984, 43.69774 ], [ 24.12806, 43.69814 ], [ 24.12805, 43.69814 ], [ 24.12633, 43.69852 ], [ 24.12632, 43.69852 ], [ 24.12468, 43.69887 ], [ 24.12466, 43.69887 ], [ 24.1231, 43.69919 ], [ 24.12308, 43.69919 ], [ 24.1216, 43.69948 ], [ 24.12158, 43.69948 ], [ 24.12017, 43.69975 ], [ 24.12015, 43.69975 ], [ 24.11879, 43.69998 ], [ 24.11877, 43.69999 ], [ 24.11745, 43.7002 ], [ 24.11743, 43.7002 ], [ 24.11614, 43.70038 ], [ 24.11612, 43.70039 ], [ 24.11485, 43.70055 ], [ 24.11482, 43.70055 ], [ 24.11355, 43.7007 ], [ 24.11352, 43.7007 ], [ 24.11223, 43.70083 ], [ 24.11221, 43.70083 ], [ 24.11089, 43.70094 ], [ 24.11087, 43.70094 ], [ 24.10953, 43.70104 ], [ 24.10952, 43.70104 ], [ 24.10817, 43.70113 ], [ 24.10816, 43.70113 ], [ 24.10679, 43.70122 ], [ 24.104072, 43.701346 ], [ 24.10267, 43.701428 ], [ 24.101338, 43.70151 ], [ 24.099983, 43.701586 ], [ 24.098256, 43.701735 ], [ 24.095917, 43.701948 ], [ 24.093027, 43.702272 ], [ 24.090176, 43.7026 ], [ 24.088412, 43.70283 ], [ 24.087453, 43.702987 ], [ 24.086418, 43.703237 ], [ 24.085306, 43.703565 ], [ 24.0839, 43.704044 ], [ 24.08248, 43.704634 ], [ 24.081112, 43.70533 ], [ 24.080013, 43.705953 ], [ 24.078901, 43.706708 ], [ 24.077764, 43.707512 ], [ 24.07694, 43.708059 ], [ 24.069357, 43.712742 ], [ 24.069409, 43.711729 ], [ 24.069512, 43.710303 ] ] ] } },
{ "type": "Feature", "properties": { "DRVAL1": null, "OBJNAM": null, "NOBJNM": null, "TRAFIC": null, "INFORM": null, "SCAMIN": 90000 }, "geometry": { "type": "Polygon", "coordinates": [ [ [ 23.943489, 43.746295 ], [ 23.94399, 43.74631 ], [ 23.94561, 43.74635 ], [ 23.947164, 43.746338 ], [ 23.94876, 43.746338 ], [ 23.95034, 43.746314 ], [ 23.952919, 43.746298 ], [ 23.954578, 43.746338 ], [ 23.957039, 43.746354 ], [ 23.95925, 43.7463 ], [ 23.962025, 43.746238 ], [ 23.964005, 43.746207 ], [ 23.965776, 43.746226 ], [ 23.968401, 43.746338 ], [ 23.97216, 43.746463 ], [ 23.97796, 43.746719 ], [ 23.979158, 43.746775 ], [ 23.9807, 43.746816 ], [ 23.981992, 43.746872 ], [ 23.983382, 43.74688 ], [ 23.9846, 43.746832 ], [ 23.985953, 43.746743 ], [ 23.986998, 43.746636 ], [ 23.988286, 43.746471 ], [ 23.989993, 43.746169 ], [ 23.991046, 43.745943 ], [ 23.992248, 43.745613 ], [ 23.993094, 43.745342 ], [ 23.99394, 43.745078 ], [ 23.994818, 43.744789 ], [ 23.99547, 43.744585 ], [ 23.996967, 43.744098 ], [ 23.998082, 43.743705 ], [ 23.999279, 43.743246 ], [ 24.000392, 43.742806 ], [ 24.001726, 43.742184 ], [ 24.009296, 43.738138 ], [ 24.010023, 43.737792 ], [ 24.010825, 43.737498 ], [ 24.011776, 43.737212 ], [ 24.013913, 43.736654 ], [ 24.016894, 43.735864 ], [ 24.020148, 43.734912 ], [ 24.021664, 43.734432 ], [ 24.022087, 43.734285 ], [ 24.033762, 43.730001 ], [ 24.034225, 43.729811 ], [ 24.034663, 43.729629 ], [ 24.044549, 43.724762 ], [ 24.056649, 43.719393 ], [ 24.058763, 43.718332 ], [ 24.065476, 43.714837 ], [ 24.069357, 43.712742 ], [ 24.069409, 43.711729 ], [ 24.069512, 43.710303 ], [ 24.06445, 43.713209 ], [ 24.055681, 43.717681 ], [ 24.044867, 43.723 ], [ 24.034287, 43.728069 ], [ 24.033693, 43.728313 ], [ 24.033193, 43.728505 ], [ 24.022068, 43.732667 ], [ 24.020778, 43.733116 ], [ 24.018804, 43.733774 ], [ 24.016468, 43.734514 ], [ 24.013724, 43.735268 ], [ 24.012252, 43.735692 ], [ 24.010607, 43.736203 ], [ 24.009849, 43.736484 ], [ 24.009076, 43.73681 ], [ 24.008246, 43.737251 ], [ 24.004313, 43.739434 ], [ 24.002744, 43.74027 ], [ 24.00188, 43.740744 ], [ 24.000294, 43.741495 ], [ 23.998753, 43.742112 ], [ 23.996805, 43.742753 ], [ 23.994483, 43.743559 ], [ 23.994004, 43.743725 ], [ 23.992081, 43.744458 ], [ 23.990637, 43.744914 ], [ 23.989057, 43.745272 ], [ 23.98802, 43.745434 ], [ 23.986927, 43.745555 ], [ 23.985819, 43.745644 ], [ 23.984671, 43.745725 ], [ 23.983259, 43.745741 ], [ 23.981957, 43.745692 ], [ 23.980978, 43.745636 ], [ 23.979764, 43.745558 ], [ 23.977251, 43.745337 ], [ 23.97382, 43.745197 ], [ 23.96779, 43.744771 ], [ 23.966342, 43.744645 ], [ 23.964417, 43.744583 ], [ 23.956182, 43.744778 ], [ 23.954736, 43.744762 ], [ 23.953471, 43.74474 ], [ 23.95192, 43.74472 ], [ 23.9457, 43.74456 ], [ 23.94409, 43.74451 ], [ 23.94358, 43.744494 ], [ 23.943534, 43.745395 ], [ 23.943489, 43.746295 ] ] ] } },
{ "type": "Feature", "properties": { "DRVAL1": null, "OBJNAM": null, "NOBJNM": null, "TRAFIC": null, "INFORM": null, "SCAMIN": 90000 }, "geometry": { "type": "Polygon", "coordinates": [ [ [ 23.818137, 43.768128 ], [ 23.818683, 43.767843 ], [ 23.819395, 43.767503 ], [ 23.820387, 43.767039 ], [ 23.821334, 43.766655 ], [ 23.82212, 43.76634 ], [ 23.82213, 43.76634 ], [ 23.82301, 43.76602 ], [ 23.82405, 43.76566 ], [ 23.82526, 43.76523 ], [ 23.82662, 43.76474 ], [ 23.8281, 43.76422 ], [ 23.82967, 43.76366 ], [ 23.8313, 43.76308 ], [ 23.83297, 43.76249 ], [ 23.83464, 43.76191 ], [ 23.83628, 43.76133 ], [ 23.83787, 43.76078 ], [ 23.8394, 43.76025 ], [ 23.84086, 43.75974 ], [ 23.84226, 43.75926 ], [ 23.8436, 43.75879 ], [ 23.84486, 43.75835 ], [ 23.845829, 43.75803 ], [ 23.847483, 43.757516 ], [ 23.861538, 43.753111 ], [ 23.863792, 43.75247 ], [ 23.867429, 43.751555 ], [ 23.880153, 43.748463 ], [ 23.882399, 43.747877 ], [ 23.884044, 43.747512 ], [ 23.88577, 43.747212 ], [ 23.888232, 43.746971 ], [ 23.889843, 43.74691 ], [ 23.901416, 43.746573 ], [ 23.9133, 43.746039 ], [ 23.917238, 43.745785 ], [ 23.919978, 43.745513 ], [ 23.921763, 43.745315 ], [ 23.923512, 43.745105 ], [ 23.925278, 43.744882 ], [ 23.926955, 43.744696 ], [ 23.928775, 43.744511 ], [ 23.930488, 43.744387 ], [ 23.93222, 43.74432 ], [ 23.93396, 43.74431 ], [ 23.9357, 43.74431 ], [ 23.9374, 43.74434 ], [ 23.9391, 43.74437 ], [ 23.94078, 43.74442 ], [ 23.94079, 43.74442 ], [ 23.94244, 43.74446 ], [ 23.94245, 43.74446 ], [ 23.94358, 43.744494 ], [ 23.943534, 43.745395 ], [ 23.943489, 43.746295 ], [ 23.94235, 43.74626 ], [ 23.94069, 43.74621 ], [ 23.93902, 43.74617 ], [ 23.93566, 43.74611 ], [ 23.93397, 43.74611 ], [ 23.93228, 43.74612 ], [ 23.93058, 43.74615 ], [ 23.928883, 43.746256 ], [ 23.927171, 43.746392 ], [ 23.925179, 43.746633 ], [ 23.923719, 43.746831 ], [ 23.922015, 43.747048 ], [ 23.920176, 43.747258 ], [ 23.917577, 43.747513 ], [ 23.913597, 43.747803 ], [ 23.890363, 43.748539 ], [ 23.887812, 43.748667 ], [ 23.886146, 43.748845 ], [ 23.883304, 43.749409 ], [ 23.880967, 43.750015 ], [ 23.868005, 43.75316 ], [ 23.864548, 43.753978 ], [ 23.860912, 43.755085 ], [ 23.848906, 43.759073 ], [ 23.847037, 43.759651 ], [ 23.845927, 43.760011 ], [ 23.84467, 43.76042 ], [ 23.84333, 43.76088 ], [ 23.84193, 43.76137 ], [ 23.84047, 43.76187 ], [ 23.83894, 43.7624 ], [ 23.83736, 43.76295 ], [ 23.83572, 43.76353 ], [ 23.83405, 43.76411 ], [ 23.83239, 43.7647 ], [ 23.83076, 43.76528 ], [ 23.82919, 43.76583 ], [ 23.82771, 43.76636 ], [ 23.82635, 43.76684 ], [ 23.82514, 43.76727 ], [ 23.82411, 43.76764 ], [ 23.82323, 43.76795 ], [ 23.821924, 43.768529 ], [ 23.820693, 43.769129 ], [ 23.819638, 43.769687 ], [ 23.818002, 43.770601 ], [ 23.818064, 43.769342 ], [ 23.818137, 43.768128 ] ] ] } },
{ "type": "Feature", "properties": { "DRVAL1": null, "OBJNAM": null, "NOBJNM": null, "TRAFIC": null, "INFORM": null, "SCAMIN": 90000 }, "geometry": { "type": "Polygon", "coordinates": [ [ [ 23.691742, 43.80699 ], [ 23.694747, 43.807405 ], [ 23.698042, 43.807641 ], [ 23.701647, 43.807735 ], [ 23.705477, 43.807764 ], [ 23.707557, 43.807771 ], [ 23.711809, 43.807715 ], [ 23.71559, 43.807649 ], [ 23.717835, 43.807498 ], [ 23.719797, 43.807303 ], [ 23.724818, 43.806545 ], [ 23.728571, 43.806025 ], [ 23.730592, 43.80579 ], [ 23.7325, 43.80559 ], [ 23.73435, 43.80541 ], [ 23.73615, 43.80524 ], [ 23.737805, 43.805125 ], [ 23.739357, 43.804977 ], [ 23.741424, 43.804789 ], [ 23.752229, 43.803804 ], [ 23.756702, 43.803289 ], [ 23.758782, 43.803022 ], [ 23.764698, 43.802255 ], [ 23.768386, 43.801737 ], [ 23.771657, 43.801206 ], [ 23.775901, 43.800358 ], [ 23.778627, 43.799671 ], [ 23.780181, 43.799264 ], [ 23.78166, 43.79871 ], [ 23.78167, 43.7987 ], [ 23.78252, 43.79834 ], [ 23.78254, 43.79833 ], [ 23.78339, 43.79795 ], [ 23.78341, 43.79794 ], [ 23.78426, 43.79754 ], [ 23.78428, 43.79753 ], [ 23.78515, 43.7971 ], [ 23.78517, 43.79709 ], [ 23.78607, 43.79663 ], [ 23.78609, 43.79662 ], [ 23.78701, 43.79613 ], [ 23.78703, 43.79612 ], [ 23.788, 43.79558 ], [ 23.78801, 43.79557 ], [ 23.78903, 43.79498 ], [ 23.78904, 43.79497 ], [ 23.79009, 43.79434 ], [ 23.79011, 43.79434 ], [ 23.79118, 43.79367 ], [ 23.79119, 43.79366 ], [ 23.79227, 43.79298 ], [ 23.79229, 43.79297 ], [ 23.79336, 43.79226 ], [ 23.79338, 43.79225 ], [ 23.79444, 43.79152 ], [ 23.79446, 43.79151 ], [ 23.79548, 43.79078 ], [ 23.7955, 43.79077 ], [ 23.79649, 43.79004 ], [ 23.79651, 43.79003 ], [ 23.79744, 43.7893 ], [ 23.79746, 43.78929 ], [ 23.79834, 43.78857 ], [ 23.79835, 43.78856 ], [ 23.79919, 43.78785 ], [ 23.79921, 43.78784 ], [ 23.80002, 43.78713 ], [ 23.80003, 43.78712 ], [ 23.80081, 43.78641 ], [ 23.80082, 43.78641 ], [ 23.8016, 43.7857 ], [ 23.80237, 43.78499 ], [ 23.80393, 43.78357 ], [ 23.80473, 43.78286 ], [ 23.80552, 43.78215 ], [ 23.80631, 43.78146 ], [ 23.80708, 43.78077 ], [ 23.80783, 43.78011 ], [ 23.808521, 43.779396 ], [ 23.809268, 43.778535 ], [ 23.810128, 43.777216 ], [ 23.810912, 43.775897 ], [ 23.811476, 43.775035 ], [ 23.811927, 43.774478 ], [ 23.812486, 43.773859 ], [ 23.813171, 43.77329 ], [ 23.813713, 43.772968 ], [ 23.816329, 43.771507 ], [ 23.816924, 43.771185 ], [ 23.817448, 43.770897 ], [ 23.818002, 43.770601 ], [ 23.818064, 43.769342 ], [ 23.818137, 43.768128 ], [ 23.81768, 43.76837 ], [ 23.817096, 43.76867 ], [ 23.816294, 43.769086 ], [ 23.812029, 43.771758 ], [ 23.811484, 43.772135 ], [ 23.810852, 43.772693 ], [ 23.810157, 43.773334 ], [ 23.809595, 43.77406 ], [ 23.80889, 43.775033 ], [ 23.808179, 43.776054 ], [ 23.807282, 43.777319 ], [ 23.806535, 43.778234 ], [ 23.8059, 43.77897 ], [ 23.80516, 43.77963 ], [ 23.80439, 43.78032 ], [ 23.8036, 43.78102 ], [ 23.802, 43.78244 ], [ 23.80121, 43.78316 ], [ 23.8012, 43.78316 ], [ 23.80042, 43.78387 ], [ 23.80042, 43.78388 ], [ 23.79965, 43.78458 ], [ 23.79888, 43.78529 ], [ 23.7981, 43.78599 ], [ 23.7973, 43.78668 ], [ 23.79647, 43.78738 ], [ 23.79561, 43.78808 ], [ 23.7947, 43.78879 ], [ 23.79374, 43.7895 ], [ 23.79273, 43.79022 ], [ 23.79169, 43.79093 ], [ 23.79062, 43.79163 ], [ 23.78956, 43.79231 ], [ 23.7885, 43.79296 ], [ 23.78747, 43.79358 ], [ 23.78647, 43.79416 ], [ 23.78552, 43.79469 ], [ 23.78462, 43.79517 ], [ 23.78375, 43.79562 ], [ 23.7829, 43.79604 ], [ 23.78207, 43.79643 ], [ 23.78125, 43.7968 ], [ 23.78042, 43.79715 ], [ 23.779168, 43.797569 ], [ 23.777702, 43.797998 ], [ 23.774817, 43.79864 ], [ 23.770977, 43.799262 ], [ 23.767658, 43.799704 ], [ 23.763488, 43.800306 ], [ 23.760512, 43.800687 ], [ 23.756491, 43.801179 ], [ 23.753684, 43.801534 ], [ 23.742165, 43.802802 ], [ 23.74071, 43.803 ], [ 23.73919, 43.80314 ], [ 23.73918, 43.80314 ], [ 23.73755, 43.80329 ], [ 23.73754, 43.80329 ], [ 23.73582, 43.80346 ], [ 23.73403, 43.80363 ], [ 23.73217, 43.80381 ], [ 23.73028, 43.80399 ], [ 23.728391, 43.804194 ], [ 23.726424, 43.804442 ], [ 23.724367, 43.804776 ], [ 23.719263, 43.805577 ], [ 23.717429, 43.805796 ], [ 23.715617, 43.805932 ], [ 23.711932, 43.806036 ], [ 23.707443, 43.806076 ], [ 23.705159, 43.80605 ], [ 23.701987, 43.805983 ], [ 23.698587, 43.80585 ], [ 23.694899, 43.805613 ], [ 23.691848, 43.805258 ], [ 23.691817, 43.806161 ], [ 23.691742, 43.80699 ] ] ] } },
{ "type": "Feature", "properties": { "DRVAL1": null, "OBJNAM": null, "NOBJNM": null, "TRAFIC": null, "INFORM": null, "SCAMIN": 90000 }, "geometry": { "type": "Polygon", "coordinates": [ [ [ 23.567824, 43.800372 ], [ 23.56936, 43.800231 ], [ 23.572481, 43.799901 ], [ 23.574331, 43.7997 ], [ 23.576182, 43.799499 ], [ 23.578471, 43.799112 ], [ 23.5801, 43.79886 ], [ 23.58113, 43.79864 ], [ 23.58214, 43.79842 ], [ 23.58313, 43.79821 ], [ 23.58413, 43.798 ], [ 23.58613, 43.7976 ], [ 23.58714, 43.79741 ], [ 23.58815, 43.79721 ], [ 23.58917, 43.79702 ], [ 23.5902, 43.79683 ], [ 23.59123, 43.79663 ], [ 23.59228, 43.79643 ], [ 23.59332, 43.79623 ], [ 23.59437, 43.79603 ], [ 23.59543, 43.79583 ], [ 23.59753, 43.79543 ], [ 23.59961, 43.79505 ], [ 23.60065, 43.79487 ], [ 23.60167, 43.79469 ], [ 23.6027, 43.79451 ], [ 23.60472, 43.79417 ], [ 23.60572, 43.79401 ], [ 23.60671, 43.79385 ], [ 23.6077, 43.7937 ], [ 23.60867, 43.79355 ], [ 23.60964, 43.79341 ], [ 23.6106, 43.79327 ], [ 23.61155, 43.79314 ], [ 23.61249, 43.79301 ], [ 23.61342, 43.79289 ], [ 23.61435, 43.79278 ], [ 23.624582, 43.792259 ], [ 23.62623, 43.792288 ], [ 23.627878, 43.792406 ], [ 23.641121, 43.79457 ], [ 23.6428, 43.79492 ], [ 23.64428, 43.79526 ], [ 23.64579, 43.79561 ], [ 23.64731, 43.79596 ], [ 23.64883, 43.79633 ], [ 23.65034, 43.7967 ], [ 23.65184, 43.79707 ], [ 23.65331, 43.79743 ], [ 23.65475, 43.79779 ], [ 23.65615, 43.79815 ], [ 23.65751, 43.7985 ], [ 23.65881, 43.79884 ], [ 23.66006, 43.79916 ], [ 23.66125, 43.79947 ], [ 23.66239, 43.79977 ], [ 23.6624, 43.79977 ], [ 23.66351, 43.80006 ], [ 23.66352, 43.80006 ], [ 23.66463, 43.80035 ], [ 23.66464, 43.80035 ], [ 23.66576, 43.80062 ], [ 23.66577, 43.80063 ], [ 23.66692, 43.8009 ], [ 23.66694, 43.80091 ], [ 23.66814, 43.80118 ], [ 23.66815, 43.80118 ], [ 23.66942, 43.80146 ], [ 23.66944, 43.80147 ], [ 23.67079, 43.80175 ], [ 23.6708, 43.80175 ], [ 23.67223, 43.80204 ], [ 23.67224, 43.80204 ], [ 23.67374, 43.80233 ], [ 23.67375, 43.80234 ], [ 23.67491, 43.802554 ], [ 23.67623, 43.802901 ], [ 23.678184, 43.803404 ], [ 23.68215, 43.804643 ], [ 23.68728, 43.80608 ], [ 23.689953, 43.806664 ], [ 23.691742, 43.80699 ], [ 23.691795, 43.806152 ], [ 23.691848, 43.805258 ], [ 23.690551, 43.805019 ], [ 23.687902, 43.804362 ], [ 23.682893, 43.803 ], [ 23.677673, 43.80146 ], [ 23.675966, 43.80097 ], [ 23.67438, 43.8006 ], [ 23.6729, 43.80031 ], [ 23.67147, 43.80002 ], [ 23.67013, 43.79974 ], [ 23.66888, 43.79946 ], [ 23.66769, 43.79919 ], [ 23.66655, 43.79892 ], [ 23.66544, 43.79865 ], [ 23.66434, 43.79837 ], [ 23.66323, 43.79808 ], [ 23.66209, 43.79778 ], [ 23.6609, 43.79747 ], [ 23.65965, 43.79714 ], [ 23.65834, 43.7968 ], [ 23.65698, 43.79645 ], [ 23.65697, 43.79645 ], [ 23.65557, 43.7961 ], [ 23.65412, 43.79573 ], [ 23.65264, 43.79536 ], [ 23.65114, 43.79499 ], [ 23.65113, 43.79499 ], [ 23.64962, 43.79462 ], [ 23.64961, 43.79462 ], [ 23.64808, 43.79426 ], [ 23.64808, 43.79425 ], [ 23.64655, 43.79389 ], [ 23.64504, 43.79354 ], [ 23.64503, 43.79354 ], [ 23.64354, 43.7932 ], [ 23.64353, 43.7932 ], [ 23.641748, 43.792844 ], [ 23.627835, 43.790534 ], [ 23.626244, 43.790431 ], [ 23.62471, 43.790431 ], [ 23.61396, 43.791 ], [ 23.613, 43.79112 ], [ 23.61206, 43.79124 ], [ 23.61205, 43.79124 ], [ 23.6111, 43.79137 ], [ 23.61109, 43.79137 ], [ 23.61013, 43.7915 ], [ 23.61012, 43.7915 ], [ 23.60915, 43.79164 ], [ 23.60817, 43.79179 ], [ 23.60816, 43.79179 ], [ 23.60718, 43.79194 ], [ 23.60619, 43.79209 ], [ 23.60618, 43.7921 ], [ 23.60518, 43.79225 ], [ 23.60417, 43.79242 ], [ 23.60213, 43.79276 ], [ 23.60212, 43.79276 ], [ 23.6011, 43.79294 ], [ 23.60109, 43.79294 ], [ 23.60006, 43.79312 ], [ 23.60005, 43.79312 ], [ 23.59902, 43.7933 ], [ 23.59901, 43.79331 ], [ 23.59691, 43.79369 ], [ 23.59585, 43.79389 ], [ 23.5948, 43.79409 ], [ 23.59374, 43.79429 ], [ 23.59164, 43.79469 ], [ 23.5906, 43.79489 ], [ 23.58957, 43.79509 ], [ 23.58854, 43.79528 ], [ 23.58752, 43.79547 ], [ 23.58752, 43.79548 ], [ 23.5865, 43.79567 ], [ 23.58549, 43.79587 ], [ 23.58548, 43.79587 ], [ 23.58346, 43.79627 ], [ 23.58245, 43.79648 ], [ 23.58244, 43.79648 ], [ 23.58144, 43.79669 ], [ 23.58143, 43.79669 ], [ 23.58042, 43.79691 ], [ 23.57939, 43.79713 ], [ 23.577798, 43.797419 ], [ 23.575434, 43.797777 ], [ 23.572406, 43.798121 ], [ 23.567925, 43.798567 ], [ 23.567901, 43.799015 ], [ 23.567875, 43.799514 ], [ 23.567824, 43.800372 ] ] ] } },
{ "type": "Feature", "properties": { "DRVAL1": null, "OBJNAM": null, "NOBJNM": null, "TRAFIC": null, "INFORM": null, "SCAMIN": 90000 }, "geometry": { "type": "Polygon", "coordinates": [ [ [ 23.491207, 43.834595 ], [ 23.493206, 43.833712 ], [ 23.497499, 43.831833 ], [ 23.500823, 43.83017 ], [ 23.503311, 43.828887 ], [ 23.50573, 43.82773 ], [ 23.50574, 43.82772 ], [ 23.50715, 43.82697 ], [ 23.5105, 43.82524 ], [ 23.51051, 43.82524 ], [ 23.537719, 43.809954 ], [ 23.54906, 43.80367 ], [ 23.54911, 43.80364 ], [ 23.55027, 43.80305 ], [ 23.55034, 43.80302 ], [ 23.55151, 43.8025 ], [ 23.55159, 43.80246 ], [ 23.55279, 43.80202 ], [ 23.55287, 43.80199 ], [ 23.55409, 43.80162 ], [ 23.55541, 43.80129 ], [ 23.55547, 43.80128 ], [ 23.562819, 43.799499 ], [ 23.565379, 43.798954 ], [ 23.567925, 43.798567 ], [ 23.567901, 43.799015 ], [ 23.567875, 43.799514 ], [ 23.567824, 43.800372 ], [ 23.56765, 43.800396 ], [ 23.56724, 43.800452 ], [ 23.565604, 43.800719 ], [ 23.563436, 43.801179 ], [ 23.55619, 43.803 ], [ 23.55501, 43.8033 ], [ 23.55388, 43.80364 ], [ 23.55277, 43.80405 ], [ 23.55167, 43.80454 ], [ 23.55058, 43.8051 ], [ 23.540722, 43.810681 ], [ 23.51192, 43.82672 ], [ 23.509407, 43.828057 ], [ 23.507221, 43.829122 ], [ 23.504597, 43.830491 ], [ 23.502268, 43.831673 ], [ 23.499608, 43.83297 ], [ 23.498147, 43.833652 ], [ 23.493403, 43.835651 ], [ 23.491086, 43.836656 ], [ 23.491162, 43.835604 ], [ 23.491207, 43.834595 ] ] ] } },
{ "type": "Feature", "properties": { "DRVAL1": null, "OBJNAM": null, "NOBJNM": null, "TRAFIC": null, "INFORM": null, "SCAMIN": 90000 }, "geometry": { "type": "Polygon", "coordinates": [ [ [ 23.365852, 43.850957 ], [ 23.368599, 43.850536 ], [ 23.370157, 43.850359 ], [ 23.37208, 43.850198 ], [ 23.374891, 43.850045 ], [ 23.377222, 43.850011 ], [ 23.378714, 43.850003 ], [ 23.381186, 43.850163 ], [ 23.383444, 43.850339 ], [ 23.38556, 43.850594 ], [ 23.387207, 43.850759 ], [ 23.389143, 43.850971 ], [ 23.415606, 43.85358 ], [ 23.418762, 43.853941 ], [ 23.420996, 43.854238 ], [ 23.422793, 43.854487 ], [ 23.424655, 43.854735 ], [ 23.426751, 43.854838 ], [ 23.428283, 43.854716 ], [ 23.429831, 43.854486 ], [ 23.432756, 43.853958 ], [ 23.435664, 43.85339 ], [ 23.439059, 43.852611 ], [ 23.441442, 43.852017 ], [ 23.44379, 43.85141 ], [ 23.44574, 43.850856 ], [ 23.447654, 43.850248 ], [ 23.449803, 43.849575 ], [ 23.453723, 43.848333 ], [ 23.46787, 43.84382 ], [ 23.46903, 43.84343 ], [ 23.4703, 43.84303 ], [ 23.47168, 43.84261 ], [ 23.47319, 43.84218 ], [ 23.47481, 43.84173 ], [ 23.47649, 43.84128 ], [ 23.47821, 43.84083 ], [ 23.47992, 43.84038 ], [ 23.4816, 43.83995 ], [ 23.4816, 43.83994 ], [ 23.4832, 43.83952 ], [ 23.48321, 43.83952 ], [ 23.4847, 43.83911 ], [ 23.48472, 43.83911 ], [ 23.485868, 43.838712 ], [ 23.486837, 43.838324 ], [ 23.491086, 43.836656 ], [ 23.491162, 43.835604 ], [ 23.491207, 43.834595 ], [ 23.486559, 43.836502 ], [ 23.485148, 43.836999 ], [ 23.48382, 43.83743 ], [ 23.48234, 43.83783 ], [ 23.48075, 43.83825 ], [ 23.47908, 43.83869 ], [ 23.47564, 43.83959 ], [ 23.47563, 43.8396 ], [ 23.47394, 43.84005 ], [ 23.47393, 43.84005 ], [ 23.4723, 43.8405 ], [ 23.47229, 43.8405 ], [ 23.47076, 43.84094 ], [ 23.47074, 43.84094 ], [ 23.46933, 43.84137 ], [ 23.4693, 43.84138 ], [ 23.46801, 43.84179 ], [ 23.46799, 43.8418 ], [ 23.46677, 43.84221 ], [ 23.453211, 43.846723 ], [ 23.449654, 43.847703 ], [ 23.448346, 43.84809 ], [ 23.446992, 43.848477 ], [ 23.44517, 43.848999 ], [ 23.443392, 43.849509 ], [ 23.441008, 43.850116 ], [ 23.438107, 43.850822 ], [ 23.435001, 43.85154 ], [ 23.431911, 43.852102 ], [ 23.429405, 43.852519 ], [ 23.427427, 43.852712 ], [ 23.42601, 43.85268 ], [ 23.424433, 43.852529 ], [ 23.421917, 43.852213 ], [ 23.419018, 43.851799 ], [ 23.416214, 43.851506 ], [ 23.383461, 43.848623 ], [ 23.379175, 43.84839 ], [ 23.377659, 43.848374 ], [ 23.375409, 43.848435 ], [ 23.371758, 43.848607 ], [ 23.36992, 43.848791 ], [ 23.368157, 43.848984 ], [ 23.365965, 43.849333 ], [ 23.365915, 43.850151 ], [ 23.365852, 43.850957 ] ] ] } },
{ "type": "Feature", "properties": { "DRVAL1": null, "OBJNAM": null, "NOBJNM": null, "TRAFIC": null, "INFORM": null, "SCAMIN": 90000 }, "geometry": { "type": "Polygon", "coordinates": [ [ [ 23.242324, 43.837767 ], [ 23.243061, 43.838163 ], [ 23.24677, 43.840502 ], [ 23.248416, 43.84153 ], [ 23.250589, 43.842635 ], [ 23.252066, 43.843232 ], [ 23.253542, 43.843913 ], [ 23.255061, 43.844515 ], [ 23.256979, 43.845196 ], [ 23.258847, 43.84567 ], [ 23.260382, 43.846016 ], [ 23.26155, 43.84627 ], [ 23.263023, 43.846544 ], [ 23.264838, 43.846772 ], [ 23.266982, 43.846959 ], [ 23.268819, 43.847145 ], [ 23.271048, 43.84728 ], [ 23.27445, 43.847388 ], [ 23.287577, 43.847742 ], [ 23.291502, 43.84803 ], [ 23.296071, 43.848473 ], [ 23.300537, 43.849104 ], [ 23.305106, 43.849557 ], [ 23.306663, 43.849789 ], [ 23.314352, 43.85137 ], [ 23.316089, 43.851644 ], [ 23.317583, 43.851819 ], [ 23.326113, 43.852511 ], [ 23.340098, 43.853734 ], [ 23.340818, 43.853766 ], [ 23.341647, 43.853782 ], [ 23.352562, 43.85354 ], [ 23.353835, 43.853443 ], [ 23.355244, 43.853249 ], [ 23.356918, 43.852919 ], [ 23.365159, 43.851062 ], [ 23.365852, 43.850957 ], [ 23.365916, 43.849973 ], [ 23.36597, 43.848998 ], [ 23.362999, 43.849685 ], [ 23.356159, 43.85155 ], [ 23.354717, 43.85183 ], [ 23.353827, 43.851943 ], [ 23.352731, 43.852031 ], [ 23.341656, 43.852256 ], [ 23.340994, 43.85223 ], [ 23.340061, 43.852164 ], [ 23.326165, 43.850852 ], [ 23.317591, 43.850167 ], [ 23.316201, 43.849951 ], [ 23.31483, 43.849677 ], [ 23.306742, 43.847638 ], [ 23.306002, 43.84749 ], [ 23.305075, 43.847327 ], [ 23.30109, 43.846814 ], [ 23.296276, 43.846312 ], [ 23.291474, 43.845965 ], [ 23.287558, 43.84567 ], [ 23.279403, 43.845409 ], [ 23.270599, 43.845279 ], [ 23.267847, 43.845187 ], [ 23.265188, 43.844943 ], [ 23.26328, 43.844717 ], [ 23.261855, 43.844497 ], [ 23.260913, 43.844334 ], [ 23.260032, 43.844142 ], [ 23.259075, 43.843875 ], [ 23.258209, 43.843624 ], [ 23.257237, 43.843313 ], [ 23.256311, 43.843017 ], [ 23.255194, 43.842642 ], [ 23.253933, 43.842164 ], [ 23.252479, 43.841619 ], [ 23.250034, 43.840488 ], [ 23.249618, 43.840303 ], [ 23.247677, 43.839273 ], [ 23.244502, 43.837062 ], [ 23.243517, 43.836417 ], [ 23.242422, 43.835813 ], [ 23.242382, 43.836775 ], [ 23.242324, 43.837767 ] ] ] } },
{ "type": "Feature", "properties": { "DRVAL1": null, "OBJNAM": null, "NOBJNM": null, "TRAFIC": null, "INFORM": null, "SCAMIN": 90000 }, "geometry": { "type": "Polygon", "coordinates": [ [ [ 23.120205, 43.802721 ], [ 23.130199, 43.803436 ], [ 23.131828, 43.803618 ], [ 23.132881, 43.803766 ], [ 23.13426, 43.804028 ], [ 23.135727, 43.8044 ], [ 23.137185, 43.804805 ], [ 23.138829, 43.805354 ], [ 23.1401, 43.805877 ], [ 23.14121, 43.806332 ], [ 23.14225, 43.80684 ], [ 23.14329, 43.8073 ], [ 23.14432, 43.80775 ], [ 23.14738, 43.80916 ], [ 23.14841, 43.80964 ], [ 23.14945, 43.81013 ], [ 23.15052, 43.81063 ], [ 23.15052, 43.81064 ], [ 23.15161, 43.81115 ], [ 23.15162, 43.81115 ], [ 23.152727, 43.811613 ], [ 23.153885, 43.812151 ], [ 23.155009, 43.812699 ], [ 23.156575, 43.81354 ], [ 23.158464, 43.814576 ], [ 23.162528, 43.816932 ], [ 23.164607, 43.818042 ], [ 23.16564, 43.818516 ], [ 23.170202, 43.820439 ], [ 23.175556, 43.822516 ], [ 23.177633, 43.823224 ], [ 23.179516, 43.823728 ], [ 23.21206, 43.83277 ], [ 23.21207, 43.83277 ], [ 23.21319, 43.83309 ], [ 23.21321, 43.83309 ], [ 23.21427, 43.83338 ], [ 23.21429, 43.83339 ], [ 23.21531, 43.83365 ], [ 23.21533, 43.83366 ], [ 23.21631, 43.83389 ], [ 23.21635, 43.8339 ], [ 23.21729, 43.8341 ], [ 23.21733, 43.83411 ], [ 23.21825, 43.83428 ], [ 23.21829, 43.83429 ], [ 23.21919, 43.83445 ], [ 23.21922, 43.83445 ], [ 23.220141, 43.834616 ], [ 23.221807, 43.834987 ], [ 23.223575, 43.835424 ], [ 23.225273, 43.835808 ], [ 23.226823, 43.83612 ], [ 23.227857, 43.836292 ], [ 23.228628, 43.83637 ], [ 23.229917, 43.836511 ], [ 23.235632, 43.836964 ], [ 23.238349, 43.83699 ], [ 23.239483, 43.837028 ], [ 23.240166, 43.837075 ], [ 23.240753, 43.837183 ], [ 23.241366, 43.837373 ], [ 23.241792, 43.837544 ], [ 23.242324, 43.837767 ], [ 23.242382, 43.836775 ], [ 23.242422, 43.835813 ], [ 23.241933, 43.83564 ], [ 23.241197, 43.835448 ], [ 23.240487, 43.835301 ], [ 23.239764, 43.835234 ], [ 23.23881, 43.835225 ], [ 23.235713, 43.835218 ], [ 23.230388, 43.834849 ], [ 23.229423, 43.834794 ], [ 23.22871, 43.834732 ], [ 23.227849, 43.834598 ], [ 23.227009, 43.834425 ], [ 23.225612, 43.834112 ], [ 23.223964, 43.8337 ], [ 23.222366, 43.833329 ], [ 23.220783, 43.832958 ], [ 23.219744, 43.832729 ], [ 23.218841, 43.832556 ], [ 23.21799, 43.83237 ], [ 23.21707, 43.83218 ], [ 23.21612, 43.83195 ], [ 23.21513, 43.8317 ], [ 23.21409, 43.83141 ], [ 23.21299, 43.8311 ], [ 23.180348, 43.82216 ], [ 23.176517, 43.820984 ], [ 23.170943, 43.818807 ], [ 23.167128, 43.817183 ], [ 23.163803, 43.815481 ], [ 23.159727, 43.813159 ], [ 23.157904, 43.812104 ], [ 23.156354, 43.811251 ], [ 23.15521, 43.81069 ], [ 23.15408, 43.81016 ], [ 23.15296, 43.80964 ], [ 23.15187, 43.80913 ], [ 23.15081, 43.80862 ], [ 23.14976, 43.80813 ], [ 23.14873, 43.80765 ], [ 23.14872, 43.80765 ], [ 23.1477, 43.80717 ], [ 23.14769, 43.80717 ], [ 23.14667, 43.8067 ], [ 23.14666, 43.80669 ], [ 23.14564, 43.80623 ], [ 23.14563, 43.80622 ], [ 23.14459, 43.80576 ], [ 23.14458, 43.80576 ], [ 23.14352, 43.8053 ], [ 23.14351, 43.80529 ], [ 23.14243, 43.80483 ], [ 23.14242, 43.80483 ], [ 23.14132, 43.80437 ], [ 23.14131, 43.80436 ], [ 23.1402, 43.80391 ], [ 23.14019, 43.80391 ], [ 23.13907, 43.80346 ], [ 23.13905, 43.80346 ], [ 23.137739, 43.80305 ], [ 23.136637, 43.80275 ], [ 23.134955, 43.802329 ], [ 23.133435, 43.801997 ], [ 23.131965, 43.801799 ], [ 23.130616, 43.801673 ], [ 23.12031, 43.801057 ], [ 23.120249, 43.801933 ], [ 23.120205, 43.802721 ] ] ] } },
{ "type": "Feature", "properties": { "DRVAL1": null, "OBJNAM": null, "NOBJNM": null, "TRAFIC": null, "INFORM": null, "SCAMIN": 90000 }, "geometry": { "type": "Polygon", "coordinates": [ [ [ 22.995552, 43.807252 ], [ 22.997429, 43.807083 ], [ 22.998895, 43.806955 ], [ 23.002371, 43.806602 ], [ 23.004503, 43.806384 ], [ 23.013811, 43.806238 ], [ 23.014992, 43.80626 ], [ 23.018316, 43.806073 ], [ 23.024768, 43.805542 ], [ 23.026765, 43.805318 ], [ 23.027527, 43.805237 ], [ 23.028902, 43.805117 ], [ 23.030845, 43.804892 ], [ 23.03254, 43.804715 ], [ 23.034186, 43.804583 ], [ 23.035146, 43.804486 ], [ 23.036075, 43.804439 ], [ 23.036964, 43.804429 ], [ 23.038019, 43.804454 ], [ 23.038892, 43.80447 ], [ 23.03979, 43.804518 ], [ 23.040435, 43.80455 ], [ 23.041057, 43.804607 ], [ 23.041584, 43.804639 ], [ 23.042174, 43.804679 ], [ 23.042849, 43.804726 ], [ 23.043553, 43.804751 ], [ 23.044167, 43.804763 ], [ 23.044184, 43.804763 ], [ 23.044847, 43.804774 ], [ 23.045528, 43.80479 ], [ 23.046078, 43.80479 ], [ 23.046784, 43.804786 ], [ 23.047396, 43.804774 ], [ 23.048099, 43.804741 ], [ 23.048766, 43.804721 ], [ 23.049519, 43.804679 ], [ 23.05037, 43.804619 ], [ 23.051452, 43.804526 ], [ 23.052956, 43.804399 ], [ 23.054553, 43.804228 ], [ 23.055834, 43.804089 ], [ 23.060266, 43.803745 ], [ 23.062001, 43.803605 ], [ 23.063059, 43.803512 ], [ 23.064232, 43.803419 ], [ 23.065882, 43.803263 ], [ 23.067723, 43.803102 ], [ 23.070263, 43.802861 ], [ 23.072885, 43.802556 ], [ 23.075499, 43.802328 ], [ 23.077488, 43.802195 ], [ 23.079005, 43.802098 ], [ 23.080561, 43.802061 ], [ 23.082891, 43.802061 ], [ 23.086791, 43.802098 ], [ 23.10522, 43.802301 ], [ 23.10703, 43.802361 ], [ 23.118903, 43.802681 ], [ 23.120205, 43.802721 ], [ 23.120249, 43.801933 ], [ 23.12031, 43.801057 ], [ 23.119041, 43.801001 ], [ 23.107319, 43.800618 ], [ 23.105597, 43.800583 ], [ 23.101997, 43.800503 ], [ 23.082909, 43.800372 ], [ 23.080713, 43.800384 ], [ 23.078941, 43.800439 ], [ 23.076748, 43.800595 ], [ 23.069956, 43.80126 ], [ 23.067619, 43.801541 ], [ 23.065828, 43.801749 ], [ 23.06436, 43.80186 ], [ 23.06435, 43.80186 ], [ 23.06304, 43.80195 ], [ 23.06303, 43.80195 ], [ 23.06183, 43.80203 ], [ 23.06076, 43.80212 ], [ 23.06075, 43.80212 ], [ 23.05977, 43.80221 ], [ 23.05975, 43.80221 ], [ 23.05885, 43.8023 ], [ 23.05884, 43.8023 ], [ 23.057997, 43.802399 ], [ 23.057329, 43.802474 ], [ 23.056327, 43.802597 ], [ 23.055073, 43.80274 ], [ 23.054099, 43.802851 ], [ 23.053305, 43.802919 ], [ 23.05179, 43.80305 ], [ 23.05105, 43.80311 ], [ 23.05032, 43.80316 ], [ 23.04963, 43.80321 ], [ 23.04896, 43.80324 ], [ 23.04832, 43.80326 ], [ 23.04769, 43.80327 ], [ 23.04708, 43.80327 ], [ 23.04647, 43.80326 ], [ 23.04587, 43.80324 ], [ 23.04525, 43.80321 ], [ 23.044599, 43.803216 ], [ 23.043917, 43.803179 ], [ 23.043913, 43.803179 ], [ 23.043264, 43.803154 ], [ 23.042651, 43.803142 ], [ 23.042019, 43.803129 ], [ 23.041369, 43.803129 ], [ 23.040756, 43.803129 ], [ 23.039847, 43.80316 ], [ 23.038788, 43.803202 ], [ 23.037273, 43.803286 ], [ 23.035725, 43.80339 ], [ 23.034316, 43.803503 ], [ 23.032892, 43.803663 ], [ 23.031625, 43.803837 ], [ 23.028763, 43.804142 ], [ 23.026581, 43.804367 ], [ 23.02446, 43.804557 ], [ 23.018398, 43.80485 ], [ 23.01511, 43.80493 ], [ 23.004546, 43.805343 ], [ 23.002255, 43.805507 ], [ 22.999694, 43.805729 ], [ 22.997481, 43.805905 ], [ 22.995644, 43.806045 ], [ 22.995601, 43.806658 ], [ 22.995552, 43.807252 ] ] ] } },
{ "type": "Feature", "properties": { "DRVAL1": null, "OBJNAM": null, "NOBJNM": null, "TRAFIC": null, "INFORM": null, "SCAMIN": 90000 }, "geometry": { "type": "Polygon", "coordinates": [ [ [ 22.869074, 43.838985 ], [ 22.869801, 43.838572 ], [ 22.870666, 43.838104 ], [ 22.871607, 43.837637 ], [ 22.872907, 43.836987 ], [ 22.87446, 43.836286 ], [ 22.87605, 43.835662 ], [ 22.87798, 43.83502 ], [ 22.88015, 43.83443 ], [ 22.88253, 43.83382 ], [ 22.8851, 43.83319 ], [ 22.88781, 43.83255 ], [ 22.89061, 43.83192 ], [ 22.89346, 43.83129 ], [ 22.89633, 43.83068 ], [ 22.899127, 43.830027 ], [ 22.901627, 43.829485 ], [ 22.904623, 43.828902 ], [ 22.907213, 43.828451 ], [ 22.90969, 43.82809 ], [ 22.91204, 43.82768 ], [ 22.914155, 43.82724 ], [ 22.928077, 43.824492 ], [ 22.939368, 43.821997 ], [ 22.941963, 43.821366 ], [ 22.94413, 43.82063 ], [ 22.94414, 43.82063 ], [ 22.94548, 43.82007 ], [ 22.94549, 43.82007 ], [ 22.94686, 43.8195 ], [ 22.94827, 43.81891 ], [ 22.94971, 43.81832 ], [ 22.95119, 43.81771 ], [ 22.9527, 43.81711 ], [ 22.95424, 43.81651 ], [ 22.954729, 43.816326 ], [ 22.956965, 43.815694 ], [ 22.960144, 43.814804 ], [ 22.96392, 43.813943 ], [ 22.978645, 43.810801 ], [ 22.990636, 43.807913 ], [ 22.992349, 43.807592 ], [ 22.995552, 43.807252 ], [ 22.995601, 43.806658 ], [ 22.995644, 43.806045 ], [ 22.993421, 43.80623 ], [ 22.992161, 43.806366 ], [ 22.989978, 43.80684 ], [ 22.962939, 43.812317 ], [ 22.959284, 43.813168 ], [ 22.956031, 43.814 ], [ 22.953599, 43.814727 ], [ 22.95309, 43.81492 ], [ 22.95307, 43.81492 ], [ 22.95152, 43.81553 ], [ 22.95151, 43.81553 ], [ 22.94998, 43.81614 ], [ 22.94997, 43.81614 ], [ 22.94849, 43.81675 ], [ 22.94848, 43.81675 ], [ 22.94703, 43.81735 ], [ 22.94562, 43.81794 ], [ 22.94425, 43.81851 ], [ 22.94291, 43.81906 ], [ 22.941345, 43.819573 ], [ 22.938936, 43.820172 ], [ 22.927726, 43.822866 ], [ 22.913676, 43.825424 ], [ 22.91147, 43.82593 ], [ 22.9091, 43.82635 ], [ 22.90909, 43.82635 ], [ 22.9066, 43.8268 ], [ 22.90659, 43.8268 ], [ 22.904, 43.82728 ], [ 22.90399, 43.82729 ], [ 22.90129, 43.82781 ], [ 22.90128, 43.82781 ], [ 22.8985, 43.82836 ], [ 22.89849, 43.82836 ], [ 22.89565, 43.82895 ], [ 22.89563, 43.82895 ], [ 22.89276, 43.82956 ], [ 22.89275, 43.82957 ], [ 22.88988, 43.8302 ], [ 22.88987, 43.8302 ], [ 22.88706, 43.83084 ], [ 22.88704, 43.83084 ], [ 22.88432, 43.83148 ], [ 22.88431, 43.83148 ], [ 22.88173, 43.83212 ], [ 22.88171, 43.83212 ], [ 22.87928, 43.83275 ], [ 22.877049, 43.833413 ], [ 22.875117, 43.834076 ], [ 22.87348, 43.834673 ], [ 22.871756, 43.835418 ], [ 22.870484, 43.836069 ], [ 22.869228, 43.836746 ], [ 22.869169, 43.837755 ], [ 22.869074, 43.838985 ] ] ] } },
{ "type": "Feature", "properties": { "DRVAL1": null, "OBJNAM": null, "NOBJNM": null, "TRAFIC": null, "INFORM": null, "SCAMIN": 90000 }, "geometry": { "type": "Polygon", "coordinates": [ [ [ 22.848742, 43.906779 ], [ 22.848393, 43.905839 ], [ 22.847763, 43.903956 ], [ 22.846944, 43.901457 ], [ 22.846392, 43.899537 ], [ 22.84585, 43.897729 ], [ 22.845226, 43.895804 ], [ 22.84453, 43.89325 ], [ 22.843956, 43.890771 ], [ 22.843426, 43.88848 ], [ 22.843046, 43.885756 ], [ 22.842702, 43.882937 ], [ 22.842636, 43.881625 ], [ 22.842679, 43.879312 ], [ 22.842745, 43.875873 ], [ 22.842985, 43.872775 ], [ 22.843464, 43.86939 ], [ 22.84373, 43.86779 ], [ 22.8447, 43.8644 ], [ 22.84505, 43.86328 ], [ 22.84544, 43.86216 ], [ 22.84588, 43.86104 ], [ 22.84638, 43.85993 ], [ 22.847424, 43.858153 ], [ 22.848558, 43.856532 ], [ 22.85007, 43.854557 ], [ 22.85174, 43.852621 ], [ 22.853599, 43.850606 ], [ 22.855179, 43.849014 ], [ 22.856459, 43.847781 ], [ 22.857536, 43.846901 ], [ 22.858639, 43.845993 ], [ 22.860183, 43.844743 ], [ 22.86168, 43.843662 ], [ 22.862955, 43.842743 ], [ 22.864499, 43.841695 ], [ 22.866153, 43.840646 ], [ 22.868103, 43.839505 ], [ 22.869074, 43.838985 ], [ 22.869169, 43.837755 ], [ 22.869228, 43.836746 ], [ 22.867892, 43.837495 ], [ 22.866018, 43.838543 ], [ 22.863954, 43.839785 ], [ 22.8623, 43.840761 ], [ 22.860379, 43.842011 ], [ 22.85893, 43.843011 ], [ 22.857276, 43.844212 ], [ 22.85559, 43.845486 ], [ 22.854173, 43.846768 ], [ 22.852708, 43.848123 ], [ 22.851195, 43.849712 ], [ 22.849006, 43.852301 ], [ 22.847037, 43.854792 ], [ 22.845587, 43.856881 ], [ 22.844216, 43.859172 ], [ 22.8435, 43.86053 ], [ 22.84304, 43.86167 ], [ 22.84263, 43.86285 ], [ 22.84226, 43.86403 ], [ 22.8413, 43.86743 ], [ 22.840844, 43.869698 ], [ 22.840473, 43.872637 ], [ 22.840193, 43.875551 ], [ 22.840065, 43.879519 ], [ 22.840293, 43.883839 ], [ 22.840582, 43.886241 ], [ 22.840938, 43.888942 ], [ 22.841408, 43.891144 ], [ 22.8421, 43.89362 ], [ 22.84264, 43.89545 ], [ 22.843463, 43.897936 ], [ 22.843995, 43.899553 ], [ 22.844248, 43.90036 ], [ 22.844484, 43.901134 ], [ 22.845099, 43.903053 ], [ 22.845998, 43.90565 ], [ 22.846361, 43.906666 ], [ 22.847622, 43.906731 ], [ 22.848742, 43.906779 ] ] ] } },
{ "type": "Feature", "properties": { "DRVAL1": null, "OBJNAM": null, "NOBJNM": null, "TRAFIC": null, "INFORM": null, "SCAMIN": 90000 }, "geometry": { "type": "Polygon", "coordinates": [ [ [ 22.885109, 43.985192 ], [ 22.88487, 43.98495 ], [ 22.88407, 43.98412 ], [ 22.88328, 43.98328 ], [ 22.88253, 43.98245 ], [ 22.88118, 43.98088 ], [ 22.8806, 43.98016 ], [ 22.8801, 43.97948 ], [ 22.87966, 43.97884 ], [ 22.87927, 43.97821 ], [ 22.87893, 43.97758 ], [ 22.87862, 43.97694 ], [ 22.87835, 43.97628 ], [ 22.8781, 43.97557 ], [ 22.87786, 43.97481 ], [ 22.87742, 43.97315 ], [ 22.87638, 43.96836 ], [ 22.87591, 43.96627 ], [ 22.87485, 43.96185 ], [ 22.87427, 43.95949 ], [ 22.87339, 43.95575 ], [ 22.87254, 43.95199 ], [ 22.87203, 43.9496 ], [ 22.87139, 43.94634 ], [ 22.87075, 43.94274 ], [ 22.870172, 43.940151 ], [ 22.869561, 43.938219 ], [ 22.869134, 43.93695 ], [ 22.868708, 43.935708 ], [ 22.86847, 43.935067 ], [ 22.868082, 43.934154 ], [ 22.867491, 43.933079 ], [ 22.867026, 43.93226 ], [ 22.866526, 43.931404 ], [ 22.865943, 43.930506 ], [ 22.864922, 43.929043 ], [ 22.864519, 43.928511 ], [ 22.863941, 43.927771 ], [ 22.863241, 43.926933 ], [ 22.862528, 43.926108 ], [ 22.862008, 43.925459 ], [ 22.861307, 43.924428 ], [ 22.860639, 43.923473 ], [ 22.859838, 43.922346 ], [ 22.859228, 43.921464 ], [ 22.85865, 43.920589 ], [ 22.857462, 43.919044 ], [ 22.856552, 43.917927 ], [ 22.855624, 43.91681 ], [ 22.852459, 43.913037 ], [ 22.851391, 43.911698 ], [ 22.850729, 43.910779 ], [ 22.850114, 43.909844 ], [ 22.849672, 43.909005 ], [ 22.848994, 43.907408 ], [ 22.848742, 43.906779 ], [ 22.847622, 43.906731 ], [ 22.846361, 43.906666 ], [ 22.846705, 43.907581 ], [ 22.847037, 43.908516 ], [ 22.847431, 43.909435 ], [ 22.847778, 43.91008 ], [ 22.84833, 43.911048 ], [ 22.849325, 43.912359 ], [ 22.85024, 43.913552 ], [ 22.851263, 43.914714 ], [ 22.85477, 43.918575 ], [ 22.855969, 43.919978 ], [ 22.857755, 43.922176 ], [ 22.859091, 43.923921 ], [ 22.859959, 43.925066 ], [ 22.861127, 43.926791 ], [ 22.862859, 43.929281 ], [ 22.863305, 43.929968 ], [ 22.864097, 43.931126 ], [ 22.864659, 43.932033 ], [ 22.865158, 43.932924 ], [ 22.865511, 43.933687 ], [ 22.865846, 43.934528 ], [ 22.866195, 43.935428 ], [ 22.866441, 43.936162 ], [ 22.867138, 43.938184 ], [ 22.867797, 43.940412 ], [ 22.86892, 43.94658 ], [ 22.86957, 43.94986 ], [ 22.87008, 43.95227 ], [ 22.87123, 43.95731 ], [ 22.87345, 43.96657 ], [ 22.87497, 43.97347 ], [ 22.87542, 43.97518 ], [ 22.87568, 43.97601 ], [ 22.87594, 43.97674 ], [ 22.87626, 43.97751 ], [ 22.87658, 43.97819 ], [ 22.87696, 43.97889 ], [ 22.87739, 43.97958 ], [ 22.8779, 43.98032 ], [ 22.87844, 43.98105 ], [ 22.87902, 43.98178 ], [ 22.87971, 43.9826 ], [ 22.8812, 43.98427 ], [ 22.88283, 43.98598 ], [ 22.88368, 43.98683 ], [ 22.88449, 43.98762 ], [ 22.8845, 43.98764 ], [ 22.884914, 43.988027 ], [ 22.885011, 43.986623 ], [ 22.885109, 43.985192 ] ] ] } },
{ "type": "Feature", "properties": { "DRVAL1": null, "OBJNAM": null, "NOBJNM": null, "TRAFIC": null, "INFORM": null, "SCAMIN": 90000 }, "geometry": { "type": "Polygon", "coordinates": [ [ [ 23.008117, 44.010008 ], [ 23.007523, 44.009854 ], [ 23.006944, 44.00972 ], [ 23.006388, 44.009617 ], [ 23.005489, 44.009476 ], [ 22.996753, 44.008514 ], [ 22.996007, 44.008413 ], [ 22.971978, 44.004873 ], [ 22.959059, 44.002777 ], [ 22.951305, 44.001962 ], [ 22.948647, 44.001817 ], [ 22.948306, 44.001762 ], [ 22.946725, 44.001559 ], [ 22.936237, 44.000624 ], [ 22.935165, 44.000499 ], [ 22.934569, 44.000419 ], [ 22.934093, 44.000338 ], [ 22.933343, 44.000156 ], [ 22.932582, 43.999962 ], [ 22.931571, 43.999731 ], [ 22.929652, 43.999212 ], [ 22.927376, 43.998654 ], [ 22.92528, 43.998139 ], [ 22.922739, 43.997517 ], [ 22.915107, 43.995954 ], [ 22.907322, 43.994278 ], [ 22.898083, 43.992339 ], [ 22.896098, 43.991926 ], [ 22.894689, 43.991536 ], [ 22.893211, 43.991007 ], [ 22.891033, 43.990037 ], [ 22.889605, 43.989294 ], [ 22.88941, 43.98914 ], [ 22.88872, 43.98858 ], [ 22.88801, 43.98796 ], [ 22.88727, 43.98728 ], [ 22.88649, 43.98655 ], [ 22.88568, 43.98577 ], [ 22.885109, 43.985192 ], [ 22.885011, 43.986623 ], [ 22.884914, 43.988027 ], [ 22.88529, 43.98838 ], [ 22.88531, 43.9884 ], [ 22.88607, 43.98909 ], [ 22.88609, 43.9891 ], [ 22.88682, 43.98974 ], [ 22.88684, 43.98976 ], [ 22.88755, 43.99034 ], [ 22.88758, 43.99036 ], [ 22.88827, 43.99089 ], [ 22.8883, 43.99092 ], [ 22.888555, 43.991107 ], [ 22.890914, 43.992269 ], [ 22.892415, 43.992896 ], [ 22.893876, 43.99336 ], [ 22.89556, 43.993783 ], [ 22.897624, 43.994204 ], [ 22.907336, 43.996148 ], [ 22.922022, 43.999233 ], [ 22.926142, 44.000392 ], [ 22.930608, 44.001688 ], [ 22.932006, 44.002075 ], [ 22.932969, 44.002277 ], [ 22.933755, 44.002386 ], [ 22.934292, 44.002466 ], [ 22.935049, 44.002492 ], [ 22.937138, 44.002559 ], [ 22.946256, 44.002888 ], [ 22.947874, 44.003054 ], [ 22.948258, 44.003094 ], [ 22.950623, 44.003558 ], [ 22.958685, 44.004555 ], [ 22.970927, 44.006374 ], [ 22.996184, 44.010113 ], [ 23.004791, 44.011017 ], [ 23.005598, 44.011122 ], [ 23.006051, 44.011213 ], [ 23.00667, 44.011363 ], [ 23.007357, 44.011605 ], [ 23.008009, 44.011873 ], [ 23.008062, 44.010887 ], [ 23.008117, 44.010008 ] ] ] } },
{ "type": "Feature", "properties": { "DRVAL1": null, "OBJNAM": null, "NOBJNM": null, "TRAFIC": null, "INFORM": null, "SCAMIN": 90000 }, "geometry": { "type": "Polygon", "coordinates": [ [ [ 23.045786, 44.069497 ], [ 23.045999, 44.068846 ], [ 23.046167, 44.06818 ], [ 23.046365, 44.067173 ], [ 23.046563, 44.066033 ], [ 23.046675, 44.064676 ], [ 23.046661, 44.063558 ], [ 23.046591, 44.062836 ], [ 23.046492, 44.062413 ], [ 23.045945, 44.06073 ], [ 23.045131, 44.058951 ], [ 23.044239, 44.057311 ], [ 23.043318, 44.055744 ], [ 23.042041, 44.053815 ], [ 23.040859, 44.052156 ], [ 23.039171, 44.049585 ], [ 23.025638, 44.031391 ], [ 23.024721, 44.030107 ], [ 23.023522, 44.028318 ], [ 23.020253, 44.023577 ], [ 23.018248, 44.020514 ], [ 23.01704, 44.018789 ], [ 23.015884, 44.017398 ], [ 23.015099, 44.016438 ], [ 23.014388, 44.015648 ], [ 23.013918, 44.01521 ], [ 23.013705, 44.015018 ], [ 23.01318, 44.014607 ], [ 23.012382, 44.014099 ], [ 23.011158, 44.013414 ], [ 23.010027, 44.012822 ], [ 23.009087, 44.012346 ], [ 23.008009, 44.011873 ], [ 23.008062, 44.010887 ], [ 23.008117, 44.010008 ], [ 23.009382, 44.010477 ], [ 23.010474, 44.010997 ], [ 23.011533, 44.011561 ], [ 23.013493, 44.012716 ], [ 23.015546, 44.014168 ], [ 23.016935, 44.015448 ], [ 23.01842, 44.017045 ], [ 23.019968, 44.01898 ], [ 23.021881, 44.021732 ], [ 23.023809, 44.024635 ], [ 23.025958, 44.027764 ], [ 23.027735, 44.03031 ], [ 23.028968, 44.031998 ], [ 23.041258, 44.048119 ], [ 23.043584, 44.051295 ], [ 23.045123, 44.053445 ], [ 23.04681, 44.05598 ], [ 23.047537, 44.057507 ], [ 23.048316, 44.059345 ], [ 23.0488, 44.060573 ], [ 23.048997, 44.061198 ], [ 23.049392, 44.06263 ], [ 23.049598, 44.063946 ], [ 23.049691, 44.064748 ], [ 23.049691, 44.065602 ], [ 23.049628, 44.06657 ], [ 23.049501, 44.067489 ], [ 23.049328, 44.068666 ], [ 23.049161, 44.069638 ], [ 23.047672, 44.069578 ], [ 23.045786, 44.069497 ] ] ] } },
{ "type": "Feature", "properties": { "DRVAL1": null, "OBJNAM": null, "NOBJNM": null, "TRAFIC": null, "INFORM": null, "SCAMIN": 90000 }, "geometry": { "type": "Polygon", "coordinates": [ [ [ 22.952291, 44.097221 ], [ 22.95305, 44.097139 ], [ 22.953764, 44.097043 ], [ 22.954558, 44.09697 ], [ 22.955749, 44.096909 ], [ 22.956657, 44.096925 ], [ 22.958151, 44.096991 ], [ 22.959308, 44.097096 ], [ 22.960406, 44.09721 ], [ 22.96374, 44.097629 ], [ 22.967375, 44.098049 ], [ 22.970891, 44.098477 ], [ 22.97324, 44.098713 ], [ 22.975512, 44.098879 ], [ 22.977827, 44.098941 ], [ 22.97997, 44.09899 ], [ 22.98198, 44.09891 ], [ 22.982, 44.0989 ], [ 22.98393, 44.09879 ], [ 22.98573, 44.09866 ], [ 22.98576, 44.09865 ], [ 22.98747, 44.09849 ], [ 22.9875, 44.09849 ], [ 22.98914, 44.09831 ], [ 22.98917, 44.0983 ], [ 22.99073, 44.09809 ], [ 22.99077, 44.09809 ], [ 22.99228, 44.09785 ], [ 22.99231, 44.09785 ], [ 22.99377, 44.09759 ], [ 22.99523, 44.09729 ], [ 22.99526, 44.09729 ], [ 22.996863, 44.096962 ], [ 23.000783, 44.096014 ], [ 23.005557, 44.094752 ], [ 23.009363, 44.093734 ], [ 23.014422, 44.092226 ], [ 23.017411, 44.091256 ], [ 23.019532, 44.090533 ], [ 23.021117, 44.089968 ], [ 23.022634, 44.089398 ], [ 23.023801, 44.08891 ], [ 23.024998, 44.08838 ], [ 23.02925, 44.086114 ], [ 23.033884, 44.083523 ], [ 23.037914, 44.08103 ], [ 23.040869, 44.079123 ], [ 23.043575, 44.07719 ], [ 23.045896, 44.075077 ], [ 23.047236, 44.073463 ], [ 23.048216, 44.072044 ], [ 23.048849, 44.070577 ], [ 23.049161, 44.069638 ], [ 23.047672, 44.069578 ], [ 23.045786, 44.069497 ], [ 23.045496, 44.070226 ], [ 23.045039, 44.071022 ], [ 23.044475, 44.071777 ], [ 23.043688, 44.07276 ], [ 23.042637, 44.074072 ], [ 23.040897, 44.075932 ], [ 23.03865, 44.077833 ], [ 23.036029, 44.079702 ], [ 23.032335, 44.082 ], [ 23.028042, 44.0845 ], [ 23.023575, 44.086852 ], [ 23.021367, 44.087876 ], [ 23.018263, 44.089006 ], [ 23.014877, 44.090045 ], [ 23.01022, 44.09143 ], [ 23.00769, 44.09209 ], [ 23.00513, 44.09277 ], [ 23.00512, 44.09278 ], [ 23.00384, 44.09313 ], [ 23.00383, 44.09314 ], [ 23.00253, 44.0935 ], [ 23.00123, 44.09387 ], [ 22.9986, 44.09459 ], [ 22.99726, 44.09493 ], [ 22.99591, 44.09526 ], [ 22.99454, 44.09556 ], [ 22.99315, 44.09584 ], [ 22.99173, 44.0961 ], [ 22.99026, 44.09633 ], [ 22.98873, 44.09653 ], [ 22.98713, 44.09671 ], [ 22.98546, 44.09687 ], [ 22.98369, 44.097 ], [ 22.98181, 44.09711 ], [ 22.979771, 44.097245 ], [ 22.977741, 44.097332 ], [ 22.97552, 44.097271 ], [ 22.973266, 44.097088 ], [ 22.970848, 44.096878 ], [ 22.967513, 44.096598 ], [ 22.964066, 44.096353 ], [ 22.960603, 44.096074 ], [ 22.959377, 44.095995 ], [ 22.958253, 44.095934 ], [ 22.956556, 44.095894 ], [ 22.955123, 44.095925 ], [ 22.953348, 44.096048 ], [ 22.952368, 44.096129 ], [ 22.952323, 44.096686 ], [ 22.952291, 44.097221 ] ] ] } },
{ "type": "Feature", "properties": { "DRVAL1": null, "OBJNAM": null, "NOBJNM": null, "TRAFIC": null, "INFORM": null, "SCAMIN": 90000 }, "geometry": { "type": "Polygon", "coordinates": [ [ [ 22.874931, 44.131993 ], [ 22.879426, 44.129644 ], [ 22.888807, 44.124478 ], [ 22.890038, 44.123748 ], [ 22.891932, 44.122546 ], [ 22.89334, 44.121497 ], [ 22.894511, 44.120465 ], [ 22.900115, 44.114641 ], [ 22.901824, 44.112996 ], [ 22.903736, 44.111528 ], [ 22.90606, 44.109916 ], [ 22.9072, 44.109109 ], [ 22.909463, 44.107674 ], [ 22.912421, 44.106204 ], [ 22.914885, 44.105005 ], [ 22.917131, 44.104009 ], [ 22.918268, 44.103497 ], [ 22.920395, 44.102567 ], [ 22.922323, 44.101753 ], [ 22.924601, 44.101205 ], [ 22.926278, 44.100818 ], [ 22.928242, 44.10048 ], [ 22.930536, 44.100093 ], [ 22.93256, 44.099771 ], [ 22.934554, 44.099545 ], [ 22.936816, 44.099335 ], [ 22.939397, 44.099035 ], [ 22.950304, 44.097394 ], [ 22.951367, 44.097298 ], [ 22.952291, 44.097221 ], [ 22.952323, 44.096686 ], [ 22.952368, 44.096129 ], [ 22.951362, 44.096173 ], [ 22.950251, 44.09629 ], [ 22.938666, 44.097541 ], [ 22.934538, 44.097803 ], [ 22.932054, 44.098029 ], [ 22.929412, 44.098335 ], [ 22.926106, 44.098916 ], [ 22.922608, 44.099624 ], [ 22.920393, 44.100269 ], [ 22.918781, 44.100932 ], [ 22.917311, 44.101561 ], [ 22.915615, 44.102334 ], [ 22.91356, 44.103351 ], [ 22.911615, 44.104303 ], [ 22.909368, 44.105399 ], [ 22.906742, 44.106835 ], [ 22.904242, 44.108448 ], [ 22.902344, 44.109754 ], [ 22.90111, 44.110657 ], [ 22.899796, 44.111818 ], [ 22.898372, 44.113302 ], [ 22.892563, 44.119435 ], [ 22.891033, 44.120611 ], [ 22.889273, 44.12182 ], [ 22.887471, 44.122931 ], [ 22.881325, 44.126339 ], [ 22.87846, 44.127983 ], [ 22.875057, 44.129872 ], [ 22.874988, 44.130901 ], [ 22.874931, 44.131993 ] ] ] } },
{ "type": "Feature", "properties": { "DRVAL1": null, "OBJNAM": null, "NOBJNM": null, "TRAFIC": null, "INFORM": null, "SCAMIN": 90000 }, "geometry": { "type": "Polygon", "coordinates": [ [ [ 22.797866, 44.160877 ], [ 22.799773, 44.159906 ], [ 22.80198, 44.158816 ], [ 22.803231, 44.158292 ], [ 22.804639, 44.157736 ], [ 22.806838, 44.157017 ], [ 22.809203, 44.156209 ], [ 22.811471, 44.155493 ], [ 22.814, 44.154751 ], [ 22.816365, 44.154115 ], [ 22.818086, 44.153684 ], [ 22.81989, 44.15318 ], [ 22.821678, 44.152679 ], [ 22.82343, 44.15216 ], [ 22.82725, 44.1509 ], [ 22.82726, 44.1509 ], [ 22.82914, 44.15021 ], [ 22.82915, 44.15021 ], [ 22.83105, 44.1495 ], [ 22.83106, 44.1495 ], [ 22.83299, 44.14878 ], [ 22.833, 44.14877 ], [ 22.83495, 44.14803 ], [ 22.83693, 44.14727 ], [ 22.839127, 44.146501 ], [ 22.841255, 44.145804 ], [ 22.844706, 44.144541 ], [ 22.846716, 44.143814 ], [ 22.848735, 44.143048 ], [ 22.850359, 44.142433 ], [ 22.852478, 44.141638 ], [ 22.855557, 44.140437 ], [ 22.859305, 44.139016 ], [ 22.862907, 44.137594 ], [ 22.866691, 44.136018 ], [ 22.871398, 44.133903 ], [ 22.87235, 44.133413 ], [ 22.872501, 44.133328 ], [ 22.873313, 44.132874 ], [ 22.874931, 44.131993 ], [ 22.874988, 44.130901 ], [ 22.875057, 44.129872 ], [ 22.873576, 44.130737 ], [ 22.871327, 44.131908 ], [ 22.870675, 44.132248 ], [ 22.866433, 44.134106 ], [ 22.861977, 44.135645 ], [ 22.859016, 44.136652 ], [ 22.854926, 44.138142 ], [ 22.852345, 44.139126 ], [ 22.84946, 44.140231 ], [ 22.845982, 44.141513 ], [ 22.842515, 44.142722 ], [ 22.8396, 44.143837 ], [ 22.837572, 44.144726 ], [ 22.835646, 44.145633 ], [ 22.83378, 44.14644 ], [ 22.83183, 44.14718 ], [ 22.82801, 44.14861 ], [ 22.82427, 44.14996 ], [ 22.82243, 44.15063 ], [ 22.820614, 44.151166 ], [ 22.819166, 44.151537 ], [ 22.817471, 44.152014 ], [ 22.815175, 44.152624 ], [ 22.813016, 44.15318 ], [ 22.810925, 44.15377 ], [ 22.80826, 44.154565 ], [ 22.80457, 44.155672 ], [ 22.803159, 44.156147 ], [ 22.801685, 44.156693 ], [ 22.800729, 44.157143 ], [ 22.79915, 44.157948 ], [ 22.798043, 44.158512 ], [ 22.797956, 44.159723 ], [ 22.797866, 44.160877 ] ] ] } },
{ "type": "Feature", "properties": { "DRVAL1": null, "OBJNAM": null, "NOBJNM": null, "TRAFIC": null, "INFORM": null, "SCAMIN": 90000 }, "geometry": { "type": "Polygon", "coordinates": [ [ [ 22.719751, 44.203246 ], [ 22.720455, 44.203202 ], [ 22.721674, 44.203114 ], [ 22.723041, 44.203009 ], [ 22.72472, 44.202893 ], [ 22.725988, 44.202764 ], [ 22.726893, 44.202621 ], [ 22.727696, 44.202436 ], [ 22.728559, 44.202184 ], [ 22.72956, 44.201814 ], [ 22.731058, 44.201213 ], [ 22.737958, 44.197811 ], [ 22.741253, 44.196054 ], [ 22.742368, 44.195502 ], [ 22.744125, 44.194925 ], [ 22.745273, 44.19458 ], [ 22.745696, 44.194462 ], [ 22.746301, 44.194309 ], [ 22.747173, 44.194117 ], [ 22.749095, 44.193675 ], [ 22.750301, 44.193365 ], [ 22.751301, 44.193067 ], [ 22.758677, 44.190368 ], [ 22.759958, 44.18987 ], [ 22.761387, 44.189208 ], [ 22.762445, 44.188619 ], [ 22.763622, 44.187879 ], [ 22.764515, 44.187301 ], [ 22.765695, 44.186438 ], [ 22.766142, 44.185998 ], [ 22.766921, 44.185221 ], [ 22.76854, 44.183489 ], [ 22.769289, 44.182659 ], [ 22.770083, 44.181801 ], [ 22.771091, 44.180735 ], [ 22.772053, 44.179699 ], [ 22.77311, 44.17861 ], [ 22.77423, 44.17759 ], [ 22.77538, 44.17656 ], [ 22.77656, 44.17554 ], [ 22.77775, 44.17453 ], [ 22.77896, 44.17354 ], [ 22.78022, 44.17257 ], [ 22.78152, 44.1716 ], [ 22.78288, 44.17065 ], [ 22.78432, 44.1697 ], [ 22.78583, 44.16876 ], [ 22.78744, 44.16782 ], [ 22.789333, 44.166627 ], [ 22.794181, 44.16329 ], [ 22.796035, 44.161993 ], [ 22.797866, 44.160877 ], [ 22.797956, 44.159723 ], [ 22.798043, 44.158512 ], [ 22.796533, 44.159363 ], [ 22.794502, 44.160652 ], [ 22.792255, 44.162006 ], [ 22.789462, 44.163896 ], [ 22.787215, 44.165483 ], [ 22.78588, 44.16641 ], [ 22.78424, 44.16737 ], [ 22.78267, 44.16835 ], [ 22.78115, 44.16935 ], [ 22.77974, 44.17034 ], [ 22.77839, 44.17134 ], [ 22.77712, 44.17233 ], [ 22.7771, 44.17234 ], [ 22.77587, 44.17335 ], [ 22.77585, 44.17336 ], [ 22.774703, 44.174436 ], [ 22.77358, 44.175494 ], [ 22.772481, 44.176568 ], [ 22.771381, 44.177685 ], [ 22.770373, 44.178714 ], [ 22.769357, 44.179743 ], [ 22.768426, 44.180691 ], [ 22.767685, 44.181446 ], [ 22.766784, 44.182408 ], [ 22.764958, 44.184325 ], [ 22.764408, 44.18494 ], [ 22.76392, 44.185414 ], [ 22.763263, 44.185887 ], [ 22.762644, 44.186316 ], [ 22.761873, 44.186783 ], [ 22.760987, 44.187323 ], [ 22.760074, 44.187786 ], [ 22.759367, 44.188113 ], [ 22.758426, 44.188548 ], [ 22.757442, 44.188932 ], [ 22.750884, 44.191544 ], [ 22.750242, 44.191766 ], [ 22.749768, 44.191899 ], [ 22.749127, 44.192077 ], [ 22.746148, 44.192861 ], [ 22.745353, 44.193083 ], [ 22.744605, 44.19335 ], [ 22.743841, 44.193631 ], [ 22.742985, 44.193972 ], [ 22.741659, 44.194498 ], [ 22.740689, 44.194907 ], [ 22.737628, 44.196362 ], [ 22.735954, 44.197138 ], [ 22.732435, 44.198663 ], [ 22.730538, 44.199504 ], [ 22.729002, 44.200134 ], [ 22.72845, 44.200332 ], [ 22.727972, 44.200488 ], [ 22.727715, 44.200561 ], [ 22.727339, 44.200661 ], [ 22.726714, 44.20079 ], [ 22.726005, 44.200922 ], [ 22.725048, 44.201043 ], [ 22.722871, 44.20122 ], [ 22.721415, 44.201306 ], [ 22.720233, 44.201378 ], [ 22.719893, 44.201406 ], [ 22.719835, 44.202272 ], [ 22.719751, 44.203246 ] ] ] } },
{ "type": "Feature", "properties": { "DRVAL1": null, "OBJNAM": null, "NOBJNM": null, "TRAFIC": null, "INFORM": null, "SCAMIN": 90000 }, "geometry": { "type": "Polygon", "coordinates": [ [ [ 22.676401, 44.214768 ], [ 22.677015, 44.21414 ], [ 22.678461, 44.212734 ], [ 22.680408, 44.210894 ], [ 22.682237, 44.209335 ], [ 22.683895, 44.207973 ], [ 22.685298, 44.206783 ], [ 22.686775, 44.205658 ], [ 22.6882, 44.20458 ], [ 22.68955, 44.20382 ], [ 22.69109, 44.20316 ], [ 22.69127, 44.2031 ], [ 22.692106, 44.202841 ], [ 22.692808, 44.202703 ], [ 22.69357, 44.202618 ], [ 22.694816, 44.202572 ], [ 22.696447, 44.202603 ], [ 22.698732, 44.202595 ], [ 22.700363, 44.202595 ], [ 22.702334, 44.202595 ], [ 22.704055, 44.20261 ], [ 22.706109, 44.202549 ], [ 22.707982, 44.202457 ], [ 22.71425, 44.201934 ], [ 22.71573, 44.20178 ], [ 22.717058, 44.201641 ], [ 22.718666, 44.201513 ], [ 22.719893, 44.201406 ], [ 22.719835, 44.202272 ], [ 22.719751, 44.203246 ], [ 22.718837, 44.203336 ], [ 22.717503, 44.203459 ], [ 22.716115, 44.203598 ], [ 22.714576, 44.203745 ], [ 22.708865, 44.20427 ], [ 22.706638, 44.20444 ], [ 22.705233, 44.204501 ], [ 22.703846, 44.204568 ], [ 22.702, 44.204581 ], [ 22.700305, 44.204593 ], [ 22.698435, 44.204614 ], [ 22.696572, 44.204685 ], [ 22.695213, 44.204685 ], [ 22.693884, 44.204747 ], [ 22.692045, 44.204995 ], [ 22.690203, 44.205769 ], [ 22.68846, 44.206882 ], [ 22.68713, 44.20787 ], [ 22.68563, 44.20905 ], [ 22.68563, 44.20906 ], [ 22.68395, 44.21037 ], [ 22.68393, 44.21038 ], [ 22.682078, 44.21191 ], [ 22.680281, 44.213555 ], [ 22.679186, 44.214615 ], [ 22.678085, 44.215675 ], [ 22.67725, 44.215242 ], [ 22.676401, 44.214768 ] ] ] } }
]
}
