{
"type": "FeatureCollection",
"name": "dismar",
"crs": { "type": "name", "properties": { "name": "urn:ogc:def:crs:OGC:1.3:CRS84" } },
"features": [
{ "type": "Feature", "properties": { "wtwdis": 380.0, "catdis": 1, "OBJNAM": null, "INFORM": null, "SCAMIN": null }, "geometry": { "type": "Point", "coordinates": [ 27.211635, 44.1159 ] } },
{ "type": "Feature", "properties": { "wtwdis": 379.0, "catdis": 1, "OBJNAM": null, "INFORM": null, "SCAMIN": null }, "geometry": { "type": "Point", "coordinates": [ 27.222912, 44.115451 ] } },
{ "type": "Feature", "properties": { "wtwdis": 378.0, "catdis": 1, "OBJNAM": null, "INFORM": null, "SCAMIN": null }, "geometry": { "type": "Point", "coordinates": [ 27.237893, 44.116934 ] } },
{ "type": "Feature", "properties": { "wtwdis": 377.0, "catdis": 1, "OBJNAM": null, "INFORM": null, "SCAMIN": null }, "geometry": { "type": "Point", "coordinates": [ 27.246964, 44.119576 ] } },
{ "type": "Feature", "properties": { "wtwdis": 376.0, "catdis": 1, "OBJNAM": null, "INFORM": null, "SCAMIN": null }, "geometry": { "type": "Point", "coordinates": [ 27.256742, 44.123686 ] } },
{ "type": "Feature", "properties": { "wtwdis": 388.0, "catdis": 1, "OBJNAM": null, "INFORM": null, "SCAMIN": null }, "geometry": { "type": "Point", "coordinates": [ 27.122846, 44.138574 ] } },
{ "type": "Feature", "properties": { "wtwdis": 387.0, "catdis": 1, "OBJNAM": null, "INFORM": null, "SCAMIN": null }, "geometry": { "type": "Point", "coordinates": [ 27.135314, 44.140013 ] } },
{ "type": "Feature", "properties": { "wtwdis": 386.0, "catdis": 1, "OBJNAM": null, "INFORM": null, "SCAMIN": null }, "geometry": { "type": "Point", "coordinates": [ 27.142879, 44.140757 ] } },
{ "type": "Feature", "properties": { "wtwdis": 386.0, "catdis": 3, "OBJNAM": null, "INFORM": null, "SCAMIN": null }, "geometry": { "type": "Point", "coordinates": [ 27.143077, 44.142127 ] } },
{ "type": "Feature", "properties": { "wtwdis": 385.0, "catdis": 3, "OBJNAM": null, "INFORM": null, "SCAMIN": null }, "geometry": { "type": "Point", "coordinates": [ 27.16136, 44.137489 ] } },
{ "type": "Feature", "properties": { "wtwdis": 385.0, "catdis": 1, "OBJNAM": null, "INFORM": null, "SCAMIN": null }, "geometry": { "type": "Point", "coordinates": [ 27.160355, 44.136506 ] } },
{ "type": "Feature", "properties": { "wtwdis": 384.0, "catdis": 1, "OBJNAM": null, "INFORM": null, "SCAMIN": null }, "geometry": { "type": "Point", "coordinates": [ 27.169931, 44.132031 ] } },
{ "type": "Feature", "properties": { "wtwdis": 384.0, "catdis": 3, "OBJNAM": null, "INFORM": null, "SCAMIN": null }, "geometry": { "type": "Point", "coordinates": [ 27.170882, 44.133288 ] } },
{ "type": "Feature", "properties": { "wtwdis": 383.0, "catdis": 3, "OBJNAM": null, "INFORM": null, "SCAMIN": null }, "geometry": { "type": "Point", "coordinates": [ 27.178853, 44.127764 ] } },
{ "type": "Feature", "properties": { "wtwdis": 383.0, "catdis": 1, "OBJNAM": null, "INFORM": null, "SCAMIN": null }, "geometry": { "type": "Point", "coordinates": [ 27.178044, 44.126301 ] } },
{ "type": "Feature", "properties": { "wtwdis": 382.0, "catdis": 1, "OBJNAM": null, "INFORM": null, "SCAMIN": null }, "geometry": { "type": "Point", "coordinates": [ 27.183988, 44.121755 ] } },
{ "type": "Feature", "properties": { "wtwdis": 382.0, "catdis": 3, "OBJNAM": null, "INFORM": null, "SCAMIN": null }, "geometry": { "type": "Point", "coordinates": [ 27.184529, 44.123474 ] } },
{ "type": "Feature", "properties": { "wtwdis": 381.0, "catdis": 1, "OBJNAM": null, "INFORM": null, "SCAMIN": null }, "geometry": { "type": "Point", "coordinates": [ 27.199629, 44.11678 ] } },
{ "type": "Feature", "properties": { "wtwdis": 397.0, "catdis": 1, "OBJNAM": null, "INFORM": null, "SCAMIN": null }, "geometry": { "type": "Point", "coordinates": [ 27.018798, 44.14136 ] } },
{ "type": "Feature", "properties": { "wtwdis": 396.0, "catdis": 1, "OBJNAM": null, "INFORM": null, "SCAMIN": null }, "geometry": { "type": "Point", "coordinates": [ 27.030673, 44.145181 ] } },
{ "type": "Feature", "properties": { "wtwdis": 395.0, "catdis": 1, "OBJNAM": null, "INFORM": null, "SCAMIN": null }, "geometry": { "type": "Point", "coordinates": [ 27.041166, 44.147744 ] } },
{ "type": "Feature", "properties": { "wtwdis": 394.0, "catdis": 1, "OBJNAM": null, "INFORM": null, "SCAMIN": null }, "geometry": { "type": "Point", "coordinates": [ 27.054955, 44.149301 ] } },
{ "type": "Feature", "properties": { "wtwdis": 393.0, "catdis": 1, "OBJNAM": null, "INFORM": null, "SCAMIN": null }, "geometry": { "type": "Point", "coordinates": [ 27.065816, 44.147773 ] } },
{ "type": "Feature", "properties": { "wtwdis": 392.0, "catdis": 1, "OBJNAM": null, "INFORM": null, "SCAMIN": null }, "geometry": { "type": "Point", "coordinates": [ 27.07651, 44.145717 ] } },
{ "type": "Feature", "properties": { "wtwdis": 391.0, "catdis": 1, "OBJNAM": null, "INFORM": null, "SCAMIN": null }, "geometry": { "type": "Point", "coordinates": [ 27.090804, 44.143222 ] } },
{ "type": "Feature", "properties": { "wtwdis": 390.0, "catdis": 1, "OBJNAM": null, "INFORM": null, "SCAMIN": null }, "geometry": { "type": "Point", "coordinates": [ 27.101057, 44.139092 ] } },
{ "type": "Feature", "properties": { "wtwdis": 389.0, "catdis": 1, "OBJNAM": null, "INFORM": null, "SCAMIN": null }, "geometry": { "type": "Point", "coordinates": [ 27.113399, 44.137489 ] } },
{ "type": "Feature", "properties": { "wtwdis": 409.0, "catdis": 1, "OBJNAM": null, "INFORM": null, "SCAMIN": null }, "geometry": { "type": "Point", "coordinates": [ 26.88125, 44.122821 ] } },
{ "type": "Feature", "properties": { "wtwdis": 408.0, "catdis": 1, "OBJNAM": null, "INFORM": null, "SCAMIN": null }, "geometry": { "type": "Point", "coordinates": [ 26.892202, 44.125566 ] } },
{ "type": "Feature", "properties": { "wtwdis": 407.0, "catdis": 1, "OBJNAM": null, "INFORM": null, "SCAMIN": null }, "geometry": { "type": "Point", "coordinates": [ 26.902983, 44.128302 ] } },
{ "type": "Feature", "properties": { "wtwdis": 406.0, "catdis": 1, "OBJNAM": null, "INFORM": null, "SCAMIN": null }, "geometry": { "type": "Point", "coordinates": [ 26.913818, 44.131033 ] } },
{ "type": "Feature", "properties": { "wtwdis": 405.0, "catdis": 1, "OBJNAM": null, "INFORM": null, "SCAMIN": null }, "geometry": { "type": "Point", "coordinates": [ 26.924859, 44.133312 ] } },
{ "type": "Feature", "properties": { "wtwdis": 404.0, "catdis": 1, "OBJNAM": null, "INFORM": null, "SCAMIN": null }, "geometry": { "type": "Point", "coordinates": [ 26.93713, 44.136272 ] } },
{ "type": "Feature", "properties": { "wtwdis": 403.0, "catdis": 3, "OBJNAM": null, "INFORM": null, "SCAMIN": null }, "geometry": { "type": "Point", "coordinates": [ 26.948645, 44.138722 ] } },
{ "type": "Feature", "properties": { "wtwdis": 403.0, "catdis": 1, "OBJNAM": null, "INFORM": null, "SCAMIN": null }, "geometry": { "type": "Point", "coordinates": [ 26.948615, 44.137124 ] } },
{ "type": "Feature", "properties": { "wtwdis": 402.0, "catdis": 1, "OBJNAM": null, "INFORM": null, "SCAMIN": null }, "geometry": { "type": "Point", "coordinates": [ 26.95962, 44.136427 ] } },
{ "type": "Feature", "properties": { "wtwdis": 401.0, "catdis": 1, "OBJNAM": null, "INFORM": null, "SCAMIN": null }, "geometry": { "type": "Point", "coordinates": [ 26.970922, 44.133665 ] } },
{ "type": "Feature", "properties": { "wtwdis": 400.0, "catdis": 1, "OBJNAM": null, "INFORM": null, "SCAMIN": null }, "geometry": { "type": "Point", "coordinates": [ 26.983914, 44.132124 ] } },
{ "type": "Feature", "properties": { "wtwdis": 399.0, "catdis": 1, "OBJNAM": null, "INFORM": null, "SCAMIN": null }, "geometry": { "type": "Point", "coordinates": [ 26.996157, 44.133907 ] } },
{ "type": "Feature", "properties": { "wtwdis": 398.0, "catdis": 1, "OBJNAM": null, "INFORM": null, "SCAMIN": null }, "geometry": { "type": "Point", "coordinates": [ 27.007517, 44.13795 ] } },
{ "type": "Feature", "properties": { "wtwdis": 418.0, "catdis": 1, "OBJNAM": null, "INFORM": null, "SCAMIN": null }, "geometry": { "type": "Point", "coordinates": [ 26.785116, 44.085003 ] } },
{ "type": "Feature", "properties": { "wtwdis": 417.0, "catdis": 1, "OBJNAM": null, "INFORM": null, "SCAMIN": null }, "geometry": { "type": "Point", "coordinates": [ 26.795865, 44.089761 ] } },
{ "type": "Feature", "properties": { "wtwdis": 416.0, "catdis": 1, "OBJNAM": null, "INFORM": null, "SCAMIN": null }, "geometry": { "type": "Point", "coordinates": [ 26.806161, 44.094421 ] } },
{ "type": "Feature", "properties": { "wtwdis": 415.0, "catdis": 1, "OBJNAM": null, "INFORM": null, "SCAMIN": null }, "geometry": { "type": "Point", "coordinates": [ 26.816842, 44.099443 ] } },
{ "type": "Feature", "properties": { "wtwdis": 414.0, "catdis": 1, "OBJNAM": null, "INFORM": null, "SCAMIN": null }, "geometry": { "type": "Point", "coordinates": [ 26.826784, 44.105075 ] } },
{ "type": "Feature", "properties": { "wtwdis": 413.0, "catdis": 1, "OBJNAM": null, "INFORM": null, "SCAMIN": null }, "geometry": { "type": "Point", "coordinates": [ 26.837529, 44.110787 ] } },
{ "type": "Feature", "properties": { "wtwdis": 412.0, "catdis": 1, "OBJNAM": null, "INFORM": null, "SCAMIN": null }, "geometry": { "type": "Point", "coordinates": [ 26.847975, 44.114643 ] } },
{ "type": "Feature", "properties": { "wtwdis": 411.0, "catdis": 1, "OBJNAM": null, "INFORM": null, "SCAMIN": null }, "geometry": { "type": "Point", "coordinates": [ 26.859781, 44.117196 ] } },
{ "type": "Feature", "properties": { "wtwdis": 410.0, "catdis": 1, "OBJNAM": null, "INFORM": null, "SCAMIN": null }, "geometry": { "type": "Point", "coordinates": [ 26.87031, 44.120025 ] } },
{ "type": "Feature", "properties": { "wtwdis": 429.0, "catdis": 1, "OBJNAM": null, "INFORM": null, "SCAMIN": null }, "geometry": { "type": "Point", "coordinates": [ 26.65175, 44.063746 ] } },
{ "type": "Feature", "properties": { "wtwdis": 428.0, "catdis": 1, "OBJNAM": null, "INFORM": null, "SCAMIN": null }, "geometry": { "type": "Point", "coordinates": [ 26.665214, 44.068923 ] } },
{ "type": "Feature", "properties": { "wtwdis": 428.0, "catdis": 3, "OBJNAM": null, "INFORM": null, "SCAMIN": null }, "geometry": { "type": "Point", "coordinates": [ 26.66509, 44.070633 ] } },
{ "type": "Feature", "properties": { "wtwdis": 427.0, "catdis": 3, "OBJNAM": null, "INFORM": null, "SCAMIN": null }, "geometry": { "type": "Point", "coordinates": [ 26.678668, 44.075687 ] } },
{ "type": "Feature", "properties": { "wtwdis": 427.0, "catdis": 1, "OBJNAM": null, "INFORM": null, "SCAMIN": null }, "geometry": { "type": "Point", "coordinates": [ 26.678673, 44.074338 ] } },
{ "type": "Feature", "properties": { "wtwdis": 426.0, "catdis": 1, "OBJNAM": null, "INFORM": null, "SCAMIN": null }, "geometry": { "type": "Point", "coordinates": [ 26.68472, 44.076075 ] } },
{ "type": "Feature", "properties": { "wtwdis": 426.0, "catdis": 3, "OBJNAM": null, "INFORM": null, "SCAMIN": null }, "geometry": { "type": "Point", "coordinates": [ 26.684252, 44.077179 ] } },
{ "type": "Feature", "properties": { "wtwdis": 425.0, "catdis": 3, "OBJNAM": null, "INFORM": null, "SCAMIN": null }, "geometry": { "type": "Point", "coordinates": [ 26.695539, 44.080755 ] } },
{ "type": "Feature", "properties": { "wtwdis": 425.0, "catdis": 1, "OBJNAM": null, "INFORM": null, "SCAMIN": null }, "geometry": { "type": "Point", "coordinates": [ 26.696061, 44.079309 ] } },
{ "type": "Feature", "properties": { "wtwdis": 424.0, "catdis": 1, "OBJNAM": null, "INFORM": null, "SCAMIN": null }, "geometry": { "type": "Point", "coordinates": [ 26.710308, 44.0809 ] } },
{ "type": "Feature", "properties": { "wtwdis": 424.0, "catdis": 3, "OBJNAM": null, "INFORM": null, "SCAMIN": null }, "geometry": { "type": "Point", "coordinates": [ 26.709938, 44.082411 ] } },
{ "type": "Feature", "properties": { "wtwdis": 423.0, "catdis": 1, "OBJNAM": null, "INFORM": null, "SCAMIN": null }, "geometry": { "type": "Point", "coordinates": [ 26.720819, 44.080109 ] } },
{ "type": "Feature", "properties": { "wtwdis": 422.0, "catdis": 1, "OBJNAM": null, "INFORM": null, "SCAMIN": null }, "geometry": { "type": "Point", "coordinates": [ 26.73415, 44.076109 ] } },
{ "type": "Feature", "properties": { "wtwdis": 421.0, "catdis": 1, "OBJNAM": null, "INFORM": null, "SCAMIN": null }, "geometry": { "type": "Point", "coordinates": [ 26.747883, 44.074964 ] } },
{ "type": "Feature", "properties": { "wtwdis": 420.0, "catdis": 1, "OBJNAM": null, "INFORM": null, "SCAMIN": null }, "geometry": { "type": "Point", "coordinates": [ 26.76112, 44.077222 ] } },
{ "type": "Feature", "properties": { "wtwdis": 419.0, "catdis": 1, "OBJNAM": null, "INFORM": null, "SCAMIN": null }, "geometry": { "type": "Point", "coordinates": [ 26.773171, 44.080426 ] } },
{ "type": "Feature", "properties": { "wtwdis": 448.0, "catdis": 1, "OBJNAM": null, "INFORM": null, "SCAMIN": null }, "geometry": { "type": "Point", "coordinates": [ 26.42476, 44.036011 ] } },
{ "type": "Feature", "properties": { "wtwdis": 447.0, "catdis": 1, "OBJNAM": null, "INFORM": null, "SCAMIN": null }, "geometry": { "type": "Point", "coordinates": [ 26.438222, 44.038753 ] } },
{ "type": "Feature", "properties": { "wtwdis": 446.0, "catdis": 1, "OBJNAM": null, "INFORM": null, "SCAMIN": null }, "geometry": { "type": "Point", "coordinates": [ 26.451033, 44.040953 ] } },
{ "type": "Feature", "properties": { "wtwdis": 445.0, "catdis": 1, "OBJNAM": null, "INFORM": null, "SCAMIN": null }, "geometry": { "type": "Point", "coordinates": [ 26.459351, 44.041771 ] } },
{ "type": "Feature", "properties": { "wtwdis": 444.0, "catdis": 1, "OBJNAM": null, "INFORM": null, "SCAMIN": null }, "geometry": { "type": "Point", "coordinates": [ 26.475309, 44.04273 ] } },
{ "type": "Feature", "properties": { "wtwdis": 443.0, "catdis": 1, "OBJNAM": null, "INFORM": null, "SCAMIN": null }, "geometry": { "type": "Point", "coordinates": [ 26.488005, 44.042867 ] } },
{ "type": "Feature", "properties": { "wtwdis": 442.0, "catdis": 1, "OBJNAM": null, "INFORM": null, "SCAMIN": null }, "geometry": { "type": "Point", "coordinates": [ 26.497639, 44.044091 ] } },
{ "type": "Feature", "properties": { "wtwdis": 441.0, "catdis": 1, "OBJNAM": null, "INFORM": null, "SCAMIN": null }, "geometry": { "type": "Point", "coordinates": [ 26.511217, 44.046714 ] } },
{ "type": "Feature", "properties": { "wtwdis": 440.0, "catdis": 1, "OBJNAM": null, "INFORM": null, "SCAMIN": null }, "geometry": { "type": "Point", "coordinates": [ 26.52102, 44.048659 ] } },
{ "type": "Feature", "properties": { "wtwdis": 440.0, "catdis": 3, "OBJNAM": null, "INFORM": null, "SCAMIN": null }, "geometry": { "type": "Point", "coordinates": [ 26.521897, 44.047016 ] } },
{ "type": "Feature", "properties": { "wtwdis": 439.0, "catdis": 3, "OBJNAM": null, "INFORM": null, "SCAMIN": null }, "geometry": { "type": "Point", "coordinates": [ 26.532689, 44.049237 ] } },
{ "type": "Feature", "properties": { "wtwdis": 439.0, "catdis": 1, "OBJNAM": null, "INFORM": null, "SCAMIN": null }, "geometry": { "type": "Point", "coordinates": [ 26.532137, 44.05102 ] } },
{ "type": "Feature", "properties": { "wtwdis": 438.0, "catdis": 1, "OBJNAM": null, "INFORM": null, "SCAMIN": null }, "geometry": { "type": "Point", "coordinates": [ 26.541702, 44.052078 ] } },
{ "type": "Feature", "properties": { "wtwdis": 437.0, "catdis": 1, "OBJNAM": null, "INFORM": null, "SCAMIN": null }, "geometry": { "type": "Point", "coordinates": [ 26.555976, 44.05449 ] } },
{ "type": "Feature", "properties": { "wtwdis": 436.0, "catdis": 1, "OBJNAM": null, "INFORM": null, "SCAMIN": null }, "geometry": { "type": "Point", "coordinates": [ 26.571107, 44.057812 ] } },
{ "type": "Feature", "properties": { "wtwdis": 436.0, "catdis": 3, "OBJNAM": null, "INFORM": null, "SCAMIN": null }, "geometry": { "type": "Point", "coordinates": [ 26.571482, 44.059649 ] } },
{ "type": "Feature", "properties": { "wtwdis": 435.0, "catdis": 1, "OBJNAM": null, "INFORM": null, "SCAMIN": null }, "geometry": { "type": "Point", "coordinates": [ 26.582401, 44.056416 ] } },
{ "type": "Feature", "properties": { "wtwdis": 434.0, "catdis": 1, "OBJNAM": null, "INFORM": null, "SCAMIN": null }, "geometry": { "type": "Point", "coordinates": [ 26.594728, 44.054182 ] } },
{ "type": "Feature", "properties": { "wtwdis": 433.0, "catdis": 1, "OBJNAM": null, "INFORM": null, "SCAMIN": null }, "geometry": { "type": "Point", "coordinates": [ 26.607106, 44.053452 ] } },
{ "type": "Feature", "properties": { "wtwdis": 432.0, "catdis": 1, "OBJNAM": null, "INFORM": null, "SCAMIN": null }, "geometry": { "type": "Point", "coordinates": [ 26.617023, 44.055295 ] } },
{ "type": "Feature", "properties": { "wtwdis": 431.0, "catdis": 1, "OBJNAM": null, "INFORM": null, "SCAMIN": null }, "geometry": { "type": "Point", "coordinates": [ 26.628345, 44.057631 ] } },
{ "type": "Feature", "properties": { "wtwdis": 430.0, "catdis": 1, "OBJNAM": null, "INFORM": null, "SCAMIN": null }, "geometry": { "type": "Point", "coordinates": [ 26.639953, 44.060329 ] } },
{ "type": "Feature", "properties": { "wtwdis": 9.0, "catdis": 3, "OBJNAM": null, "INFORM": null, "SCAMIN": 8000 }, "geometry": { "type": "Point", "coordinates": [ 26.53356, 44.049274 ] } },
{ "type": "Feature", "properties": { "wtwdis": 3.0, "catdis": 3, "OBJNAM": null, "INFORM": null, "SCAMIN": 8000 }, "geometry": { "type": "Point", "coordinates": [ 26.529435, 44.04863 ] } },
{ "type": "Feature", "properties": { "wtwdis": 2.0, "catdis": 3, "OBJNAM": null, "INFORM": null, "SCAMIN": 8000 }, "geometry": { "type": "Point", "coordinates": [ 26.530502, 44.048919 ] } },
{ "type": "Feature", "properties": { "wtwdis": 1.0, "catdis": 3, "OBJNAM": null, "INFORM": null, "SCAMIN": 8000 }, "geometry": { "type": "Point", "coordinates": [ 26.531591, 44.049108 ] } },
{ "type": "Feature", "properties": { "wtwdis": 458.0, "catdis": 1, "OBJNAM": null, "INFORM": null, "SCAMIN": null }, "geometry": { "type": "Point", "coordinates": [ 26.310021, 44.027259 ] } },
{ "type": "Feature", "properties": { "wtwdis": 457.0, "catdis": 1, "OBJNAM": null, "INFORM": null, "SCAMIN": null }, "geometry": { "type": "Point", "coordinates": [ 26.32008, 44.031499 ] } },
{ "type": "Feature", "properties": { "wtwdis": 456.0, "catdis": 1, "OBJNAM": null, "INFORM": null, "SCAMIN": null }, "geometry": { "type": "Point", "coordinates": [ 26.331128, 44.034954 ] } },
{ "type": "Feature", "properties": { "wtwdis": 455.0, "catdis": 1, "OBJNAM": null, "INFORM": null, "SCAMIN": null }, "geometry": { "type": "Point", "coordinates": [ 26.343886, 44.036669 ] } },
{ "type": "Feature", "properties": { "wtwdis": 454.0, "catdis": 1, "OBJNAM": null, "INFORM": null, "SCAMIN": null }, "geometry": { "type": "Point", "coordinates": [ 26.356086, 44.034954 ] } },
{ "type": "Feature", "properties": { "wtwdis": 453.0, "catdis": 1, "OBJNAM": null, "INFORM": null, "SCAMIN": null }, "geometry": { "type": "Point", "coordinates": [ 26.365963, 44.030459 ] } },
{ "type": "Feature", "properties": { "wtwdis": 452.0, "catdis": 1, "OBJNAM": null, "INFORM": null, "SCAMIN": null }, "geometry": { "type": "Point", "coordinates": [ 26.377857, 44.030666 ] } },
{ "type": "Feature", "properties": { "wtwdis": 451.0, "catdis": 1, "OBJNAM": null, "INFORM": null, "SCAMIN": null }, "geometry": { "type": "Point", "coordinates": [ 26.391538, 44.031617 ] } },
{ "type": "Feature", "properties": { "wtwdis": 450.0, "catdis": 1, "OBJNAM": null, "INFORM": null, "SCAMIN": null }, "geometry": { "type": "Point", "coordinates": [ 26.401708, 44.032811 ] } },
{ "type": "Feature", "properties": { "wtwdis": 449.0, "catdis": 1, "OBJNAM": null, "INFORM": null, "SCAMIN": null }, "geometry": { "type": "Point", "coordinates": [ 26.411734, 44.034543 ] } },
{ "type": "Feature", "properties": { "wtwdis": 471.0, "catdis": 1, "OBJNAM": null, "INFORM": null, "SCAMIN": null }, "geometry": { "type": "Point", "coordinates": [ 26.166204, 43.986443 ] } },
{ "type": "Feature", "properties": { "wtwdis": 470.0, "catdis": 1, "OBJNAM": null, "INFORM": null, "SCAMIN": null }, "geometry": { "type": "Point", "coordinates": [ 26.177093, 43.988728 ] } },
{ "type": "Feature", "properties": { "wtwdis": 469.0, "catdis": 3, "OBJNAM": null, "INFORM": null, "SCAMIN": null }, "geometry": { "type": "Point", "coordinates": [ 26.186293, 43.994622 ] } },
{ "type": "Feature", "properties": { "wtwdis": 469.0, "catdis": 3, "OBJNAM": null, "INFORM": null, "SCAMIN": null }, "geometry": { "type": "Point", "coordinates": [ 26.187911, 43.991922 ] } },
{ "type": "Feature", "properties": { "wtwdis": 469.0, "catdis": 1, "OBJNAM": null, "INFORM": null, "SCAMIN": null }, "geometry": { "type": "Point", "coordinates": [ 26.187045, 43.993373 ] } },
{ "type": "Feature", "properties": { "wtwdis": 468.0, "catdis": 1, "OBJNAM": null, "INFORM": null, "SCAMIN": null }, "geometry": { "type": "Point", "coordinates": [ 26.194751, 43.99652 ] } },
{ "type": "Feature", "properties": { "wtwdis": 468.0, "catdis": 3, "OBJNAM": null, "INFORM": null, "SCAMIN": null }, "geometry": { "type": "Point", "coordinates": [ 26.193973, 43.997507 ] } },
{ "type": "Feature", "properties": { "wtwdis": 467.0, "catdis": 3, "OBJNAM": null, "INFORM": null, "SCAMIN": null }, "geometry": { "type": "Point", "coordinates": [ 26.206188, 43.999384 ] } },
{ "type": "Feature", "properties": { "wtwdis": 467.0, "catdis": 3, "OBJNAM": null, "INFORM": null, "SCAMIN": null }, "geometry": { "type": "Point", "coordinates": [ 26.204502, 44.001787 ] } },
{ "type": "Feature", "properties": { "wtwdis": 467.0, "catdis": 1, "OBJNAM": null, "INFORM": null, "SCAMIN": null }, "geometry": { "type": "Point", "coordinates": [ 26.205212, 44.00076 ] } },
{ "type": "Feature", "properties": { "wtwdis": 466.0, "catdis": 1, "OBJNAM": null, "INFORM": null, "SCAMIN": null }, "geometry": { "type": "Point", "coordinates": [ 26.214029, 44.00406 ] } },
{ "type": "Feature", "properties": { "wtwdis": 466.0, "catdis": 3, "OBJNAM": null, "INFORM": null, "SCAMIN": null }, "geometry": { "type": "Point", "coordinates": [ 26.213191, 44.005144 ] } },
{ "type": "Feature", "properties": { "wtwdis": 465.0, "catdis": 3, "OBJNAM": null, "INFORM": null, "SCAMIN": null }, "geometry": { "type": "Point", "coordinates": [ 26.225162, 44.00577 ] } },
{ "type": "Feature", "properties": { "wtwdis": 465.0, "catdis": 3, "OBJNAM": null, "INFORM": null, "SCAMIN": null }, "geometry": { "type": "Point", "coordinates": [ 26.223435, 44.007945 ] } },
{ "type": "Feature", "properties": { "wtwdis": 465.0, "catdis": 1, "OBJNAM": null, "INFORM": null, "SCAMIN": null }, "geometry": { "type": "Point", "coordinates": [ 26.224203, 44.006966 ] } },
{ "type": "Feature", "properties": { "wtwdis": 464.0, "catdis": 1, "OBJNAM": null, "INFORM": null, "SCAMIN": null }, "geometry": { "type": "Point", "coordinates": [ 26.23914, 44.004933 ] } },
{ "type": "Feature", "properties": { "wtwdis": 464.0, "catdis": 3, "OBJNAM": null, "INFORM": null, "SCAMIN": null }, "geometry": { "type": "Point", "coordinates": [ 26.23817, 44.006314 ] } },
{ "type": "Feature", "properties": { "wtwdis": 463.0, "catdis": 1, "OBJNAM": null, "INFORM": null, "SCAMIN": null }, "geometry": { "type": "Point", "coordinates": [ 26.254894, 44.004819 ] } },
{ "type": "Feature", "properties": { "wtwdis": 462.0, "catdis": 1, "OBJNAM": null, "INFORM": null, "SCAMIN": null }, "geometry": { "type": "Point", "coordinates": [ 26.26784, 44.008641 ] } },
{ "type": "Feature", "properties": { "wtwdis": 461.0, "catdis": 1, "OBJNAM": null, "INFORM": null, "SCAMIN": null }, "geometry": { "type": "Point", "coordinates": [ 26.278714, 44.012618 ] } },
{ "type": "Feature", "properties": { "wtwdis": 460.0, "catdis": 1, "OBJNAM": null, "INFORM": null, "SCAMIN": null }, "geometry": { "type": "Point", "coordinates": [ 26.289468, 44.01718 ] } },
{ "type": "Feature", "properties": { "wtwdis": 459.0, "catdis": 1, "OBJNAM": null, "INFORM": null, "SCAMIN": null }, "geometry": { "type": "Point", "coordinates": [ 26.299265, 44.022706 ] } },
{ "type": "Feature", "properties": { "wtwdis": 476.0, "catdis": 3, "OBJNAM": null, "INFORM": null, "SCAMIN": null }, "geometry": { "type": "Point", "coordinates": [ 26.104289, 43.973644 ] } },
{ "type": "Feature", "properties": { "wtwdis": 476.0, "catdis": 1, "OBJNAM": null, "INFORM": null, "SCAMIN": null }, "geometry": { "type": "Point", "coordinates": [ 26.106057, 43.972423 ] } },
{ "type": "Feature", "properties": { "wtwdis": 475.0, "catdis": 1, "OBJNAM": null, "INFORM": null, "SCAMIN": null }, "geometry": { "type": "Point", "coordinates": [ 26.11487, 43.978953 ] } },
{ "type": "Feature", "properties": { "wtwdis": 475.0, "catdis": 3, "OBJNAM": null, "INFORM": null, "SCAMIN": null }, "geometry": { "type": "Point", "coordinates": [ 26.113392, 43.980084 ] } },
{ "type": "Feature", "properties": { "wtwdis": 475.0, "catdis": 3, "OBJNAM": null, "INFORM": null, "SCAMIN": null }, "geometry": { "type": "Point", "coordinates": [ 26.116366, 43.977793 ] } },
{ "type": "Feature", "properties": { "wtwdis": 474.0, "catdis": 3, "OBJNAM": null, "INFORM": null, "SCAMIN": null }, "geometry": { "type": "Point", "coordinates": [ 26.12564, 43.983698 ] } },
{ "type": "Feature", "properties": { "wtwdis": 474.0, "catdis": 1, "OBJNAM": null, "INFORM": null, "SCAMIN": null }, "geometry": { "type": "Point", "coordinates": [ 26.127061, 43.982546 ] } },
{ "type": "Feature", "properties": { "wtwdis": 473.0, "catdis": 1, "OBJNAM": null, "INFORM": null, "SCAMIN": null }, "geometry": { "type": "Point", "coordinates": [ 26.141356, 43.983911 ] } },
{ "type": "Feature", "properties": { "wtwdis": 472.0, "catdis": 1, "OBJNAM": null, "INFORM": null, "SCAMIN": null }, "geometry": { "type": "Point", "coordinates": [ 26.155139, 43.984249 ] } },
{ "type": "Feature", "properties": { "wtwdis": 500.0, "catdis": 1, "OBJNAM": null, "INFORM": null, "SCAMIN": null }, "geometry": { "type": "Point", "coordinates": [ 25.914601, 43.82168 ] } },
{ "type": "Feature", "properties": { "wtwdis": 499.0, "catdis": 1, "OBJNAM": null, "INFORM": null, "SCAMIN": null }, "geometry": { "type": "Point", "coordinates": [ 25.921389, 43.829088 ] } },
{ "type": "Feature", "properties": { "wtwdis": 498.0, "catdis": 1, "OBJNAM": null, "INFORM": null, "SCAMIN": null }, "geometry": { "type": "Point", "coordinates": [ 25.926962, 43.835534 ] } },
{ "type": "Feature", "properties": { "wtwdis": 497.0, "catdis": 1, "OBJNAM": null, "INFORM": null, "SCAMIN": null }, "geometry": { "type": "Point", "coordinates": [ 25.932885, 43.841116 ] } },
{ "type": "Feature", "properties": { "wtwdis": 496.0, "catdis": 1, "OBJNAM": null, "INFORM": null, "SCAMIN": null }, "geometry": { "type": "Point", "coordinates": [ 25.938994, 43.846587 ] } },
{ "type": "Feature", "properties": { "wtwdis": 495.0, "catdis": 1, "OBJNAM": null, "INFORM": null, "SCAMIN": null }, "geometry": { "type": "Point", "coordinates": [ 25.947266, 43.854546 ] } },
{ "type": "Feature", "properties": { "wtwdis": 494.0, "catdis": 1, "OBJNAM": null, "INFORM": null, "SCAMIN": null }, "geometry": { "type": "Point", "coordinates": [ 25.955415, 43.860868 ] } },
{ "type": "Feature", "properties": { "wtwdis": 493.0, "catdis": 1, "OBJNAM": null, "INFORM": null, "SCAMIN": null }, "geometry": { "type": "Point", "coordinates": [ 25.963581, 43.86583 ] } },
{ "type": "Feature", "properties": { "wtwdis": 492.0, "catdis": 1, "OBJNAM": null, "INFORM": null, "SCAMIN": null }, "geometry": { "type": "Point", "coordinates": [ 25.973797, 43.871486 ] } },
{ "type": "Feature", "properties": { "wtwdis": 491.0, "catdis": 1, "OBJNAM": null, "INFORM": null, "SCAMIN": null }, "geometry": { "type": "Point", "coordinates": [ 25.983249, 43.87714 ] } },
{ "type": "Feature", "properties": { "wtwdis": 490.0, "catdis": 1, "OBJNAM": null, "INFORM": null, "SCAMIN": null }, "geometry": { "type": "Point", "coordinates": [ 25.993034, 43.882712 ] } },
{ "type": "Feature", "properties": { "wtwdis": 490.0, "catdis": 1, "OBJNAM": null, "INFORM": null, "SCAMIN": null }, "geometry": { "type": "Point", "coordinates": [ 25.993966, 43.881594 ] } },
{ "type": "Feature", "properties": { "wtwdis": 489.0, "catdis": 1, "OBJNAM": null, "INFORM": null, "SCAMIN": null }, "geometry": { "type": "Point", "coordinates": [ 26.003726, 43.888289 ] } },
{ "type": "Feature", "properties": { "wtwdis": 489.0, "catdis": 1, "OBJNAM": null, "INFORM": null, "SCAMIN": null }, "geometry": { "type": "Point", "coordinates": [ 26.005165, 43.886433 ] } },
{ "type": "Feature", "properties": { "wtwdis": 488.0, "catdis": 1, "OBJNAM": null, "INFORM": null, "SCAMIN": null }, "geometry": { "type": "Point", "coordinates": [ 26.014242, 43.891604 ] } },
{ "type": "Feature", "properties": { "wtwdis": 488.0, "catdis": 1, "OBJNAM": null, "INFORM": null, "SCAMIN": null }, "geometry": { "type": "Point", "coordinates": [ 26.015167, 43.889745 ] } },
{ "type": "Feature", "properties": { "wtwdis": 487.0, "catdis": 1, "OBJNAM": null, "INFORM": null, "SCAMIN": null }, "geometry": { "type": "Point", "coordinates": [ 26.026167, 43.89473 ] } },
{ "type": "Feature", "properties": { "wtwdis": 487.0, "catdis": 1, "OBJNAM": null, "INFORM": null, "SCAMIN": null }, "geometry": { "type": "Point", "coordinates": [ 26.026815, 43.893656 ] } },
{ "type": "Feature", "properties": { "wtwdis": 486.0, "catdis": 1, "OBJNAM": null, "INFORM": null, "SCAMIN": null }, "geometry": { "type": "Point", "coordinates": [ 26.039615, 43.898508 ] } },
{ "type": "Feature", "properties": { "wtwdis": 485.0, "catdis": 1, "OBJNAM": null, "INFORM": null, "SCAMIN": null }, "geometry": { "type": "Point", "coordinates": [ 26.053603, 43.904094 ] } },
{ "type": "Feature", "properties": { "wtwdis": 484.0, "catdis": 1, "OBJNAM": null, "INFORM": null, "SCAMIN": null }, "geometry": { "type": "Point", "coordinates": [ 26.063569, 43.911159 ] } },
{ "type": "Feature", "properties": { "wtwdis": 483.0, "catdis": 1, "OBJNAM": null, "INFORM": null, "SCAMIN": null }, "geometry": { "type": "Point", "coordinates": [ 26.066971, 43.917451 ] } },
{ "type": "Feature", "properties": { "wtwdis": 482.0, "catdis": 1, "OBJNAM": null, "INFORM": null, "SCAMIN": null }, "geometry": { "type": "Point", "coordinates": [ 26.07112, 43.925032 ] } },
{ "type": "Feature", "properties": { "wtwdis": 481.0, "catdis": 1, "OBJNAM": null, "INFORM": null, "SCAMIN": null }, "geometry": { "type": "Point", "coordinates": [ 26.076105, 43.934325 ] } },
{ "type": "Feature", "properties": { "wtwdis": 480.0, "catdis": 1, "OBJNAM": null, "INFORM": null, "SCAMIN": null }, "geometry": { "type": "Point", "coordinates": [ 26.080116, 43.94288 ] } },
{ "type": "Feature", "properties": { "wtwdis": 479.0, "catdis": 1, "OBJNAM": null, "INFORM": null, "SCAMIN": null }, "geometry": { "type": "Point", "coordinates": [ 26.085312, 43.950554 ] } },
{ "type": "Feature", "properties": { "wtwdis": 479.0, "catdis": 3, "OBJNAM": null, "INFORM": null, "SCAMIN": null }, "geometry": { "type": "Point", "coordinates": [ 26.08365, 43.95161 ] } },
{ "type": "Feature", "properties": { "wtwdis": 478.0, "catdis": 1, "OBJNAM": null, "INFORM": null, "SCAMIN": null }, "geometry": { "type": "Point", "coordinates": [ 26.092205, 43.957561 ] } },
{ "type": "Feature", "properties": { "wtwdis": 477.0, "catdis": 1, "OBJNAM": null, "INFORM": null, "SCAMIN": null }, "geometry": { "type": "Point", "coordinates": [ 26.099145, 43.965078 ] } },
{ "type": "Feature", "properties": { "wtwdis": 515.0, "catdis": 1, "OBJNAM": null, "INFORM": null, "SCAMIN": null }, "geometry": { "type": "Point", "coordinates": [ 25.797342, 43.729091 ] } },
{ "type": "Feature", "properties": { "wtwdis": 514.0, "catdis": 1, "OBJNAM": null, "INFORM": null, "SCAMIN": null }, "geometry": { "type": "Point", "coordinates": [ 25.801466, 43.734808 ] } },
{ "type": "Feature", "properties": { "wtwdis": 513.0, "catdis": 1, "OBJNAM": null, "INFORM": null, "SCAMIN": null }, "geometry": { "type": "Point", "coordinates": [ 25.808208, 43.741821 ] } },
{ "type": "Feature", "properties": { "wtwdis": 512.0, "catdis": 1, "OBJNAM": null, "INFORM": null, "SCAMIN": null }, "geometry": { "type": "Point", "coordinates": [ 25.814001, 43.747245 ] } },
{ "type": "Feature", "properties": { "wtwdis": 511.0, "catdis": 1, "OBJNAM": null, "INFORM": null, "SCAMIN": null }, "geometry": { "type": "Point", "coordinates": [ 25.821068, 43.754178 ] } },
{ "type": "Feature", "properties": { "wtwdis": 506.0, "catdis": 1, "OBJNAM": null, "INFORM": null, "SCAMIN": null }, "geometry": { "type": "Point", "coordinates": [ 25.876626, 43.775221 ] } },
{ "type": "Feature", "properties": { "wtwdis": 505.0, "catdis": 1, "OBJNAM": null, "INFORM": null, "SCAMIN": null }, "geometry": { "type": "Point", "coordinates": [ 25.882162, 43.781117 ] } },
{ "type": "Feature", "properties": { "wtwdis": 504.0, "catdis": 1, "OBJNAM": null, "INFORM": null, "SCAMIN": null }, "geometry": { "type": "Point", "coordinates": [ 25.887083, 43.79168 ] } },
{ "type": "Feature", "properties": { "wtwdis": 503.0, "catdis": 1, "OBJNAM": null, "INFORM": null, "SCAMIN": null }, "geometry": { "type": "Point", "coordinates": [ 25.892877, 43.798965 ] } },
{ "type": "Feature", "properties": { "wtwdis": 502.0, "catdis": 1, "OBJNAM": null, "INFORM": null, "SCAMIN": null }, "geometry": { "type": "Point", "coordinates": [ 25.901429, 43.806923 ] } },
{ "type": "Feature", "properties": { "wtwdis": 501.0, "catdis": 1, "OBJNAM": null, "INFORM": null, "SCAMIN": null }, "geometry": { "type": "Point", "coordinates": [ 25.909347, 43.814567 ] } },
{ "type": "Feature", "properties": { "wtwdis": 507.0, "catdis": 1, "OBJNAM": null, "INFORM": null, "SCAMIN": null }, "geometry": { "type": "Point", "coordinates": [ 25.866709, 43.770516 ] } },
{ "type": "Feature", "properties": { "wtwdis": 508.0, "catdis": 1, "OBJNAM": null, "INFORM": null, "SCAMIN": null }, "geometry": { "type": "Point", "coordinates": [ 25.855101, 43.769247 ] } },
{ "type": "Feature", "properties": { "wtwdis": 509.0, "catdis": 1, "OBJNAM": null, "INFORM": null, "SCAMIN": null }, "geometry": { "type": "Point", "coordinates": [ 25.839062, 43.767412 ] } },
{ "type": "Feature", "properties": { "wtwdis": 510.0, "catdis": 1, "OBJNAM": null, "INFORM": null, "SCAMIN": null }, "geometry": { "type": "Point", "coordinates": [ 25.828712, 43.762184 ] } },
{ "type": "Feature", "properties": { "wtwdis": 531.0, "catdis": 1, "OBJNAM": null, "INFORM": null, "SCAMIN": null }, "geometry": { "type": "Point", "coordinates": [ 25.624387, 43.671464 ] } },
{ "type": "Feature", "properties": { "wtwdis": 530.0, "catdis": 1, "OBJNAM": null, "INFORM": null, "SCAMIN": null }, "geometry": { "type": "Point", "coordinates": [ 25.635497, 43.679884 ] } },
{ "type": "Feature", "properties": { "wtwdis": 529.0, "catdis": 1, "OBJNAM": null, "INFORM": null, "SCAMIN": null }, "geometry": { "type": "Point", "coordinates": [ 25.648422, 43.685872 ] } },
{ "type": "Feature", "properties": { "wtwdis": 528.0, "catdis": 1, "OBJNAM": null, "INFORM": null, "SCAMIN": null }, "geometry": { "type": "Point", "coordinates": [ 25.656973, 43.69109 ] } },
{ "type": "Feature", "properties": { "wtwdis": 527.0, "catdis": 1, "OBJNAM": null, "INFORM": null, "SCAMIN": null }, "geometry": { "type": "Point", "coordinates": [ 25.664612, 43.692831 ] } },
{ "type": "Feature", "properties": { "wtwdis": 526.0, "catdis": 1, "OBJNAM": null, "INFORM": null, "SCAMIN": null }, "geometry": { "type": "Point", "coordinates": [ 25.677752, 43.694625 ] } },
{ "type": "Feature", "properties": { "wtwdis": 526.0, "catdis": 3, "OBJNAM": null, "INFORM": null, "SCAMIN": null }, "geometry": { "type": "Point", "coordinates": [ 25.677369, 43.695793 ] } },
{ "type": "Feature", "properties": { "wtwdis": 525.0, "catdis": 1, "OBJNAM": null, "INFORM": null, "SCAMIN": null }, "geometry": { "type": "Point", "coordinates": [ 25.688964, 43.691783 ] } },
{ "type": "Feature", "properties": { "wtwdis": 524.0, "catdis": 1, "OBJNAM": null, "INFORM": null, "SCAMIN": null }, "geometry": { "type": "Point", "coordinates": [ 25.705688, 43.687703 ] } },
{ "type": "Feature", "properties": { "wtwdis": 524.0, "catdis": 3, "OBJNAM": null, "INFORM": null, "SCAMIN": null }, "geometry": { "type": "Point", "coordinates": [ 25.706299, 43.686114 ] } },
{ "type": "Feature", "properties": { "wtwdis": 523.0, "catdis": 1, "OBJNAM": null, "INFORM": null, "SCAMIN": null }, "geometry": { "type": "Point", "coordinates": [ 25.719355, 43.686535 ] } },
{ "type": "Feature", "properties": { "wtwdis": 522.0, "catdis": 1, "OBJNAM": null, "INFORM": null, "SCAMIN": null }, "geometry": { "type": "Point", "coordinates": [ 25.731842, 43.68843 ] } },
{ "type": "Feature", "properties": { "wtwdis": 521.0, "catdis": 3, "OBJNAM": null, "INFORM": null, "SCAMIN": null }, "geometry": { "type": "Point", "coordinates": [ 25.745197, 43.690736 ] } },
{ "type": "Feature", "properties": { "wtwdis": 521.0, "catdis": 1, "OBJNAM": null, "INFORM": null, "SCAMIN": null }, "geometry": { "type": "Point", "coordinates": [ 25.744214, 43.692071 ] } },
{ "type": "Feature", "properties": { "wtwdis": 520.0, "catdis": 1, "OBJNAM": null, "INFORM": null, "SCAMIN": null }, "geometry": { "type": "Point", "coordinates": [ 25.75705, 43.69797 ] } },
{ "type": "Feature", "properties": { "wtwdis": 520.0, "catdis": 3, "OBJNAM": null, "INFORM": null, "SCAMIN": null }, "geometry": { "type": "Point", "coordinates": [ 25.7587, 43.696548 ] } },
{ "type": "Feature", "properties": { "wtwdis": 519.0, "catdis": 1, "OBJNAM": null, "INFORM": null, "SCAMIN": null }, "geometry": { "type": "Point", "coordinates": [ 25.764613, 43.701718 ] } },
{ "type": "Feature", "properties": { "wtwdis": 518.0, "catdis": 1, "OBJNAM": null, "INFORM": null, "SCAMIN": null }, "geometry": { "type": "Point", "coordinates": [ 25.7748, 43.706372 ] } },
{ "type": "Feature", "properties": { "wtwdis": 517.0, "catdis": 1, "OBJNAM": null, "INFORM": null, "SCAMIN": null }, "geometry": { "type": "Point", "coordinates": [ 25.784458, 43.711748 ] } },
{ "type": "Feature", "properties": { "wtwdis": 516.0, "catdis": 1, "OBJNAM": null, "INFORM": null, "SCAMIN": null }, "geometry": { "type": "Point", "coordinates": [ 25.79203, 43.720617 ] } },
{ "type": "Feature", "properties": { "wtwdis": 9.0, "catdis": 3, "OBJNAM": null, "INFORM": null, "SCAMIN": 8000 }, "geometry": { "type": "Point", "coordinates": [ 25.746584, 43.691228 ] } },
{ "type": "Feature", "properties": { "wtwdis": 8.0, "catdis": 3, "OBJNAM": null, "INFORM": null, "SCAMIN": 8000 }, "geometry": { "type": "Point", "coordinates": [ 25.747968, 43.691729 ] } },
{ "type": "Feature", "properties": { "wtwdis": 5.0, "catdis": 3, "OBJNAM": null, "INFORM": null, "SCAMIN": 8000 }, "geometry": { "type": "Point", "coordinates": [ 25.739022, 43.688565 ] } },
{ "type": "Feature", "properties": { "wtwdis": 4.0, "catdis": 3, "OBJNAM": null, "INFORM": null, "SCAMIN": 8000 }, "geometry": { "type": "Point", "coordinates": [ 25.740275, 43.688945 ] } },
{ "type": "Feature", "properties": { "wtwdis": 3.0, "catdis": 3, "OBJNAM": null, "INFORM": null, "SCAMIN": 8000 }, "geometry": { "type": "Point", "coordinates": [ 25.741518, 43.689356 ] } },
{ "type": "Feature", "properties": { "wtwdis": 2.0, "catdis": 3, "OBJNAM": null, "INFORM": null, "SCAMIN": 8000 }, "geometry": { "type": "Point", "coordinates": [ 25.742751, 43.689799 ] } },
{ "type": "Feature", "properties": { "wtwdis": 1.0, "catdis": 3, "OBJNAM": null, "INFORM": null, "SCAMIN": 8000 }, "geometry": { "type": "Point", "coordinates": [ 25.743976, 43.690262 ] } },
{ "type": "Feature", "properties": { "wtwdis": 1.0, "catdis": 3, "OBJNAM": null, "INFORM": null, "SCAMIN": 8000 }, "geometry": { "type": "Point", "coordinates": [ 25.757386, 43.695885 ] } },
{ "type": "Feature", "properties": { "wtwdis": 538.0, "catdis": 1, "OBJNAM": null, "INFORM": null, "SCAMIN": null }, "geometry": { "type": "Point", "coordinates": [ 25.54965, 43.641763 ] } },
{ "type": "Feature", "properties": { "wtwdis": 537.0, "catdis": 1, "OBJNAM": null, "INFORM": null, "SCAMIN": null }, "geometry": { "type": "Point", "coordinates": [ 25.565161, 43.643551 ] } },
{ "type": "Feature", "properties": { "wtwdis": 536.0, "catdis": 1, "OBJNAM": null, "INFORM": null, "SCAMIN": null }, "geometry": { "type": "Point", "coordinates": [ 25.576977, 43.646941 ] } },
{ "type": "Feature", "properties": { "wtwdis": 535.0, "catdis": 1, "OBJNAM": null, "INFORM": null, "SCAMIN": null }, "geometry": { "type": "Point", "coordinates": [ 25.587472, 43.652859 ] } },
{ "type": "Feature", "properties": { "wtwdis": 534.0, "catdis": 1, "OBJNAM": null, "INFORM": null, "SCAMIN": null }, "geometry": { "type": "Point", "coordinates": [ 25.596168, 43.657441 ] } },
{ "type": "Feature", "properties": { "wtwdis": 532.0, "catdis": 1, "OBJNAM": null, "INFORM": null, "SCAMIN": null }, "geometry": { "type": "Point", "coordinates": [ 25.615677, 43.667097 ] } },
{ "type": "Feature", "properties": { "wtwdis": 533.0, "catdis": 1, "OBJNAM": null, "INFORM": null, "SCAMIN": null }, "geometry": { "type": "Point", "coordinates": [ 25.606649, 43.662679 ] } },
{ "type": "Feature", "properties": { "wtwdis": 547.0, "catdis": 1, "OBJNAM": null, "INFORM": null, "SCAMIN": null }, "geometry": { "type": "Point", "coordinates": [ 25.441481, 43.62724 ] } },
{ "type": "Feature", "properties": { "wtwdis": 546.0, "catdis": 1, "OBJNAM": null, "INFORM": null, "SCAMIN": null }, "geometry": { "type": "Point", "coordinates": [ 25.45363, 43.630723 ] } },
{ "type": "Feature", "properties": { "wtwdis": 545.0, "catdis": 1, "OBJNAM": null, "INFORM": null, "SCAMIN": null }, "geometry": { "type": "Point", "coordinates": [ 25.464759, 43.63346 ] } },
{ "type": "Feature", "properties": { "wtwdis": 544.0, "catdis": 1, "OBJNAM": null, "INFORM": null, "SCAMIN": null }, "geometry": { "type": "Point", "coordinates": [ 25.475397, 43.641493 ] } },
{ "type": "Feature", "properties": { "wtwdis": 543.0, "catdis": 3, "OBJNAM": null, "INFORM": null, "SCAMIN": null }, "geometry": { "type": "Point", "coordinates": [ 25.48608, 43.649178 ] } },
{ "type": "Feature", "properties": { "wtwdis": 543.0, "catdis": 1, "OBJNAM": null, "INFORM": null, "SCAMIN": null }, "geometry": { "type": "Point", "coordinates": [ 25.486363, 43.647956 ] } },
{ "type": "Feature", "properties": { "wtwdis": 542.0, "catdis": 1, "OBJNAM": null, "INFORM": null, "SCAMIN": null }, "geometry": { "type": "Point", "coordinates": [ 25.499025, 43.649571 ] } },
{ "type": "Feature", "properties": { "wtwdis": 541.0, "catdis": 1, "OBJNAM": null, "INFORM": null, "SCAMIN": null }, "geometry": { "type": "Point", "coordinates": [ 25.511587, 43.649705 ] } },
{ "type": "Feature", "properties": { "wtwdis": 540.0, "catdis": 1, "OBJNAM": null, "INFORM": null, "SCAMIN": null }, "geometry": { "type": "Point", "coordinates": [ 25.524596, 43.643847 ] } },
{ "type": "Feature", "properties": { "wtwdis": 539.0, "catdis": 1, "OBJNAM": null, "INFORM": null, "SCAMIN": null }, "geometry": { "type": "Point", "coordinates": [ 25.536553, 43.641658 ] } },
{ "type": "Feature", "properties": { "wtwdis": 559.0, "catdis": 3, "OBJNAM": null, "INFORM": null, "SCAMIN": null }, "geometry": { "type": "Point", "coordinates": [ 25.300436, 43.648797 ] } },
{ "type": "Feature", "properties": { "wtwdis": 559.0, "catdis": 1, "OBJNAM": null, "INFORM": null, "SCAMIN": null }, "geometry": { "type": "Point", "coordinates": [ 25.301638, 43.650078 ] } },
{ "type": "Feature", "properties": { "wtwdis": 558.0, "catdis": 1, "OBJNAM": null, "INFORM": null, "SCAMIN": null }, "geometry": { "type": "Point", "coordinates": [ 25.313584, 43.647176 ] } },
{ "type": "Feature", "properties": { "wtwdis": 557.0, "catdis": 1, "OBJNAM": null, "INFORM": null, "SCAMIN": null }, "geometry": { "type": "Point", "coordinates": [ 25.321651, 43.642703 ] } },
{ "type": "Feature", "properties": { "wtwdis": 556.0, "catdis": 1, "OBJNAM": null, "INFORM": null, "SCAMIN": null }, "geometry": { "type": "Point", "coordinates": [ 25.330313, 43.638538 ] } },
{ "type": "Feature", "properties": { "wtwdis": 555.0, "catdis": 1, "OBJNAM": null, "INFORM": null, "SCAMIN": null }, "geometry": { "type": "Point", "coordinates": [ 25.340624, 43.633494 ] } },
{ "type": "Feature", "properties": { "wtwdis": 554.0, "catdis": 1, "OBJNAM": null, "INFORM": null, "SCAMIN": null }, "geometry": { "type": "Point", "coordinates": [ 25.349584, 43.624915 ] } },
{ "type": "Feature", "properties": { "wtwdis": 554.0, "catdis": 3, "OBJNAM": null, "INFORM": null, "SCAMIN": null }, "geometry": { "type": "Point", "coordinates": [ 25.348134, 43.622655 ] } },
{ "type": "Feature", "properties": { "wtwdis": 553.0, "catdis": 1, "OBJNAM": null, "INFORM": null, "SCAMIN": null }, "geometry": { "type": "Point", "coordinates": [ 25.361853, 43.622498 ] } },
{ "type": "Feature", "properties": { "wtwdis": 552.0, "catdis": 1, "OBJNAM": null, "INFORM": null, "SCAMIN": null }, "geometry": { "type": "Point", "coordinates": [ 25.377042, 43.621869 ] } },
{ "type": "Feature", "properties": { "wtwdis": 551.0, "catdis": 1, "OBJNAM": null, "INFORM": null, "SCAMIN": null }, "geometry": { "type": "Point", "coordinates": [ 25.389691, 43.620755 ] } },
{ "type": "Feature", "properties": { "wtwdis": 550.0, "catdis": 1, "OBJNAM": null, "INFORM": null, "SCAMIN": null }, "geometry": { "type": "Point", "coordinates": [ 25.403935, 43.620333 ] } },
{ "type": "Feature", "properties": { "wtwdis": 549.0, "catdis": 1, "OBJNAM": null, "INFORM": null, "SCAMIN": null }, "geometry": { "type": "Point", "coordinates": [ 25.417703, 43.622134 ] } },
{ "type": "Feature", "properties": { "wtwdis": 548.0, "catdis": 1, "OBJNAM": null, "INFORM": null, "SCAMIN": null }, "geometry": { "type": "Point", "coordinates": [ 25.431115, 43.624742 ] } },
{ "type": "Feature", "properties": { "wtwdis": 9.0, "catdis": 3, "OBJNAM": null, "INFORM": null, "SCAMIN": 8000 }, "geometry": { "type": "Point", "coordinates": [ 25.301381, 43.648561 ] } },
{ "type": "Feature", "properties": { "wtwdis": 9.0, "catdis": 3, "OBJNAM": null, "INFORM": null, "SCAMIN": 8000 }, "geometry": { "type": "Point", "coordinates": [ 25.349359, 43.622393 ] } },
{ "type": "Feature", "properties": { "wtwdis": 8.0, "catdis": 3, "OBJNAM": null, "INFORM": null, "SCAMIN": 8000 }, "geometry": { "type": "Point", "coordinates": [ 25.302323, 43.648315 ] } },
{ "type": "Feature", "properties": { "wtwdis": 8.0, "catdis": 3, "OBJNAM": null, "INFORM": null, "SCAMIN": 8000 }, "geometry": { "type": "Point", "coordinates": [ 25.350584, 43.62213 ] } },
{ "type": "Feature", "properties": { "wtwdis": 7.0, "catdis": 3, "OBJNAM": null, "INFORM": null, "SCAMIN": 8000 }, "geometry": { "type": "Point", "coordinates": [ 25.30326, 43.648051 ] } },
{ "type": "Feature", "properties": { "wtwdis": 6.0, "catdis": 3, "OBJNAM": null, "INFORM": null, "SCAMIN": 8000 }, "geometry": { "type": "Point", "coordinates": [ 25.339481, 43.625398 ] } },
{ "type": "Feature", "properties": { "wtwdis": 5.0, "catdis": 3, "OBJNAM": null, "INFORM": null, "SCAMIN": 8000 }, "geometry": { "type": "Point", "coordinates": [ 25.34089, 43.624844 ] } },
{ "type": "Feature", "properties": { "wtwdis": 4.0, "catdis": 3, "OBJNAM": null, "INFORM": null, "SCAMIN": 8000 }, "geometry": { "type": "Point", "coordinates": [ 25.342316, 43.624334 ] } },
{ "type": "Feature", "properties": { "wtwdis": 3.0, "catdis": 3, "OBJNAM": null, "INFORM": null, "SCAMIN": 8000 }, "geometry": { "type": "Point", "coordinates": [ 25.297309, 43.649211 ] } },
{ "type": "Feature", "properties": { "wtwdis": 3.0, "catdis": 3, "OBJNAM": null, "INFORM": null, "SCAMIN": 8000 }, "geometry": { "type": "Point", "coordinates": [ 25.343757, 43.623871 ] } },
{ "type": "Feature", "properties": { "wtwdis": 2.0, "catdis": 3, "OBJNAM": null, "INFORM": null, "SCAMIN": 8000 }, "geometry": { "type": "Point", "coordinates": [ 25.298348, 43.649047 ] } },
{ "type": "Feature", "properties": { "wtwdis": 2.0, "catdis": 3, "OBJNAM": null, "INFORM": null, "SCAMIN": 8000 }, "geometry": { "type": "Point", "coordinates": [ 25.34521, 43.623445 ] } },
{ "type": "Feature", "properties": { "wtwdis": 1.0, "catdis": 3, "OBJNAM": null, "INFORM": null, "SCAMIN": 8000 }, "geometry": { "type": "Point", "coordinates": [ 25.299391, 43.648914 ] } },
{ "type": "Feature", "properties": { "wtwdis": 1.0, "catdis": 3, "OBJNAM": null, "INFORM": null, "SCAMIN": 8000 }, "geometry": { "type": "Point", "coordinates": [ 25.34667, 43.623044 ] } },
{ "type": "Feature", "properties": { "wtwdis": 577.0, "catdis": 1, "OBJNAM": null, "INFORM": null, "SCAMIN": 8000 }, "geometry": { "type": "Point", "coordinates": [ 25.104971, 43.686487 ] } },
{ "type": "Feature", "properties": { "wtwdis": 576.0, "catdis": 1, "OBJNAM": null, "INFORM": null, "SCAMIN": 8000 }, "geometry": { "type": "Point", "coordinates": [ 25.11805, 43.686248 ] } },
{ "type": "Feature", "properties": { "wtwdis": 575.0, "catdis": 1, "OBJNAM": null, "INFORM": null, "SCAMIN": 8000 }, "geometry": { "type": "Point", "coordinates": [ 25.128264, 43.686139 ] } },
{ "type": "Feature", "properties": { "wtwdis": 574.0, "catdis": 1, "OBJNAM": null, "INFORM": null, "SCAMIN": 8000 }, "geometry": { "type": "Point", "coordinates": [ 25.143498, 43.687457 ] } },
{ "type": "Feature", "properties": { "wtwdis": 573.0, "catdis": 1, "OBJNAM": null, "INFORM": null, "SCAMIN": 8000 }, "geometry": { "type": "Point", "coordinates": [ 25.153233, 43.693255 ] } },
{ "type": "Feature", "properties": { "wtwdis": 572.0, "catdis": 1, "OBJNAM": null, "INFORM": null, "SCAMIN": 8000 }, "geometry": { "type": "Point", "coordinates": [ 25.162557, 43.69803 ] } },
{ "type": "Feature", "properties": { "wtwdis": 571.0, "catdis": 1, "OBJNAM": null, "INFORM": null, "SCAMIN": 8000 }, "geometry": { "type": "Point", "coordinates": [ 25.175061, 43.700028 ] } },
{ "type": "Feature", "properties": { "wtwdis": 570.0, "catdis": 1, "OBJNAM": null, "INFORM": null, "SCAMIN": 8000 }, "geometry": { "type": "Point", "coordinates": [ 25.187555, 43.699649 ] } },
{ "type": "Feature", "properties": { "wtwdis": 569.0, "catdis": 3, "OBJNAM": null, "INFORM": null, "SCAMIN": 22000 }, "geometry": { "type": "Point", "coordinates": [ 25.199943, 43.697818 ] } },
{ "type": "Feature", "properties": { "wtwdis": 569.0, "catdis": 1, "OBJNAM": null, "INFORM": null, "SCAMIN": 8000 }, "geometry": { "type": "Point", "coordinates": [ 25.199098, 43.696239 ] } },
{ "type": "Feature", "properties": { "wtwdis": 568.0, "catdis": 1, "OBJNAM": null, "INFORM": null, "SCAMIN": 8000 }, "geometry": { "type": "Point", "coordinates": [ 25.210237, 43.693222 ] } },
{ "type": "Feature", "properties": { "wtwdis": 568.0, "catdis": 3, "OBJNAM": null, "INFORM": null, "SCAMIN": 22000 }, "geometry": { "type": "Point", "coordinates": [ 25.211403, 43.694669 ] } },
{ "type": "Feature", "properties": { "wtwdis": 567.0, "catdis": 3, "OBJNAM": null, "INFORM": null, "SCAMIN": 22000 }, "geometry": { "type": "Point", "coordinates": [ 25.222051, 43.693046 ] } },
{ "type": "Feature", "properties": { "wtwdis": 567.0, "catdis": 1, "OBJNAM": null, "INFORM": null, "SCAMIN": 8000 }, "geometry": { "type": "Point", "coordinates": [ 25.221302, 43.691547 ] } },
{ "type": "Feature", "properties": { "wtwdis": 566.0, "catdis": 1, "OBJNAM": null, "INFORM": null, "SCAMIN": 8000 }, "geometry": { "type": "Point", "coordinates": [ 25.234025, 43.690345 ] } },
{ "type": "Feature", "properties": { "wtwdis": 566.0, "catdis": 3, "OBJNAM": null, "INFORM": null, "SCAMIN": 22000 }, "geometry": { "type": "Point", "coordinates": [ 25.234385, 43.6916 ] } },
{ "type": "Feature", "properties": { "wtwdis": 565.0, "catdis": 1, "OBJNAM": null, "INFORM": null, "SCAMIN": 8000 }, "geometry": { "type": "Point", "coordinates": [ 25.245436, 43.688176 ] } },
{ "type": "Feature", "properties": { "wtwdis": 564.0, "catdis": 1, "OBJNAM": null, "INFORM": null, "SCAMIN": 8000 }, "geometry": { "type": "Point", "coordinates": [ 25.254595, 43.68153 ] } },
{ "type": "Feature", "properties": { "wtwdis": 563.0, "catdis": 1, "OBJNAM": null, "INFORM": null, "SCAMIN": 8000 }, "geometry": { "type": "Point", "coordinates": [ 25.262746, 43.675481 ] } },
{ "type": "Feature", "properties": { "wtwdis": 562.0, "catdis": 1, "OBJNAM": null, "INFORM": null, "SCAMIN": 8000 }, "geometry": { "type": "Point", "coordinates": [ 25.268917, 43.667555 ] } },
{ "type": "Feature", "properties": { "wtwdis": 561.0, "catdis": 3, "OBJNAM": null, "INFORM": null, "SCAMIN": 22000 }, "geometry": { "type": "Point", "coordinates": [ 25.275197, 43.659188 ] } },
{ "type": "Feature", "properties": { "wtwdis": 561.0, "catdis": 1, "OBJNAM": null, "INFORM": null, "SCAMIN": 8000 }, "geometry": { "type": "Point", "coordinates": [ 25.277192, 43.660328 ] } },
{ "type": "Feature", "properties": { "wtwdis": 560.0, "catdis": 1, "OBJNAM": null, "INFORM": null, "SCAMIN": 8000 }, "geometry": { "type": "Point", "coordinates": [ 25.292528, 43.652723 ] } },
{ "type": "Feature", "properties": { "wtwdis": 9.0, "catdis": 3, "OBJNAM": null, "INFORM": null, "SCAMIN": 8000 }, "geometry": { "type": "Point", "coordinates": [ 25.276695, 43.658371 ] } },
{ "type": "Feature", "properties": { "wtwdis": 8.0, "catdis": 3, "OBJNAM": null, "INFORM": null, "SCAMIN": 8000 }, "geometry": { "type": "Point", "coordinates": [ 25.146305, 43.686984 ] } },
{ "type": "Feature", "properties": { "wtwdis": 8.0, "catdis": 3, "OBJNAM": null, "INFORM": null, "SCAMIN": 8000 }, "geometry": { "type": "Point", "coordinates": [ 25.278192, 43.657554 ] } },
{ "type": "Feature", "properties": { "wtwdis": 7.0, "catdis": 3, "OBJNAM": null, "INFORM": null, "SCAMIN": 8000 }, "geometry": { "type": "Point", "coordinates": [ 25.14727, 43.687528 ] } },
{ "type": "Feature", "properties": { "wtwdis": 7.0, "catdis": 3, "OBJNAM": null, "INFORM": null, "SCAMIN": 8000 }, "geometry": { "type": "Point", "coordinates": [ 25.27969, 43.656737 ] } },
{ "type": "Feature", "properties": { "wtwdis": 6.0, "catdis": 3, "OBJNAM": null, "INFORM": null, "SCAMIN": 8000 }, "geometry": { "type": "Point", "coordinates": [ 25.148235, 43.688073 ] } },
{ "type": "Feature", "properties": { "wtwdis": 6.0, "catdis": 3, "OBJNAM": null, "INFORM": null, "SCAMIN": 8000 }, "geometry": { "type": "Point", "coordinates": [ 25.281188, 43.65592 ] } },
{ "type": "Feature", "properties": { "wtwdis": 5.0, "catdis": 3, "OBJNAM": null, "INFORM": null, "SCAMIN": 8000 }, "geometry": { "type": "Point", "coordinates": [ 25.1492, 43.688617 ] } },
{ "type": "Feature", "properties": { "wtwdis": 5.0, "catdis": 3, "OBJNAM": null, "INFORM": null, "SCAMIN": 8000 }, "geometry": { "type": "Point", "coordinates": [ 25.282686, 43.655103 ] } },
{ "type": "Feature", "properties": { "wtwdis": 4.0, "catdis": 3, "OBJNAM": null, "INFORM": null, "SCAMIN": 8000 }, "geometry": { "type": "Point", "coordinates": [ 25.150165, 43.689161 ] } },
{ "type": "Feature", "properties": { "wtwdis": 3.0, "catdis": 3, "OBJNAM": null, "INFORM": null, "SCAMIN": 8000 }, "geometry": { "type": "Point", "coordinates": [ 25.15113, 43.689705 ] } },
{ "type": "Feature", "properties": { "wtwdis": 2.0, "catdis": 3, "OBJNAM": null, "INFORM": null, "SCAMIN": 8000 }, "geometry": { "type": "Point", "coordinates": [ 25.152095, 43.69025 ] } },
{ "type": "Feature", "properties": { "wtwdis": 593.0, "catdis": 1, "OBJNAM": null, "INFORM": null, "SCAMIN": 8000 }, "geometry": { "type": "Point", "coordinates": [ 24.936344, 43.717329 ] } },
{ "type": "Feature", "properties": { "wtwdis": 592.0, "catdis": 1, "OBJNAM": null, "INFORM": null, "SCAMIN": 8000 }, "geometry": { "type": "Point", "coordinates": [ 24.949395, 43.720477 ] } },
{ "type": "Feature", "properties": { "wtwdis": 591.0, "catdis": 1, "OBJNAM": null, "INFORM": null, "SCAMIN": 8000 }, "geometry": { "type": "Point", "coordinates": [ 24.957834, 43.722889 ] } },
{ "type": "Feature", "properties": { "wtwdis": 590.0, "catdis": 1, "OBJNAM": null, "INFORM": null, "SCAMIN": 8000 }, "geometry": { "type": "Point", "coordinates": [ 24.97461, 43.723293 ] } },
{ "type": "Feature", "properties": { "wtwdis": 585.0, "catdis": 1, "OBJNAM": null, "INFORM": null, "SCAMIN": 8000 }, "geometry": { "type": "Point", "coordinates": [ 25.013903, 43.709409 ] } },
{ "type": "Feature", "properties": { "wtwdis": 584.0, "catdis": 1, "OBJNAM": null, "INFORM": null, "SCAMIN": 8000 }, "geometry": { "type": "Point", "coordinates": [ 25.027575, 43.707629 ] } },
{ "type": "Feature", "properties": { "wtwdis": 583.0, "catdis": 1, "OBJNAM": null, "INFORM": null, "SCAMIN": 8000 }, "geometry": { "type": "Point", "coordinates": [ 25.037277, 43.704052 ] } },
{ "type": "Feature", "properties": { "wtwdis": 582.0, "catdis": 1, "OBJNAM": null, "INFORM": null, "SCAMIN": 8000 }, "geometry": { "type": "Point", "coordinates": [ 25.048049, 43.699381 ] } },
{ "type": "Feature", "properties": { "wtwdis": 581.0, "catdis": 3, "OBJNAM": null, "INFORM": null, "SCAMIN": 22000 }, "geometry": { "type": "Point", "coordinates": [ 25.057636, 43.696849 ] } },
{ "type": "Feature", "properties": { "wtwdis": 581.0, "catdis": 1, "OBJNAM": null, "INFORM": null, "SCAMIN": 8000 }, "geometry": { "type": "Point", "coordinates": [ 25.05694, 43.695326 ] } },
{ "type": "Feature", "properties": { "wtwdis": 580.0, "catdis": 1, "OBJNAM": null, "INFORM": null, "SCAMIN": 8000 }, "geometry": { "type": "Point", "coordinates": [ 25.067396, 43.691366 ] } },
{ "type": "Feature", "properties": { "wtwdis": 579.0, "catdis": 1, "OBJNAM": null, "INFORM": null, "SCAMIN": 8000 }, "geometry": { "type": "Point", "coordinates": [ 25.079748, 43.688291 ] } },
{ "type": "Feature", "properties": { "wtwdis": 578.0, "catdis": 1, "OBJNAM": null, "INFORM": null, "SCAMIN": 8000 }, "geometry": { "type": "Point", "coordinates": [ 25.092103, 43.686858 ] } },
{ "type": "Feature", "properties": { "wtwdis": 586.0, "catdis": 1, "OBJNAM": null, "INFORM": null, "SCAMIN": 8000 }, "geometry": { "type": "Point", "coordinates": [ 25.006855, 43.711094 ] } },
{ "type": "Feature", "properties": { "wtwdis": 587.0, "catdis": 1, "OBJNAM": null, "INFORM": null, "SCAMIN": 8000 }, "geometry": { "type": "Point", "coordinates": [ 24.999439, 43.713844 ] } },
{ "type": "Feature", "properties": { "wtwdis": 588.0, "catdis": 1, "OBJNAM": null, "INFORM": null, "SCAMIN": 8000 }, "geometry": { "type": "Point", "coordinates": [ 24.989349, 43.717233 ] } },
{ "type": "Feature", "properties": { "wtwdis": 589.0, "catdis": 1, "OBJNAM": null, "INFORM": null, "SCAMIN": 8000 }, "geometry": { "type": "Point", "coordinates": [ 24.983616, 43.719369 ] } },
{ "type": "Feature", "properties": { "wtwdis": 610.0, "catdis": 1, "OBJNAM": null, "INFORM": null, "SCAMIN": 8000 }, "geometry": { "type": "Point", "coordinates": [ 24.735727, 43.684209 ] } },
{ "type": "Feature", "properties": { "wtwdis": 609.0, "catdis": 1, "OBJNAM": null, "INFORM": null, "SCAMIN": 8000 }, "geometry": { "type": "Point", "coordinates": [ 24.749485, 43.68601 ] } },
{ "type": "Feature", "properties": { "wtwdis": 608.0, "catdis": 1, "OBJNAM": null, "INFORM": null, "SCAMIN": 8000 }, "geometry": { "type": "Point", "coordinates": [ 24.763982, 43.689632 ] } },
{ "type": "Feature", "properties": { "wtwdis": 607.0, "catdis": 1, "OBJNAM": null, "INFORM": null, "SCAMIN": 8000 }, "geometry": { "type": "Point", "coordinates": [ 24.777125, 43.694272 ] } },
{ "type": "Feature", "properties": { "wtwdis": 606.0, "catdis": 1, "OBJNAM": null, "INFORM": null, "SCAMIN": 8000 }, "geometry": { "type": "Point", "coordinates": [ 24.788788, 43.702091 ] } },
{ "type": "Feature", "properties": { "wtwdis": 605.0, "catdis": 1, "OBJNAM": null, "INFORM": null, "SCAMIN": 8000 }, "geometry": { "type": "Point", "coordinates": [ 24.797722, 43.706378 ] } },
{ "type": "Feature", "properties": { "wtwdis": 604.0, "catdis": 1, "OBJNAM": null, "INFORM": null, "SCAMIN": 8000 }, "geometry": { "type": "Point", "coordinates": [ 24.808786, 43.709664 ] } },
{ "type": "Feature", "properties": { "wtwdis": 603.0, "catdis": 1, "OBJNAM": null, "INFORM": null, "SCAMIN": 8000 }, "geometry": { "type": "Point", "coordinates": [ 24.81915, 43.711658 ] } },
{ "type": "Feature", "properties": { "wtwdis": 602.0, "catdis": 1, "OBJNAM": null, "INFORM": null, "SCAMIN": 8000 }, "geometry": { "type": "Point", "coordinates": [ 24.833397, 43.7128 ] } },
{ "type": "Feature", "properties": { "wtwdis": 601.0, "catdis": 1, "OBJNAM": null, "INFORM": null, "SCAMIN": 8000 }, "geometry": { "type": "Point", "coordinates": [ 24.848073, 43.710183 ] } },
{ "type": "Feature", "properties": { "wtwdis": 600.0, "catdis": 1, "OBJNAM": null, "INFORM": null, "SCAMIN": 8000 }, "geometry": { "type": "Point", "coordinates": [ 24.858311, 43.708464 ] } },
{ "type": "Feature", "properties": { "wtwdis": 599.0, "catdis": 1, "OBJNAM": null, "INFORM": null, "SCAMIN": 8000 }, "geometry": { "type": "Point", "coordinates": [ 24.87129, 43.707828 ] } },
{ "type": "Feature", "properties": { "wtwdis": 598.0, "catdis": 1, "OBJNAM": null, "INFORM": null, "SCAMIN": 8000 }, "geometry": { "type": "Point", "coordinates": [ 24.882926, 43.708782 ] } },
{ "type": "Feature", "properties": { "wtwdis": 597.0, "catdis": 1, "OBJNAM": null, "INFORM": null, "SCAMIN": 8000 }, "geometry": { "type": "Point", "coordinates": [ 24.895572, 43.710428 ] } },
{ "type": "Feature", "properties": { "wtwdis": 596.0, "catdis": 1, "OBJNAM": null, "INFORM": null, "SCAMIN": 8000 }, "geometry": { "type": "Point", "coordinates": [ 24.90673, 43.711959 ] } },
{ "type": "Feature", "properties": { "wtwdis": 595.0, "catdis": 1, "OBJNAM": null, "INFORM": null, "SCAMIN": 8000 }, "geometry": { "type": "Point", "coordinates": [ 24.915717, 43.713933 ] } },
{ "type": "Feature", "properties": { "wtwdis": 594.0, "catdis": 1, "OBJNAM": null, "INFORM": null, "SCAMIN": 8000 }, "geometry": { "type": "Point", "coordinates": [ 24.927186, 43.715978 ] } },
{ "type": "Feature", "properties": { "wtwdis": 7.0, "catdis": 3, "OBJNAM": null, "INFORM": null, "SCAMIN": 8000 }, "geometry": { "type": "Point", "coordinates": [ 24.801924, 43.706157 ] } },
{ "type": "Feature", "properties": { "wtwdis": 7.0, "catdis": 3, "OBJNAM": null, "INFORM": null, "SCAMIN": 8000 }, "geometry": { "type": "Point", "coordinates": [ 24.76904, 43.689524 ] } },
{ "type": "Feature", "properties": { "wtwdis": 6.0, "catdis": 3, "OBJNAM": null, "INFORM": null, "SCAMIN": 8000 }, "geometry": { "type": "Point", "coordinates": [ 24.770367, 43.690022 ] } },
{ "type": "Feature", "properties": { "wtwdis": 6.0, "catdis": 3, "OBJNAM": null, "INFORM": null, "SCAMIN": 8000 }, "geometry": { "type": "Point", "coordinates": [ 24.802921, 43.706544 ] } },
{ "type": "Feature", "properties": { "wtwdis": 5.0, "catdis": 3, "OBJNAM": null, "INFORM": null, "SCAMIN": 8000 }, "geometry": { "type": "Point", "coordinates": [ 24.771703, 43.690494 ] } },
{ "type": "Feature", "properties": { "wtwdis": 5.0, "catdis": 3, "OBJNAM": null, "INFORM": null, "SCAMIN": 8000 }, "geometry": { "type": "Point", "coordinates": [ 24.803934, 43.706885 ] } },
{ "type": "Feature", "properties": { "wtwdis": 4.0, "catdis": 3, "OBJNAM": null, "INFORM": null, "SCAMIN": 8000 }, "geometry": { "type": "Point", "coordinates": [ 24.773041, 43.690961 ] } },
{ "type": "Feature", "properties": { "wtwdis": 4.0, "catdis": 3, "OBJNAM": null, "INFORM": null, "SCAMIN": 8000 }, "geometry": { "type": "Point", "coordinates": [ 24.804962, 43.707178 ] } },
{ "type": "Feature", "properties": { "wtwdis": 3.0, "catdis": 3, "OBJNAM": null, "INFORM": null, "SCAMIN": 8000 }, "geometry": { "type": "Point", "coordinates": [ 24.806, 43.707431 ] } },
{ "type": "Feature", "properties": { "wtwdis": 3.0, "catdis": 3, "OBJNAM": null, "INFORM": null, "SCAMIN": 8000 }, "geometry": { "type": "Point", "coordinates": [ 24.774373, 43.691446 ] } },
{ "type": "Feature", "properties": { "wtwdis": 2.0, "catdis": 3, "OBJNAM": null, "INFORM": null, "SCAMIN": 8000 }, "geometry": { "type": "Point", "coordinates": [ 24.775689, 43.691973 ] } },
{ "type": "Feature", "properties": { "wtwdis": 2.0, "catdis": 3, "OBJNAM": null, "INFORM": null, "SCAMIN": 8000 }, "geometry": { "type": "Point", "coordinates": [ 24.807046, 43.707655 ] } },
{ "type": "Feature", "properties": { "wtwdis": 1.0, "catdis": 3, "OBJNAM": null, "INFORM": null, "SCAMIN": 8000 }, "geometry": { "type": "Point", "coordinates": [ 24.776979, 43.692558 ] } },
{ "type": "Feature", "properties": { "wtwdis": 2.0, "catdis": 3, "OBJNAM": null, "INFORM": null, "SCAMIN": 8000 }, "geometry": { "type": "Point", "coordinates": [ 29.615492, 45.160101 ] } },
{ "type": "Feature", "properties": { "wtwdis": 3.0, "catdis": 3, "OBJNAM": null, "INFORM": null, "SCAMIN": 8000 }, "geometry": { "type": "Point", "coordinates": [ 29.592831, 45.166266 ] } },
{ "type": "Feature", "properties": { "wtwdis": 2.0, "catdis": 3, "OBJNAM": null, "INFORM": null, "SCAMIN": 8000 }, "geometry": { "type": "Point", "coordinates": [ 29.615457, 45.158689 ] } },
{ "type": "Feature", "properties": { "wtwdis": 1.0, "catdis": 3, "OBJNAM": null, "INFORM": null, "SCAMIN": 8000 }, "geometry": { "type": "Point", "coordinates": [ 29.637434, 45.157536 ] } },
{ "type": "Feature", "properties": { "wtwdis": 0.0, "catdis": 3, "OBJNAM": null, "INFORM": null, "SCAMIN": 8000 }, "geometry": { "type": "Point", "coordinates": [ 29.661321, 45.156535 ] } },
{ "type": "Feature", "properties": { "wtwdis": 0.0, "catdis": 1, "OBJNAM": null, "INFORM": null, "SCAMIN": 8000 }, "geometry": { "type": "Point", "coordinates": [ 29.66123, 45.157253 ] } },
{ "type": "Feature", "properties": { "wtwdis": 1.0, "catdis": 1, "OBJNAM": null, "INFORM": null, "SCAMIN": 8000 }, "geometry": { "type": "Point", "coordinates": [ 29.637723, 45.15846 ] } },
{ "type": "Feature", "properties": { "wtwdis": 2.0, "catdis": 1, "OBJNAM": null, "INFORM": null, "SCAMIN": 8000 }, "geometry": { "type": "Point", "coordinates": [ 29.615431, 45.159525 ] } },
{ "type": "Feature", "properties": { "wtwdis": 3.0, "catdis": 1, "OBJNAM": null, "INFORM": null, "SCAMIN": 8000 }, "geometry": { "type": "Point", "coordinates": [ 29.592339, 45.165452 ] } },
{ "type": "Feature", "properties": { "wtwdis": 0.0, "catdis": 3, "OBJNAM": null, "INFORM": null, "SCAMIN": 8000 }, "geometry": { "type": "Point", "coordinates": [ 29.661191, 45.158139 ] } },
{ "type": "Feature", "properties": { "wtwdis": 8.0, "catdis": 3, "OBJNAM": null, "INFORM": null, "SCAMIN": 8000 }, "geometry": { "type": "Point", "coordinates": [ 29.486139, 45.173602 ] } },
{ "type": "Feature", "properties": { "wtwdis": 9.0, "catdis": 3, "OBJNAM": null, "INFORM": null, "SCAMIN": 8000 }, "geometry": { "type": "Point", "coordinates": [ 29.458915, 45.173944 ] } },
{ "type": "Feature", "properties": { "wtwdis": 7.0, "catdis": 3, "OBJNAM": null, "INFORM": null, "SCAMIN": 8000 }, "geometry": { "type": "Point", "coordinates": [ 29.509487, 45.174766 ] } },
{ "type": "Feature", "properties": { "wtwdis": 4.0, "catdis": 3, "OBJNAM": null, "INFORM": null, "SCAMIN": 8000 }, "geometry": { "type": "Point", "coordinates": [ 29.569332, 45.171711 ] } },
{ "type": "Feature", "properties": { "wtwdis": 7.0, "catdis": 1, "OBJNAM": null, "INFORM": null, "SCAMIN": 8000 }, "geometry": { "type": "Point", "coordinates": [ 29.510584, 45.173564 ] } },
{ "type": "Feature", "properties": { "wtwdis": 7.0, "catdis": 1, "OBJNAM": null, "INFORM": null, "SCAMIN": 8000 }, "geometry": { "type": "Point", "coordinates": [ 29.510035, 45.174311 ] } },
{ "type": "Feature", "properties": { "wtwdis": 6.0, "catdis": 1, "OBJNAM": null, "INFORM": null, "SCAMIN": 8000 }, "geometry": { "type": "Point", "coordinates": [ 29.530805, 45.183925 ] } },
{ "type": "Feature", "properties": { "wtwdis": 5.0, "catdis": 1, "OBJNAM": null, "INFORM": null, "SCAMIN": 8000 }, "geometry": { "type": "Point", "coordinates": [ 29.551001, 45.180904 ] } },
{ "type": "Feature", "properties": { "wtwdis": 4.0, "catdis": 1, "OBJNAM": null, "INFORM": null, "SCAMIN": 8000 }, "geometry": { "type": "Point", "coordinates": [ 29.570122, 45.172444 ] } },
{ "type": "Feature", "properties": { "wtwdis": 8.0, "catdis": 1, "OBJNAM": null, "INFORM": null, "SCAMIN": 8000 }, "geometry": { "type": "Point", "coordinates": [ 29.485994, 45.172645 ] } },
{ "type": "Feature", "properties": { "wtwdis": 9.0, "catdis": 1, "OBJNAM": null, "INFORM": null, "SCAMIN": 8000 }, "geometry": { "type": "Point", "coordinates": [ 29.458807, 45.173156 ] } },
{ "type": "Feature", "properties": { "wtwdis": 4.0, "catdis": 3, "OBJNAM": null, "INFORM": null, "SCAMIN": 8000 }, "geometry": { "type": "Point", "coordinates": [ 29.570843, 45.173105 ] } },
{ "type": "Feature", "properties": { "wtwdis": 5.0, "catdis": 3, "OBJNAM": null, "INFORM": null, "SCAMIN": 8000 }, "geometry": { "type": "Point", "coordinates": [ 29.551583, 45.181614 ] } },
{ "type": "Feature", "properties": { "wtwdis": 10.0, "catdis": 3, "OBJNAM": null, "INFORM": null, "SCAMIN": 8000 }, "geometry": { "type": "Point", "coordinates": [ 29.438122, 45.174545 ] } },
{ "type": "Feature", "properties": { "wtwdis": 11.0, "catdis": 3, "OBJNAM": null, "INFORM": null, "SCAMIN": 8000 }, "geometry": { "type": "Point", "coordinates": [ 29.412825, 45.175125 ] } },
{ "type": "Feature", "properties": { "wtwdis": 12.0, "catdis": 3, "OBJNAM": null, "INFORM": null, "SCAMIN": 8000 }, "geometry": { "type": "Point", "coordinates": [ 29.391878, 45.175565 ] } },
{ "type": "Feature", "properties": { "wtwdis": 13.0, "catdis": 3, "OBJNAM": null, "INFORM": null, "SCAMIN": 8000 }, "geometry": { "type": "Point", "coordinates": [ 29.3682, 45.176039 ] } },
{ "type": "Feature", "properties": { "wtwdis": 14.0, "catdis": 3, "OBJNAM": null, "INFORM": null, "SCAMIN": 8000 }, "geometry": { "type": "Point", "coordinates": [ 29.34458, 45.176526 ] } },
{ "type": "Feature", "properties": { "wtwdis": 15.0, "catdis": 3, "OBJNAM": null, "INFORM": null, "SCAMIN": 8000 }, "geometry": { "type": "Point", "coordinates": [ 29.322132, 45.177098 ] } },
{ "type": "Feature", "properties": { "wtwdis": 15.0, "catdis": 1, "OBJNAM": null, "INFORM": null, "SCAMIN": 8000 }, "geometry": { "type": "Point", "coordinates": [ 29.321879, 45.175543 ] } },
{ "type": "Feature", "properties": { "wtwdis": 14.0, "catdis": 1, "OBJNAM": null, "INFORM": null, "SCAMIN": 8000 }, "geometry": { "type": "Point", "coordinates": [ 29.344616, 45.175104 ] } },
{ "type": "Feature", "properties": { "wtwdis": 12.0, "catdis": 1, "OBJNAM": null, "INFORM": null, "SCAMIN": 8000 }, "geometry": { "type": "Point", "coordinates": [ 29.391592, 45.174113 ] } },
{ "type": "Feature", "properties": { "wtwdis": 11.0, "catdis": 1, "OBJNAM": null, "INFORM": null, "SCAMIN": 8000 }, "geometry": { "type": "Point", "coordinates": [ 29.412628, 45.173604 ] } },
{ "type": "Feature", "properties": { "wtwdis": 10.0, "catdis": 1, "OBJNAM": null, "INFORM": null, "SCAMIN": 8000 }, "geometry": { "type": "Point", "coordinates": [ 29.438133, 45.172745 ] } },
{ "type": "Feature", "properties": { "wtwdis": 14.0, "catdis": 1, "OBJNAM": null, "INFORM": null, "SCAMIN": 8000 }, "geometry": { "type": "Point", "coordinates": [ 29.344559, 45.175893 ] } },
{ "type": "Feature", "properties": { "wtwdis": 10.0, "catdis": 1, "OBJNAM": null, "INFORM": null, "SCAMIN": 8000 }, "geometry": { "type": "Point", "coordinates": [ 29.4381, 45.173668 ] } },
{ "type": "Feature", "properties": { "wtwdis": 11.0, "catdis": 1, "OBJNAM": null, "INFORM": null, "SCAMIN": 8000 }, "geometry": { "type": "Point", "coordinates": [ 29.412697, 45.174344 ] } },
{ "type": "Feature", "properties": { "wtwdis": 12.0, "catdis": 1, "OBJNAM": null, "INFORM": null, "SCAMIN": 8000 }, "geometry": { "type": "Point", "coordinates": [ 29.391639, 45.174851 ] } },
{ "type": "Feature", "properties": { "wtwdis": 13.0, "catdis": 1, "OBJNAM": null, "INFORM": null, "SCAMIN": 8000 }, "geometry": { "type": "Point", "coordinates": [ 29.367909, 45.174692 ] } },
{ "type": "Feature", "properties": { "wtwdis": 13.0, "catdis": 1, "OBJNAM": null, "INFORM": null, "SCAMIN": 8000 }, "geometry": { "type": "Point", "coordinates": [ 29.368025, 45.175415 ] } },
{ "type": "Feature", "properties": { "wtwdis": 15.0, "catdis": 1, "OBJNAM": null, "INFORM": null, "SCAMIN": 8000 }, "geometry": { "type": "Point", "coordinates": [ 29.321966, 45.176373 ] } },
{ "type": "Feature", "properties": { "wtwdis": 16.0, "catdis": 3, "OBJNAM": null, "INFORM": null, "SCAMIN": 8000 }, "geometry": { "type": "Point", "coordinates": [ 29.297116, 45.177493 ] } },
{ "type": "Feature", "properties": { "wtwdis": 17.0, "catdis": 3, "OBJNAM": null, "INFORM": null, "SCAMIN": 8000 }, "geometry": { "type": "Point", "coordinates": [ 29.270173, 45.178107 ] } },
{ "type": "Feature", "properties": { "wtwdis": 18.0, "catdis": 3, "OBJNAM": null, "INFORM": null, "SCAMIN": 8000 }, "geometry": { "type": "Point", "coordinates": [ 29.24776, 45.178671 ] } },
{ "type": "Feature", "properties": { "wtwdis": 19.0, "catdis": 3, "OBJNAM": null, "INFORM": null, "SCAMIN": 8000 }, "geometry": { "type": "Point", "coordinates": [ 29.22185, 45.179675 ] } },
{ "type": "Feature", "properties": { "wtwdis": 18.0, "catdis": 3, "OBJNAM": null, "INFORM": null, "SCAMIN": 8000 }, "geometry": { "type": "Point", "coordinates": [ 29.247693, 45.177028 ] } },
{ "type": "Feature", "properties": { "wtwdis": 16.0, "catdis": 1, "OBJNAM": null, "INFORM": null, "SCAMIN": 8000 }, "geometry": { "type": "Point", "coordinates": [ 29.297032, 45.17694 ] } },
{ "type": "Feature", "properties": { "wtwdis": 17.0, "catdis": 1, "OBJNAM": null, "INFORM": null, "SCAMIN": 8000 }, "geometry": { "type": "Point", "coordinates": [ 29.270196, 45.177474 ] } },
{ "type": "Feature", "properties": { "wtwdis": 16.0, "catdis": 1, "OBJNAM": null, "INFORM": null, "SCAMIN": 8000 }, "geometry": { "type": "Point", "coordinates": [ 29.297002, 45.176101 ] } },
{ "type": "Feature", "properties": { "wtwdis": 18.0, "catdis": 1, "OBJNAM": null, "INFORM": null, "SCAMIN": 8000 }, "geometry": { "type": "Point", "coordinates": [ 29.247735, 45.177988 ] } },
{ "type": "Feature", "properties": { "wtwdis": 19.0, "catdis": 1, "OBJNAM": null, "INFORM": null, "SCAMIN": 8000 }, "geometry": { "type": "Point", "coordinates": [ 29.221627, 45.178722 ] } },
{ "type": "Feature", "properties": { "wtwdis": 20.0, "catdis": 1, "OBJNAM": null, "INFORM": null, "SCAMIN": 8000 }, "geometry": { "type": "Point", "coordinates": [ 29.203425, 45.182974 ] } },
{ "type": "Feature", "properties": { "wtwdis": 26.0, "catdis": 2, "OBJNAM": null, "INFORM": null, "SCAMIN": 8000 }, "geometry": { "type": "Point", "coordinates": [ 29.064347, 45.175783 ] } },
{ "type": "Feature", "properties": { "wtwdis": 26.0, "catdis": 1, "OBJNAM": null, "INFORM": null, "SCAMIN": 8000 }, "geometry": { "type": "Point", "coordinates": [ 29.06442, 45.17439 ] } },
{ "type": "Feature", "properties": { "wtwdis": 25.0, "catdis": 1, "OBJNAM": null, "INFORM": null, "SCAMIN": 8000 }, "geometry": { "type": "Point", "coordinates": [ 29.088135, 45.174439 ] } },
{ "type": "Feature", "properties": { "wtwdis": 24.0, "catdis": 1, "OBJNAM": null, "INFORM": null, "SCAMIN": 8000 }, "geometry": { "type": "Point", "coordinates": [ 29.111647, 45.173426 ] } },
{ "type": "Feature", "properties": { "wtwdis": 0.0, "catdis": 2, "OBJNAM": null, "INFORM": null, "SCAMIN": 8000 }, "geometry": { "type": "Point", "coordinates": [ 29.158206, 45.178028 ] } },
{ "type": "Feature", "properties": { "wtwdis": 21.0, "catdis": 1, "OBJNAM": null, "INFORM": null, "SCAMIN": 8000 }, "geometry": { "type": "Point", "coordinates": [ 29.18064, 45.182452 ] } },
{ "type": "Feature", "properties": { "wtwdis": 21.0, "catdis": 2, "OBJNAM": null, "INFORM": null, "SCAMIN": 8000 }, "geometry": { "type": "Point", "coordinates": [ 29.1804, 45.1834 ] } },
{ "type": "Feature", "properties": { "wtwdis": 22.0, "catdis": 1, "OBJNAM": null, "INFORM": null, "SCAMIN": 8000 }, "geometry": { "type": "Point", "coordinates": [ 29.157998, 45.178902 ] } },
{ "type": "Feature", "properties": { "wtwdis": 23.0, "catdis": 2, "OBJNAM": null, "INFORM": null, "SCAMIN": 8000 }, "geometry": { "type": "Point", "coordinates": [ 29.135355, 45.173897 ] } },
{ "type": "Feature", "properties": { "wtwdis": 23.0, "catdis": 1, "OBJNAM": null, "INFORM": null, "SCAMIN": 8000 }, "geometry": { "type": "Point", "coordinates": [ 29.135628, 45.173041 ] } },
{ "type": "Feature", "properties": { "wtwdis": 24.0, "catdis": 2, "OBJNAM": null, "INFORM": null, "SCAMIN": 8000 }, "geometry": { "type": "Point", "coordinates": [ 29.111909, 45.174682 ] } },
{ "type": "Feature", "properties": { "wtwdis": 24.0, "catdis": 1, "OBJNAM": null, "INFORM": null, "SCAMIN": 8000 }, "geometry": { "type": "Point", "coordinates": [ 29.11176, 45.174093 ] } },
{ "type": "Feature", "properties": { "wtwdis": 25.0, "catdis": 2, "OBJNAM": null, "INFORM": null, "SCAMIN": 8000 }, "geometry": { "type": "Point", "coordinates": [ 29.088442, 45.176048 ] } },
{ "type": "Feature", "properties": { "wtwdis": 25.0, "catdis": 1, "OBJNAM": null, "INFORM": null, "SCAMIN": 8000 }, "geometry": { "type": "Point", "coordinates": [ 29.088068, 45.175335 ] } },
{ "type": "Feature", "properties": { "wtwdis": 26.0, "catdis": 1, "OBJNAM": null, "INFORM": null, "SCAMIN": 8000 }, "geometry": { "type": "Point", "coordinates": [ 29.064354, 45.175075 ] } },
{ "type": "Feature", "properties": { "wtwdis": 27.0, "catdis": 3, "OBJNAM": null, "INFORM": null, "SCAMIN": 8000 }, "geometry": { "type": "Point", "coordinates": [ 29.037603, 45.17401 ] } },
{ "type": "Feature", "properties": { "wtwdis": 28.0, "catdis": 3, "OBJNAM": null, "INFORM": null, "SCAMIN": 8000 }, "geometry": { "type": "Point", "coordinates": [ 29.018898, 45.172372 ] } },
{ "type": "Feature", "properties": { "wtwdis": 27.0, "catdis": 3, "OBJNAM": null, "INFORM": null, "SCAMIN": 8000 }, "geometry": { "type": "Point", "coordinates": [ 29.037603, 45.17401 ] } },
{ "type": "Feature", "properties": { "wtwdis": 29.0, "catdis": 3, "OBJNAM": null, "INFORM": null, "SCAMIN": 8000 }, "geometry": { "type": "Point", "coordinates": [ 28.996432, 45.177837 ] } },
{ "type": "Feature", "properties": { "wtwdis": 30.0, "catdis": 3, "OBJNAM": null, "INFORM": null, "SCAMIN": 8000 }, "geometry": { "type": "Point", "coordinates": [ 28.976535, 45.19188 ] } },
{ "type": "Feature", "properties": { "wtwdis": 29.0, "catdis": 1, "OBJNAM": null, "INFORM": null, "SCAMIN": 8000 }, "geometry": { "type": "Point", "coordinates": [ 28.99502, 45.17652 ] } },
{ "type": "Feature", "properties": { "wtwdis": 30.0, "catdis": 1, "OBJNAM": null, "INFORM": null, "SCAMIN": 8000 }, "geometry": { "type": "Point", "coordinates": [ 28.974974, 45.190149 ] } },
{ "type": "Feature", "properties": { "wtwdis": 31.0, "catdis": 1, "OBJNAM": null, "INFORM": null, "SCAMIN": 8000 }, "geometry": { "type": "Point", "coordinates": [ 28.957699, 45.193084 ] } },
{ "type": "Feature", "properties": { "wtwdis": 31.0, "catdis": 1, "OBJNAM": null, "INFORM": null, "SCAMIN": 8000 }, "geometry": { "type": "Point", "coordinates": [ 28.957722, 45.19401 ] } },
{ "type": "Feature", "properties": { "wtwdis": 27.0, "catdis": 1, "OBJNAM": null, "INFORM": null, "SCAMIN": 8000 }, "geometry": { "type": "Point", "coordinates": [ 29.037702, 45.173134 ] } },
{ "type": "Feature", "properties": { "wtwdis": 28.0, "catdis": 1, "OBJNAM": null, "INFORM": null, "SCAMIN": 8000 }, "geometry": { "type": "Point", "coordinates": [ 29.018842, 45.17131 ] } },
{ "type": "Feature", "properties": { "wtwdis": 29.0, "catdis": 1, "OBJNAM": null, "INFORM": null, "SCAMIN": 8000 }, "geometry": { "type": "Point", "coordinates": [ 28.995824, 45.177311 ] } },
{ "type": "Feature", "properties": { "wtwdis": 30.0, "catdis": 1, "OBJNAM": null, "INFORM": null, "SCAMIN": 8000 }, "geometry": { "type": "Point", "coordinates": [ 28.975842, 45.190963 ] } },
{ "type": "Feature", "properties": { "wtwdis": 32.0, "catdis": 3, "OBJNAM": null, "INFORM": null, "SCAMIN": 8000 }, "geometry": { "type": "Point", "coordinates": [ 28.934189, 45.192428 ] } },
{ "type": "Feature", "properties": { "wtwdis": 33.0, "catdis": 3, "OBJNAM": null, "INFORM": null, "SCAMIN": 8000 }, "geometry": { "type": "Point", "coordinates": [ 28.910942, 45.190826 ] } },
{ "type": "Feature", "properties": { "wtwdis": 34.0, "catdis": 3, "OBJNAM": null, "INFORM": null, "SCAMIN": 8000 }, "geometry": { "type": "Point", "coordinates": [ 28.888968, 45.189504 ] } },
{ "type": "Feature", "properties": { "wtwdis": 33.0, "catdis": 1, "OBJNAM": null, "INFORM": null, "SCAMIN": 8000 }, "geometry": { "type": "Point", "coordinates": [ 28.911107, 45.188937 ] } },
{ "type": "Feature", "properties": { "wtwdis": 32.0, "catdis": 3, "OBJNAM": null, "INFORM": null, "SCAMIN": 8000 }, "geometry": { "type": "Point", "coordinates": [ 28.934433, 45.190698 ] } },
{ "type": "Feature", "properties": { "wtwdis": 35.0, "catdis": 1, "OBJNAM": null, "INFORM": null, "SCAMIN": 8000 }, "geometry": { "type": "Point", "coordinates": [ 28.869326, 45.198336 ] } },
{ "type": "Feature", "properties": { "wtwdis": 34.0, "catdis": 1, "OBJNAM": null, "INFORM": null, "SCAMIN": 8000 }, "geometry": { "type": "Point", "coordinates": [ 28.888241, 45.188859 ] } },
{ "type": "Feature", "properties": { "wtwdis": 32.0, "catdis": 1, "OBJNAM": null, "INFORM": null, "SCAMIN": 8000 }, "geometry": { "type": "Point", "coordinates": [ 28.934346, 45.191466 ] } },
{ "type": "Feature", "properties": { "wtwdis": 33.0, "catdis": 1, "OBJNAM": null, "INFORM": null, "SCAMIN": 8000 }, "geometry": { "type": "Point", "coordinates": [ 28.911061, 45.189899 ] } },
{ "type": "Feature", "properties": { "wtwdis": 40.0, "catdis": 1, "OBJNAM": null, "INFORM": null, "SCAMIN": 8000 }, "geometry": { "type": "Point", "coordinates": [ 28.791078, 45.203622 ] } },
{ "type": "Feature", "properties": { "wtwdis": 40.0, "catdis": 3, "OBJNAM": null, "INFORM": null, "SCAMIN": 8000 }, "geometry": { "type": "Point", "coordinates": [ 28.794842, 45.203391 ] } },
{ "type": "Feature", "properties": { "wtwdis": 40.0, "catdis": 1, "OBJNAM": null, "INFORM": null, "SCAMIN": 8000 }, "geometry": { "type": "Point", "coordinates": [ 28.793238, 45.203497 ] } },
{ "type": "Feature", "properties": { "wtwdis": 39.0, "catdis": 1, "OBJNAM": null, "INFORM": null, "SCAMIN": 8000 }, "geometry": { "type": "Point", "coordinates": [ 28.791418, 45.185246 ] } },
{ "type": "Feature", "properties": { "wtwdis": 38.0, "catdis": 1, "OBJNAM": null, "INFORM": null, "SCAMIN": 8000 }, "geometry": { "type": "Point", "coordinates": [ 28.806796, 45.191037 ] } },
{ "type": "Feature", "properties": { "wtwdis": 36.0, "catdis": 1, "OBJNAM": null, "INFORM": null, "SCAMIN": 8000 }, "geometry": { "type": "Point", "coordinates": [ 28.849386, 45.202965 ] } },
{ "type": "Feature", "properties": { "wtwdis": 37.0, "catdis": 1, "OBJNAM": null, "INFORM": null, "SCAMIN": 8000 }, "geometry": { "type": "Point", "coordinates": [ 28.824385, 45.20069 ] } },
{ "type": "Feature", "properties": { "wtwdis": 42.0, "catdis": 3, "OBJNAM": null, "INFORM": null, "SCAMIN": 8000 }, "geometry": { "type": "Point", "coordinates": [ 28.756898, 45.217218 ] } },
{ "type": "Feature", "properties": { "wtwdis": 42.0, "catdis": 1, "OBJNAM": null, "INFORM": null, "SCAMIN": 8000 }, "geometry": { "type": "Point", "coordinates": [ 28.756774, 45.214635 ] } },
{ "type": "Feature", "properties": { "wtwdis": 43.0, "catdis": 3, "OBJNAM": null, "INFORM": null, "SCAMIN": 8000 }, "geometry": { "type": "Point", "coordinates": [ 28.739169, 45.225837 ] } },
{ "type": "Feature", "properties": { "wtwdis": 46.0, "catdis": 1, "OBJNAM": null, "INFORM": null, "SCAMIN": 8000 }, "geometry": { "type": "Point", "coordinates": [ 28.673331, 45.236859 ] } },
{ "type": "Feature", "properties": { "wtwdis": 45.0, "catdis": 1, "OBJNAM": null, "INFORM": null, "SCAMIN": 8000 }, "geometry": { "type": "Point", "coordinates": [ 28.695103, 45.228232 ] } },
{ "type": "Feature", "properties": { "wtwdis": 44.0, "catdis": 1, "OBJNAM": null, "INFORM": null, "SCAMIN": 8000 }, "geometry": { "type": "Point", "coordinates": [ 28.718373, 45.223826 ] } },
{ "type": "Feature", "properties": { "wtwdis": 43.0, "catdis": 1, "OBJNAM": null, "INFORM": null, "SCAMIN": 8000 }, "geometry": { "type": "Point", "coordinates": [ 28.740151, 45.227056 ] } },
{ "type": "Feature", "properties": { "wtwdis": 42.0, "catdis": 1, "OBJNAM": null, "INFORM": null, "SCAMIN": 8000 }, "geometry": { "type": "Point", "coordinates": [ 28.756815, 45.21583 ] } },
{ "type": "Feature", "properties": { "wtwdis": 41.0, "catdis": 1, "OBJNAM": null, "INFORM": null, "SCAMIN": 8000 }, "geometry": { "type": "Point", "coordinates": [ 28.781293, 45.215641 ] } },
{ "type": "Feature", "properties": { "wtwdis": 944.0, "catdis": 1, "OBJNAM": null, "INFORM": null, "SCAMIN": 8000 }, "geometry": { "type": "Point", "coordinates": [ 28.559571, 45.249671 ] } },
{ "type": "Feature", "properties": { "wtwdis": 962.0, "catdis": 1, "OBJNAM": null, "INFORM": null, "SCAMIN": 8000 }, "geometry": { "type": "Point", "coordinates": [ 28.539944, 45.258034 ] } },
{ "type": "Feature", "properties": { "wtwdis": 926.0, "catdis": 1, "OBJNAM": null, "INFORM": null, "SCAMIN": 8000 }, "geometry": { "type": "Point", "coordinates": [ 28.581735, 45.245956 ] } },
{ "type": "Feature", "properties": { "wtwdis": 907.0, "catdis": 1, "OBJNAM": null, "INFORM": null, "SCAMIN": 8000 }, "geometry": { "type": "Point", "coordinates": [ 28.605867, 45.244614 ] } },
{ "type": "Feature", "properties": { "wtwdis": 888.0, "catdis": 1, "OBJNAM": null, "INFORM": null, "SCAMIN": 8000 }, "geometry": { "type": "Point", "coordinates": [ 28.629997, 45.243267 ] } },
{ "type": "Feature", "properties": { "wtwdis": 870.0, "catdis": 1, "OBJNAM": null, "INFORM": null, "SCAMIN": 8000 }, "geometry": { "type": "Point", "coordinates": [ 28.652794, 45.241622 ] } },
{ "type": "Feature", "properties": { "wtwdis": 55.0, "catdis": 1, "OBJNAM": null, "INFORM": null, "SCAMIN": 8000 }, "geometry": { "type": "Point", "coordinates": [ 28.478696, 45.284955 ] } },
{ "type": "Feature", "properties": { "wtwdis": 1074.0, "catdis": 1, "OBJNAM": null, "INFORM": null, "SCAMIN": 8000 }, "geometry": { "type": "Point", "coordinates": [ 28.410594, 45.299247 ] } },
{ "type": "Feature", "properties": { "wtwdis": 1055.0, "catdis": 1, "OBJNAM": null, "INFORM": null, "SCAMIN": 8000 }, "geometry": { "type": "Point", "coordinates": [ 28.433515, 45.293826 ] } },
{ "type": "Feature", "properties": { "wtwdis": 1036.0, "catdis": 1, "OBJNAM": null, "INFORM": "56", "SCAMIN": 8000 }, "geometry": { "type": "Point", "coordinates": [ 28.456822, 45.289253 ] } },
{ "type": "Feature", "properties": { "wtwdis": 1019.0, "catdis": 1, "OBJNAM": null, "INFORM": null, "SCAMIN": 8000 }, "geometry": { "type": "Point", "coordinates": [ 28.476575, 45.282955 ] } },
{ "type": "Feature", "properties": { "wtwdis": 1000.0, "catdis": 1, "OBJNAM": null, "INFORM": null, "SCAMIN": 8000 }, "geometry": { "type": "Point", "coordinates": [ 28.498545, 45.275762 ] } },
{ "type": "Feature", "properties": { "wtwdis": 981.0, "catdis": 1, "OBJNAM": null, "INFORM": null, "SCAMIN": 8000 }, "geometry": { "type": "Point", "coordinates": [ 28.51943, 45.267119 ] } },
{ "type": "Feature", "properties": { "wtwdis": 1150.0, "catdis": 1, "OBJNAM": null, "INFORM": null, "SCAMIN": 8000 }, "geometry": { "type": "Point", "coordinates": [ 28.333902, 45.337686 ] } },
{ "type": "Feature", "properties": { "wtwdis": 1131.0, "catdis": 1, "OBJNAM": null, "INFORM": null, "SCAMIN": 8000 }, "geometry": { "type": "Point", "coordinates": [ 28.346466, 45.323121 ] } },
{ "type": "Feature", "properties": { "wtwdis": 1111.0, "catdis": 1, "OBJNAM": null, "INFORM": null, "SCAMIN": 8000 }, "geometry": { "type": "Point", "coordinates": [ 28.368288, 45.314001 ] } },
{ "type": "Feature", "properties": { "wtwdis": 1093.0, "catdis": 1, "OBJNAM": null, "INFORM": null, "SCAMIN": 8000 }, "geometry": { "type": "Point", "coordinates": [ 28.388871, 45.306824 ] } },
{ "type": "Feature", "properties": { "wtwdis": 1187.0, "catdis": 1, "OBJNAM": null, "INFORM": null, "SCAMIN": 8000 }, "geometry": { "type": "Point", "coordinates": [ 28.311227, 45.366897 ] } },
{ "type": "Feature", "properties": { "wtwdis": 1206.0, "catdis": 1, "OBJNAM": null, "INFORM": null, "SCAMIN": 8000 }, "geometry": { "type": "Point", "coordinates": [ 28.299583, 45.3819 ] } },
{ "type": "Feature", "properties": { "wtwdis": 1227.0, "catdis": 1, "OBJNAM": null, "INFORM": null, "SCAMIN": 8000 }, "geometry": { "type": "Point", "coordinates": [ 28.283237, 45.39651 ] } },
{ "type": "Feature", "properties": { "wtwdis": 1246.0, "catdis": 1, "OBJNAM": null, "INFORM": null, "SCAMIN": 8000 }, "geometry": { "type": "Point", "coordinates": [ 28.285225, 45.413524 ] } },
{ "type": "Feature", "properties": { "wtwdis": 1266.0, "catdis": 1, "OBJNAM": null, "INFORM": null, "SCAMIN": 8000 }, "geometry": { "type": "Point", "coordinates": [ 28.287085, 45.43145 ] } },
{ "type": "Feature", "properties": { "wtwdis": 68.0, "catdis": 1, "OBJNAM": null, "INFORM": null, "SCAMIN": 8000 }, "geometry": { "type": "Point", "coordinates": [ 28.288948, 45.431082 ] } },
{ "type": "Feature", "properties": { "wtwdis": 1169.0, "catdis": 1, "OBJNAM": null, "INFORM": null, "SCAMIN": 8000 }, "geometry": { "type": "Point", "coordinates": [ 28.322264, 45.352688 ] } },
{ "type": "Feature", "properties": { "wtwdis": 1319.0, "catdis": 1, "OBJNAM": null, "INFORM": null, "SCAMIN": 8000 }, "geometry": { "type": "Point", "coordinates": [ 28.241186, 45.462331 ] } },
{ "type": "Feature", "properties": { "wtwdis": 1301.0, "catdis": 1, "OBJNAM": null, "INFORM": null, "SCAMIN": 8000 }, "geometry": { "type": "Point", "coordinates": [ 28.262326, 45.455918 ] } },
{ "type": "Feature", "properties": { "wtwdis": 1284.0, "catdis": 1, "OBJNAM": null, "INFORM": null, "SCAMIN": 8000 }, "geometry": { "type": "Point", "coordinates": [ 28.27906, 45.446419 ] } },
{ "type": "Feature", "properties": { "wtwdis": 73.0, "catdis": 1, "OBJNAM": null, "INFORM": null, "SCAMIN": 8000 }, "geometry": { "type": "Point", "coordinates": [ 28.188396, 45.456913 ] } },
{ "type": "Feature", "properties": { "wtwdis": 1386.0, "catdis": 1, "OBJNAM": null, "INFORM": null, "SCAMIN": 8000 }, "geometry": { "type": "Point", "coordinates": [ 28.189631, 45.439294 ] } },
{ "type": "Feature", "properties": { "wtwdis": 1403.0, "catdis": 1, "OBJNAM": null, "INFORM": null, "SCAMIN": 8000 }, "geometry": { "type": "Point", "coordinates": [ 28.192513, 45.424129 ] } },
{ "type": "Feature", "properties": { "wtwdis": 1432.0, "catdis": 1, "OBJNAM": null, "INFORM": null, "SCAMIN": 8000 }, "geometry": { "type": "Point", "coordinates": [ 28.172281, 45.416948 ] } },
{ "type": "Feature", "properties": { "wtwdis": 1454.0, "catdis": 1, "OBJNAM": null, "INFORM": null, "SCAMIN": 8000 }, "geometry": { "type": "Point", "coordinates": [ 28.150009, 45.429035 ] } },
{ "type": "Feature", "properties": { "wtwdis": 1366.0, "catdis": 1, "OBJNAM": null, "INFORM": null, "SCAMIN": 8000 }, "geometry": { "type": "Point", "coordinates": [ 28.190397, 45.457016 ] } },
{ "type": "Feature", "properties": { "wtwdis": 1469.0, "catdis": 1, "OBJNAM": null, "INFORM": null, "SCAMIN": 8000 }, "geometry": { "type": "Point", "coordinates": [ 28.133932, 45.436334 ] } },
{ "type": "Feature", "properties": { "wtwdis": 1490.0, "catdis": 1, "OBJNAM": null, "INFORM": null, "SCAMIN": 8000 }, "geometry": { "type": "Point", "coordinates": [ 28.108379, 45.441738 ] } },
{ "type": "Feature", "properties": { "wtwdis": 1507.0, "catdis": 1, "OBJNAM": null, "INFORM": null, "SCAMIN": 8000 }, "geometry": { "type": "Point", "coordinates": [ 28.086984, 45.439725 ] } },
{ "type": "Feature", "properties": { "wtwdis": 1525.0, "catdis": 1, "OBJNAM": null, "INFORM": null, "SCAMIN": 8000 }, "geometry": { "type": "Point", "coordinates": [ 28.067124, 45.431678 ] } },
{ "type": "Feature", "properties": { "wtwdis": 1533.0, "catdis": 1, "OBJNAM": null, "INFORM": null, "SCAMIN": 8000 }, "geometry": { "type": "Point", "coordinates": [ 28.058501, 45.427808 ] } },
{ "type": "Feature", "properties": { "wtwdis": 1543.0, "catdis": 1, "OBJNAM": null, "INFORM": null, "SCAMIN": 8000 }, "geometry": { "type": "Point", "coordinates": [ 28.047708, 45.422986 ] } },
{ "type": "Feature", "properties": { "wtwdis": 1552.0, "catdis": 1, "OBJNAM": null, "INFORM": null, "SCAMIN": 8000 }, "geometry": { "type": "Point", "coordinates": [ 28.038835, 45.417877 ] } },
{ "type": "Feature", "properties": { "wtwdis": 1562.0, "catdis": 1, "OBJNAM": null, "INFORM": null, "SCAMIN": 8000 }, "geometry": { "type": "Point", "coordinates": [ 28.031999, 45.410323 ] } },
{ "type": "Feature", "properties": { "wtwdis": 1570.0, "catdis": 1, "OBJNAM": null, "INFORM": null, "SCAMIN": 8000 }, "geometry": { "type": "Point", "coordinates": [ 28.028416, 45.403594 ] } },
{ "type": "Feature", "properties": { "wtwdis": 158.0, "catdis": 1, "OBJNAM": null, "INFORM": null, "SCAMIN": 8000 }, "geometry": { "type": "Point", "coordinates": [ 28.029073, 45.379528 ] } },
{ "type": "Feature", "properties": { "wtwdis": 1676.0, "catdis": 1, "OBJNAM": null, "INFORM": null, "SCAMIN": 8000 }, "geometry": { "type": "Point", "coordinates": [ 28.000331, 45.312455 ] } },
{ "type": "Feature", "properties": { "wtwdis": 1667.0, "catdis": 1, "OBJNAM": null, "INFORM": null, "SCAMIN": 8000 }, "geometry": { "type": "Point", "coordinates": [ 28.003312, 45.320213 ] } },
{ "type": "Feature", "properties": { "wtwdis": 1659.0, "catdis": 1, "OBJNAM": null, "INFORM": null, "SCAMIN": 8000 }, "geometry": { "type": "Point", "coordinates": [ 28.006707, 45.326997 ] } },
{ "type": "Feature", "properties": { "wtwdis": 1649.0, "catdis": 1, "OBJNAM": null, "INFORM": null, "SCAMIN": 8000 }, "geometry": { "type": "Point", "coordinates": [ 28.011899, 45.335224 ] } },
{ "type": "Feature", "properties": { "wtwdis": 1639.0, "catdis": 1, "OBJNAM": null, "INFORM": null, "SCAMIN": 8000 }, "geometry": { "type": "Point", "coordinates": [ 28.017812, 45.343205 ] } },
{ "type": "Feature", "properties": { "wtwdis": 1627.0, "catdis": 1, "OBJNAM": null, "INFORM": null, "SCAMIN": 8000 }, "geometry": { "type": "Point", "coordinates": [ 28.02458, 45.352898 ] } },
{ "type": "Feature", "properties": { "wtwdis": 1617.0, "catdis": 1, "OBJNAM": null, "INFORM": null, "SCAMIN": 8000 }, "geometry": { "type": "Point", "coordinates": [ 28.027444, 45.361647 ] } },
{ "type": "Feature", "properties": { "wtwdis": 1607.0, "catdis": 1, "OBJNAM": null, "INFORM": null, "SCAMIN": 8000 }, "geometry": { "type": "Point", "coordinates": [ 28.027326, 45.370633 ] } },
{ "type": "Feature", "properties": { "wtwdis": 1597.0, "catdis": 1, "OBJNAM": null, "INFORM": null, "SCAMIN": 8000 }, "geometry": { "type": "Point", "coordinates": [ 28.026656, 45.379621 ] } },
{ "type": "Feature", "properties": { "wtwdis": 1588.0, "catdis": 1, "OBJNAM": null, "INFORM": null, "SCAMIN": 8000 }, "geometry": { "type": "Point", "coordinates": [ 28.026039, 45.38771 ] } },
{ "type": "Feature", "properties": { "wtwdis": 170.0, "catdis": 1, "OBJNAM": null, "INFORM": null, "SCAMIN": 8000 }, "geometry": { "type": "Point", "coordinates": [ 27.98564, 45.27685 ] } },
{ "type": "Feature", "properties": { "wtwdis": 177.0, "catdis": 1, "OBJNAM": null, "INFORM": null, "SCAMIN": 8000 }, "geometry": { "type": "Point", "coordinates": [ 27.956241, 45.221866 ] } },
{ "type": "Feature", "properties": { "wtwdis": 176.0, "catdis": 1, "OBJNAM": null, "INFORM": null, "SCAMIN": 8000 }, "geometry": { "type": "Point", "coordinates": [ 27.95489, 45.2286 ] } },
{ "type": "Feature", "properties": { "wtwdis": 175.0, "catdis": 1, "OBJNAM": null, "INFORM": null, "SCAMIN": 8000 }, "geometry": { "type": "Point", "coordinates": [ 27.959691, 45.236897 ] } },
{ "type": "Feature", "properties": { "wtwdis": 1758.0, "catdis": 1, "OBJNAM": null, "INFORM": null, "SCAMIN": 8000 }, "geometry": { "type": "Point", "coordinates": [ 27.965869, 45.243869 ] } },
{ "type": "Feature", "properties": { "wtwdis": 1748.0, "catdis": 1, "OBJNAM": null, "INFORM": null, "SCAMIN": 8000 }, "geometry": { "type": "Point", "coordinates": [ 27.969382, 45.252519 ] } },
{ "type": "Feature", "properties": { "wtwdis": 1737.0, "catdis": 1, "OBJNAM": null, "INFORM": null, "SCAMIN": 8000 }, "geometry": { "type": "Point", "coordinates": [ 27.974223, 45.261755 ] } },
{ "type": "Feature", "properties": { "wtwdis": 1727.0, "catdis": 1, "OBJNAM": null, "INFORM": null, "SCAMIN": 8000 }, "geometry": { "type": "Point", "coordinates": [ 27.982505, 45.26856 ] } },
{ "type": "Feature", "properties": { "wtwdis": 1717.0, "catdis": 1, "OBJNAM": null, "INFORM": null, "SCAMIN": 8000 }, "geometry": { "type": "Point", "coordinates": [ 27.987778, 45.276744 ] } },
{ "type": "Feature", "properties": { "wtwdis": 1707.0, "catdis": 1, "OBJNAM": null, "INFORM": null, "SCAMIN": 8000 }, "geometry": { "type": "Point", "coordinates": [ 27.992043, 45.285221 ] } },
{ "type": "Feature", "properties": { "wtwdis": 1697.0, "catdis": 1, "OBJNAM": null, "INFORM": null, "SCAMIN": 8000 }, "geometry": { "type": "Point", "coordinates": [ 27.995398, 45.293906 ] } },
{ "type": "Feature", "properties": { "wtwdis": 1686.0, "catdis": 1, "OBJNAM": null, "INFORM": null, "SCAMIN": 8000 }, "geometry": { "type": "Point", "coordinates": [ 27.998032, 45.303646 ] } },
{ "type": "Feature", "properties": { "wtwdis": 1.0, "catdis": 1, "OBJNAM": null, "INFORM": null, "SCAMIN": 8000 }, "geometry": { "type": "Point", "coordinates": [ 27.951738, 45.139502 ] } },
{ "type": "Feature", "properties": { "wtwdis": 2.0, "catdis": 1, "OBJNAM": null, "INFORM": null, "SCAMIN": 8000 }, "geometry": { "type": "Point", "coordinates": [ 27.946063, 45.132393 ] } },
{ "type": "Feature", "properties": { "wtwdis": 178.0, "catdis": 3, "OBJNAM": null, "INFORM": null, "SCAMIN": 8000 }, "geometry": { "type": "Point", "coordinates": [ 27.964846, 45.21283 ] } },
{ "type": "Feature", "properties": { "wtwdis": 1.0, "catdis": 1, "OBJNAM": null, "INFORM": null, "SCAMIN": 8000 }, "geometry": { "type": "Point", "coordinates": [ 27.953537, 45.139042 ] } },
{ "type": "Feature", "properties": { "wtwdis": 2.0, "catdis": 1, "OBJNAM": null, "INFORM": null, "SCAMIN": 8000 }, "geometry": { "type": "Point", "coordinates": [ 27.947388, 45.131546 ] } },
{ "type": "Feature", "properties": { "wtwdis": 178.0, "catdis": 1, "OBJNAM": null, "INFORM": null, "SCAMIN": 8000 }, "geometry": { "type": "Point", "coordinates": [ 27.960865, 45.212342 ] } },
{ "type": "Feature", "properties": { "wtwdis": 186.0, "catdis": 1, "OBJNAM": null, "INFORM": null, "SCAMIN": 8000 }, "geometry": { "type": "Point", "coordinates": [ 27.959077, 45.147784 ] } },
{ "type": "Feature", "properties": { "wtwdis": 188.0, "catdis": 3, "OBJNAM": null, "INFORM": null, "SCAMIN": 8000 }, "geometry": { "type": "Point", "coordinates": [ 27.967408, 45.130579 ] } },
{ "type": "Feature", "properties": { "wtwdis": 188.0, "catdis": 1, "OBJNAM": null, "INFORM": null, "SCAMIN": 8000 }, "geometry": { "type": "Point", "coordinates": [ 27.965747, 45.130828 ] } },
{ "type": "Feature", "properties": { "wtwdis": 187.0, "catdis": 1, "OBJNAM": null, "INFORM": null, "SCAMIN": 8000 }, "geometry": { "type": "Point", "coordinates": [ 27.966242, 45.139946 ] } },
{ "type": "Feature", "properties": { "wtwdis": 186.0, "catdis": 1, "OBJNAM": null, "INFORM": null, "SCAMIN": 8000 }, "geometry": { "type": "Point", "coordinates": [ 27.960346, 45.147834 ] } },
{ "type": "Feature", "properties": { "wtwdis": 185.0, "catdis": 1, "OBJNAM": null, "INFORM": null, "SCAMIN": 8000 }, "geometry": { "type": "Point", "coordinates": [ 27.953068, 45.153721 ] } },
{ "type": "Feature", "properties": { "wtwdis": 184.0, "catdis": 1, "OBJNAM": null, "INFORM": null, "SCAMIN": 8000 }, "geometry": { "type": "Point", "coordinates": [ 27.946933, 45.160863 ] } },
{ "type": "Feature", "properties": { "wtwdis": 183.0, "catdis": 1, "OBJNAM": null, "INFORM": null, "SCAMIN": 8000 }, "geometry": { "type": "Point", "coordinates": [ 27.943032, 45.171235 ] } },
{ "type": "Feature", "properties": { "wtwdis": 182.0, "catdis": 1, "OBJNAM": null, "INFORM": null, "SCAMIN": 8000 }, "geometry": { "type": "Point", "coordinates": [ 27.942816, 45.181673 ] } },
{ "type": "Feature", "properties": { "wtwdis": 181.0, "catdis": 1, "OBJNAM": null, "INFORM": null, "SCAMIN": 8000 }, "geometry": { "type": "Point", "coordinates": [ 27.94484, 45.188449 ] } },
{ "type": "Feature", "properties": { "wtwdis": 180.0, "catdis": 1, "OBJNAM": null, "INFORM": null, "SCAMIN": 8000 }, "geometry": { "type": "Point", "coordinates": [ 27.950305, 45.198323 ] } },
{ "type": "Feature", "properties": { "wtwdis": 179.0, "catdis": 1, "OBJNAM": null, "INFORM": null, "SCAMIN": 8000 }, "geometry": { "type": "Point", "coordinates": [ 27.958446, 45.204303 ] } },
{ "type": "Feature", "properties": { "wtwdis": 178.0, "catdis": 1, "OBJNAM": null, "INFORM": null, "SCAMIN": 8000 }, "geometry": { "type": "Point", "coordinates": [ 27.962977, 45.212678 ] } },
{ "type": "Feature", "properties": { "wtwdis": 3.0, "catdis": 1, "OBJNAM": null, "INFORM": null, "SCAMIN": 8000 }, "geometry": { "type": "Point", "coordinates": [ 27.940372, 45.125146 ] } },
{ "type": "Feature", "properties": { "wtwdis": 7.0, "catdis": 1, "OBJNAM": null, "INFORM": null, "SCAMIN": 8000 }, "geometry": { "type": "Point", "coordinates": [ 27.915477, 45.099471 ] } },
{ "type": "Feature", "properties": { "wtwdis": 8.0, "catdis": 1, "OBJNAM": null, "INFORM": null, "SCAMIN": 8000 }, "geometry": { "type": "Point", "coordinates": [ 27.906534, 45.09126 ] } },
{ "type": "Feature", "properties": { "wtwdis": 6.0, "catdis": 1, "OBJNAM": null, "INFORM": null, "SCAMIN": 8000 }, "geometry": { "type": "Point", "coordinates": [ 27.925486, 45.103944 ] } },
{ "type": "Feature", "properties": { "wtwdis": 5.0, "catdis": 1, "OBJNAM": null, "INFORM": null, "SCAMIN": 8000 }, "geometry": { "type": "Point", "coordinates": [ 27.936256, 45.106772 ] } },
{ "type": "Feature", "properties": { "wtwdis": 9.0, "catdis": 1, "OBJNAM": null, "INFORM": null, "SCAMIN": 8000 }, "geometry": { "type": "Point", "coordinates": [ 27.901532, 45.080482 ] } },
{ "type": "Feature", "properties": { "wtwdis": 197.0, "catdis": 3, "OBJNAM": null, "INFORM": null, "SCAMIN": 8000 }, "geometry": { "type": "Point", "coordinates": [ 27.908158, 45.061228 ] } },
{ "type": "Feature", "properties": { "wtwdis": 4.0, "catdis": 1, "OBJNAM": null, "INFORM": null, "SCAMIN": 8000 }, "geometry": { "type": "Point", "coordinates": [ 27.940668, 45.117538 ] } },
{ "type": "Feature", "properties": { "wtwdis": 199.0, "catdis": 1, "OBJNAM": null, "INFORM": null, "SCAMIN": 8000 }, "geometry": { "type": "Point", "coordinates": [ 27.901728, 45.042064 ] } },
{ "type": "Feature", "properties": { "wtwdis": 198.0, "catdis": 1, "OBJNAM": null, "INFORM": null, "SCAMIN": 8000 }, "geometry": { "type": "Point", "coordinates": [ 27.901263, 45.051835 ] } },
{ "type": "Feature", "properties": { "wtwdis": 10.0, "catdis": 1, "OBJNAM": null, "INFORM": null, "SCAMIN": 8000 }, "geometry": { "type": "Point", "coordinates": [ 27.903763, 45.070142 ] } },
{ "type": "Feature", "properties": { "wtwdis": 9.0, "catdis": 1, "OBJNAM": null, "INFORM": null, "SCAMIN": 8000 }, "geometry": { "type": "Point", "coordinates": [ 27.903538, 45.080198 ] } },
{ "type": "Feature", "properties": { "wtwdis": 8.0, "catdis": 1, "OBJNAM": null, "INFORM": null, "SCAMIN": 8000 }, "geometry": { "type": "Point", "coordinates": [ 27.908066, 45.090602 ] } },
{ "type": "Feature", "properties": { "wtwdis": 7.0, "catdis": 1, "OBJNAM": null, "INFORM": null, "SCAMIN": 8000 }, "geometry": { "type": "Point", "coordinates": [ 27.916612, 45.098541 ] } },
{ "type": "Feature", "properties": { "wtwdis": 6.0, "catdis": 1, "OBJNAM": null, "INFORM": null, "SCAMIN": 8000 }, "geometry": { "type": "Point", "coordinates": [ 27.926185, 45.102978 ] } },
{ "type": "Feature", "properties": { "wtwdis": 5.0, "catdis": 1, "OBJNAM": null, "INFORM": null, "SCAMIN": 8000 }, "geometry": { "type": "Point", "coordinates": [ 27.935434, 45.107187 ] } },
{ "type": "Feature", "properties": { "wtwdis": 4.0, "catdis": 1, "OBJNAM": null, "INFORM": null, "SCAMIN": 8000 }, "geometry": { "type": "Point", "coordinates": [ 27.939574, 45.117685 ] } },
{ "type": "Feature", "properties": { "wtwdis": 3.0, "catdis": 1, "OBJNAM": null, "INFORM": null, "SCAMIN": 8000 }, "geometry": { "type": "Point", "coordinates": [ 27.942399, 45.124902 ] } },
{ "type": "Feature", "properties": { "wtwdis": 189.0, "catdis": 3, "OBJNAM": null, "INFORM": null, "SCAMIN": 8000 }, "geometry": { "type": "Point", "coordinates": [ 27.962788, 45.121544 ] } },
{ "type": "Feature", "properties": { "wtwdis": 189.0, "catdis": 1, "OBJNAM": null, "INFORM": null, "SCAMIN": 8000 }, "geometry": { "type": "Point", "coordinates": [ 27.960132, 45.120367 ] } },
{ "type": "Feature", "properties": { "wtwdis": 190.0, "catdis": 3, "OBJNAM": null, "INFORM": null, "SCAMIN": 8000 }, "geometry": { "type": "Point", "coordinates": [ 27.956902, 45.113471 ] } },
{ "type": "Feature", "properties": { "wtwdis": 190.0, "catdis": 1, "OBJNAM": null, "INFORM": null, "SCAMIN": 8000 }, "geometry": { "type": "Point", "coordinates": [ 27.955008, 45.111783 ] } },
{ "type": "Feature", "properties": { "wtwdis": 191.0, "catdis": 3, "OBJNAM": null, "INFORM": null, "SCAMIN": 8000 }, "geometry": { "type": "Point", "coordinates": [ 27.952715, 45.106007 ] } },
{ "type": "Feature", "properties": { "wtwdis": 191.0, "catdis": 1, "OBJNAM": null, "INFORM": null, "SCAMIN": 8000 }, "geometry": { "type": "Point", "coordinates": [ 27.951205, 45.10625 ] } },
{ "type": "Feature", "properties": { "wtwdis": 192.0, "catdis": 3, "OBJNAM": null, "INFORM": null, "SCAMIN": 8000 }, "geometry": { "type": "Point", "coordinates": [ 27.943932, 45.098172 ] } },
{ "type": "Feature", "properties": { "wtwdis": 192.0, "catdis": 1, "OBJNAM": null, "INFORM": null, "SCAMIN": 8000 }, "geometry": { "type": "Point", "coordinates": [ 27.9422, 45.099019 ] } },
{ "type": "Feature", "properties": { "wtwdis": 193.0, "catdis": 3, "OBJNAM": null, "INFORM": null, "SCAMIN": 8000 }, "geometry": { "type": "Point", "coordinates": [ 27.935821, 45.091159 ] } },
{ "type": "Feature", "properties": { "wtwdis": 193.0, "catdis": 1, "OBJNAM": null, "INFORM": null, "SCAMIN": 8000 }, "geometry": { "type": "Point", "coordinates": [ 27.934156, 45.092065 ] } },
{ "type": "Feature", "properties": { "wtwdis": 194.0, "catdis": 1, "OBJNAM": null, "INFORM": null, "SCAMIN": 8000 }, "geometry": { "type": "Point", "coordinates": [ 27.926457, 45.084682 ] } },
{ "type": "Feature", "properties": { "wtwdis": 195.0, "catdis": 1, "OBJNAM": null, "INFORM": null, "SCAMIN": 8000 }, "geometry": { "type": "Point", "coordinates": [ 27.918813, 45.075898 ] } },
{ "type": "Feature", "properties": { "wtwdis": 196.0, "catdis": 1, "OBJNAM": null, "INFORM": null, "SCAMIN": 8000 }, "geometry": { "type": "Point", "coordinates": [ 27.912637, 45.06924 ] } },
{ "type": "Feature", "properties": { "wtwdis": 197.0, "catdis": 1, "OBJNAM": null, "INFORM": null, "SCAMIN": 8000 }, "geometry": { "type": "Point", "coordinates": [ 27.905841, 45.061019 ] } },
{ "type": "Feature", "properties": { "wtwdis": 202.0, "catdis": 3, "OBJNAM": null, "INFORM": null, "SCAMIN": 8000 }, "geometry": { "type": "Point", "coordinates": [ 27.887175, 45.016829 ] } },
{ "type": "Feature", "properties": { "wtwdis": 210.0, "catdis": 1, "OBJNAM": null, "INFORM": null, "SCAMIN": 8000 }, "geometry": { "type": "Point", "coordinates": [ 27.905771, 44.956148 ] } },
{ "type": "Feature", "properties": { "wtwdis": 209.0, "catdis": 1, "OBJNAM": null, "INFORM": null, "SCAMIN": 8000 }, "geometry": { "type": "Point", "coordinates": [ 27.902067, 44.964953 ] } },
{ "type": "Feature", "properties": { "wtwdis": 208.0, "catdis": 1, "OBJNAM": null, "INFORM": null, "SCAMIN": 8000 }, "geometry": { "type": "Point", "coordinates": [ 27.901941, 44.974033 ] } },
{ "type": "Feature", "properties": { "wtwdis": 207.0, "catdis": 1, "OBJNAM": null, "INFORM": null, "SCAMIN": 8000 }, "geometry": { "type": "Point", "coordinates": [ 27.90375, 44.982085 ] } },
{ "type": "Feature", "properties": { "wtwdis": 206.0, "catdis": 1, "OBJNAM": null, "INFORM": null, "SCAMIN": 8000 }, "geometry": { "type": "Point", "coordinates": [ 27.904044, 44.993366 ] } },
{ "type": "Feature", "properties": { "wtwdis": 205.0, "catdis": 1, "OBJNAM": null, "INFORM": null, "SCAMIN": 8000 }, "geometry": { "type": "Point", "coordinates": [ 27.896224, 44.998662 ] } },
{ "type": "Feature", "properties": { "wtwdis": 204.0, "catdis": 1, "OBJNAM": null, "INFORM": null, "SCAMIN": 8000 }, "geometry": { "type": "Point", "coordinates": [ 27.885576, 45.00399 ] } },
{ "type": "Feature", "properties": { "wtwdis": 203.0, "catdis": 1, "OBJNAM": null, "INFORM": null, "SCAMIN": 8000 }, "geometry": { "type": "Point", "coordinates": [ 27.880987, 45.011471 ] } },
{ "type": "Feature", "properties": { "wtwdis": 202.0, "catdis": 1, "OBJNAM": null, "INFORM": null, "SCAMIN": 8000 }, "geometry": { "type": "Point", "coordinates": [ 27.88593, 45.018078 ] } },
{ "type": "Feature", "properties": { "wtwdis": 201.0, "catdis": 1, "OBJNAM": null, "INFORM": null, "SCAMIN": 8000 }, "geometry": { "type": "Point", "coordinates": [ 27.896875, 45.023178 ] } },
{ "type": "Feature", "properties": { "wtwdis": 200.0, "catdis": 1, "OBJNAM": null, "INFORM": null, "SCAMIN": 8000 }, "geometry": { "type": "Point", "coordinates": [ 27.904125, 45.034675 ] } },
{ "type": "Feature", "properties": { "wtwdis": 209.0, "catdis": 1, "OBJNAM": null, "INFORM": null, "SCAMIN": 8000 }, "geometry": { "type": "Point", "coordinates": [ 27.904244, 44.964582 ] } },
{ "type": "Feature", "properties": { "wtwdis": 213.0, "catdis": 3, "OBJNAM": null, "INFORM": null, "SCAMIN": 8000 }, "geometry": { "type": "Point", "coordinates": [ 27.904738, 44.930797 ] } },
{ "type": "Feature", "properties": { "wtwdis": 218.0, "catdis": 1, "OBJNAM": null, "INFORM": null, "SCAMIN": 8000 }, "geometry": { "type": "Point", "coordinates": [ 27.87702, 44.887887 ] } },
{ "type": "Feature", "properties": { "wtwdis": 217.0, "catdis": 1, "OBJNAM": null, "INFORM": null, "SCAMIN": 8000 }, "geometry": { "type": "Point", "coordinates": [ 27.882814, 44.894991 ] } },
{ "type": "Feature", "properties": { "wtwdis": 216.0, "catdis": 1, "OBJNAM": null, "INFORM": null, "SCAMIN": 8000 }, "geometry": { "type": "Point", "coordinates": [ 27.887986, 44.903807 ] } },
{ "type": "Feature", "properties": { "wtwdis": 215.0, "catdis": 1, "OBJNAM": null, "INFORM": null, "SCAMIN": 8000 }, "geometry": { "type": "Point", "coordinates": [ 27.896432, 44.912406 ] } },
{ "type": "Feature", "properties": { "wtwdis": 214.0, "catdis": 1, "OBJNAM": null, "INFORM": null, "SCAMIN": 8000 }, "geometry": { "type": "Point", "coordinates": [ 27.899793, 44.921781 ] } },
{ "type": "Feature", "properties": { "wtwdis": 213.0, "catdis": 1, "OBJNAM": null, "INFORM": null, "SCAMIN": 8000 }, "geometry": { "type": "Point", "coordinates": [ 27.902847, 44.93121 ] } },
{ "type": "Feature", "properties": { "wtwdis": 212.0, "catdis": 1, "OBJNAM": null, "INFORM": null, "SCAMIN": 8000 }, "geometry": { "type": "Point", "coordinates": [ 27.905711, 44.938371 ] } },
{ "type": "Feature", "properties": { "wtwdis": 211.0, "catdis": 1, "OBJNAM": null, "INFORM": null, "SCAMIN": 8000 }, "geometry": { "type": "Point", "coordinates": [ 27.907961, 44.946216 ] } },
{ "type": "Feature", "properties": { "wtwdis": 224.0, "catdis": 1, "OBJNAM": null, "INFORM": null, "SCAMIN": 8000 }, "geometry": { "type": "Point", "coordinates": [ 27.841971, 44.853199 ] } },
{ "type": "Feature", "properties": { "wtwdis": 225.0, "catdis": 1, "OBJNAM": null, "INFORM": null, "SCAMIN": 8000 }, "geometry": { "type": "Point", "coordinates": [ 27.837344, 44.844245 ] } },
{ "type": "Feature", "properties": { "wtwdis": 227.0, "catdis": 1, "OBJNAM": null, "INFORM": null, "SCAMIN": 8000 }, "geometry": { "type": "Point", "coordinates": [ 27.82971, 44.829458 ] } },
{ "type": "Feature", "properties": { "wtwdis": 226.0, "catdis": 1, "OBJNAM": null, "INFORM": null, "SCAMIN": 8000 }, "geometry": { "type": "Point", "coordinates": [ 27.833437, 44.835002 ] } },
{ "type": "Feature", "properties": { "wtwdis": 225.0, "catdis": 1, "OBJNAM": null, "INFORM": null, "SCAMIN": 8000 }, "geometry": { "type": "Point", "coordinates": [ 27.835675, 44.844543 ] } },
{ "type": "Feature", "properties": { "wtwdis": 224.0, "catdis": 1, "OBJNAM": null, "INFORM": null, "SCAMIN": 8000 }, "geometry": { "type": "Point", "coordinates": [ 27.840624, 44.853186 ] } },
{ "type": "Feature", "properties": { "wtwdis": 223.0, "catdis": 1, "OBJNAM": null, "INFORM": null, "SCAMIN": 8000 }, "geometry": { "type": "Point", "coordinates": [ 27.838542, 44.862193 ] } },
{ "type": "Feature", "properties": { "wtwdis": 222.0, "catdis": 1, "OBJNAM": null, "INFORM": null, "SCAMIN": 8000 }, "geometry": { "type": "Point", "coordinates": [ 27.838181, 44.870201 ] } },
{ "type": "Feature", "properties": { "wtwdis": 221.0, "catdis": 1, "OBJNAM": null, "INFORM": null, "SCAMIN": 8000 }, "geometry": { "type": "Point", "coordinates": [ 27.84342, 44.876409 ] } },
{ "type": "Feature", "properties": { "wtwdis": 220.0, "catdis": 1, "OBJNAM": null, "INFORM": null, "SCAMIN": 8000 }, "geometry": { "type": "Point", "coordinates": [ 27.853824, 44.880588 ] } },
{ "type": "Feature", "properties": { "wtwdis": 219.0, "catdis": 1, "OBJNAM": null, "INFORM": null, "SCAMIN": 8000 }, "geometry": { "type": "Point", "coordinates": [ 27.865191, 44.883034 ] } },
{ "type": "Feature", "properties": { "wtwdis": 230.0, "catdis": 3, "OBJNAM": null, "INFORM": null, "SCAMIN": 8000 }, "geometry": { "type": "Point", "coordinates": [ 27.821406, 44.804707 ] } },
{ "type": "Feature", "properties": { "wtwdis": 235.0, "catdis": 3, "OBJNAM": null, "INFORM": null, "SCAMIN": 8000 }, "geometry": { "type": "Point", "coordinates": [ 27.850204, 44.775359 ] } },
{ "type": "Feature", "properties": { "wtwdis": 230.0, "catdis": 1, "OBJNAM": null, "INFORM": null, "SCAMIN": 8000 }, "geometry": { "type": "Point", "coordinates": [ 27.825612, 44.804172 ] } },
{ "type": "Feature", "properties": { "wtwdis": 236.0, "catdis": 1, "OBJNAM": null, "INFORM": null, "SCAMIN": 8000 }, "geometry": { "type": "Point", "coordinates": [ 27.872628, 44.777404 ] } },
{ "type": "Feature", "properties": { "wtwdis": 235.0, "catdis": 1, "OBJNAM": null, "INFORM": null, "SCAMIN": 8000 }, "geometry": { "type": "Point", "coordinates": [ 27.852327, 44.776397 ] } },
{ "type": "Feature", "properties": { "wtwdis": 234.0, "catdis": 1, "OBJNAM": null, "INFORM": null, "SCAMIN": 8000 }, "geometry": { "type": "Point", "coordinates": [ 27.839441, 44.777532 ] } },
{ "type": "Feature", "properties": { "wtwdis": 233.0, "catdis": 1, "OBJNAM": null, "INFORM": null, "SCAMIN": 8000 }, "geometry": { "type": "Point", "coordinates": [ 27.828958, 44.779843 ] } },
{ "type": "Feature", "properties": { "wtwdis": 232.0, "catdis": 1, "OBJNAM": null, "INFORM": null, "SCAMIN": 8000 }, "geometry": { "type": "Point", "coordinates": [ 27.822821, 44.787303 ] } },
{ "type": "Feature", "properties": { "wtwdis": 231.0, "catdis": 1, "OBJNAM": null, "INFORM": null, "SCAMIN": 8000 }, "geometry": { "type": "Point", "coordinates": [ 27.820782, 44.794127 ] } },
{ "type": "Feature", "properties": { "wtwdis": 230.0, "catdis": 1, "OBJNAM": null, "INFORM": null, "SCAMIN": 8000 }, "geometry": { "type": "Point", "coordinates": [ 27.823674, 44.804493 ] } },
{ "type": "Feature", "properties": { "wtwdis": 229.0, "catdis": 1, "OBJNAM": null, "INFORM": null, "SCAMIN": 8000 }, "geometry": { "type": "Point", "coordinates": [ 27.826556, 44.811829 ] } },
{ "type": "Feature", "properties": { "wtwdis": 228.0, "catdis": 1, "OBJNAM": null, "INFORM": null, "SCAMIN": 8000 }, "geometry": { "type": "Point", "coordinates": [ 27.827127, 44.822124 ] } },
{ "type": "Feature", "properties": { "wtwdis": 238.0, "catdis": 3, "OBJNAM": null, "INFORM": null, "SCAMIN": 22000 }, "geometry": { "type": "Point", "coordinates": [ 27.872906, 44.753048 ] } },
{ "type": "Feature", "properties": { "wtwdis": 243.0, "catdis": 3, "OBJNAM": null, "INFORM": null, "SCAMIN": 22000 }, "geometry": { "type": "Point", "coordinates": [ 27.868807, 44.718428 ] } },
{ "type": "Feature", "properties": { "wtwdis": 243.0, "catdis": 1, "OBJNAM": null, "INFORM": null, "SCAMIN": 12000 }, "geometry": { "type": "Point", "coordinates": [ 27.871068, 44.718352 ] } },
{ "type": "Feature", "properties": { "wtwdis": 242.0, "catdis": 1, "OBJNAM": null, "INFORM": null, "SCAMIN": 12000 }, "geometry": { "type": "Point", "coordinates": [ 27.870429, 44.72362 ] } },
{ "type": "Feature", "properties": { "wtwdis": 241.0, "catdis": 1, "OBJNAM": null, "INFORM": null, "SCAMIN": 12000 }, "geometry": { "type": "Point", "coordinates": [ 27.870658, 44.729907 ] } },
{ "type": "Feature", "properties": { "wtwdis": 237.0, "catdis": 1, "OBJNAM": null, "INFORM": null, "SCAMIN": 12000 }, "geometry": { "type": "Point", "coordinates": [ 27.880741, 44.763071 ] } },
{ "type": "Feature", "properties": { "wtwdis": 240.0, "catdis": 1, "OBJNAM": null, "INFORM": null, "SCAMIN": 12000 }, "geometry": { "type": "Point", "coordinates": [ 27.872054, 44.737035 ] } },
{ "type": "Feature", "properties": { "wtwdis": 242.0, "catdis": 3, "OBJNAM": null, "INFORM": null, "SCAMIN": 22000 }, "geometry": { "type": "Point", "coordinates": [ 27.868508, 44.723685 ] } },
{ "type": "Feature", "properties": { "wtwdis": 244.0, "catdis": 3, "OBJNAM": null, "INFORM": null, "SCAMIN": 8000 }, "geometry": { "type": "Point", "coordinates": [ 27.872217, 44.712252 ] } },
{ "type": "Feature", "properties": { "wtwdis": 254.0, "catdis": 3, "OBJNAM": null, "INFORM": null, "SCAMIN": 8000 }, "geometry": { "type": "Point", "coordinates": [ 27.969773, 44.676427 ] } },
{ "type": "Feature", "properties": { "wtwdis": 247.0, "catdis": 3, "OBJNAM": null, "INFORM": null, "SCAMIN": 8000 }, "geometry": { "type": "Point", "coordinates": [ 27.895166, 44.703564 ] } },
{ "type": "Feature", "properties": { "wtwdis": 249.0, "catdis": 3, "OBJNAM": null, "INFORM": null, "SCAMIN": 8000 }, "geometry": { "type": "Point", "coordinates": [ 27.910721, 44.691662 ] } },
{ "type": "Feature", "properties": { "wtwdis": 254.0, "catdis": 1, "OBJNAM": null, "INFORM": null, "SCAMIN": 8000 }, "geometry": { "type": "Point", "coordinates": [ 27.971631, 44.678221 ] } },
{ "type": "Feature", "properties": { "wtwdis": 253.0, "catdis": 1, "OBJNAM": null, "INFORM": null, "SCAMIN": 8000 }, "geometry": { "type": "Point", "coordinates": [ 27.950805, 44.680508 ] } },
{ "type": "Feature", "properties": { "wtwdis": 252.0, "catdis": 1, "OBJNAM": null, "INFORM": null, "SCAMIN": 8000 }, "geometry": { "type": "Point", "coordinates": [ 27.940665, 44.680047 ] } },
{ "type": "Feature", "properties": { "wtwdis": 249.0, "catdis": 1, "OBJNAM": null, "INFORM": null, "SCAMIN": 8000 }, "geometry": { "type": "Point", "coordinates": [ 27.913814, 44.693318 ] } },
{ "type": "Feature", "properties": { "wtwdis": 244.0, "catdis": 1, "OBJNAM": null, "INFORM": null, "SCAMIN": 8000 }, "geometry": { "type": "Point", "coordinates": [ 27.874218, 44.712317 ] } },
{ "type": "Feature", "properties": { "wtwdis": 245.0, "catdis": 1, "OBJNAM": null, "INFORM": null, "SCAMIN": 8000 }, "geometry": { "type": "Point", "coordinates": [ 27.878821, 44.70886 ] } },
{ "type": "Feature", "properties": { "wtwdis": 246.0, "catdis": 1, "OBJNAM": null, "INFORM": null, "SCAMIN": 8000 }, "geometry": { "type": "Point", "coordinates": [ 27.885981, 44.705531 ] } },
{ "type": "Feature", "properties": { "wtwdis": 247.0, "catdis": 1, "OBJNAM": null, "INFORM": null, "SCAMIN": 8000 }, "geometry": { "type": "Point", "coordinates": [ 27.893945, 44.702458 ] } },
{ "type": "Feature", "properties": { "wtwdis": 248.0, "catdis": 1, "OBJNAM": null, "INFORM": null, "SCAMIN": 8000 }, "geometry": { "type": "Point", "coordinates": [ 27.903333, 44.698802 ] } },
{ "type": "Feature", "properties": { "wtwdis": 249.0, "catdis": 1, "OBJNAM": null, "INFORM": null, "SCAMIN": 8000 }, "geometry": { "type": "Point", "coordinates": [ 27.912246, 44.692539 ] } },
{ "type": "Feature", "properties": { "wtwdis": 250.0, "catdis": 1, "OBJNAM": null, "INFORM": null, "SCAMIN": 8000 }, "geometry": { "type": "Point", "coordinates": [ 27.919777, 44.685767 ] } },
{ "type": "Feature", "properties": { "wtwdis": 251.0, "catdis": 1, "OBJNAM": null, "INFORM": null, "SCAMIN": 8000 }, "geometry": { "type": "Point", "coordinates": [ 27.932154, 44.680433 ] } },
{ "type": "Feature", "properties": { "wtwdis": 252.0, "catdis": 1, "OBJNAM": null, "INFORM": null, "SCAMIN": 8000 }, "geometry": { "type": "Point", "coordinates": [ 27.940548, 44.678887 ] } },
{ "type": "Feature", "properties": { "wtwdis": 253.0, "catdis": 1, "OBJNAM": null, "INFORM": null, "SCAMIN": 8000 }, "geometry": { "type": "Point", "coordinates": [ 27.951344, 44.679075 ] } },
{ "type": "Feature", "properties": { "wtwdis": 254.0, "catdis": 1, "OBJNAM": null, "INFORM": null, "SCAMIN": 8000 }, "geometry": { "type": "Point", "coordinates": [ 27.970847, 44.677708 ] } },
{ "type": "Feature", "properties": { "wtwdis": 1.0, "catdis": 1, "OBJNAM": null, "INFORM": null, "SCAMIN": 8000 }, "geometry": { "type": "Point", "coordinates": [ 27.894585, 44.663375 ] } },
{ "type": "Feature", "properties": { "wtwdis": 243.0, "catdis": 1, "OBJNAM": null, "INFORM": null, "SCAMIN": 8000 }, "geometry": { "type": "Point", "coordinates": [ 27.856115, 44.707235 ] } },
{ "type": "Feature", "properties": { "wtwdis": 256.0, "catdis": 3, "OBJNAM": null, "INFORM": null, "SCAMIN": 8000 }, "geometry": { "type": "Point", "coordinates": [ 27.985883, 44.664462 ] } },
{ "type": "Feature", "properties": { "wtwdis": 257.0, "catdis": 3, "OBJNAM": null, "INFORM": null, "SCAMIN": 8000 }, "geometry": { "type": "Point", "coordinates": [ 27.994221, 44.658533 ] } },
{ "type": "Feature", "properties": { "wtwdis": 260.0, "catdis": 3, "OBJNAM": null, "INFORM": null, "SCAMIN": 8000 }, "geometry": { "type": "Point", "coordinates": [ 28.022725, 44.643692 ] } },
{ "type": "Feature", "properties": { "wtwdis": 259.0, "catdis": 3, "OBJNAM": null, "INFORM": null, "SCAMIN": 8000 }, "geometry": { "type": "Point", "coordinates": [ 28.017881, 44.64989 ] } },
{ "type": "Feature", "properties": { "wtwdis": 261.0, "catdis": 1, "OBJNAM": null, "INFORM": null, "SCAMIN": 8000 }, "geometry": { "type": "Point", "coordinates": [ 28.027463, 44.63197 ] } },
{ "type": "Feature", "properties": { "wtwdis": 265.0, "catdis": 3, "OBJNAM": null, "INFORM": null, "SCAMIN": 8000 }, "geometry": { "type": "Point", "coordinates": [ 28.020618, 44.596176 ] } },
{ "type": "Feature", "properties": { "wtwdis": 255.0, "catdis": 1, "OBJNAM": null, "INFORM": null, "SCAMIN": 8000 }, "geometry": { "type": "Point", "coordinates": [ 27.981665, 44.670042 ] } },
{ "type": "Feature", "properties": { "wtwdis": 256.0, "catdis": 1, "OBJNAM": null, "INFORM": null, "SCAMIN": 8000 }, "geometry": { "type": "Point", "coordinates": [ 27.98762, 44.665266 ] } },
{ "type": "Feature", "properties": { "wtwdis": 257.0, "catdis": 1, "OBJNAM": null, "INFORM": null, "SCAMIN": 8000 }, "geometry": { "type": "Point", "coordinates": [ 27.996248, 44.658943 ] } },
{ "type": "Feature", "properties": { "wtwdis": 258.0, "catdis": 1, "OBJNAM": null, "INFORM": null, "SCAMIN": 8000 }, "geometry": { "type": "Point", "coordinates": [ 28.004047, 44.655246 ] } },
{ "type": "Feature", "properties": { "wtwdis": 259.0, "catdis": 1, "OBJNAM": null, "INFORM": null, "SCAMIN": 8000 }, "geometry": { "type": "Point", "coordinates": [ 28.016461, 44.649414 ] } },
{ "type": "Feature", "properties": { "wtwdis": 260.0, "catdis": 1, "OBJNAM": null, "INFORM": null, "SCAMIN": 8000 }, "geometry": { "type": "Point", "coordinates": [ 28.020632, 44.643584 ] } },
{ "type": "Feature", "properties": { "wtwdis": 261.0, "catdis": 1, "OBJNAM": null, "INFORM": null, "SCAMIN": 8000 }, "geometry": { "type": "Point", "coordinates": [ 28.026114, 44.631719 ] } },
{ "type": "Feature", "properties": { "wtwdis": 262.0, "catdis": 1, "OBJNAM": null, "INFORM": null, "SCAMIN": 8000 }, "geometry": { "type": "Point", "coordinates": [ 28.032144, 44.623797 ] } },
{ "type": "Feature", "properties": { "wtwdis": 263.0, "catdis": 1, "OBJNAM": null, "INFORM": null, "SCAMIN": 8000 }, "geometry": { "type": "Point", "coordinates": [ 28.036568, 44.611921 ] } },
{ "type": "Feature", "properties": { "wtwdis": 264.0, "catdis": 1, "OBJNAM": null, "INFORM": null, "SCAMIN": 8000 }, "geometry": { "type": "Point", "coordinates": [ 28.032074, 44.604895 ] } },
{ "type": "Feature", "properties": { "wtwdis": 265.0, "catdis": 1, "OBJNAM": null, "INFORM": null, "SCAMIN": 8000 }, "geometry": { "type": "Point", "coordinates": [ 28.022455, 44.596018 ] } },
{ "type": "Feature", "properties": { "wtwdis": 258.0, "catdis": 3, "OBJNAM": null, "INFORM": null, "SCAMIN": 8000 }, "geometry": { "type": "Point", "coordinates": [ 28.002988, 44.65445 ] } },
{ "type": "Feature", "properties": { "wtwdis": 258.0, "catdis": 1, "OBJNAM": null, "INFORM": null, "SCAMIN": 8000 }, "geometry": { "type": "Point", "coordinates": [ 28.004945, 44.655997 ] } },
{ "type": "Feature", "properties": { "wtwdis": 255.0, "catdis": 3, "OBJNAM": null, "INFORM": null, "SCAMIN": 8000 }, "geometry": { "type": "Point", "coordinates": [ 27.98003, 44.669006 ] } },
{ "type": "Feature", "properties": { "wtwdis": 275.0, "catdis": 3, "OBJNAM": null, "INFORM": null, "SCAMIN": 8000 }, "geometry": { "type": "Point", "coordinates": [ 28.052274, 44.516695 ] } },
{ "type": "Feature", "properties": { "wtwdis": 267.0, "catdis": 3, "OBJNAM": null, "INFORM": null, "SCAMIN": 8000 }, "geometry": { "type": "Point", "coordinates": [ 28.011119, 44.582029 ] } },
{ "type": "Feature", "properties": { "wtwdis": 277.0, "catdis": 1, "OBJNAM": null, "INFORM": null, "SCAMIN": 8000 }, "geometry": { "type": "Point", "coordinates": [ 28.063035, 44.503597 ] } },
{ "type": "Feature", "properties": { "wtwdis": 276.0, "catdis": 1, "OBJNAM": null, "INFORM": null, "SCAMIN": 8000 }, "geometry": { "type": "Point", "coordinates": [ 28.05633, 44.509244 ] } },
{ "type": "Feature", "properties": { "wtwdis": 275.0, "catdis": 1, "OBJNAM": null, "INFORM": null, "SCAMIN": 8000 }, "geometry": { "type": "Point", "coordinates": [ 28.050198, 44.516447 ] } },
{ "type": "Feature", "properties": { "wtwdis": 274.0, "catdis": 1, "OBJNAM": null, "INFORM": null, "SCAMIN": 8000 }, "geometry": { "type": "Point", "coordinates": [ 28.045517, 44.525041 ] } },
{ "type": "Feature", "properties": { "wtwdis": 273.0, "catdis": 1, "OBJNAM": null, "INFORM": null, "SCAMIN": 8000 }, "geometry": { "type": "Point", "coordinates": [ 28.042123, 44.533416 ] } },
{ "type": "Feature", "properties": { "wtwdis": 272.0, "catdis": 1, "OBJNAM": null, "INFORM": null, "SCAMIN": 8000 }, "geometry": { "type": "Point", "coordinates": [ 28.039389, 44.53979 ] } },
{ "type": "Feature", "properties": { "wtwdis": 271.0, "catdis": 1, "OBJNAM": null, "INFORM": null, "SCAMIN": 8000 }, "geometry": { "type": "Point", "coordinates": [ 28.031547, 44.552387 ] } },
{ "type": "Feature", "properties": { "wtwdis": 270.0, "catdis": 1, "OBJNAM": null, "INFORM": null, "SCAMIN": 8000 }, "geometry": { "type": "Point", "coordinates": [ 28.022996, 44.5592 ] } },
{ "type": "Feature", "properties": { "wtwdis": 269.0, "catdis": 1, "OBJNAM": null, "INFORM": null, "SCAMIN": 8000 }, "geometry": { "type": "Point", "coordinates": [ 28.016632, 44.565039 ] } },
{ "type": "Feature", "properties": { "wtwdis": 268.0, "catdis": 1, "OBJNAM": null, "INFORM": null, "SCAMIN": 8000 }, "geometry": { "type": "Point", "coordinates": [ 28.0109, 44.571273 ] } },
{ "type": "Feature", "properties": { "wtwdis": 267.0, "catdis": 1, "OBJNAM": null, "INFORM": null, "SCAMIN": 8000 }, "geometry": { "type": "Point", "coordinates": [ 28.012487, 44.581411 ] } },
{ "type": "Feature", "properties": { "wtwdis": 278.0, "catdis": 3, "OBJNAM": null, "INFORM": null, "SCAMIN": 8000 }, "geometry": { "type": "Point", "coordinates": [ 28.076331, 44.499528 ] } },
{ "type": "Feature", "properties": { "wtwdis": 281.0, "catdis": 3, "OBJNAM": null, "INFORM": null, "SCAMIN": 8000 }, "geometry": { "type": "Point", "coordinates": [ 28.090334, 44.475473 ] } },
{ "type": "Feature", "properties": { "wtwdis": 282.0, "catdis": 3, "OBJNAM": null, "INFORM": null, "SCAMIN": 8000 }, "geometry": { "type": "Point", "coordinates": [ 28.092615, 44.466261 ] } },
{ "type": "Feature", "properties": { "wtwdis": 283.0, "catdis": 3, "OBJNAM": null, "INFORM": null, "SCAMIN": 8000 }, "geometry": { "type": "Point", "coordinates": [ 28.093855, 44.460097 ] } },
{ "type": "Feature", "properties": { "wtwdis": 284.0, "catdis": 3, "OBJNAM": null, "INFORM": null, "SCAMIN": 8000 }, "geometry": { "type": "Point", "coordinates": [ 28.099835, 44.450449 ] } },
{ "type": "Feature", "properties": { "wtwdis": 284.0, "catdis": 1, "OBJNAM": null, "INFORM": null, "SCAMIN": 8000 }, "geometry": { "type": "Point", "coordinates": [ 28.102756, 44.451439 ] } },
{ "type": "Feature", "properties": { "wtwdis": 287.0, "catdis": 3, "OBJNAM": null, "INFORM": null, "SCAMIN": 8000 }, "geometry": { "type": "Point", "coordinates": [ 28.101263, 44.429586 ] } },
{ "type": "Feature", "properties": { "wtwdis": 286.0, "catdis": 3, "OBJNAM": null, "INFORM": null, "SCAMIN": 8000 }, "geometry": { "type": "Point", "coordinates": [ 28.111114, 44.433485 ] } },
{ "type": "Feature", "properties": { "wtwdis": 278.0, "catdis": 1, "OBJNAM": null, "INFORM": null, "SCAMIN": 8000 }, "geometry": { "type": "Point", "coordinates": [ 28.074723, 44.497257 ] } },
{ "type": "Feature", "properties": { "wtwdis": 278.0, "catdis": 1, "OBJNAM": null, "INFORM": null, "SCAMIN": 8000 }, "geometry": { "type": "Point", "coordinates": [ 28.075648, 44.498591 ] } },
{ "type": "Feature", "properties": { "wtwdis": 279.0, "catdis": 1, "OBJNAM": null, "INFORM": null, "SCAMIN": 8000 }, "geometry": { "type": "Point", "coordinates": [ 28.085534, 44.493038 ] } },
{ "type": "Feature", "properties": { "wtwdis": 280.0, "catdis": 1, "OBJNAM": null, "INFORM": null, "SCAMIN": 8000 }, "geometry": { "type": "Point", "coordinates": [ 28.090273, 44.484012 ] } },
{ "type": "Feature", "properties": { "wtwdis": 281.0, "catdis": 1, "OBJNAM": null, "INFORM": null, "SCAMIN": 8000 }, "geometry": { "type": "Point", "coordinates": [ 28.092357, 44.475519 ] } },
{ "type": "Feature", "properties": { "wtwdis": 282.0, "catdis": 1, "OBJNAM": null, "INFORM": null, "SCAMIN": 8000 }, "geometry": { "type": "Point", "coordinates": [ 28.09457, 44.466551 ] } },
{ "type": "Feature", "properties": { "wtwdis": 283.0, "catdis": 1, "OBJNAM": null, "INFORM": null, "SCAMIN": 8000 }, "geometry": { "type": "Point", "coordinates": [ 28.096222, 44.459891 ] } },
{ "type": "Feature", "properties": { "wtwdis": 284.0, "catdis": 1, "OBJNAM": null, "INFORM": null, "SCAMIN": 8000 }, "geometry": { "type": "Point", "coordinates": [ 28.101565, 44.451035 ] } },
{ "type": "Feature", "properties": { "wtwdis": 285.0, "catdis": 1, "OBJNAM": null, "INFORM": null, "SCAMIN": 8000 }, "geometry": { "type": "Point", "coordinates": [ 28.107923, 44.443925 ] } },
{ "type": "Feature", "properties": { "wtwdis": 286.0, "catdis": 1, "OBJNAM": null, "INFORM": null, "SCAMIN": 8000 }, "geometry": { "type": "Point", "coordinates": [ 28.109297, 44.434214 ] } },
{ "type": "Feature", "properties": { "wtwdis": 287.0, "catdis": 1, "OBJNAM": null, "INFORM": null, "SCAMIN": 8000 }, "geometry": { "type": "Point", "coordinates": [ 28.10238, 44.428615 ] } },
{ "type": "Feature", "properties": { "wtwdis": 288.0, "catdis": 1, "OBJNAM": null, "INFORM": null, "SCAMIN": 8000 }, "geometry": { "type": "Point", "coordinates": [ 28.094931, 44.424065 ] } },
{ "type": "Feature", "properties": { "wtwdis": 293.0, "catdis": 3, "OBJNAM": null, "INFORM": null, "SCAMIN": 8000 }, "geometry": { "type": "Point", "coordinates": [ 28.060267, 44.392147 ] } },
{ "type": "Feature", "properties": { "wtwdis": 297.0, "catdis": 1, "OBJNAM": null, "INFORM": null, "SCAMIN": 8000 }, "geometry": { "type": "Point", "coordinates": [ 28.025601, 44.368193 ] } },
{ "type": "Feature", "properties": { "wtwdis": 296.0, "catdis": 1, "OBJNAM": null, "INFORM": null, "SCAMIN": 8000 }, "geometry": { "type": "Point", "coordinates": [ 28.032419, 44.374815 ] } },
{ "type": "Feature", "properties": { "wtwdis": 295.0, "catdis": 1, "OBJNAM": null, "INFORM": null, "SCAMIN": 8000 }, "geometry": { "type": "Point", "coordinates": [ 28.04067, 44.381373 ] } },
{ "type": "Feature", "properties": { "wtwdis": 294.0, "catdis": 1, "OBJNAM": null, "INFORM": null, "SCAMIN": 8000 }, "geometry": { "type": "Point", "coordinates": [ 28.047941, 44.387016 ] } },
{ "type": "Feature", "properties": { "wtwdis": 293.0, "catdis": 1, "OBJNAM": null, "INFORM": null, "SCAMIN": 8000 }, "geometry": { "type": "Point", "coordinates": [ 28.059221, 44.393295 ] } },
{ "type": "Feature", "properties": { "wtwdis": 292.0, "catdis": 1, "OBJNAM": null, "INFORM": null, "SCAMIN": 8000 }, "geometry": { "type": "Point", "coordinates": [ 28.068865, 44.398786 ] } },
{ "type": "Feature", "properties": { "wtwdis": 291.0, "catdis": 1, "OBJNAM": null, "INFORM": null, "SCAMIN": 8000 }, "geometry": { "type": "Point", "coordinates": [ 28.074372, 44.402839 ] } },
{ "type": "Feature", "properties": { "wtwdis": 290.0, "catdis": 1, "OBJNAM": null, "INFORM": null, "SCAMIN": 8000 }, "geometry": { "type": "Point", "coordinates": [ 28.082022, 44.408844 ] } },
{ "type": "Feature", "properties": { "wtwdis": 289.0, "catdis": 1, "OBJNAM": null, "INFORM": null, "SCAMIN": 8000 }, "geometry": { "type": "Point", "coordinates": [ 28.088276, 44.416013 ] } },
{ "type": "Feature", "properties": { "wtwdis": 291.0, "catdis": 1, "OBJNAM": null, "INFORM": null, "SCAMIN": 8000 }, "geometry": { "type": "Point", "coordinates": [ 28.075054, 44.402372 ] } },
{ "type": "Feature", "properties": { "wtwdis": 290.0, "catdis": 3, "OBJNAM": null, "INFORM": null, "SCAMIN": 8000 }, "geometry": { "type": "Point", "coordinates": [ 28.083014, 44.408225 ] } },
{ "type": "Feature", "properties": { "wtwdis": 289.0, "catdis": 3, "OBJNAM": "289", "INFORM": null, "SCAMIN": 8000 }, "geometry": { "type": "Point", "coordinates": [ 28.087136, 44.416097 ] } },
{ "type": "Feature", "properties": { "wtwdis": 290.0, "catdis": 1, "OBJNAM": null, "INFORM": null, "SCAMIN": 8000 }, "geometry": { "type": "Point", "coordinates": [ 28.083105, 44.408353 ] } },
{ "type": "Feature", "properties": { "wtwdis": 60.0, "catdis": 3, "OBJNAM": null, "INFORM": null, "SCAMIN": 22000 }, "geometry": { "type": "Point", "coordinates": [ 28.045197, 44.312639 ] } },
{ "type": "Feature", "properties": { "wtwdis": 60.0, "catdis": 1, "OBJNAM": null, "INFORM": null, "SCAMIN": 22000 }, "geometry": { "type": "Point", "coordinates": [ 28.045355, 44.312687 ] } },
{ "type": "Feature", "properties": { "wtwdis": 59.9, "catdis": 1, "OBJNAM": null, "INFORM": null, "SCAMIN": 8000 }, "geometry": { "type": "Point", "coordinates": [ 28.046556, 44.31202 ] } },
{ "type": "Feature", "properties": { "wtwdis": 59.9, "catdis": 1, "OBJNAM": null, "INFORM": null, "SCAMIN": 8000 }, "geometry": { "type": "Point", "coordinates": [ 28.046007, 44.311853 ] } },
{ "type": "Feature", "properties": { "wtwdis": 307.0, "catdis": 3, "OBJNAM": null, "INFORM": null, "SCAMIN": 22000 }, "geometry": { "type": "Point", "coordinates": [ 27.976295, 44.292543 ] } },
{ "type": "Feature", "properties": { "wtwdis": 310.0, "catdis": 3, "OBJNAM": null, "INFORM": null, "SCAMIN": 22000 }, "geometry": { "type": "Point", "coordinates": [ 27.960024, 44.269601 ] } },
{ "type": "Feature", "properties": { "wtwdis": 311.0, "catdis": 3, "OBJNAM": null, "INFORM": null, "SCAMIN": 22000 }, "geometry": { "type": "Point", "coordinates": [ 27.952208, 44.261841 ] } },
{ "type": "Feature", "properties": { "wtwdis": 304.0, "catdis": 3, "OBJNAM": null, "INFORM": null, "SCAMIN": 22000 }, "geometry": { "type": "Point", "coordinates": [ 28.004632, 44.310595 ] } },
{ "type": "Feature", "properties": { "wtwdis": 306.0, "catdis": 3, "OBJNAM": null, "INFORM": null, "SCAMIN": 22000 }, "geometry": { "type": "Point", "coordinates": [ 27.98382, 44.298316 ] } },
{ "type": "Feature", "properties": { "wtwdis": 308.0, "catdis": 3, "OBJNAM": null, "INFORM": null, "SCAMIN": 22000 }, "geometry": { "type": "Point", "coordinates": [ 27.97121, 44.286986 ] } },
{ "type": "Feature", "properties": { "wtwdis": 309.0, "catdis": 3, "OBJNAM": null, "INFORM": null, "SCAMIN": 22000 }, "geometry": { "type": "Point", "coordinates": [ 27.967078, 44.279462 ] } },
{ "type": "Feature", "properties": { "wtwdis": 306.0, "catdis": 1, "OBJNAM": null, "INFORM": null, "SCAMIN": 22000 }, "geometry": { "type": "Point", "coordinates": [ 27.984716, 44.297742 ] } },
{ "type": "Feature", "properties": { "wtwdis": 307.0, "catdis": 1, "OBJNAM": null, "INFORM": null, "SCAMIN": 22000 }, "geometry": { "type": "Point", "coordinates": [ 27.977277, 44.292113 ] } },
{ "type": "Feature", "properties": { "wtwdis": 308.0, "catdis": 1, "OBJNAM": null, "INFORM": null, "SCAMIN": 22000 }, "geometry": { "type": "Point", "coordinates": [ 27.972539, 44.286681 ] } },
{ "type": "Feature", "properties": { "wtwdis": 309.0, "catdis": 1, "OBJNAM": null, "INFORM": null, "SCAMIN": 22000 }, "geometry": { "type": "Point", "coordinates": [ 27.968311, 44.278885 ] } },
{ "type": "Feature", "properties": { "wtwdis": 310.0, "catdis": 1, "OBJNAM": null, "INFORM": null, "SCAMIN": 22000 }, "geometry": { "type": "Point", "coordinates": [ 27.960985, 44.268619 ] } },
{ "type": "Feature", "properties": { "wtwdis": 311.0, "catdis": 1, "OBJNAM": null, "INFORM": null, "SCAMIN": 22000 }, "geometry": { "type": "Point", "coordinates": [ 27.953629, 44.26066 ] } },
{ "type": "Feature", "properties": { "wtwdis": 312.0, "catdis": 1, "OBJNAM": null, "INFORM": null, "SCAMIN": 22000 }, "geometry": { "type": "Point", "coordinates": [ 27.946997, 44.254948 ] } },
{ "type": "Feature", "properties": { "wtwdis": 305.0, "catdis": 3, "OBJNAM": null, "INFORM": null, "SCAMIN": 22000 }, "geometry": { "type": "Point", "coordinates": [ 27.992295, 44.304787 ] } },
{ "type": "Feature", "properties": { "wtwdis": 305.0, "catdis": 1, "OBJNAM": null, "INFORM": null, "SCAMIN": 22000 }, "geometry": { "type": "Point", "coordinates": [ 27.993921, 44.304057 ] } },
{ "type": "Feature", "properties": { "wtwdis": 313.0, "catdis": 1, "OBJNAM": null, "INFORM": null, "SCAMIN": 22000 }, "geometry": { "type": "Point", "coordinates": [ 27.937454, 44.24974 ] } },
{ "type": "Feature", "properties": { "wtwdis": 304.0, "catdis": 1, "OBJNAM": null, "INFORM": null, "SCAMIN": 22000 }, "geometry": { "type": "Point", "coordinates": [ 28.002543, 44.311314 ] } },
{ "type": "Feature", "properties": { "wtwdis": 9.0, "catdis": null, "OBJNAM": null, "INFORM": null, "SCAMIN": 8000 }, "geometry": { "type": "Point", "coordinates": [ 28.005209, 44.311333 ] } },
{ "type": "Feature", "properties": { "wtwdis": 6.0, "catdis": null, "OBJNAM": null, "INFORM": null, "SCAMIN": 8000 }, "geometry": { "type": "Point", "coordinates": [ 27.948923, 44.258151 ] } },
{ "type": "Feature", "properties": { "wtwdis": 5.0, "catdis": null, "OBJNAM": null, "INFORM": null, "SCAMIN": 8000 }, "geometry": { "type": "Point", "coordinates": [ 27.949645, 44.258672 ] } },
{ "type": "Feature", "properties": { "wtwdis": 4.0, "catdis": null, "OBJNAM": null, "INFORM": null, "SCAMIN": 8000 }, "geometry": { "type": "Point", "coordinates": [ 27.950255, 44.259267 ] } },
{ "type": "Feature", "properties": { "wtwdis": 3.0, "catdis": null, "OBJNAM": null, "INFORM": null, "SCAMIN": 8000 }, "geometry": { "type": "Point", "coordinates": [ 27.950849, 44.25987 ] } },
{ "type": "Feature", "properties": { "wtwdis": 2.0, "catdis": null, "OBJNAM": null, "INFORM": null, "SCAMIN": 8000 }, "geometry": { "type": "Point", "coordinates": [ 27.951405, 44.260492 ] } },
{ "type": "Feature", "properties": { "wtwdis": 1.0, "catdis": null, "OBJNAM": null, "INFORM": null, "SCAMIN": 8000 }, "geometry": { "type": "Point", "coordinates": [ 27.951909, 44.261136 ] } },
{ "type": "Feature", "properties": { "wtwdis": 9.0, "catdis": null, "OBJNAM": null, "INFORM": null, "SCAMIN": 8000 }, "geometry": { "type": "Point", "coordinates": [ 27.952942, 44.262642 ] } },
{ "type": "Feature", "properties": { "wtwdis": 8.0, "catdis": null, "OBJNAM": null, "INFORM": null, "SCAMIN": 8000 }, "geometry": { "type": "Point", "coordinates": [ 27.953678, 44.263441 ] } },
{ "type": "Feature", "properties": { "wtwdis": 7.0, "catdis": null, "OBJNAM": null, "INFORM": null, "SCAMIN": 8000 }, "geometry": { "type": "Point", "coordinates": [ 27.954415, 44.26424 ] } },
{ "type": "Feature", "properties": { "wtwdis": 6.0, "catdis": null, "OBJNAM": null, "INFORM": null, "SCAMIN": 8000 }, "geometry": { "type": "Point", "coordinates": [ 27.955152, 44.265039 ] } },
{ "type": "Feature", "properties": { "wtwdis": 5.0, "catdis": null, "OBJNAM": null, "INFORM": null, "SCAMIN": 8000 }, "geometry": { "type": "Point", "coordinates": [ 27.955955, 44.265803 ] } },
{ "type": "Feature", "properties": { "wtwdis": 4.0, "catdis": null, "OBJNAM": null, "INFORM": null, "SCAMIN": 8000 }, "geometry": { "type": "Point", "coordinates": [ 27.956774, 44.266561 ] } },
{ "type": "Feature", "properties": { "wtwdis": 3.0, "catdis": null, "OBJNAM": null, "INFORM": null, "SCAMIN": 8000 }, "geometry": { "type": "Point", "coordinates": [ 27.957587, 44.26732 ] } },
{ "type": "Feature", "properties": { "wtwdis": 2.0, "catdis": null, "OBJNAM": null, "INFORM": null, "SCAMIN": 8000 }, "geometry": { "type": "Point", "coordinates": [ 27.9584, 44.26808 ] } },
{ "type": "Feature", "properties": { "wtwdis": 1.0, "catdis": null, "OBJNAM": null, "INFORM": null, "SCAMIN": 8000 }, "geometry": { "type": "Point", "coordinates": [ 27.959212, 44.268841 ] } },
{ "type": "Feature", "properties": { "wtwdis": 9.0, "catdis": null, "OBJNAM": null, "INFORM": null, "SCAMIN": 8000 }, "geometry": { "type": "Point", "coordinates": [ 27.960746, 44.270581 ] } },
{ "type": "Feature", "properties": { "wtwdis": 8.0, "catdis": null, "OBJNAM": null, "INFORM": null, "SCAMIN": 8000 }, "geometry": { "type": "Point", "coordinates": [ 27.961468, 44.271561 ] } },
{ "type": "Feature", "properties": { "wtwdis": 1.0, "catdis": null, "OBJNAM": null, "INFORM": null, "SCAMIN": 8000 }, "geometry": { "type": "Point", "coordinates": [ 27.966354, 44.278483 ] } },
{ "type": "Feature", "properties": { "wtwdis": 9.0, "catdis": null, "OBJNAM": null, "INFORM": null, "SCAMIN": 8000 }, "geometry": { "type": "Point", "coordinates": [ 27.967439, 44.280229 ] } },
{ "type": "Feature", "properties": { "wtwdis": 8.0, "catdis": null, "OBJNAM": null, "INFORM": null, "SCAMIN": 8000 }, "geometry": { "type": "Point", "coordinates": [ 27.967801, 44.280997 ] } },
{ "type": "Feature", "properties": { "wtwdis": 7.0, "catdis": null, "OBJNAM": null, "INFORM": null, "SCAMIN": 8000 }, "geometry": { "type": "Point", "coordinates": [ 27.968162, 44.281764 ] } },
{ "type": "Feature", "properties": { "wtwdis": 6.0, "catdis": null, "OBJNAM": null, "INFORM": null, "SCAMIN": 8000 }, "geometry": { "type": "Point", "coordinates": [ 27.968523, 44.282531 ] } },
{ "type": "Feature", "properties": { "wtwdis": 5.0, "catdis": null, "OBJNAM": null, "INFORM": null, "SCAMIN": 8000 }, "geometry": { "type": "Point", "coordinates": [ 27.968884, 44.283299 ] } },
{ "type": "Feature", "properties": { "wtwdis": 4.0, "catdis": null, "OBJNAM": null, "INFORM": null, "SCAMIN": 8000 }, "geometry": { "type": "Point", "coordinates": [ 27.969304, 44.284049 ] } },
{ "type": "Feature", "properties": { "wtwdis": 3.0, "catdis": null, "OBJNAM": null, "INFORM": null, "SCAMIN": 8000 }, "geometry": { "type": "Point", "coordinates": [ 27.96978, 44.284783 ] } },
{ "type": "Feature", "properties": { "wtwdis": 2.0, "catdis": null, "OBJNAM": null, "INFORM": null, "SCAMIN": 8000 }, "geometry": { "type": "Point", "coordinates": [ 27.970257, 44.285518 ] } },
{ "type": "Feature", "properties": { "wtwdis": 1.0, "catdis": null, "OBJNAM": null, "INFORM": null, "SCAMIN": 8000 }, "geometry": { "type": "Point", "coordinates": [ 27.970733, 44.286252 ] } },
{ "type": "Feature", "properties": { "wtwdis": 9.0, "catdis": null, "OBJNAM": null, "INFORM": null, "SCAMIN": 8000 }, "geometry": { "type": "Point", "coordinates": [ 27.971658, 44.287572 ] } },
{ "type": "Feature", "properties": { "wtwdis": 8.0, "catdis": null, "OBJNAM": null, "INFORM": null, "SCAMIN": 8000 }, "geometry": { "type": "Point", "coordinates": [ 27.972107, 44.288159 ] } },
{ "type": "Feature", "properties": { "wtwdis": 7.0, "catdis": null, "OBJNAM": null, "INFORM": null, "SCAMIN": 8000 }, "geometry": { "type": "Point", "coordinates": [ 27.972551, 44.288747 ] } },
{ "type": "Feature", "properties": { "wtwdis": 6.0, "catdis": null, "OBJNAM": null, "INFORM": null, "SCAMIN": 8000 }, "geometry": { "type": "Point", "coordinates": [ 27.972994, 44.289335 ] } },
{ "type": "Feature", "properties": { "wtwdis": 5.0, "catdis": null, "OBJNAM": null, "INFORM": null, "SCAMIN": 8000 }, "geometry": { "type": "Point", "coordinates": [ 27.973438, 44.289924 ] } },
{ "type": "Feature", "properties": { "wtwdis": 4.0, "catdis": null, "OBJNAM": null, "INFORM": null, "SCAMIN": 8000 }, "geometry": { "type": "Point", "coordinates": [ 27.973881, 44.290512 ] } },
{ "type": "Feature", "properties": { "wtwdis": 3.0, "catdis": null, "OBJNAM": null, "INFORM": null, "SCAMIN": 8000 }, "geometry": { "type": "Point", "coordinates": [ 27.974435, 44.291045 ] } },
{ "type": "Feature", "properties": { "wtwdis": 2.0, "catdis": null, "OBJNAM": null, "INFORM": null, "SCAMIN": 8000 }, "geometry": { "type": "Point", "coordinates": [ 27.975055, 44.291544 ] } },
{ "type": "Feature", "properties": { "wtwdis": 1.0, "catdis": null, "OBJNAM": null, "INFORM": null, "SCAMIN": 8000 }, "geometry": { "type": "Point", "coordinates": [ 27.975675, 44.292043 ] } },
{ "type": "Feature", "properties": { "wtwdis": 9.0, "catdis": null, "OBJNAM": null, "INFORM": null, "SCAMIN": 8000 }, "geometry": { "type": "Point", "coordinates": [ 27.976957, 44.293177 ] } },
{ "type": "Feature", "properties": { "wtwdis": 8.0, "catdis": null, "OBJNAM": null, "INFORM": null, "SCAMIN": 8000 }, "geometry": { "type": "Point", "coordinates": [ 27.977619, 44.293811 ] } },
{ "type": "Feature", "properties": { "wtwdis": 7.0, "catdis": null, "OBJNAM": null, "INFORM": null, "SCAMIN": 8000 }, "geometry": { "type": "Point", "coordinates": [ 27.978399, 44.294371 ] } },
{ "type": "Feature", "properties": { "wtwdis": 6.0, "catdis": null, "OBJNAM": null, "INFORM": null, "SCAMIN": 8000 }, "geometry": { "type": "Point", "coordinates": [ 27.97918, 44.29493 ] } },
{ "type": "Feature", "properties": { "wtwdis": 5.0, "catdis": null, "OBJNAM": null, "INFORM": null, "SCAMIN": 8000 }, "geometry": { "type": "Point", "coordinates": [ 27.979952, 44.295496 ] } },
{ "type": "Feature", "properties": { "wtwdis": 4.0, "catdis": null, "OBJNAM": null, "INFORM": null, "SCAMIN": 8000 }, "geometry": { "type": "Point", "coordinates": [ 27.980725, 44.296062 ] } },
{ "type": "Feature", "properties": { "wtwdis": 3.0, "catdis": null, "OBJNAM": null, "INFORM": null, "SCAMIN": 8000 }, "geometry": { "type": "Point", "coordinates": [ 27.981475, 44.296643 ] } },
{ "type": "Feature", "properties": { "wtwdis": 2.0, "catdis": null, "OBJNAM": null, "INFORM": null, "SCAMIN": 8000 }, "geometry": { "type": "Point", "coordinates": [ 27.982223, 44.297225 ] } },
{ "type": "Feature", "properties": { "wtwdis": 1.0, "catdis": null, "OBJNAM": null, "INFORM": null, "SCAMIN": 8000 }, "geometry": { "type": "Point", "coordinates": [ 27.982998, 44.29779 ] } },
{ "type": "Feature", "properties": { "wtwdis": 9.0, "catdis": null, "OBJNAM": null, "INFORM": null, "SCAMIN": 8000 }, "geometry": { "type": "Point", "coordinates": [ 27.984661, 44.298974 ] } },
{ "type": "Feature", "properties": { "wtwdis": 8.0, "catdis": null, "OBJNAM": null, "INFORM": null, "SCAMIN": 8000 }, "geometry": { "type": "Point", "coordinates": [ 27.985505, 44.29963 ] } },
{ "type": "Feature", "properties": { "wtwdis": 7.0, "catdis": null, "OBJNAM": null, "INFORM": null, "SCAMIN": 8000 }, "geometry": { "type": "Point", "coordinates": [ 27.986352, 44.300284 ] } },
{ "type": "Feature", "properties": { "wtwdis": 6.0, "catdis": null, "OBJNAM": null, "INFORM": null, "SCAMIN": 8000 }, "geometry": { "type": "Point", "coordinates": [ 27.987223, 44.300921 ] } },
{ "type": "Feature", "properties": { "wtwdis": 5.0, "catdis": null, "OBJNAM": null, "INFORM": null, "SCAMIN": 8000 }, "geometry": { "type": "Point", "coordinates": [ 27.988117, 44.301542 ] } },
{ "type": "Feature", "properties": { "wtwdis": 4.0, "catdis": null, "OBJNAM": null, "INFORM": null, "SCAMIN": 8000 }, "geometry": { "type": "Point", "coordinates": [ 27.989038, 44.302141 ] } },
{ "type": "Feature", "properties": { "wtwdis": 3.0, "catdis": null, "OBJNAM": null, "INFORM": null, "SCAMIN": 8000 }, "geometry": { "type": "Point", "coordinates": [ 27.98996, 44.302741 ] } },
{ "type": "Feature", "properties": { "wtwdis": 2.0, "catdis": null, "OBJNAM": null, "INFORM": null, "SCAMIN": 8000 }, "geometry": { "type": "Point", "coordinates": [ 27.990882, 44.30334 ] } },
{ "type": "Feature", "properties": { "wtwdis": 1.0, "catdis": null, "OBJNAM": null, "INFORM": null, "SCAMIN": 8000 }, "geometry": { "type": "Point", "coordinates": [ 27.991713, 44.303997 ] } },
{ "type": "Feature", "properties": { "wtwdis": 323.0, "catdis": 3, "OBJNAM": null, "INFORM": null, "SCAMIN": 22000 }, "geometry": { "type": "Point", "coordinates": [ 27.822515, 44.24577 ] } },
{ "type": "Feature", "properties": { "wtwdis": 323.0, "catdis": 3, "OBJNAM": null, "INFORM": null, "SCAMIN": 22000 }, "geometry": { "type": "Point", "coordinates": [ 27.82425, 44.243467 ] } },
{ "type": "Feature", "properties": { "wtwdis": 322.0, "catdis": 3, "OBJNAM": null, "INFORM": null, "SCAMIN": 22000 }, "geometry": { "type": "Point", "coordinates": [ 27.832171, 44.252426 ] } },
{ "type": "Feature", "properties": { "wtwdis": 321.0, "catdis": 3, "OBJNAM": null, "INFORM": null, "SCAMIN": 22000 }, "geometry": { "type": "Point", "coordinates": [ 27.841099, 44.257865 ] } },
{ "type": "Feature", "properties": { "wtwdis": 321.0, "catdis": 3, "OBJNAM": null, "INFORM": null, "SCAMIN": 22000 }, "geometry": { "type": "Point", "coordinates": [ 27.84295, 44.255911 ] } },
{ "type": "Feature", "properties": { "wtwdis": 320.0, "catdis": 3, "OBJNAM": null, "INFORM": null, "SCAMIN": 22000 }, "geometry": { "type": "Point", "coordinates": [ 27.85559, 44.259924 ] } },
{ "type": "Feature", "properties": { "wtwdis": 319.0, "catdis": 3, "OBJNAM": null, "INFORM": null, "SCAMIN": 22000 }, "geometry": { "type": "Point", "coordinates": [ 27.866678, 44.256318 ] } },
{ "type": "Feature", "properties": { "wtwdis": 319.0, "catdis": 3, "OBJNAM": null, "INFORM": null, "SCAMIN": 22000 }, "geometry": { "type": "Point", "coordinates": [ 27.865604, 44.255156 ] } },
{ "type": "Feature", "properties": { "wtwdis": 318.0, "catdis": 3, "OBJNAM": null, "INFORM": null, "SCAMIN": 22000 }, "geometry": { "type": "Point", "coordinates": [ 27.876968, 44.251218 ] } },
{ "type": "Feature", "properties": { "wtwdis": 317.0, "catdis": 3, "OBJNAM": null, "INFORM": null, "SCAMIN": 22000 }, "geometry": { "type": "Point", "coordinates": [ 27.892115, 44.248193 ] } },
{ "type": "Feature", "properties": { "wtwdis": 315.0, "catdis": 3, "OBJNAM": null, "INFORM": null, "SCAMIN": 22000 }, "geometry": { "type": "Point", "coordinates": [ 27.914922, 44.249646 ] } },
{ "type": "Feature", "properties": { "wtwdis": 314.0, "catdis": 1, "OBJNAM": null, "INFORM": null, "SCAMIN": 22000 }, "geometry": { "type": "Point", "coordinates": [ 27.928762, 44.248001 ] } },
{ "type": "Feature", "properties": { "wtwdis": 315.0, "catdis": 1, "OBJNAM": null, "INFORM": null, "SCAMIN": 22000 }, "geometry": { "type": "Point", "coordinates": [ 27.914889, 44.248429 ] } },
{ "type": "Feature", "properties": { "wtwdis": 316.0, "catdis": 1, "OBJNAM": null, "INFORM": null, "SCAMIN": 22000 }, "geometry": { "type": "Point", "coordinates": [ 27.904235, 44.249447 ] } },
{ "type": "Feature", "properties": { "wtwdis": 317.0, "catdis": 1, "OBJNAM": null, "INFORM": null, "SCAMIN": 22000 }, "geometry": { "type": "Point", "coordinates": [ 27.892064, 44.249689 ] } },
{ "type": "Feature", "properties": { "wtwdis": 318.0, "catdis": 1, "OBJNAM": null, "INFORM": null, "SCAMIN": 22000 }, "geometry": { "type": "Point", "coordinates": [ 27.877518, 44.251987 ] } },
{ "type": "Feature", "properties": { "wtwdis": 319.0, "catdis": 1, "OBJNAM": null, "INFORM": null, "SCAMIN": 22000 }, "geometry": { "type": "Point", "coordinates": [ 27.866269, 44.255875 ] } },
{ "type": "Feature", "properties": { "wtwdis": 320.0, "catdis": 1, "OBJNAM": null, "INFORM": null, "SCAMIN": 22000 }, "geometry": { "type": "Point", "coordinates": [ 27.855172, 44.259196 ] } },
{ "type": "Feature", "properties": { "wtwdis": 321.0, "catdis": 1, "OBJNAM": null, "INFORM": null, "SCAMIN": 22000 }, "geometry": { "type": "Point", "coordinates": [ 27.842046, 44.256871 ] } },
{ "type": "Feature", "properties": { "wtwdis": 322.0, "catdis": 1, "OBJNAM": null, "INFORM": null, "SCAMIN": 22000 }, "geometry": { "type": "Point", "coordinates": [ 27.833517, 44.251645 ] } },
{ "type": "Feature", "properties": { "wtwdis": 323.0, "catdis": 1, "OBJNAM": null, "INFORM": null, "SCAMIN": 22000 }, "geometry": { "type": "Point", "coordinates": [ 27.823387, 44.244613 ] } },
{ "type": "Feature", "properties": { "wtwdis": 1.0, "catdis": null, "OBJNAM": null, "INFORM": null, "SCAMIN": 8000 }, "geometry": { "type": "Point", "coordinates": [ 27.890534, 44.248351 ] } },
{ "type": "Feature", "properties": { "wtwdis": 2.0, "catdis": null, "OBJNAM": null, "INFORM": null, "SCAMIN": 8000 }, "geometry": { "type": "Point", "coordinates": [ 27.888951, 44.248494 ] } },
{ "type": "Feature", "properties": { "wtwdis": 3.0, "catdis": null, "OBJNAM": null, "INFORM": null, "SCAMIN": 8000 }, "geometry": { "type": "Point", "coordinates": [ 27.887368, 44.248642 ] } },
{ "type": "Feature", "properties": { "wtwdis": 4.0, "catdis": null, "OBJNAM": null, "INFORM": null, "SCAMIN": 8000 }, "geometry": { "type": "Point", "coordinates": [ 27.885788, 44.248809 ] } },
{ "type": "Feature", "properties": { "wtwdis": 5.0, "catdis": null, "OBJNAM": null, "INFORM": null, "SCAMIN": 8000 }, "geometry": { "type": "Point", "coordinates": [ 27.884209, 44.248976 ] } },
{ "type": "Feature", "properties": { "wtwdis": 6.0, "catdis": null, "OBJNAM": null, "INFORM": null, "SCAMIN": 8000 }, "geometry": { "type": "Point", "coordinates": [ 27.882665, 44.24924 ] } },
{ "type": "Feature", "properties": { "wtwdis": 7.0, "catdis": null, "OBJNAM": null, "INFORM": null, "SCAMIN": 8000 }, "geometry": { "type": "Point", "coordinates": [ 27.881172, 44.249645 ] } },
{ "type": "Feature", "properties": { "wtwdis": 8.0, "catdis": null, "OBJNAM": null, "INFORM": null, "SCAMIN": 8000 }, "geometry": { "type": "Point", "coordinates": [ 27.879678, 44.250051 ] } },
{ "type": "Feature", "properties": { "wtwdis": 9.0, "catdis": null, "OBJNAM": null, "INFORM": null, "SCAMIN": 8000 }, "geometry": { "type": "Point", "coordinates": [ 27.878314, 44.250621 ] } },
{ "type": "Feature", "properties": { "wtwdis": 1.0, "catdis": null, "OBJNAM": null, "INFORM": null, "SCAMIN": 8000 }, "geometry": { "type": "Point", "coordinates": [ 27.875811, 44.251581 ] } },
{ "type": "Feature", "properties": { "wtwdis": 2.0, "catdis": null, "OBJNAM": null, "INFORM": null, "SCAMIN": 8000 }, "geometry": { "type": "Point", "coordinates": [ 27.874648, 44.251935 ] } },
{ "type": "Feature", "properties": { "wtwdis": 3.0, "catdis": null, "OBJNAM": null, "INFORM": null, "SCAMIN": 8000 }, "geometry": { "type": "Point", "coordinates": [ 27.873479, 44.252278 ] } },
{ "type": "Feature", "properties": { "wtwdis": 4.0, "catdis": null, "OBJNAM": null, "INFORM": null, "SCAMIN": 8000 }, "geometry": { "type": "Point", "coordinates": [ 27.872332, 44.252656 ] } },
{ "type": "Feature", "properties": { "wtwdis": 5.0, "catdis": null, "OBJNAM": null, "INFORM": null, "SCAMIN": 8000 }, "geometry": { "type": "Point", "coordinates": [ 27.871218, 44.253083 ] } },
{ "type": "Feature", "properties": { "wtwdis": 6.0, "catdis": null, "OBJNAM": null, "INFORM": null, "SCAMIN": 8000 }, "geometry": { "type": "Point", "coordinates": [ 27.870108, 44.253515 ] } },
{ "type": "Feature", "properties": { "wtwdis": 7.0, "catdis": null, "OBJNAM": null, "INFORM": null, "SCAMIN": 8000 }, "geometry": { "type": "Point", "coordinates": [ 27.868968, 44.253905 ] } },
{ "type": "Feature", "properties": { "wtwdis": 8.0, "catdis": null, "OBJNAM": null, "INFORM": null, "SCAMIN": 8000 }, "geometry": { "type": "Point", "coordinates": [ 27.867832, 44.254301 ] } },
{ "type": "Feature", "properties": { "wtwdis": 9.0, "catdis": null, "OBJNAM": null, "INFORM": null, "SCAMIN": 8000 }, "geometry": { "type": "Point", "coordinates": [ 27.866718, 44.254728 ] } },
{ "type": "Feature", "properties": { "wtwdis": 1.0, "catdis": null, "OBJNAM": null, "INFORM": null, "SCAMIN": 8000 }, "geometry": { "type": "Point", "coordinates": [ 27.864523, 44.255503 ] } },
{ "type": "Feature", "properties": { "wtwdis": 2.0, "catdis": null, "OBJNAM": null, "INFORM": null, "SCAMIN": 8000 }, "geometry": { "type": "Point", "coordinates": [ 27.863439, 44.255865 ] } },
{ "type": "Feature", "properties": { "wtwdis": 3.0, "catdis": null, "OBJNAM": null, "INFORM": null, "SCAMIN": 8000 }, "geometry": { "type": "Point", "coordinates": [ 27.862345, 44.256211 ] } },
{ "type": "Feature", "properties": { "wtwdis": 4.0, "catdis": null, "OBJNAM": null, "INFORM": null, "SCAMIN": 8000 }, "geometry": { "type": "Point", "coordinates": [ 27.861229, 44.256518 ] } },
{ "type": "Feature", "properties": { "wtwdis": 5.0, "catdis": null, "OBJNAM": null, "INFORM": null, "SCAMIN": 8000 }, "geometry": { "type": "Point", "coordinates": [ 27.860097, 44.256792 ] } },
{ "type": "Feature", "properties": { "wtwdis": 6.0, "catdis": null, "OBJNAM": null, "INFORM": null, "SCAMIN": 8000 }, "geometry": { "type": "Point", "coordinates": [ 27.858937, 44.257001 ] } },
{ "type": "Feature", "properties": { "wtwdis": 7.0, "catdis": null, "OBJNAM": null, "INFORM": null, "SCAMIN": 8000 }, "geometry": { "type": "Point", "coordinates": [ 27.857784, 44.257223 ] } },
{ "type": "Feature", "properties": { "wtwdis": 5.0, "catdis": null, "OBJNAM": null, "INFORM": null, "SCAMIN": 8000 }, "geometry": { "type": "Point", "coordinates": [ 27.848384, 44.257419 ] } },
{ "type": "Feature", "properties": { "wtwdis": 6.0, "catdis": null, "OBJNAM": null, "INFORM": null, "SCAMIN": 8000 }, "geometry": { "type": "Point", "coordinates": [ 27.847253, 44.257195 ] } },
{ "type": "Feature", "properties": { "wtwdis": 7.0, "catdis": null, "OBJNAM": null, "INFORM": null, "SCAMIN": 8000 }, "geometry": { "type": "Point", "coordinates": [ 27.846131, 44.256952 ] } },
{ "type": "Feature", "properties": { "wtwdis": 8.0, "catdis": null, "OBJNAM": null, "INFORM": null, "SCAMIN": 8000 }, "geometry": { "type": "Point", "coordinates": [ 27.845028, 44.256669 ] } },
{ "type": "Feature", "properties": { "wtwdis": 9.0, "catdis": null, "OBJNAM": null, "INFORM": null, "SCAMIN": 8000 }, "geometry": { "type": "Point", "coordinates": [ 27.843941, 44.256352 ] } },
{ "type": "Feature", "properties": { "wtwdis": 1.0, "catdis": null, "OBJNAM": null, "INFORM": null, "SCAMIN": 8000 }, "geometry": { "type": "Point", "coordinates": [ 27.842112, 44.255448 ] } },
{ "type": "Feature", "properties": { "wtwdis": 2.0, "catdis": null, "OBJNAM": null, "INFORM": null, "SCAMIN": 8000 }, "geometry": { "type": "Point", "coordinates": [ 27.841306, 44.254955 ] } },
{ "type": "Feature", "properties": { "wtwdis": 3.0, "catdis": null, "OBJNAM": null, "INFORM": null, "SCAMIN": 8000 }, "geometry": { "type": "Point", "coordinates": [ 27.840558, 44.254423 ] } },
{ "type": "Feature", "properties": { "wtwdis": 4.0, "catdis": null, "OBJNAM": null, "INFORM": null, "SCAMIN": 8000 }, "geometry": { "type": "Point", "coordinates": [ 27.839895, 44.253831 ] } },
{ "type": "Feature", "properties": { "wtwdis": 5.0, "catdis": null, "OBJNAM": null, "INFORM": null, "SCAMIN": 8000 }, "geometry": { "type": "Point", "coordinates": [ 27.817004, 44.240318 ] } },
{ "type": "Feature", "properties": { "wtwdis": 4.0, "catdis": null, "OBJNAM": null, "INFORM": null, "SCAMIN": 8000 }, "geometry": { "type": "Point", "coordinates": [ 27.818453, 44.240948 ] } },
{ "type": "Feature", "properties": { "wtwdis": 3.0, "catdis": null, "OBJNAM": null, "INFORM": null, "SCAMIN": 8000 }, "geometry": { "type": "Point", "coordinates": [ 27.819903, 44.241578 ] } },
{ "type": "Feature", "properties": { "wtwdis": 2.0, "catdis": null, "OBJNAM": null, "INFORM": null, "SCAMIN": 8000 }, "geometry": { "type": "Point", "coordinates": [ 27.821352, 44.242208 ] } },
{ "type": "Feature", "properties": { "wtwdis": 1.0, "catdis": null, "OBJNAM": null, "INFORM": null, "SCAMIN": 8000 }, "geometry": { "type": "Point", "coordinates": [ 27.822801, 44.242838 ] } },
{ "type": "Feature", "properties": { "wtwdis": 2.0, "catdis": null, "OBJNAM": null, "INFORM": null, "SCAMIN": 8000 }, "geometry": { "type": "Point", "coordinates": [ 27.819666, 44.244774 ] } },
{ "type": "Feature", "properties": { "wtwdis": 1.0, "catdis": null, "OBJNAM": null, "INFORM": null, "SCAMIN": 8000 }, "geometry": { "type": "Point", "coordinates": [ 27.821102, 44.245253 ] } },
{ "type": "Feature", "properties": { "wtwdis": 9.0, "catdis": null, "OBJNAM": null, "INFORM": null, "SCAMIN": 8000 }, "geometry": { "type": "Point", "coordinates": [ 27.823618, 44.246325 ] } },
{ "type": "Feature", "properties": { "wtwdis": 8.0, "catdis": null, "OBJNAM": null, "INFORM": null, "SCAMIN": 8000 }, "geometry": { "type": "Point", "coordinates": [ 27.824721, 44.24688 ] } },
{ "type": "Feature", "properties": { "wtwdis": 7.0, "catdis": null, "OBJNAM": null, "INFORM": null, "SCAMIN": 8000 }, "geometry": { "type": "Point", "coordinates": [ 27.825738, 44.247512 ] } },
{ "type": "Feature", "properties": { "wtwdis": 6.0, "catdis": null, "OBJNAM": null, "INFORM": null, "SCAMIN": 8000 }, "geometry": { "type": "Point", "coordinates": [ 27.82673, 44.248166 ] } },
{ "type": "Feature", "properties": { "wtwdis": 5.0, "catdis": null, "OBJNAM": null, "INFORM": null, "SCAMIN": 8000 }, "geometry": { "type": "Point", "coordinates": [ 27.827657, 44.248867 ] } },
{ "type": "Feature", "properties": { "wtwdis": 4.0, "catdis": null, "OBJNAM": null, "INFORM": null, "SCAMIN": 8000 }, "geometry": { "type": "Point", "coordinates": [ 27.828574, 44.249574 ] } },
{ "type": "Feature", "properties": { "wtwdis": 3.0, "catdis": null, "OBJNAM": null, "INFORM": null, "SCAMIN": 8000 }, "geometry": { "type": "Point", "coordinates": [ 27.829326, 44.250374 ] } },
{ "type": "Feature", "properties": { "wtwdis": 2.0, "catdis": null, "OBJNAM": null, "INFORM": null, "SCAMIN": 8000 }, "geometry": { "type": "Point", "coordinates": [ 27.830323, 44.251023 ] } },
{ "type": "Feature", "properties": { "wtwdis": 1.0, "catdis": null, "OBJNAM": null, "INFORM": null, "SCAMIN": 8000 }, "geometry": { "type": "Point", "coordinates": [ 27.831248, 44.251726 ] } },
{ "type": "Feature", "properties": { "wtwdis": 9.0, "catdis": null, "OBJNAM": null, "INFORM": null, "SCAMIN": 8000 }, "geometry": { "type": "Point", "coordinates": [ 27.833057, 44.252981 ] } },
{ "type": "Feature", "properties": { "wtwdis": 8.0, "catdis": null, "OBJNAM": null, "INFORM": null, "SCAMIN": 8000 }, "geometry": { "type": "Point", "coordinates": [ 27.833941, 44.253532 ] } },
{ "type": "Feature", "properties": { "wtwdis": 7.0, "catdis": null, "OBJNAM": null, "INFORM": null, "SCAMIN": 8000 }, "geometry": { "type": "Point", "coordinates": [ 27.834825, 44.254084 ] } },
{ "type": "Feature", "properties": { "wtwdis": 6.0, "catdis": null, "OBJNAM": null, "INFORM": null, "SCAMIN": 8000 }, "geometry": { "type": "Point", "coordinates": [ 27.83571, 44.254635 ] } },
{ "type": "Feature", "properties": { "wtwdis": 5.0, "catdis": null, "OBJNAM": null, "INFORM": null, "SCAMIN": 8000 }, "geometry": { "type": "Point", "coordinates": [ 27.836594, 44.255187 ] } },
{ "type": "Feature", "properties": { "wtwdis": 4.0, "catdis": null, "OBJNAM": null, "INFORM": null, "SCAMIN": 8000 }, "geometry": { "type": "Point", "coordinates": [ 27.837478, 44.255738 ] } },
{ "type": "Feature", "properties": { "wtwdis": 3.0, "catdis": null, "OBJNAM": null, "INFORM": null, "SCAMIN": 8000 }, "geometry": { "type": "Point", "coordinates": [ 27.838363, 44.25629 ] } },
{ "type": "Feature", "properties": { "wtwdis": 2.0, "catdis": null, "OBJNAM": null, "INFORM": null, "SCAMIN": 8000 }, "geometry": { "type": "Point", "coordinates": [ 27.839247, 44.256841 ] } },
{ "type": "Feature", "properties": { "wtwdis": 1.0, "catdis": null, "OBJNAM": null, "INFORM": null, "SCAMIN": 8000 }, "geometry": { "type": "Point", "coordinates": [ 27.840132, 44.257393 ] } },
{ "type": "Feature", "properties": { "wtwdis": 9.0, "catdis": null, "OBJNAM": null, "INFORM": null, "SCAMIN": 8000 }, "geometry": { "type": "Point", "coordinates": [ 27.84239, 44.258448 ] } },
{ "type": "Feature", "properties": { "wtwdis": 8.0, "catdis": null, "OBJNAM": null, "INFORM": null, "SCAMIN": 8000 }, "geometry": { "type": "Point", "coordinates": [ 27.843763, 44.258921 ] } },
{ "type": "Feature", "properties": { "wtwdis": 7.0, "catdis": null, "OBJNAM": null, "INFORM": null, "SCAMIN": 8000 }, "geometry": { "type": "Point", "coordinates": [ 27.845185, 44.259315 ] } },
{ "type": "Feature", "properties": { "wtwdis": 6.0, "catdis": null, "OBJNAM": null, "INFORM": null, "SCAMIN": 8000 }, "geometry": { "type": "Point", "coordinates": [ 27.846615, 44.259695 ] } },
{ "type": "Feature", "properties": { "wtwdis": 5.0, "catdis": null, "OBJNAM": null, "INFORM": null, "SCAMIN": 8000 }, "geometry": { "type": "Point", "coordinates": [ 27.848064, 44.260034 ] } },
{ "type": "Feature", "properties": { "wtwdis": 4.0, "catdis": null, "OBJNAM": null, "INFORM": null, "SCAMIN": 8000 }, "geometry": { "type": "Point", "coordinates": [ 27.849547, 44.260275 ] } },
{ "type": "Feature", "properties": { "wtwdis": 3.0, "catdis": null, "OBJNAM": null, "INFORM": null, "SCAMIN": 8000 }, "geometry": { "type": "Point", "coordinates": [ 27.851069, 44.260341 ] } },
{ "type": "Feature", "properties": { "wtwdis": 2.0, "catdis": null, "OBJNAM": null, "INFORM": null, "SCAMIN": 8000 }, "geometry": { "type": "Point", "coordinates": [ 27.852589, 44.260277 ] } },
{ "type": "Feature", "properties": { "wtwdis": 1.0, "catdis": null, "OBJNAM": null, "INFORM": null, "SCAMIN": 8000 }, "geometry": { "type": "Point", "coordinates": [ 27.854105, 44.260163 ] } },
{ "type": "Feature", "properties": { "wtwdis": 9.0, "catdis": null, "OBJNAM": null, "INFORM": null, "SCAMIN": 8000 }, "geometry": { "type": "Point", "coordinates": [ 27.856801, 44.259772 ] } },
{ "type": "Feature", "properties": { "wtwdis": 8.0, "catdis": null, "OBJNAM": null, "INFORM": null, "SCAMIN": 8000 }, "geometry": { "type": "Point", "coordinates": [ 27.858012, 44.259615 ] } },
{ "type": "Feature", "properties": { "wtwdis": 7.0, "catdis": null, "OBJNAM": null, "INFORM": null, "SCAMIN": 8000 }, "geometry": { "type": "Point", "coordinates": [ 27.85914, 44.259266 ] } },
{ "type": "Feature", "properties": { "wtwdis": 6.0, "catdis": null, "OBJNAM": null, "INFORM": null, "SCAMIN": 8000 }, "geometry": { "type": "Point", "coordinates": [ 27.860285, 44.258944 ] } },
{ "type": "Feature", "properties": { "wtwdis": 5.0, "catdis": null, "OBJNAM": null, "INFORM": null, "SCAMIN": 8000 }, "geometry": { "type": "Point", "coordinates": [ 27.86138, 44.258542 ] } },
{ "type": "Feature", "properties": { "wtwdis": 4.0, "catdis": null, "OBJNAM": null, "INFORM": null, "SCAMIN": 8000 }, "geometry": { "type": "Point", "coordinates": [ 27.862488, 44.258162 ] } },
{ "type": "Feature", "properties": { "wtwdis": 3.0, "catdis": null, "OBJNAM": null, "INFORM": null, "SCAMIN": 8000 }, "geometry": { "type": "Point", "coordinates": [ 27.863565, 44.257735 ] } },
{ "type": "Feature", "properties": { "wtwdis": 2.0, "catdis": null, "OBJNAM": null, "INFORM": null, "SCAMIN": 8000 }, "geometry": { "type": "Point", "coordinates": [ 27.864617, 44.257277 ] } },
{ "type": "Feature", "properties": { "wtwdis": 1.0, "catdis": null, "OBJNAM": null, "INFORM": null, "SCAMIN": 8000 }, "geometry": { "type": "Point", "coordinates": [ 27.865682, 44.256836 ] } },
{ "type": "Feature", "properties": { "wtwdis": 9.0, "catdis": null, "OBJNAM": null, "INFORM": null, "SCAMIN": 8000 }, "geometry": { "type": "Point", "coordinates": [ 27.867863, 44.256004 ] } },
{ "type": "Feature", "properties": { "wtwdis": 8.0, "catdis": null, "OBJNAM": null, "INFORM": null, "SCAMIN": 8000 }, "geometry": { "type": "Point", "coordinates": [ 27.869074, 44.255721 ] } },
{ "type": "Feature", "properties": { "wtwdis": 7.0, "catdis": null, "OBJNAM": null, "INFORM": null, "SCAMIN": 8000 }, "geometry": { "type": "Point", "coordinates": [ 27.870285, 44.255437 ] } },
{ "type": "Feature", "properties": { "wtwdis": 6.0, "catdis": null, "OBJNAM": null, "INFORM": null, "SCAMIN": 8000 }, "geometry": { "type": "Point", "coordinates": [ 27.871486, 44.255133 ] } },
{ "type": "Feature", "properties": { "wtwdis": 5.0, "catdis": null, "OBJNAM": null, "INFORM": null, "SCAMIN": 8000 }, "geometry": { "type": "Point", "coordinates": [ 27.872731, 44.254947 ] } },
{ "type": "Feature", "properties": { "wtwdis": 4.0, "catdis": null, "OBJNAM": null, "INFORM": null, "SCAMIN": 8000 }, "geometry": { "type": "Point", "coordinates": [ 27.873985, 44.254799 ] } },
{ "type": "Feature", "properties": { "wtwdis": 5.0, "catdis": null, "OBJNAM": null, "INFORM": null, "SCAMIN": 8000 }, "geometry": { "type": "Point", "coordinates": [ 27.90945, 44.250538 ] } },
{ "type": "Feature", "properties": { "wtwdis": 4.0, "catdis": null, "OBJNAM": null, "INFORM": null, "SCAMIN": 8000 }, "geometry": { "type": "Point", "coordinates": [ 27.910532, 44.250324 ] } },
{ "type": "Feature", "properties": { "wtwdis": 3.0, "catdis": null, "OBJNAM": null, "INFORM": null, "SCAMIN": 8000 }, "geometry": { "type": "Point", "coordinates": [ 27.911622, 44.250132 ] } },
{ "type": "Feature", "properties": { "wtwdis": 2.0, "catdis": null, "OBJNAM": null, "INFORM": null, "SCAMIN": 8000 }, "geometry": { "type": "Point", "coordinates": [ 27.912722, 44.24997 ] } },
{ "type": "Feature", "properties": { "wtwdis": 1.0, "catdis": null, "OBJNAM": null, "INFORM": null, "SCAMIN": 8000 }, "geometry": { "type": "Point", "coordinates": [ 27.913822, 44.249808 ] } },
{ "type": "Feature", "properties": { "wtwdis": 9.0, "catdis": null, "OBJNAM": null, "INFORM": null, "SCAMIN": 8000 }, "geometry": { "type": "Point", "coordinates": [ 27.9162, 44.249565 ] } },
{ "type": "Feature", "properties": { "wtwdis": 330.0, "catdis": 3, "OBJNAM": null, "INFORM": null, "SCAMIN": 22000 }, "geometry": { "type": "Point", "coordinates": [ 27.747616, 44.211826 ] } },
{ "type": "Feature", "properties": { "wtwdis": 329.0, "catdis": 3, "OBJNAM": null, "INFORM": null, "SCAMIN": 22000 }, "geometry": { "type": "Point", "coordinates": [ 27.756049, 44.218602 ] } },
{ "type": "Feature", "properties": { "wtwdis": 328.0, "catdis": 3, "OBJNAM": null, "INFORM": null, "SCAMIN": 22000 }, "geometry": { "type": "Point", "coordinates": [ 27.765158, 44.227072 ] } },
{ "type": "Feature", "properties": { "wtwdis": 326.0, "catdis": 3, "OBJNAM": null, "INFORM": null, "SCAMIN": 22000 }, "geometry": { "type": "Point", "coordinates": [ 27.786994, 44.234837 ] } },
{ "type": "Feature", "properties": { "wtwdis": 325.0, "catdis": 3, "OBJNAM": null, "INFORM": null, "SCAMIN": 22000 }, "geometry": { "type": "Point", "coordinates": [ 27.79692, 44.235895 ] } },
{ "type": "Feature", "properties": { "wtwdis": 325.0, "catdis": 1, "OBJNAM": null, "INFORM": null, "SCAMIN": 22000 }, "geometry": { "type": "Point", "coordinates": [ 27.796579, 44.237149 ] } },
{ "type": "Feature", "properties": { "wtwdis": 326.0, "catdis": 1, "OBJNAM": null, "INFORM": null, "SCAMIN": 22000 }, "geometry": { "type": "Point", "coordinates": [ 27.785821, 44.236238 ] } },
{ "type": "Feature", "properties": { "wtwdis": 327.0, "catdis": 1, "OBJNAM": null, "INFORM": null, "SCAMIN": 22000 }, "geometry": { "type": "Point", "coordinates": [ 27.774071, 44.231557 ] } },
{ "type": "Feature", "properties": { "wtwdis": 328.0, "catdis": 1, "OBJNAM": null, "INFORM": null, "SCAMIN": 22000 }, "geometry": { "type": "Point", "coordinates": [ 27.765907, 44.226382 ] } },
{ "type": "Feature", "properties": { "wtwdis": 329.0, "catdis": 1, "OBJNAM": null, "INFORM": null, "SCAMIN": 22000 }, "geometry": { "type": "Point", "coordinates": [ 27.757536, 44.217638 ] } },
{ "type": "Feature", "properties": { "wtwdis": 330.0, "catdis": 1, "OBJNAM": null, "INFORM": null, "SCAMIN": 22000 }, "geometry": { "type": "Point", "coordinates": [ 27.749077, 44.2109 ] } },
{ "type": "Feature", "properties": { "wtwdis": 331.0, "catdis": 1, "OBJNAM": null, "INFORM": null, "SCAMIN": 22000 }, "geometry": { "type": "Point", "coordinates": [ 27.737506, 44.201282 ] } },
{ "type": "Feature", "properties": { "wtwdis": 3.0, "catdis": null, "OBJNAM": null, "INFORM": null, "SCAMIN": 8000 }, "geometry": { "type": "Point", "coordinates": [ 27.805874, 44.236986 ] } },
{ "type": "Feature", "properties": { "wtwdis": 4.0, "catdis": null, "OBJNAM": null, "INFORM": null, "SCAMIN": 8000 }, "geometry": { "type": "Point", "coordinates": [ 27.804586, 44.23687 ] } },
{ "type": "Feature", "properties": { "wtwdis": 5.0, "catdis": null, "OBJNAM": null, "INFORM": null, "SCAMIN": 8000 }, "geometry": { "type": "Point", "coordinates": [ 27.803297, 44.236755 ] } },
{ "type": "Feature", "properties": { "wtwdis": 6.0, "catdis": null, "OBJNAM": null, "INFORM": null, "SCAMIN": 8000 }, "geometry": { "type": "Point", "coordinates": [ 27.802013, 44.236624 ] } },
{ "type": "Feature", "properties": { "wtwdis": 7.0, "catdis": null, "OBJNAM": null, "INFORM": null, "SCAMIN": 8000 }, "geometry": { "type": "Point", "coordinates": [ 27.80074, 44.236442 ] } },
{ "type": "Feature", "properties": { "wtwdis": 8.0, "catdis": null, "OBJNAM": null, "INFORM": null, "SCAMIN": 8000 }, "geometry": { "type": "Point", "coordinates": [ 27.799467, 44.23626 ] } },
{ "type": "Feature", "properties": { "wtwdis": 9.0, "catdis": null, "OBJNAM": null, "INFORM": null, "SCAMIN": 8000 }, "geometry": { "type": "Point", "coordinates": [ 27.798194, 44.236078 ] } },
{ "type": "Feature", "properties": { "wtwdis": 9.0, "catdis": null, "OBJNAM": null, "INFORM": null, "SCAMIN": 8000 }, "geometry": { "type": "Point", "coordinates": [ 27.787869, 44.235212 ] } },
{ "type": "Feature", "properties": { "wtwdis": 3.0, "catdis": null, "OBJNAM": null, "INFORM": null, "SCAMIN": 8000 }, "geometry": { "type": "Point", "coordinates": [ 27.746661, 44.206942 ] } },
{ "type": "Feature", "properties": { "wtwdis": 4.0, "catdis": null, "OBJNAM": null, "INFORM": null, "SCAMIN": 8000 }, "geometry": { "type": "Point", "coordinates": [ 27.745368, 44.205904 ] } },
{ "type": "Feature", "properties": { "wtwdis": 4.0, "catdis": null, "OBJNAM": null, "INFORM": null, "SCAMIN": 8000 }, "geometry": { "type": "Point", "coordinates": [ 27.743036, 44.208602 ] } },
{ "type": "Feature", "properties": { "wtwdis": 3.0, "catdis": null, "OBJNAM": null, "INFORM": null, "SCAMIN": 8000 }, "geometry": { "type": "Point", "coordinates": [ 27.744184, 44.209407 ] } },
{ "type": "Feature", "properties": { "wtwdis": 2.0, "catdis": null, "OBJNAM": null, "INFORM": null, "SCAMIN": 8000 }, "geometry": { "type": "Point", "coordinates": [ 27.74533, 44.210213 ] } },
{ "type": "Feature", "properties": { "wtwdis": 1.0, "catdis": null, "OBJNAM": null, "INFORM": null, "SCAMIN": 8000 }, "geometry": { "type": "Point", "coordinates": [ 27.746477, 44.211019 ] } },
{ "type": "Feature", "properties": { "wtwdis": 9.0, "catdis": null, "OBJNAM": null, "INFORM": null, "SCAMIN": 8000 }, "geometry": { "type": "Point", "coordinates": [ 27.748535, 44.212458 ] } },
{ "type": "Feature", "properties": { "wtwdis": 8.0, "catdis": null, "OBJNAM": null, "INFORM": null, "SCAMIN": 8000 }, "geometry": { "type": "Point", "coordinates": [ 27.749446, 44.21309 ] } },
{ "type": "Feature", "properties": { "wtwdis": 7.0, "catdis": null, "OBJNAM": null, "INFORM": null, "SCAMIN": 8000 }, "geometry": { "type": "Point", "coordinates": [ 27.750309, 44.213753 ] } },
{ "type": "Feature", "properties": { "wtwdis": 6.0, "catdis": null, "OBJNAM": null, "INFORM": null, "SCAMIN": 8000 }, "geometry": { "type": "Point", "coordinates": [ 27.75108, 44.214475 ] } },
{ "type": "Feature", "properties": { "wtwdis": 5.0, "catdis": null, "OBJNAM": null, "INFORM": null, "SCAMIN": 8000 }, "geometry": { "type": "Point", "coordinates": [ 27.751852, 44.215197 ] } },
{ "type": "Feature", "properties": { "wtwdis": 4.0, "catdis": null, "OBJNAM": null, "INFORM": null, "SCAMIN": 8000 }, "geometry": { "type": "Point", "coordinates": [ 27.752624, 44.215919 ] } },
{ "type": "Feature", "properties": { "wtwdis": 3.0, "catdis": null, "OBJNAM": null, "INFORM": null, "SCAMIN": 8000 }, "geometry": { "type": "Point", "coordinates": [ 27.75348, 44.21659 ] } },
{ "type": "Feature", "properties": { "wtwdis": 2.0, "catdis": null, "OBJNAM": null, "INFORM": null, "SCAMIN": 8000 }, "geometry": { "type": "Point", "coordinates": [ 27.754336, 44.21726 ] } },
{ "type": "Feature", "properties": { "wtwdis": 1.0, "catdis": null, "OBJNAM": null, "INFORM": null, "SCAMIN": 8000 }, "geometry": { "type": "Point", "coordinates": [ 27.755193, 44.217931 ] } },
{ "type": "Feature", "properties": { "wtwdis": 9.0, "catdis": null, "OBJNAM": null, "INFORM": null, "SCAMIN": 8000 }, "geometry": { "type": "Point", "coordinates": [ 27.757049, 44.219397 ] } },
{ "type": "Feature", "properties": { "wtwdis": 8.0, "catdis": null, "OBJNAM": null, "INFORM": null, "SCAMIN": 8000 }, "geometry": { "type": "Point", "coordinates": [ 27.75805, 44.220192 ] } },
{ "type": "Feature", "properties": { "wtwdis": 7.0, "catdis": null, "OBJNAM": null, "INFORM": null, "SCAMIN": 8000 }, "geometry": { "type": "Point", "coordinates": [ 27.758916, 44.221063 ] } },
{ "type": "Feature", "properties": { "wtwdis": 6.0, "catdis": null, "OBJNAM": null, "INFORM": null, "SCAMIN": 8000 }, "geometry": { "type": "Point", "coordinates": [ 27.759762, 44.221945 ] } },
{ "type": "Feature", "properties": { "wtwdis": 5.0, "catdis": null, "OBJNAM": null, "INFORM": null, "SCAMIN": 8000 }, "geometry": { "type": "Point", "coordinates": [ 27.760609, 44.222828 ] } },
{ "type": "Feature", "properties": { "wtwdis": 4.0, "catdis": null, "OBJNAM": null, "INFORM": null, "SCAMIN": 8000 }, "geometry": { "type": "Point", "coordinates": [ 27.761478, 44.223698 ] } },
{ "type": "Feature", "properties": { "wtwdis": 3.0, "catdis": null, "OBJNAM": null, "INFORM": null, "SCAMIN": 8000 }, "geometry": { "type": "Point", "coordinates": [ 27.762398, 44.224542 ] } },
{ "type": "Feature", "properties": { "wtwdis": 2.0, "catdis": null, "OBJNAM": null, "INFORM": null, "SCAMIN": 8000 }, "geometry": { "type": "Point", "coordinates": [ 27.763318, 44.225385 ] } },
{ "type": "Feature", "properties": { "wtwdis": 1.0, "catdis": null, "OBJNAM": null, "INFORM": null, "SCAMIN": 8000 }, "geometry": { "type": "Point", "coordinates": [ 27.764239, 44.226229 ] } },
{ "type": "Feature", "properties": { "wtwdis": 9.0, "catdis": null, "OBJNAM": null, "INFORM": null, "SCAMIN": 8000 }, "geometry": { "type": "Point", "coordinates": [ 27.765846, 44.227712 ] } },
{ "type": "Feature", "properties": { "wtwdis": 8.0, "catdis": null, "OBJNAM": null, "INFORM": null, "SCAMIN": 8000 }, "geometry": { "type": "Point", "coordinates": [ 27.766534, 44.228352 ] } },
{ "type": "Feature", "properties": { "wtwdis": 7.0, "catdis": null, "OBJNAM": null, "INFORM": null, "SCAMIN": 8000 }, "geometry": { "type": "Point", "coordinates": [ 27.767222, 44.228992 ] } },
{ "type": "Feature", "properties": { "wtwdis": 6.0, "catdis": null, "OBJNAM": null, "INFORM": null, "SCAMIN": 8000 }, "geometry": { "type": "Point", "coordinates": [ 27.76791, 44.229632 ] } },
{ "type": "Feature", "properties": { "wtwdis": 8.0, "catdis": null, "OBJNAM": null, "INFORM": null, "SCAMIN": 8000 }, "geometry": { "type": "Point", "coordinates": [ 27.774956, 44.234067 ] } },
{ "type": "Feature", "properties": { "wtwdis": 7.0, "catdis": null, "OBJNAM": null, "INFORM": null, "SCAMIN": 8000 }, "geometry": { "type": "Point", "coordinates": [ 27.776123, 44.234571 ] } },
{ "type": "Feature", "properties": { "wtwdis": 6.0, "catdis": null, "OBJNAM": null, "INFORM": null, "SCAMIN": 8000 }, "geometry": { "type": "Point", "coordinates": [ 27.777308, 44.235053 ] } },
{ "type": "Feature", "properties": { "wtwdis": 5.0, "catdis": null, "OBJNAM": null, "INFORM": null, "SCAMIN": 8000 }, "geometry": { "type": "Point", "coordinates": [ 27.7785, 44.235526 ] } },
{ "type": "Feature", "properties": { "wtwdis": 4.0, "catdis": null, "OBJNAM": null, "INFORM": null, "SCAMIN": 8000 }, "geometry": { "type": "Point", "coordinates": [ 27.779712, 44.235972 ] } },
{ "type": "Feature", "properties": { "wtwdis": 3.0, "catdis": null, "OBJNAM": null, "INFORM": null, "SCAMIN": 8000 }, "geometry": { "type": "Point", "coordinates": [ 27.780925, 44.236418 ] } },
{ "type": "Feature", "properties": { "wtwdis": 2.0, "catdis": null, "OBJNAM": null, "INFORM": null, "SCAMIN": 8000 }, "geometry": { "type": "Point", "coordinates": [ 27.782122, 44.236885 ] } },
{ "type": "Feature", "properties": { "wtwdis": 1.0, "catdis": null, "OBJNAM": null, "INFORM": null, "SCAMIN": 8000 }, "geometry": { "type": "Point", "coordinates": [ 27.783317, 44.237354 ] } },
{ "type": "Feature", "properties": { "wtwdis": 341.0, "catdis": 3, "OBJNAM": null, "INFORM": null, "SCAMIN": 22000 }, "geometry": { "type": "Point", "coordinates": [ 27.621733, 44.203257 ] } },
{ "type": "Feature", "properties": { "wtwdis": 340.0, "catdis": 3, "OBJNAM": null, "INFORM": null, "SCAMIN": 22000 }, "geometry": { "type": "Point", "coordinates": [ 27.636383, 44.208583 ] } },
{ "type": "Feature", "properties": { "wtwdis": 339.0, "catdis": 3, "OBJNAM": null, "INFORM": null, "SCAMIN": 22000 }, "geometry": { "type": "Point", "coordinates": [ 27.644868, 44.208519 ] } },
{ "type": "Feature", "properties": { "wtwdis": 338.0, "catdis": 3, "OBJNAM": null, "INFORM": null, "SCAMIN": 22000 }, "geometry": { "type": "Point", "coordinates": [ 27.653991, 44.206469 ] } },
{ "type": "Feature", "properties": { "wtwdis": 338.0, "catdis": 3, "OBJNAM": null, "INFORM": null, "SCAMIN": 22000 }, "geometry": { "type": "Point", "coordinates": [ 27.652808, 44.203662 ] } },
{ "type": "Feature", "properties": { "wtwdis": 337.0, "catdis": 3, "OBJNAM": null, "INFORM": null, "SCAMIN": 22000 }, "geometry": { "type": "Point", "coordinates": [ 27.665878, 44.199848 ] } },
{ "type": "Feature", "properties": { "wtwdis": 336.0, "catdis": 3, "OBJNAM": null, "INFORM": null, "SCAMIN": 22000 }, "geometry": { "type": "Point", "coordinates": [ 27.681963, 44.199589 ] } },
{ "type": "Feature", "properties": { "wtwdis": 335.0, "catdis": 3, "OBJNAM": null, "INFORM": null, "SCAMIN": 22000 }, "geometry": { "type": "Point", "coordinates": [ 27.695654, 44.200189 ] } },
{ "type": "Feature", "properties": { "wtwdis": 333.0, "catdis": 3, "OBJNAM": null, "INFORM": null, "SCAMIN": 22000 }, "geometry": { "type": "Point", "coordinates": [ 27.716539, 44.194117 ] } },
{ "type": "Feature", "properties": { "wtwdis": 332.0, "catdis": 1, "OBJNAM": null, "INFORM": null, "SCAMIN": 22000 }, "geometry": { "type": "Point", "coordinates": [ 27.730302, 44.197912 ] } },
{ "type": "Feature", "properties": { "wtwdis": 333.0, "catdis": 1, "OBJNAM": null, "INFORM": null, "SCAMIN": 22000 }, "geometry": { "type": "Point", "coordinates": [ 27.716261, 44.195639 ] } },
{ "type": "Feature", "properties": { "wtwdis": 334.0, "catdis": 1, "OBJNAM": null, "INFORM": null, "SCAMIN": 22000 }, "geometry": { "type": "Point", "coordinates": [ 27.706122, 44.196103 ] } },
{ "type": "Feature", "properties": { "wtwdis": 335.0, "catdis": 1, "OBJNAM": null, "INFORM": null, "SCAMIN": 22000 }, "geometry": { "type": "Point", "coordinates": [ 27.694478, 44.198947 ] } },
{ "type": "Feature", "properties": { "wtwdis": 336.0, "catdis": 1, "OBJNAM": null, "INFORM": null, "SCAMIN": 22000 }, "geometry": { "type": "Point", "coordinates": [ 27.682129, 44.200636 ] } },
{ "type": "Feature", "properties": { "wtwdis": 337.0, "catdis": 1, "OBJNAM": null, "INFORM": null, "SCAMIN": 22000 }, "geometry": { "type": "Point", "coordinates": [ 27.666335, 44.200861 ] } },
{ "type": "Feature", "properties": { "wtwdis": 338.0, "catdis": 1, "OBJNAM": null, "INFORM": null, "SCAMIN": 22000 }, "geometry": { "type": "Point", "coordinates": [ 27.653439, 44.205159 ] } },
{ "type": "Feature", "properties": { "wtwdis": 339.0, "catdis": 1, "OBJNAM": null, "INFORM": null, "SCAMIN": 22000 }, "geometry": { "type": "Point", "coordinates": [ 27.64476, 44.207227 ] } },
{ "type": "Feature", "properties": { "wtwdis": 340.0, "catdis": 1, "OBJNAM": null, "INFORM": null, "SCAMIN": 22000 }, "geometry": { "type": "Point", "coordinates": [ 27.636225, 44.207213 ] } },
{ "type": "Feature", "properties": { "wtwdis": 341.0, "catdis": 1, "OBJNAM": null, "INFORM": null, "SCAMIN": 22000 }, "geometry": { "type": "Point", "coordinates": [ 27.622805, 44.20207 ] } },
{ "type": "Feature", "properties": { "wtwdis": 1.0, "catdis": null, "OBJNAM": null, "INFORM": null, "SCAMIN": 8000 }, "geometry": { "type": "Point", "coordinates": [ 27.729962, 44.196104 ] } },
{ "type": "Feature", "properties": { "wtwdis": 2.0, "catdis": null, "OBJNAM": null, "INFORM": null, "SCAMIN": 8000 }, "geometry": { "type": "Point", "coordinates": [ 27.728475, 44.195861 ] } },
{ "type": "Feature", "properties": { "wtwdis": 3.0, "catdis": null, "OBJNAM": null, "INFORM": null, "SCAMIN": 8000 }, "geometry": { "type": "Point", "coordinates": [ 27.726988, 44.195617 ] } },
{ "type": "Feature", "properties": { "wtwdis": 4.0, "catdis": null, "OBJNAM": null, "INFORM": null, "SCAMIN": 8000 }, "geometry": { "type": "Point", "coordinates": [ 27.725517, 44.195328 ] } },
{ "type": "Feature", "properties": { "wtwdis": 5.0, "catdis": null, "OBJNAM": null, "INFORM": null, "SCAMIN": 8000 }, "geometry": { "type": "Point", "coordinates": [ 27.724045, 44.195043 ] } },
{ "type": "Feature", "properties": { "wtwdis": 6.0, "catdis": null, "OBJNAM": null, "INFORM": null, "SCAMIN": 8000 }, "geometry": { "type": "Point", "coordinates": [ 27.722565, 44.194783 ] } },
{ "type": "Feature", "properties": { "wtwdis": 7.0, "catdis": null, "OBJNAM": null, "INFORM": null, "SCAMIN": 8000 }, "geometry": { "type": "Point", "coordinates": [ 27.721065, 44.194585 ] } },
{ "type": "Feature", "properties": { "wtwdis": 8.0, "catdis": null, "OBJNAM": null, "INFORM": null, "SCAMIN": 8000 }, "geometry": { "type": "Point", "coordinates": [ 27.719564, 44.194392 ] } },
{ "type": "Feature", "properties": { "wtwdis": 9.0, "catdis": null, "OBJNAM": null, "INFORM": null, "SCAMIN": 8000 }, "geometry": { "type": "Point", "coordinates": [ 27.718052, 44.194254 ] } },
{ "type": "Feature", "properties": { "wtwdis": 1.0, "catdis": null, "OBJNAM": null, "INFORM": null, "SCAMIN": 8000 }, "geometry": { "type": "Point", "coordinates": [ 27.715497, 44.194078 ] } },
{ "type": "Feature", "properties": { "wtwdis": 2.0, "catdis": null, "OBJNAM": null, "INFORM": null, "SCAMIN": 8000 }, "geometry": { "type": "Point", "coordinates": [ 27.714456, 44.19404 ] } },
{ "type": "Feature", "properties": { "wtwdis": 3.0, "catdis": null, "OBJNAM": null, "INFORM": null, "SCAMIN": 8000 }, "geometry": { "type": "Point", "coordinates": [ 27.713414, 44.194001 ] } },
{ "type": "Feature", "properties": { "wtwdis": 4.0, "catdis": null, "OBJNAM": null, "INFORM": null, "SCAMIN": 8000 }, "geometry": { "type": "Point", "coordinates": [ 27.712373, 44.193963 ] } },
{ "type": "Feature", "properties": { "wtwdis": 7.0, "catdis": null, "OBJNAM": null, "INFORM": null, "SCAMIN": 8000 }, "geometry": { "type": "Point", "coordinates": [ 27.685156, 44.198923 ] } },
{ "type": "Feature", "properties": { "wtwdis": 8.0, "catdis": null, "OBJNAM": null, "INFORM": null, "SCAMIN": 8000 }, "geometry": { "type": "Point", "coordinates": [ 27.684098, 44.199163 ] } },
{ "type": "Feature", "properties": { "wtwdis": 9.0, "catdis": null, "OBJNAM": null, "INFORM": null, "SCAMIN": 8000 }, "geometry": { "type": "Point", "coordinates": [ 27.683041, 44.199402 ] } },
{ "type": "Feature", "properties": { "wtwdis": 1.0, "catdis": null, "OBJNAM": null, "INFORM": null, "SCAMIN": 8000 }, "geometry": { "type": "Point", "coordinates": [ 27.68034, 44.199666 ] } },
{ "type": "Feature", "properties": { "wtwdis": 2.0, "catdis": null, "OBJNAM": null, "INFORM": null, "SCAMIN": 8000 }, "geometry": { "type": "Point", "coordinates": [ 27.678714, 44.199672 ] } },
{ "type": "Feature", "properties": { "wtwdis": 3.0, "catdis": null, "OBJNAM": null, "INFORM": null, "SCAMIN": 8000 }, "geometry": { "type": "Point", "coordinates": [ 27.677088, 44.199622 ] } },
{ "type": "Feature", "properties": { "wtwdis": 4.0, "catdis": null, "OBJNAM": null, "INFORM": null, "SCAMIN": 8000 }, "geometry": { "type": "Point", "coordinates": [ 27.675472, 44.199491 ] } },
{ "type": "Feature", "properties": { "wtwdis": 5.0, "catdis": null, "OBJNAM": null, "INFORM": null, "SCAMIN": 8000 }, "geometry": { "type": "Point", "coordinates": [ 27.673869, 44.199291 ] } },
{ "type": "Feature", "properties": { "wtwdis": 6.0, "catdis": null, "OBJNAM": null, "INFORM": null, "SCAMIN": 8000 }, "geometry": { "type": "Point", "coordinates": [ 27.672249, 44.199175 ] } },
{ "type": "Feature", "properties": { "wtwdis": 7.0, "catdis": null, "OBJNAM": null, "INFORM": null, "SCAMIN": 8000 }, "geometry": { "type": "Point", "coordinates": [ 27.670626, 44.199177 ] } },
{ "type": "Feature", "properties": { "wtwdis": 8.0, "catdis": null, "OBJNAM": null, "INFORM": null, "SCAMIN": 8000 }, "geometry": { "type": "Point", "coordinates": [ 27.669005, 44.199264 ] } },
{ "type": "Feature", "properties": { "wtwdis": 9.0, "catdis": null, "OBJNAM": null, "INFORM": null, "SCAMIN": 8000 }, "geometry": { "type": "Point", "coordinates": [ 27.667399, 44.199455 ] } },
{ "type": "Feature", "properties": { "wtwdis": 1.0, "catdis": null, "OBJNAM": null, "INFORM": null, "SCAMIN": 8000 }, "geometry": { "type": "Point", "coordinates": [ 27.664576, 44.200252 ] } },
{ "type": "Feature", "properties": { "wtwdis": 2.0, "catdis": null, "OBJNAM": null, "INFORM": null, "SCAMIN": 8000 }, "geometry": { "type": "Point", "coordinates": [ 27.663318, 44.200717 ] } },
{ "type": "Feature", "properties": { "wtwdis": 3.0, "catdis": null, "OBJNAM": null, "INFORM": null, "SCAMIN": 8000 }, "geometry": { "type": "Point", "coordinates": [ 27.662045, 44.201165 ] } },
{ "type": "Feature", "properties": { "wtwdis": 4.0, "catdis": null, "OBJNAM": null, "INFORM": null, "SCAMIN": 8000 }, "geometry": { "type": "Point", "coordinates": [ 27.660762, 44.201599 ] } },
{ "type": "Feature", "properties": { "wtwdis": 5.0, "catdis": null, "OBJNAM": null, "INFORM": null, "SCAMIN": 8000 }, "geometry": { "type": "Point", "coordinates": [ 27.659501, 44.202066 ] } },
{ "type": "Feature", "properties": { "wtwdis": 6.0, "catdis": null, "OBJNAM": null, "INFORM": null, "SCAMIN": 8000 }, "geometry": { "type": "Point", "coordinates": [ 27.658232, 44.202518 ] } },
{ "type": "Feature", "properties": { "wtwdis": 7.0, "catdis": null, "OBJNAM": null, "INFORM": null, "SCAMIN": 8000 }, "geometry": { "type": "Point", "coordinates": [ 27.656921, 44.202906 ] } },
{ "type": "Feature", "properties": { "wtwdis": 8.0, "catdis": null, "OBJNAM": null, "INFORM": null, "SCAMIN": 8000 }, "geometry": { "type": "Point", "coordinates": [ 27.65558, 44.203233 ] } },
{ "type": "Feature", "properties": { "wtwdis": 9.0, "catdis": null, "OBJNAM": null, "INFORM": null, "SCAMIN": 8000 }, "geometry": { "type": "Point", "coordinates": [ 27.654198, 44.203459 ] } },
{ "type": "Feature", "properties": { "wtwdis": 1.0, "catdis": null, "OBJNAM": null, "INFORM": null, "SCAMIN": 8000 }, "geometry": { "type": "Point", "coordinates": [ 27.622291, 44.200212 ] } },
{ "type": "Feature", "properties": { "wtwdis": 2.0, "catdis": null, "OBJNAM": null, "INFORM": null, "SCAMIN": 8000 }, "geometry": { "type": "Point", "coordinates": [ 27.620524, 44.199706 ] } },
{ "type": "Feature", "properties": { "wtwdis": 3.0, "catdis": null, "OBJNAM": null, "INFORM": null, "SCAMIN": 8000 }, "geometry": { "type": "Point", "coordinates": [ 27.619009, 44.198917 ] } },
{ "type": "Feature", "properties": { "wtwdis": 3.0, "catdis": null, "OBJNAM": null, "INFORM": null, "SCAMIN": 8000 }, "geometry": { "type": "Point", "coordinates": [ 27.617538, 44.201593 ] } },
{ "type": "Feature", "properties": { "wtwdis": 2.0, "catdis": null, "OBJNAM": null, "INFORM": null, "SCAMIN": 8000 }, "geometry": { "type": "Point", "coordinates": [ 27.618937, 44.202148 ] } },
{ "type": "Feature", "properties": { "wtwdis": 1.0, "catdis": null, "OBJNAM": null, "INFORM": null, "SCAMIN": 8000 }, "geometry": { "type": "Point", "coordinates": [ 27.620335, 44.202703 ] } },
{ "type": "Feature", "properties": { "wtwdis": 9.0, "catdis": null, "OBJNAM": null, "INFORM": null, "SCAMIN": 8000 }, "geometry": { "type": "Point", "coordinates": [ 27.623149, 44.2039 ] } },
{ "type": "Feature", "properties": { "wtwdis": 8.0, "catdis": null, "OBJNAM": null, "INFORM": null, "SCAMIN": 8000 }, "geometry": { "type": "Point", "coordinates": [ 27.624564, 44.204543 ] } },
{ "type": "Feature", "properties": { "wtwdis": 7.0, "catdis": null, "OBJNAM": null, "INFORM": null, "SCAMIN": 8000 }, "geometry": { "type": "Point", "coordinates": [ 27.626008, 44.205151 ] } },
{ "type": "Feature", "properties": { "wtwdis": 6.0, "catdis": null, "OBJNAM": null, "INFORM": null, "SCAMIN": 8000 }, "geometry": { "type": "Point", "coordinates": [ 27.627444, 44.205762 ] } },
{ "type": "Feature", "properties": { "wtwdis": 5.0, "catdis": null, "OBJNAM": null, "INFORM": null, "SCAMIN": 8000 }, "geometry": { "type": "Point", "coordinates": [ 27.628748, 44.206516 ] } },
{ "type": "Feature", "properties": { "wtwdis": 4.0, "catdis": null, "OBJNAM": null, "INFORM": null, "SCAMIN": 8000 }, "geometry": { "type": "Point", "coordinates": [ 27.630189, 44.207125 ] } },
{ "type": "Feature", "properties": { "wtwdis": 1.0, "catdis": null, "OBJNAM": null, "INFORM": null, "SCAMIN": 8000 }, "geometry": { "type": "Point", "coordinates": [ 27.634715, 44.208506 ] } },
{ "type": "Feature", "properties": { "wtwdis": 9.0, "catdis": null, "OBJNAM": null, "INFORM": null, "SCAMIN": 8000 }, "geometry": { "type": "Point", "coordinates": [ 27.637233, 44.208598 ] } },
{ "type": "Feature", "properties": { "wtwdis": 8.0, "catdis": null, "OBJNAM": null, "INFORM": null, "SCAMIN": 8000 }, "geometry": { "type": "Point", "coordinates": [ 27.638083, 44.208614 ] } },
{ "type": "Feature", "properties": { "wtwdis": 7.0, "catdis": null, "OBJNAM": null, "INFORM": null, "SCAMIN": 8000 }, "geometry": { "type": "Point", "coordinates": [ 27.638932, 44.208635 ] } },
{ "type": "Feature", "properties": { "wtwdis": 6.0, "catdis": null, "OBJNAM": null, "INFORM": null, "SCAMIN": 8000 }, "geometry": { "type": "Point", "coordinates": [ 27.639782, 44.208655 ] } },
{ "type": "Feature", "properties": { "wtwdis": 5.0, "catdis": null, "OBJNAM": null, "INFORM": null, "SCAMIN": 8000 }, "geometry": { "type": "Point", "coordinates": [ 27.640631, 44.208634 ] } },
{ "type": "Feature", "properties": { "wtwdis": 4.0, "catdis": null, "OBJNAM": null, "INFORM": null, "SCAMIN": 8000 }, "geometry": { "type": "Point", "coordinates": [ 27.64148, 44.208609 ] } },
{ "type": "Feature", "properties": { "wtwdis": 3.0, "catdis": null, "OBJNAM": null, "INFORM": null, "SCAMIN": 8000 }, "geometry": { "type": "Point", "coordinates": [ 27.64233, 44.208618 ] } },
{ "type": "Feature", "properties": { "wtwdis": 2.0, "catdis": null, "OBJNAM": null, "INFORM": null, "SCAMIN": 8000 }, "geometry": { "type": "Point", "coordinates": [ 27.643179, 44.208636 ] } },
{ "type": "Feature", "properties": { "wtwdis": 1.0, "catdis": null, "OBJNAM": null, "INFORM": null, "SCAMIN": 8000 }, "geometry": { "type": "Point", "coordinates": [ 27.644025, 44.208597 ] } },
{ "type": "Feature", "properties": { "wtwdis": 9.0, "catdis": null, "OBJNAM": null, "INFORM": null, "SCAMIN": 8000 }, "geometry": { "type": "Point", "coordinates": [ 27.645804, 44.208382 ] } },
{ "type": "Feature", "properties": { "wtwdis": 8.0, "catdis": null, "OBJNAM": null, "INFORM": null, "SCAMIN": 8000 }, "geometry": { "type": "Point", "coordinates": [ 27.646719, 44.208175 ] } },
{ "type": "Feature", "properties": { "wtwdis": 7.0, "catdis": null, "OBJNAM": null, "INFORM": null, "SCAMIN": 8000 }, "geometry": { "type": "Point", "coordinates": [ 27.647608, 44.207915 ] } },
{ "type": "Feature", "properties": { "wtwdis": 6.0, "catdis": null, "OBJNAM": null, "INFORM": null, "SCAMIN": 8000 }, "geometry": { "type": "Point", "coordinates": [ 27.648507, 44.207675 ] } },
{ "type": "Feature", "properties": { "wtwdis": 5.0, "catdis": null, "OBJNAM": null, "INFORM": null, "SCAMIN": 8000 }, "geometry": { "type": "Point", "coordinates": [ 27.649437, 44.207525 ] } },
{ "type": "Feature", "properties": { "wtwdis": 4.0, "catdis": null, "OBJNAM": null, "INFORM": null, "SCAMIN": 8000 }, "geometry": { "type": "Point", "coordinates": [ 27.650335, 44.207297 ] } },
{ "type": "Feature", "properties": { "wtwdis": 3.0, "catdis": null, "OBJNAM": null, "INFORM": null, "SCAMIN": 8000 }, "geometry": { "type": "Point", "coordinates": [ 27.651255, 44.207106 ] } },
{ "type": "Feature", "properties": { "wtwdis": 2.0, "catdis": null, "OBJNAM": null, "INFORM": null, "SCAMIN": 8000 }, "geometry": { "type": "Point", "coordinates": [ 27.65217, 44.206897 ] } },
{ "type": "Feature", "properties": { "wtwdis": 1.0, "catdis": null, "OBJNAM": null, "INFORM": null, "SCAMIN": 8000 }, "geometry": { "type": "Point", "coordinates": [ 27.653068, 44.206657 ] } },
{ "type": "Feature", "properties": { "wtwdis": 9.0, "catdis": null, "OBJNAM": null, "INFORM": null, "SCAMIN": 8000 }, "geometry": { "type": "Point", "coordinates": [ 27.655336, 44.206216 ] } },
{ "type": "Feature", "properties": { "wtwdis": 3.0, "catdis": null, "OBJNAM": null, "INFORM": null, "SCAMIN": 8000 }, "geometry": { "type": "Point", "coordinates": [ 27.69179, 44.201189 ] } },
{ "type": "Feature", "properties": { "wtwdis": 2.0, "catdis": null, "OBJNAM": null, "INFORM": null, "SCAMIN": 8000 }, "geometry": { "type": "Point", "coordinates": [ 27.69311, 44.200914 ] } },
{ "type": "Feature", "properties": { "wtwdis": 1.0, "catdis": null, "OBJNAM": null, "INFORM": null, "SCAMIN": 8000 }, "geometry": { "type": "Point", "coordinates": [ 27.69441, 44.200605 ] } },
{ "type": "Feature", "properties": { "wtwdis": 9.0, "catdis": null, "OBJNAM": null, "INFORM": null, "SCAMIN": 8000 }, "geometry": { "type": "Point", "coordinates": [ 27.696698, 44.199953 ] } },
{ "type": "Feature", "properties": { "wtwdis": 8.0, "catdis": null, "OBJNAM": null, "INFORM": null, "SCAMIN": 8000 }, "geometry": { "type": "Point", "coordinates": [ 27.697727, 44.199661 ] } },
{ "type": "Feature", "properties": { "wtwdis": 7.0, "catdis": null, "OBJNAM": null, "INFORM": null, "SCAMIN": 8000 }, "geometry": { "type": "Point", "coordinates": [ 27.698751, 44.199359 ] } },
{ "type": "Feature", "properties": { "wtwdis": 6.0, "catdis": null, "OBJNAM": null, "INFORM": null, "SCAMIN": 8000 }, "geometry": { "type": "Point", "coordinates": [ 27.699738, 44.199 ] } },
{ "type": "Feature", "properties": { "wtwdis": 5.0, "catdis": null, "OBJNAM": null, "INFORM": null, "SCAMIN": 8000 }, "geometry": { "type": "Point", "coordinates": [ 27.700714, 44.198631 ] } },
{ "type": "Feature", "properties": { "wtwdis": 4.0, "catdis": null, "OBJNAM": null, "INFORM": null, "SCAMIN": 8000 }, "geometry": { "type": "Point", "coordinates": [ 27.701781, 44.198422 ] } },
{ "type": "Feature", "properties": { "wtwdis": 3.0, "catdis": null, "OBJNAM": null, "INFORM": null, "SCAMIN": 8000 }, "geometry": { "type": "Point", "coordinates": [ 27.702817, 44.198142 ] } },
{ "type": "Feature", "properties": { "wtwdis": 2.0, "catdis": null, "OBJNAM": null, "INFORM": null, "SCAMIN": 8000 }, "geometry": { "type": "Point", "coordinates": [ 27.703911, 44.19807 ] } },
{ "type": "Feature", "properties": { "wtwdis": 345.0, "catdis": 3, "OBJNAM": null, "INFORM": null, "SCAMIN": 22000 }, "geometry": { "type": "Point", "coordinates": [ 27.573246, 44.192592 ] } },
{ "type": "Feature", "properties": { "wtwdis": 344.0, "catdis": 3, "OBJNAM": null, "INFORM": null, "SCAMIN": 22000 }, "geometry": { "type": "Point", "coordinates": [ 27.587461, 44.197788 ] } },
{ "type": "Feature", "properties": { "wtwdis": 343.0, "catdis": 1, "OBJNAM": null, "INFORM": null, "SCAMIN": 22000 }, "geometry": { "type": "Point", "coordinates": [ 27.598972, 44.198033 ] } },
{ "type": "Feature", "properties": { "wtwdis": 344.0, "catdis": 1, "OBJNAM": null, "INFORM": null, "SCAMIN": 22000 }, "geometry": { "type": "Point", "coordinates": [ 27.588191, 44.196308 ] } },
{ "type": "Feature", "properties": { "wtwdis": 345.0, "catdis": 1, "OBJNAM": null, "INFORM": null, "SCAMIN": 22000 }, "geometry": { "type": "Point", "coordinates": [ 27.574206, 44.191634 ] } },
{ "type": "Feature", "properties": { "wtwdis": 346.0, "catdis": 1, "OBJNAM": null, "INFORM": null, "SCAMIN": 22000 }, "geometry": { "type": "Point", "coordinates": [ 27.562809, 44.187526 ] } },
{ "type": "Feature", "properties": { "wtwdis": 347.0, "catdis": 1, "OBJNAM": null, "INFORM": null, "SCAMIN": 22000 }, "geometry": { "type": "Point", "coordinates": [ 27.553816, 44.181385 ] } },
{ "type": "Feature", "properties": { "wtwdis": 7.0, "catdis": 3, "OBJNAM": null, "INFORM": null, "SCAMIN": 22000 }, "geometry": { "type": "Point", "coordinates": [ 27.575786, 44.218438 ] } },
{ "type": "Feature", "properties": { "wtwdis": 348.0, "catdis": 1, "OBJNAM": null, "INFORM": null, "SCAMIN": 22000 }, "geometry": { "type": "Point", "coordinates": [ 27.540428, 44.174148 ] } },
{ "type": "Feature", "properties": { "wtwdis": 7.0, "catdis": 1, "OBJNAM": null, "INFORM": null, "SCAMIN": 22000 }, "geometry": { "type": "Point", "coordinates": [ 27.574758, 44.217607 ] } },
{ "type": "Feature", "properties": { "wtwdis": 8.0, "catdis": 1, "OBJNAM": null, "INFORM": null, "SCAMIN": 22000 }, "geometry": { "type": "Point", "coordinates": [ 27.582867, 44.213998 ] } },
{ "type": "Feature", "properties": { "wtwdis": 8.0, "catdis": 1, "OBJNAM": null, "INFORM": null, "SCAMIN": 22000 }, "geometry": { "type": "Point", "coordinates": [ 27.584106, 44.215043 ] } },
{ "type": "Feature", "properties": { "wtwdis": 9.0, "catdis": 1, "OBJNAM": null, "INFORM": null, "SCAMIN": 22000 }, "geometry": { "type": "Point", "coordinates": [ 27.579075, 44.204962 ] } },
{ "type": "Feature", "properties": { "wtwdis": 1.0, "catdis": null, "OBJNAM": null, "INFORM": null, "SCAMIN": 8000 }, "geometry": { "type": "Point", "coordinates": [ 27.572155, 44.192242 ] } },
{ "type": "Feature", "properties": { "wtwdis": 9.0, "catdis": null, "OBJNAM": null, "INFORM": null, "SCAMIN": 8000 }, "geometry": { "type": "Point", "coordinates": [ 27.574605, 44.193201 ] } },
{ "type": "Feature", "properties": { "wtwdis": 8.0, "catdis": null, "OBJNAM": null, "INFORM": null, "SCAMIN": 8000 }, "geometry": { "type": "Point", "coordinates": [ 27.575998, 44.193768 ] } },
{ "type": "Feature", "properties": { "wtwdis": 7.0, "catdis": null, "OBJNAM": null, "INFORM": null, "SCAMIN": 8000 }, "geometry": { "type": "Point", "coordinates": [ 27.577422, 44.194295 ] } },
{ "type": "Feature", "properties": { "wtwdis": 6.0, "catdis": null, "OBJNAM": null, "INFORM": null, "SCAMIN": 8000 }, "geometry": { "type": "Point", "coordinates": [ 27.578843, 44.194826 ] } },
{ "type": "Feature", "properties": { "wtwdis": 5.0, "catdis": null, "OBJNAM": null, "INFORM": null, "SCAMIN": 8000 }, "geometry": { "type": "Point", "coordinates": [ 27.58022, 44.195414 ] } },
{ "type": "Feature", "properties": { "wtwdis": 9.0, "catdis": null, "OBJNAM": null, "INFORM": null, "SCAMIN": 8000 }, "geometry": { "type": "Point", "coordinates": [ 27.588607, 44.197991 ] } },
{ "type": "Feature", "properties": { "wtwdis": 8.0, "catdis": null, "OBJNAM": null, "INFORM": null, "SCAMIN": 8000 }, "geometry": { "type": "Point", "coordinates": [ 27.589716, 44.198281 ] } },
{ "type": "Feature", "properties": { "wtwdis": 7.0, "catdis": null, "OBJNAM": null, "INFORM": null, "SCAMIN": 8000 }, "geometry": { "type": "Point", "coordinates": [ 27.590849, 44.198522 ] } },
{ "type": "Feature", "properties": { "wtwdis": 0.0, "catdis": null, "OBJNAM": null, "INFORM": null, "SCAMIN": 8000 }, "geometry": { "type": "Point", "coordinates": [ 27.584106, 44.215043 ] } },
{ "type": "Feature", "properties": { "wtwdis": 8.0, "catdis": null, "OBJNAM": null, "INFORM": null, "SCAMIN": 8000 }, "geometry": { "type": "Point", "coordinates": [ 27.563838, 44.190925 ] } },
{ "type": "Feature", "properties": { "wtwdis": 6.0, "catdis": null, "OBJNAM": null, "INFORM": null, "SCAMIN": 8000 }, "geometry": { "type": "Point", "coordinates": [ 27.565723, 44.191895 ] } },
{ "type": "Feature", "properties": { "wtwdis": 5.0, "catdis": null, "OBJNAM": null, "INFORM": null, "SCAMIN": 8000 }, "geometry": { "type": "Point", "coordinates": [ 27.566605, 44.192435 ] } },
{ "type": "Feature", "properties": { "wtwdis": 4.0, "catdis": null, "OBJNAM": null, "INFORM": null, "SCAMIN": 8000 }, "geometry": { "type": "Point", "coordinates": [ 27.567423, 44.193024 ] } },
{ "type": "Feature", "properties": { "wtwdis": 3.0, "catdis": null, "OBJNAM": null, "INFORM": null, "SCAMIN": 8000 }, "geometry": { "type": "Point", "coordinates": [ 27.56816, 44.193667 ] } },
{ "type": "Feature", "properties": { "wtwdis": 4.0, "catdis": null, "OBJNAM": null, "INFORM": null, "SCAMIN": 8000 }, "geometry": { "type": "Point", "coordinates": [ 27.580806, 44.209663 ] } },
{ "type": "Feature", "properties": { "wtwdis": 5.0, "catdis": null, "OBJNAM": null, "INFORM": null, "SCAMIN": 8000 }, "geometry": { "type": "Point", "coordinates": [ 27.580428, 44.20897 ] } },
{ "type": "Feature", "properties": { "wtwdis": 6.0, "catdis": null, "OBJNAM": null, "INFORM": null, "SCAMIN": 8000 }, "geometry": { "type": "Point", "coordinates": [ 27.579806, 44.208377 ] } },
{ "type": "Feature", "properties": { "wtwdis": 10.0, "catdis": null, "OBJNAM": null, "INFORM": null, "SCAMIN": 8000 }, "geometry": { "type": "Point", "coordinates": [ 27.569674, 44.195151 ] } },
{ "type": "Feature", "properties": { "wtwdis": 10.0, "catdis": null, "OBJNAM": null, "INFORM": null, "SCAMIN": 8000 }, "geometry": { "type": "Point", "coordinates": [ 27.572125, 44.194124 ] } },
{ "type": "Feature", "properties": { "wtwdis": 5.0, "catdis": null, "OBJNAM": null, "INFORM": null, "SCAMIN": 8000 }, "geometry": { "type": "Point", "coordinates": [ 27.576679, 44.198862 ] } },
{ "type": "Feature", "properties": { "wtwdis": 6.0, "catdis": null, "OBJNAM": null, "INFORM": null, "SCAMIN": 8000 }, "geometry": { "type": "Point", "coordinates": [ 27.575674, 44.197966 ] } },
{ "type": "Feature", "properties": { "wtwdis": 7.0, "catdis": null, "OBJNAM": null, "INFORM": null, "SCAMIN": 8000 }, "geometry": { "type": "Point", "coordinates": [ 27.574832, 44.196984 ] } },
{ "type": "Feature", "properties": { "wtwdis": 8.0, "catdis": null, "OBJNAM": null, "INFORM": null, "SCAMIN": 8000 }, "geometry": { "type": "Point", "coordinates": [ 27.573935, 44.196028 ] } },
{ "type": "Feature", "properties": { "wtwdis": 9.0, "catdis": null, "OBJNAM": null, "INFORM": null, "SCAMIN": 8000 }, "geometry": { "type": "Point", "coordinates": [ 27.573037, 44.195073 ] } },
{ "type": "Feature", "properties": { "wtwdis": 9.0, "catdis": null, "OBJNAM": null, "INFORM": null, "SCAMIN": 8000 }, "geometry": { "type": "Point", "coordinates": [ 27.570319, 44.196286 ] } },
{ "type": "Feature", "properties": { "wtwdis": 8.0, "catdis": null, "OBJNAM": null, "INFORM": null, "SCAMIN": 8000 }, "geometry": { "type": "Point", "coordinates": [ 27.570965, 44.197421 ] } },
{ "type": "Feature", "properties": { "wtwdis": 7.0, "catdis": null, "OBJNAM": null, "INFORM": null, "SCAMIN": 8000 }, "geometry": { "type": "Point", "coordinates": [ 27.57161, 44.198557 ] } },
{ "type": "Feature", "properties": { "wtwdis": 3.0, "catdis": null, "OBJNAM": null, "INFORM": null, "SCAMIN": 8000 }, "geometry": { "type": "Point", "coordinates": [ 27.575999, 44.215411 ] } },
{ "type": "Feature", "properties": { "wtwdis": 1.0, "catdis": null, "OBJNAM": null, "INFORM": null, "SCAMIN": 8000 }, "geometry": { "type": "Point", "coordinates": [ 27.57664, 44.217972 ] } },
{ "type": "Feature", "properties": { "wtwdis": 2.0, "catdis": null, "OBJNAM": null, "INFORM": null, "SCAMIN": 8000 }, "geometry": { "type": "Point", "coordinates": [ 27.577495, 44.217679 ] } },
{ "type": "Feature", "properties": { "wtwdis": 3.0, "catdis": null, "OBJNAM": null, "INFORM": null, "SCAMIN": 8000 }, "geometry": { "type": "Point", "coordinates": [ 27.578353, 44.217391 ] } },
{ "type": "Feature", "properties": { "wtwdis": 4.0, "catdis": null, "OBJNAM": null, "INFORM": null, "SCAMIN": 8000 }, "geometry": { "type": "Point", "coordinates": [ 27.579219, 44.217116 ] } },
{ "type": "Feature", "properties": { "wtwdis": 5.0, "catdis": null, "OBJNAM": null, "INFORM": null, "SCAMIN": 8000 }, "geometry": { "type": "Point", "coordinates": [ 27.580071, 44.21682 ] } },
{ "type": "Feature", "properties": { "wtwdis": 6.0, "catdis": null, "OBJNAM": null, "INFORM": null, "SCAMIN": 8000 }, "geometry": { "type": "Point", "coordinates": [ 27.580903, 44.216495 ] } },
{ "type": "Feature", "properties": { "wtwdis": 7.0, "catdis": null, "OBJNAM": null, "INFORM": null, "SCAMIN": 8000 }, "geometry": { "type": "Point", "coordinates": [ 27.58171, 44.21614 ] } },
{ "type": "Feature", "properties": { "wtwdis": 8.0, "catdis": null, "OBJNAM": null, "INFORM": null, "SCAMIN": 8000 }, "geometry": { "type": "Point", "coordinates": [ 27.582509, 44.215774 ] } },
{ "type": "Feature", "properties": { "wtwdis": 9.0, "catdis": null, "OBJNAM": null, "INFORM": null, "SCAMIN": 8000 }, "geometry": { "type": "Point", "coordinates": [ 27.583307, 44.215409 ] } },
{ "type": "Feature", "properties": { "wtwdis": null, "catdis": null, "OBJNAM": null, "INFORM": null, "SCAMIN": 8000 }, "geometry": { "type": "Point", "coordinates": [ 27.584106, 44.215043 ] } },
{ "type": "Feature", "properties": { "wtwdis": 357.0, "catdis": 3, "OBJNAM": null, "INFORM": null, "SCAMIN": 22000 }, "geometry": { "type": "Point", "coordinates": [ 27.464536, 44.126413 ] } },
{ "type": "Feature", "properties": { "wtwdis": 352.0, "catdis": 3, "OBJNAM": null, "INFORM": null, "SCAMIN": 22000 }, "geometry": { "type": "Point", "coordinates": [ 27.502655, 44.146839 ] } },
{ "type": "Feature", "properties": { "wtwdis": 351.0, "catdis": 3, "OBJNAM": null, "INFORM": null, "SCAMIN": 22000 }, "geometry": { "type": "Point", "coordinates": [ 27.513559, 44.162219 ] } },
{ "type": "Feature", "properties": { "wtwdis": 350.0, "catdis": 1, "OBJNAM": null, "INFORM": null, "SCAMIN": 22000 }, "geometry": { "type": "Point", "coordinates": [ 27.521069, 44.166032 ] } },
{ "type": "Feature", "properties": { "wtwdis": 351.0, "catdis": 1, "OBJNAM": null, "INFORM": null, "SCAMIN": 22000 }, "geometry": { "type": "Point", "coordinates": [ 27.515179, 44.161358 ] } },
{ "type": "Feature", "properties": { "wtwdis": 352.0, "catdis": 1, "OBJNAM": null, "INFORM": null, "SCAMIN": 22000 }, "geometry": { "type": "Point", "coordinates": [ 27.500884, 44.148118 ] } },
{ "type": "Feature", "properties": { "wtwdis": 353.0, "catdis": 1, "OBJNAM": null, "INFORM": null, "SCAMIN": 22000 }, "geometry": { "type": "Point", "coordinates": [ 27.491231, 44.145452 ] } },
{ "type": "Feature", "properties": { "wtwdis": 354.0, "catdis": 1, "OBJNAM": null, "INFORM": null, "SCAMIN": 22000 }, "geometry": { "type": "Point", "coordinates": [ 27.484176, 44.143697 ] } },
{ "type": "Feature", "properties": { "wtwdis": 355.0, "catdis": 1, "OBJNAM": null, "INFORM": null, "SCAMIN": 22000 }, "geometry": { "type": "Point", "coordinates": [ 27.477442, 44.140952 ] } },
{ "type": "Feature", "properties": { "wtwdis": 356.0, "catdis": 1, "OBJNAM": null, "INFORM": null, "SCAMIN": 22000 }, "geometry": { "type": "Point", "coordinates": [ 27.46982, 44.133762 ] } },
{ "type": "Feature", "properties": { "wtwdis": 357.0, "catdis": 1, "OBJNAM": null, "INFORM": null, "SCAMIN": 22000 }, "geometry": { "type": "Point", "coordinates": [ 27.46569, 44.125656 ] } },
{ "type": "Feature", "properties": { "wtwdis": 349.0, "catdis": 1, "OBJNAM": null, "INFORM": null, "SCAMIN": 22000 }, "geometry": { "type": "Point", "coordinates": [ 27.529905, 44.170009 ] } },
{ "type": "Feature", "properties": { "wtwdis": 357.0, "catdis": null, "OBJNAM": null, "INFORM": null, "SCAMIN": 8000 }, "geometry": { "type": "Point", "coordinates": [ 27.462833, 44.125298 ] } },
{ "type": "Feature", "properties": { "wtwdis": null, "catdis": null, "OBJNAM": null, "INFORM": null, "SCAMIN": 8000 }, "geometry": { "type": "Point", "coordinates": [ 27.462833, 44.125298 ] } },
{ "type": "Feature", "properties": { "wtwdis": 9.0, "catdis": null, "OBJNAM": null, "INFORM": null, "SCAMIN": 8000 }, "geometry": { "type": "Point", "coordinates": [ 27.514108, 44.162765 ] } },
{ "type": "Feature", "properties": { "wtwdis": 8.0, "catdis": null, "OBJNAM": null, "INFORM": null, "SCAMIN": 8000 }, "geometry": { "type": "Point", "coordinates": [ 27.514668, 44.163303 ] } },
{ "type": "Feature", "properties": { "wtwdis": 7.0, "catdis": null, "OBJNAM": null, "INFORM": null, "SCAMIN": 8000 }, "geometry": { "type": "Point", "coordinates": [ 27.515276, 44.163815 ] } },
{ "type": "Feature", "properties": { "wtwdis": 6.0, "catdis": null, "OBJNAM": null, "INFORM": null, "SCAMIN": 8000 }, "geometry": { "type": "Point", "coordinates": [ 27.515884, 44.164326 ] } },
{ "type": "Feature", "properties": { "wtwdis": 5.0, "catdis": null, "OBJNAM": null, "INFORM": null, "SCAMIN": 8000 }, "geometry": { "type": "Point", "coordinates": [ 27.516507, 44.164829 ] } },
{ "type": "Feature", "properties": { "wtwdis": 4.0, "catdis": null, "OBJNAM": null, "INFORM": null, "SCAMIN": 8000 }, "geometry": { "type": "Point", "coordinates": [ 27.520187, 44.163099 ] } },
{ "type": "Feature", "properties": { "wtwdis": 5.0, "catdis": null, "OBJNAM": null, "INFORM": null, "SCAMIN": 8000 }, "geometry": { "type": "Point", "coordinates": [ 27.519611, 44.162676 ] } },
{ "type": "Feature", "properties": { "wtwdis": 6.0, "catdis": null, "OBJNAM": null, "INFORM": null, "SCAMIN": 8000 }, "geometry": { "type": "Point", "coordinates": [ 27.519066, 44.16223 ] } },
{ "type": "Feature", "properties": { "wtwdis": 1.0, "catdis": null, "OBJNAM": null, "INFORM": null, "SCAMIN": 8000 }, "geometry": { "type": "Point", "coordinates": [ 27.515696, 44.15891 ] } },
{ "type": "Feature", "properties": { "wtwdis": 2.0, "catdis": null, "OBJNAM": null, "INFORM": null, "SCAMIN": 8000 }, "geometry": { "type": "Point", "coordinates": [ 27.514517, 44.15741 ] } },
{ "type": "Feature", "properties": { "wtwdis": 9.0, "catdis": null, "OBJNAM": null, "INFORM": null, "SCAMIN": 8000 }, "geometry": { "type": "Point", "coordinates": [ 27.504528, 44.147932 ] } },
{ "type": "Feature", "properties": { "wtwdis": 9.0, "catdis": null, "OBJNAM": null, "INFORM": null, "SCAMIN": 8000 }, "geometry": { "type": "Point", "coordinates": [ 27.458971, 44.120687 ] } },
{ "type": "Feature", "properties": { "wtwdis": 8.0, "catdis": null, "OBJNAM": null, "INFORM": null, "SCAMIN": 8000 }, "geometry": { "type": "Point", "coordinates": [ 27.459821, 44.120797 ] } },
{ "type": "Feature", "properties": { "wtwdis": 7.0, "catdis": null, "OBJNAM": null, "INFORM": null, "SCAMIN": 8000 }, "geometry": { "type": "Point", "coordinates": [ 27.460652, 44.120961 ] } },
{ "type": "Feature", "properties": { "wtwdis": 6.0, "catdis": null, "OBJNAM": null, "INFORM": null, "SCAMIN": 8000 }, "geometry": { "type": "Point", "coordinates": [ 27.461464, 44.121173 ] } },
{ "type": "Feature", "properties": { "wtwdis": 5.0, "catdis": null, "OBJNAM": null, "INFORM": null, "SCAMIN": 8000 }, "geometry": { "type": "Point", "coordinates": [ 27.462263, 44.121409 ] } },
{ "type": "Feature", "properties": { "wtwdis": 4.0, "catdis": null, "OBJNAM": null, "INFORM": null, "SCAMIN": 8000 }, "geometry": { "type": "Point", "coordinates": [ 27.463044, 44.121674 ] } },
{ "type": "Feature", "properties": { "wtwdis": 7.0, "catdis": null, "OBJNAM": null, "INFORM": null, "SCAMIN": 8000 }, "geometry": { "type": "Point", "coordinates": [ 27.457936, 44.123538 ] } },
{ "type": "Feature", "properties": { "wtwdis": 6.0, "catdis": null, "OBJNAM": null, "INFORM": null, "SCAMIN": 8000 }, "geometry": { "type": "Point", "coordinates": [ 27.458721, 44.123619 ] } },
{ "type": "Feature", "properties": { "wtwdis": 5.0, "catdis": null, "OBJNAM": null, "INFORM": null, "SCAMIN": 8000 }, "geometry": { "type": "Point", "coordinates": [ 27.459465, 44.123807 ] } },
{ "type": "Feature", "properties": { "wtwdis": 4.0, "catdis": null, "OBJNAM": null, "INFORM": null, "SCAMIN": 8000 }, "geometry": { "type": "Point", "coordinates": [ 27.460183, 44.124048 ] } },
{ "type": "Feature", "properties": { "wtwdis": 3.0, "catdis": null, "OBJNAM": null, "INFORM": null, "SCAMIN": 8000 }, "geometry": { "type": "Point", "coordinates": [ 27.460877, 44.124324 ] } },
{ "type": "Feature", "properties": { "wtwdis": 2.0, "catdis": null, "OBJNAM": null, "INFORM": null, "SCAMIN": 8000 }, "geometry": { "type": "Point", "coordinates": [ 27.461536, 44.124641 ] } },
{ "type": "Feature", "properties": { "wtwdis": 1.0, "catdis": null, "OBJNAM": null, "INFORM": null, "SCAMIN": 8000 }, "geometry": { "type": "Point", "coordinates": [ 27.462185, 44.12497 ] } },
{ "type": "Feature", "properties": { "wtwdis": 9.0, "catdis": null, "OBJNAM": null, "INFORM": null, "SCAMIN": 8000 }, "geometry": { "type": "Point", "coordinates": [ 27.463866, 44.125995 ] } },
{ "type": "Feature", "properties": { "wtwdis": 8.0, "catdis": null, "OBJNAM": null, "INFORM": null, "SCAMIN": 8000 }, "geometry": { "type": "Point", "coordinates": [ 27.464642, 44.126848 ] } },
{ "type": "Feature", "properties": { "wtwdis": 7.0, "catdis": null, "OBJNAM": null, "INFORM": null, "SCAMIN": 8000 }, "geometry": { "type": "Point", "coordinates": [ 27.465285, 44.127757 ] } },
{ "type": "Feature", "properties": { "wtwdis": 6.0, "catdis": null, "OBJNAM": null, "INFORM": null, "SCAMIN": 8000 }, "geometry": { "type": "Point", "coordinates": [ 27.465755, 44.128721 ] } },
{ "type": "Feature", "properties": { "wtwdis": 5.0, "catdis": null, "OBJNAM": null, "INFORM": null, "SCAMIN": 8000 }, "geometry": { "type": "Point", "coordinates": [ 27.466103, 44.129711 ] } },
{ "type": "Feature", "properties": { "wtwdis": 1.0, "catdis": null, "OBJNAM": null, "INFORM": null, "SCAMIN": 8000 }, "geometry": { "type": "Point", "coordinates": [ 27.470872, 44.131904 ] } },
{ "type": "Feature", "properties": { "wtwdis": 2.0, "catdis": null, "OBJNAM": null, "INFORM": null, "SCAMIN": 8000 }, "geometry": { "type": "Point", "coordinates": [ 27.47054, 44.13082 ] } },
{ "type": "Feature", "properties": { "wtwdis": 3.0, "catdis": null, "OBJNAM": null, "INFORM": null, "SCAMIN": 8000 }, "geometry": { "type": "Point", "coordinates": [ 27.470307, 44.129724 ] } },
{ "type": "Feature", "properties": { "wtwdis": 358.0, "catdis": 3, "OBJNAM": null, "INFORM": null, "SCAMIN": 22000 }, "geometry": { "type": "Point", "coordinates": [ 27.458121, 44.120576 ] } },
{ "type": "Feature", "properties": { "wtwdis": 369.0, "catdis": 3, "OBJNAM": null, "INFORM": null, "SCAMIN": 22000 }, "geometry": { "type": "Point", "coordinates": [ 27.333455, 44.1416 ] } },
{ "type": "Feature", "properties": { "wtwdis": 368.0, "catdis": 3, "OBJNAM": null, "INFORM": null, "SCAMIN": 22000 }, "geometry": { "type": "Point", "coordinates": [ 27.346441, 44.136522 ] } },
{ "type": "Feature", "properties": { "wtwdis": 366.0, "catdis": 3, "OBJNAM": null, "INFORM": null, "SCAMIN": 22000 }, "geometry": { "type": "Point", "coordinates": [ 27.365838, 44.123647 ] } },
{ "type": "Feature", "properties": { "wtwdis": 363.0, "catdis": 3, "OBJNAM": null, "INFORM": null, "SCAMIN": 22000 }, "geometry": { "type": "Point", "coordinates": [ 27.399365, 44.135079 ] } },
{ "type": "Feature", "properties": { "wtwdis": 359.0, "catdis": 1, "OBJNAM": null, "INFORM": null, "SCAMIN": 22000 }, "geometry": { "type": "Point", "coordinates": [ 27.441597, 44.122441 ] } },
{ "type": "Feature", "properties": { "wtwdis": 360.0, "catdis": 1, "OBJNAM": null, "INFORM": null, "SCAMIN": 22000 }, "geometry": { "type": "Point", "coordinates": [ 27.428957, 44.126637 ] } },
{ "type": "Feature", "properties": { "wtwdis": 361.0, "catdis": 1, "OBJNAM": null, "INFORM": null, "SCAMIN": 22000 }, "geometry": { "type": "Point", "coordinates": [ 27.421107, 44.129082 ] } },
{ "type": "Feature", "properties": { "wtwdis": 362.0, "catdis": 1, "OBJNAM": null, "INFORM": null, "SCAMIN": 22000 }, "geometry": { "type": "Point", "coordinates": [ 27.407786, 44.132787 ] } },
{ "type": "Feature", "properties": { "wtwdis": 363.0, "catdis": 1, "OBJNAM": null, "INFORM": null, "SCAMIN": 22000 }, "geometry": { "type": "Point", "coordinates": [ 27.399282, 44.133522 ] } },
{ "type": "Feature", "properties": { "wtwdis": 364.0, "catdis": 1, "OBJNAM": null, "INFORM": null, "SCAMIN": 22000 }, "geometry": { "type": "Point", "coordinates": [ 27.386373, 44.129449 ] } },
{ "type": "Feature", "properties": { "wtwdis": 365.0, "catdis": 1, "OBJNAM": null, "INFORM": null, "SCAMIN": 22000 }, "geometry": { "type": "Point", "coordinates": [ 27.376488, 44.125498 ] } },
{ "type": "Feature", "properties": { "wtwdis": 366.0, "catdis": 1, "OBJNAM": null, "INFORM": null, "SCAMIN": 22000 }, "geometry": { "type": "Point", "coordinates": [ 27.365943, 44.125311 ] } },
{ "type": "Feature", "properties": { "wtwdis": 367.0, "catdis": 1, "OBJNAM": null, "INFORM": null, "SCAMIN": 22000 }, "geometry": { "type": "Point", "coordinates": [ 27.352807, 44.130307 ] } },
{ "type": "Feature", "properties": { "wtwdis": 368.0, "catdis": 1, "OBJNAM": null, "INFORM": null, "SCAMIN": 22000 }, "geometry": { "type": "Point", "coordinates": [ 27.345592, 44.135017 ] } },
{ "type": "Feature", "properties": { "wtwdis": 369.0, "catdis": 1, "OBJNAM": null, "INFORM": null, "SCAMIN": 22000 }, "geometry": { "type": "Point", "coordinates": [ 27.333302, 44.139877 ] } },
{ "type": "Feature", "properties": { "wtwdis": 372.0, "catdis": 3, "OBJNAM": null, "INFORM": null, "SCAMIN": 22000 }, "geometry": { "type": "Point", "coordinates": [ 27.295486, 44.142495 ] } },
{ "type": "Feature", "properties": { "wtwdis": 371.0, "catdis": 3, "OBJNAM": null, "INFORM": null, "SCAMIN": 22000 }, "geometry": { "type": "Point", "coordinates": [ 27.30826, 44.144429 ] } },
{ "type": "Feature", "properties": { "wtwdis": 370.0, "catdis": 3, "OBJNAM": null, "INFORM": null, "SCAMIN": 22000 }, "geometry": { "type": "Point", "coordinates": [ 27.320566, 44.143438 ] } },
{ "type": "Feature", "properties": { "wtwdis": 370.0, "catdis": 1, "OBJNAM": null, "INFORM": null, "SCAMIN": 22000 }, "geometry": { "type": "Point", "coordinates": [ 27.320537, 44.141965 ] } },
{ "type": "Feature", "properties": { "wtwdis": 371.0, "catdis": 1, "OBJNAM": null, "INFORM": null, "SCAMIN": 22000 }, "geometry": { "type": "Point", "coordinates": [ 27.308352, 44.142661 ] } },
{ "type": "Feature", "properties": { "wtwdis": 372.0, "catdis": 1, "OBJNAM": null, "INFORM": null, "SCAMIN": 22000 }, "geometry": { "type": "Point", "coordinates": [ 27.296655, 44.140633 ] } },
{ "type": "Feature", "properties": { "wtwdis": 373.0, "catdis": 1, "OBJNAM": null, "INFORM": null, "SCAMIN": 22000 }, "geometry": { "type": "Point", "coordinates": [ 27.287012, 44.136837 ] } },
{ "type": "Feature", "properties": { "wtwdis": 374.0, "catdis": 1, "OBJNAM": null, "INFORM": null, "SCAMIN": 22000 }, "geometry": { "type": "Point", "coordinates": [ 27.278665, 44.13287 ] } },
{ "type": "Feature", "properties": { "wtwdis": 3679.0, "catdis": null, "OBJNAM": null, "INFORM": null, "SCAMIN": 8000 }, "geometry": { "type": "Point", "coordinates": [ 27.346292, 44.13457 ] } },
{ "type": "Feature", "properties": { "wtwdis": 9.0, "catdis": null, "OBJNAM": null, "INFORM": null, "SCAMIN": 8000 }, "geometry": { "type": "Point", "coordinates": [ 27.366914, 44.123446 ] } },
{ "type": "Feature", "properties": { "wtwdis": 1.0, "catdis": null, "OBJNAM": null, "INFORM": null, "SCAMIN": 8000 }, "geometry": { "type": "Point", "coordinates": [ 27.364305, 44.1238 ] } },
{ "type": "Feature", "properties": { "wtwdis": 3.0, "catdis": null, "OBJNAM": null, "INFORM": null, "SCAMIN": 8000 }, "geometry": { "type": "Point", "coordinates": [ 27.292525, 44.14144 ] } },
{ "type": "Feature", "properties": { "wtwdis": 2.0, "catdis": null, "OBJNAM": null, "INFORM": null, "SCAMIN": 8000 }, "geometry": { "type": "Point", "coordinates": [ 27.293493, 44.141824 ] } },
{ "type": "Feature", "properties": { "wtwdis": 1.0, "catdis": null, "OBJNAM": null, "INFORM": null, "SCAMIN": 8000 }, "geometry": { "type": "Point", "coordinates": [ 27.294472, 44.142193 ] } },
{ "type": "Feature", "properties": { "wtwdis": 9.0, "catdis": null, "OBJNAM": null, "INFORM": null, "SCAMIN": 8000 }, "geometry": { "type": "Point", "coordinates": [ 27.296715, 44.142879 ] } },
{ "type": "Feature", "properties": { "wtwdis": 8.0, "catdis": null, "OBJNAM": null, "INFORM": null, "SCAMIN": 8000 }, "geometry": { "type": "Point", "coordinates": [ 27.297961, 44.143226 ] } },
{ "type": "Feature", "properties": { "wtwdis": 7.0, "catdis": null, "OBJNAM": null, "INFORM": null, "SCAMIN": 8000 }, "geometry": { "type": "Point", "coordinates": [ 27.299207, 44.143573 ] } },
{ "type": "Feature", "properties": { "wtwdis": 5.0, "catdis": null, "OBJNAM": null, "INFORM": null, "SCAMIN": 8000 }, "geometry": { "type": "Point", "coordinates": [ 27.301735, 44.144135 ] } },
{ "type": "Feature", "properties": { "wtwdis": 4.0, "catdis": null, "OBJNAM": null, "INFORM": null, "SCAMIN": 8000 }, "geometry": { "type": "Point", "coordinates": [ 27.303054, 44.144286 ] } },
{ "type": "Feature", "properties": { "wtwdis": 3.0, "catdis": null, "OBJNAM": null, "INFORM": null, "SCAMIN": 8000 }, "geometry": { "type": "Point", "coordinates": [ 27.304365, 44.144469 ] } },
{ "type": "Feature", "properties": { "wtwdis": 9.0, "catdis": null, "OBJNAM": null, "INFORM": null, "SCAMIN": 8000 }, "geometry": { "type": "Point", "coordinates": [ 27.309553, 44.144814 ] } },
{ "type": "Feature", "properties": { "wtwdis": 9.0, "catdis": null, "OBJNAM": null, "INFORM": null, "SCAMIN": 8000 }, "geometry": { "type": "Point", "coordinates": [ 27.321844, 44.143206 ] } },
{ "type": "Feature", "properties": { "wtwdis": 8.0, "catdis": null, "OBJNAM": null, "INFORM": null, "SCAMIN": 8000 }, "geometry": { "type": "Point", "coordinates": [ 27.323122, 44.142975 ] } },
{ "type": "Feature", "properties": { "wtwdis": 7.0, "catdis": null, "OBJNAM": null, "INFORM": null, "SCAMIN": 8000 }, "geometry": { "type": "Point", "coordinates": [ 27.324417, 44.142809 ] } },
{ "type": "Feature", "properties": { "wtwdis": 6.0, "catdis": null, "OBJNAM": null, "INFORM": null, "SCAMIN": 8000 }, "geometry": { "type": "Point", "coordinates": [ 27.325725, 44.142695 ] } },
{ "type": "Feature", "properties": { "wtwdis": 5.0, "catdis": null, "OBJNAM": null, "INFORM": null, "SCAMIN": 8000 }, "geometry": { "type": "Point", "coordinates": [ 27.32704, 44.142625 ] } },
{ "type": "Feature", "properties": { "wtwdis": 4.0, "catdis": null, "OBJNAM": null, "INFORM": null, "SCAMIN": 8000 }, "geometry": { "type": "Point", "coordinates": [ 27.328349, 44.142519 ] } },
{ "type": "Feature", "properties": { "wtwdis": 3.0, "catdis": null, "OBJNAM": null, "INFORM": null, "SCAMIN": 8000 }, "geometry": { "type": "Point", "coordinates": [ 27.329648, 44.142367 ] } },
{ "type": "Feature", "properties": { "wtwdis": 2.0, "catdis": null, "OBJNAM": null, "INFORM": null, "SCAMIN": 8000 }, "geometry": { "type": "Point", "coordinates": [ 27.330908, 44.142089 ] } },
{ "type": "Feature", "properties": { "wtwdis": 1.0, "catdis": null, "OBJNAM": null, "INFORM": null, "SCAMIN": 8000 }, "geometry": { "type": "Point", "coordinates": [ 27.332186, 44.141938 ] } },
{ "type": "Feature", "properties": { "wtwdis": 9.0, "catdis": null, "OBJNAM": null, "INFORM": null, "SCAMIN": 8000 }, "geometry": { "type": "Point", "coordinates": [ 27.334906, 44.141275 ] } },
{ "type": "Feature", "properties": { "wtwdis": 8.0, "catdis": null, "OBJNAM": null, "INFORM": null, "SCAMIN": 8000 }, "geometry": { "type": "Point", "coordinates": [ 27.336359, 44.140957 ] } },
{ "type": "Feature", "properties": { "wtwdis": 7.0, "catdis": null, "OBJNAM": null, "INFORM": null, "SCAMIN": 8000 }, "geometry": { "type": "Point", "coordinates": [ 27.337807, 44.140627 ] } },
{ "type": "Feature", "properties": { "wtwdis": 6.0, "catdis": null, "OBJNAM": null, "INFORM": null, "SCAMIN": 8000 }, "geometry": { "type": "Point", "coordinates": [ 27.339244, 44.140275 ] } },
{ "type": "Feature", "properties": { "wtwdis": 1.0, "catdis": null, "OBJNAM": null, "INFORM": null, "SCAMIN": 8000 }, "geometry": { "type": "Point", "coordinates": [ 27.345385, 44.137308 ] } },
{ "type": "Feature", "properties": { "wtwdis": 9.0, "catdis": null, "OBJNAM": null, "INFORM": null, "SCAMIN": 8000 }, "geometry": { "type": "Point", "coordinates": [ 27.347134, 44.136073 ] } },
{ "type": "Feature", "properties": { "wtwdis": 8.0, "catdis": null, "OBJNAM": null, "INFORM": null, "SCAMIN": 8000 }, "geometry": { "type": "Point", "coordinates": [ 27.347826, 44.135624 ] } },
{ "type": "Feature", "properties": { "wtwdis": 7.0, "catdis": null, "OBJNAM": null, "INFORM": null, "SCAMIN": 8000 }, "geometry": { "type": "Point", "coordinates": [ 27.348518, 44.135175 ] } },
{ "type": "Feature", "properties": { "wtwdis": 6.0, "catdis": null, "OBJNAM": null, "INFORM": null, "SCAMIN": 8000 }, "geometry": { "type": "Point", "coordinates": [ 27.349211, 44.134725 ] } },
{ "type": "Feature", "properties": { "wtwdis": 5.0, "catdis": null, "OBJNAM": null, "INFORM": null, "SCAMIN": 8000 }, "geometry": { "type": "Point", "coordinates": [ 27.349903, 44.134276 ] } },
{ "type": "Feature", "properties": { "wtwdis": 1.0, "catdis": null, "OBJNAM": null, "INFORM": null, "SCAMIN": 8000 }, "geometry": { "type": "Point", "coordinates": [ 27.397824, 44.135122 ] } },
{ "type": "Feature", "properties": { "wtwdis": 9.0, "catdis": null, "OBJNAM": null, "INFORM": null, "SCAMIN": 8000 }, "geometry": { "type": "Point", "coordinates": [ 27.400281, 44.135075 ] } },
{ "type": "Feature", "properties": { "wtwdis": 8.0, "catdis": null, "OBJNAM": null, "INFORM": null, "SCAMIN": 8000 }, "geometry": { "type": "Point", "coordinates": [ 27.401196, 44.13507 ] } },
{ "type": "Feature", "properties": { "wtwdis": 9.0, "catdis": null, "OBJNAM": null, "INFORM": null, "SCAMIN": 8000 }, "geometry": { "type": "Point", "coordinates": [ 27.443109, 44.120547 ] } },
{ "type": "Feature", "properties": { "wtwdis": 8.0, "catdis": null, "OBJNAM": null, "INFORM": null, "SCAMIN": 8000 }, "geometry": { "type": "Point", "coordinates": [ 27.444785, 44.120545 ] } },
{ "type": "Feature", "properties": { "wtwdis": 7.0, "catdis": null, "OBJNAM": null, "INFORM": null, "SCAMIN": 8000 }, "geometry": { "type": "Point", "coordinates": [ 27.446461, 44.120544 ] } },
{ "type": "Feature", "properties": { "wtwdis": 6.0, "catdis": null, "OBJNAM": null, "INFORM": null, "SCAMIN": 8000 }, "geometry": { "type": "Point", "coordinates": [ 27.448136, 44.120542 ] } },
{ "type": "Feature", "properties": { "wtwdis": 5.0, "catdis": null, "OBJNAM": null, "INFORM": null, "SCAMIN": 8000 }, "geometry": { "type": "Point", "coordinates": [ 27.44981, 44.120493 ] } },
{ "type": "Feature", "properties": { "wtwdis": 4.0, "catdis": null, "OBJNAM": null, "INFORM": null, "SCAMIN": 8000 }, "geometry": { "type": "Point", "coordinates": [ 27.451482, 44.120411 ] } },
{ "type": "Feature", "properties": { "wtwdis": 3.0, "catdis": null, "OBJNAM": null, "INFORM": null, "SCAMIN": 8000 }, "geometry": { "type": "Point", "coordinates": [ 27.453155, 44.120337 ] } },
{ "type": "Feature", "properties": { "wtwdis": 2.0, "catdis": null, "OBJNAM": null, "INFORM": null, "SCAMIN": 8000 }, "geometry": { "type": "Point", "coordinates": [ 27.454829, 44.120285 ] } },
{ "type": "Feature", "properties": { "wtwdis": 610.0, "catdis": 1, "OBJNAM": null, "INFORM": null, "SCAMIN": 22000 }, "geometry": { "type": "Point", "coordinates": [ 24.735921, 43.684892 ] } },
{ "type": "Feature", "properties": { "wtwdis": 616.0, "catdis": 3, "OBJNAM": null, "INFORM": null, "SCAMIN": 22000 }, "geometry": { "type": "Point", "coordinates": [ 24.660514, 43.715724 ] } },
{ "type": "Feature", "properties": { "wtwdis": 617.0, "catdis": 1, "OBJNAM": null, "INFORM": null, "SCAMIN": 22000 }, "geometry": { "type": "Point", "coordinates": [ 24.653681, 43.722578 ] } },
{ "type": "Feature", "properties": { "wtwdis": 618.0, "catdis": 1, "OBJNAM": null, "INFORM": null, "SCAMIN": 22000 }, "geometry": { "type": "Point", "coordinates": [ 24.644273, 43.728923 ] } },
{ "type": "Feature", "properties": { "wtwdis": 619.0, "catdis": 1, "OBJNAM": null, "INFORM": null, "SCAMIN": 22000 }, "geometry": { "type": "Point", "coordinates": [ 24.634533, 43.734207 ] } },
{ "type": "Feature", "properties": { "wtwdis": 620.0, "catdis": 1, "OBJNAM": null, "INFORM": null, "SCAMIN": 22000 }, "geometry": { "type": "Point", "coordinates": [ 24.625313, 43.738423 ] } },
{ "type": "Feature", "properties": { "wtwdis": 621.0, "catdis": 1, "OBJNAM": null, "INFORM": null, "SCAMIN": 22000 }, "geometry": { "type": "Point", "coordinates": [ 24.615236, 43.744205 ] } },
{ "type": "Feature", "properties": { "wtwdis": 622.0, "catdis": 1, "OBJNAM": null, "INFORM": null, "SCAMIN": 22000 }, "geometry": { "type": "Point", "coordinates": [ 24.605109, 43.749214 ] } },
{ "type": "Feature", "properties": { "wtwdis": 623.0, "catdis": 1, "OBJNAM": null, "INFORM": null, "SCAMIN": 22000 }, "geometry": { "type": "Point", "coordinates": [ 24.593606, 43.751556 ] } },
{ "type": "Feature", "properties": { "wtwdis": 7.0, "catdis": 1, "OBJNAM": null, "INFORM": null, "SCAMIN": 8000 }, "geometry": { "type": "Point", "coordinates": [ 24.663633, 43.713514 ] } },
{ "type": "Feature", "properties": { "wtwdis": 8.0, "catdis": 1, "OBJNAM": null, "INFORM": null, "SCAMIN": 8000 }, "geometry": { "type": "Point", "coordinates": [ 24.662683, 43.714369 ] } },
{ "type": "Feature", "properties": { "wtwdis": 9.0, "catdis": 1, "OBJNAM": null, "INFORM": null, "SCAMIN": 8000 }, "geometry": { "type": "Point", "coordinates": [ 24.661622, 43.715084 ] } },
{ "type": "Feature", "properties": { "wtwdis": 1.0, "catdis": 1, "OBJNAM": null, "INFORM": null, "SCAMIN": 8000 }, "geometry": { "type": "Point", "coordinates": [ 24.659662, 43.716291 ] } },
{ "type": "Feature", "properties": { "wtwdis": 2.0, "catdis": 1, "OBJNAM": null, "INFORM": null, "SCAMIN": 8000 }, "geometry": { "type": "Point", "coordinates": [ 24.658808, 43.716854 ] } },
{ "type": "Feature", "properties": { "wtwdis": 3.0, "catdis": 1, "OBJNAM": null, "INFORM": null, "SCAMIN": 8000 }, "geometry": { "type": "Point", "coordinates": [ 24.657949, 43.717411 ] } },
{ "type": "Feature", "properties": { "wtwdis": 616.0, "catdis": 1, "OBJNAM": null, "INFORM": null, "SCAMIN": 22000 }, "geometry": { "type": "Point", "coordinates": [ 24.661822, 43.716907 ] } },
{ "type": "Feature", "properties": { "wtwdis": 624.0, "catdis": 1, "OBJNAM": null, "INFORM": null, "SCAMIN": 22000 }, "geometry": { "type": "Point", "coordinates": [ 24.582886, 43.75375 ] } },
{ "type": "Feature", "properties": { "wtwdis": 625.0, "catdis": 1, "OBJNAM": null, "INFORM": null, "SCAMIN": 22000 }, "geometry": { "type": "Point", "coordinates": [ 24.572096, 43.755969 ] } },
{ "type": "Feature", "properties": { "wtwdis": 626.0, "catdis": 1, "OBJNAM": null, "INFORM": null, "SCAMIN": 22000 }, "geometry": { "type": "Point", "coordinates": [ 24.563033, 43.757515 ] } },
{ "type": "Feature", "properties": { "wtwdis": 627.0, "catdis": 1, "OBJNAM": null, "INFORM": null, "SCAMIN": 22000 }, "geometry": { "type": "Point", "coordinates": [ 24.549047, 43.756501 ] } },
{ "type": "Feature", "properties": { "wtwdis": 628.0, "catdis": 1, "OBJNAM": null, "INFORM": null, "SCAMIN": 22000 }, "geometry": { "type": "Point", "coordinates": [ 24.536523, 43.757083 ] } },
{ "type": "Feature", "properties": { "wtwdis": 629.0, "catdis": 1, "OBJNAM": null, "INFORM": null, "SCAMIN": 22000 }, "geometry": { "type": "Point", "coordinates": [ 24.527184, 43.758338 ] } },
{ "type": "Feature", "properties": { "wtwdis": 631.0, "catdis": 1, "OBJNAM": null, "INFORM": null, "SCAMIN": 22000 }, "geometry": { "type": "Point", "coordinates": [ 24.502109, 43.761501 ] } },
{ "type": "Feature", "properties": { "wtwdis": 632.0, "catdis": 1, "OBJNAM": null, "INFORM": null, "SCAMIN": 22000 }, "geometry": { "type": "Point", "coordinates": [ 24.488267, 43.760233 ] } },
{ "type": "Feature", "properties": { "wtwdis": 633.0, "catdis": 1, "OBJNAM": null, "INFORM": null, "SCAMIN": 22000 }, "geometry": { "type": "Point", "coordinates": [ 24.479377, 43.757684 ] } },
{ "type": "Feature", "properties": { "wtwdis": 634.0, "catdis": 1, "OBJNAM": null, "INFORM": null, "SCAMIN": 22000 }, "geometry": { "type": "Point", "coordinates": [ 24.469451, 43.753323 ] } },
{ "type": "Feature", "properties": { "wtwdis": 635.0, "catdis": 1, "OBJNAM": null, "INFORM": null, "SCAMIN": 22000 }, "geometry": { "type": "Point", "coordinates": [ 24.458204, 43.748393 ] } },
{ "type": "Feature", "properties": { "wtwdis": 636.0, "catdis": 1, "OBJNAM": null, "INFORM": null, "SCAMIN": 22000 }, "geometry": { "type": "Point", "coordinates": [ 24.447686, 43.742927 ] } },
{ "type": "Feature", "properties": { "wtwdis": 638.0, "catdis": 1, "OBJNAM": null, "INFORM": null, "SCAMIN": 22000 }, "geometry": { "type": "Point", "coordinates": [ 24.429577, 43.731415 ] } },
{ "type": "Feature", "properties": { "wtwdis": 639.0, "catdis": 1, "OBJNAM": null, "INFORM": null, "SCAMIN": 22000 }, "geometry": { "type": "Point", "coordinates": [ 24.421348, 43.726292 ] } },
{ "type": "Feature", "properties": { "wtwdis": 640.0, "catdis": 1, "OBJNAM": null, "INFORM": null, "SCAMIN": 22000 }, "geometry": { "type": "Point", "coordinates": [ 24.412397, 43.721052 ] } },
{ "type": "Feature", "properties": { "wtwdis": 641.0, "catdis": 1, "OBJNAM": null, "INFORM": null, "SCAMIN": 22000 }, "geometry": { "type": "Point", "coordinates": [ 24.400743, 43.716819 ] } },
{ "type": "Feature", "properties": { "wtwdis": 642.0, "catdis": 1, "OBJNAM": null, "INFORM": null, "SCAMIN": 22000 }, "geometry": { "type": "Point", "coordinates": [ 24.388611, 43.713296 ] } },
{ "type": "Feature", "properties": { "wtwdis": 643.0, "catdis": 1, "OBJNAM": null, "INFORM": null, "SCAMIN": 22000 }, "geometry": { "type": "Point", "coordinates": [ 24.378125, 43.710088 ] } },
{ "type": "Feature", "properties": { "wtwdis": 644.0, "catdis": 1, "OBJNAM": null, "INFORM": null, "SCAMIN": 22000 }, "geometry": { "type": "Point", "coordinates": [ 24.367229, 43.705916 ] } },
{ "type": "Feature", "properties": { "wtwdis": 645.0, "catdis": 1, "OBJNAM": null, "INFORM": null, "SCAMIN": 22000 }, "geometry": { "type": "Point", "coordinates": [ 24.35439, 43.700377 ] } },
{ "type": "Feature", "properties": { "wtwdis": 646.0, "catdis": 1, "OBJNAM": null, "INFORM": null, "SCAMIN": 22000 }, "geometry": { "type": "Point", "coordinates": [ 24.340867, 43.696791 ] } },
{ "type": "Feature", "properties": { "wtwdis": 647.0, "catdis": 1, "OBJNAM": null, "INFORM": null, "SCAMIN": 22000 }, "geometry": { "type": "Point", "coordinates": [ 24.328185, 43.697291 ] } },
{ "type": "Feature", "properties": { "wtwdis": 648.0, "catdis": 1, "OBJNAM": null, "INFORM": null, "SCAMIN": 22000 }, "geometry": { "type": "Point", "coordinates": [ 24.314497, 43.698124 ] } },
{ "type": "Feature", "properties": { "wtwdis": 649.0, "catdis": 1, "OBJNAM": null, "INFORM": null, "SCAMIN": 22000 }, "geometry": { "type": "Point", "coordinates": [ 24.302717, 43.69863 ] } },
{ "type": "Feature", "properties": { "wtwdis": 650.0, "catdis": 1, "OBJNAM": null, "INFORM": null, "SCAMIN": 22000 }, "geometry": { "type": "Point", "coordinates": [ 24.291577, 43.697133 ] } },
{ "type": "Feature", "properties": { "wtwdis": 651.0, "catdis": 1, "OBJNAM": null, "INFORM": null, "SCAMIN": 22000 }, "geometry": { "type": "Point", "coordinates": [ 24.279267, 43.695372 ] } },
{ "type": "Feature", "properties": { "wtwdis": 652.0, "catdis": 1, "OBJNAM": null, "INFORM": null, "SCAMIN": 22000 }, "geometry": { "type": "Point", "coordinates": [ 24.267879, 43.693698 ] } },
{ "type": "Feature", "properties": { "wtwdis": 653.0, "catdis": 1, "OBJNAM": null, "INFORM": null, "SCAMIN": 22000 }, "geometry": { "type": "Point", "coordinates": [ 24.256096, 43.692208 ] } },
{ "type": "Feature", "properties": { "wtwdis": 654.0, "catdis": 1, "OBJNAM": null, "INFORM": null, "SCAMIN": 22000 }, "geometry": { "type": "Point", "coordinates": [ 24.243943, 43.690454 ] } },
{ "type": "Feature", "properties": { "wtwdis": 655.0, "catdis": 1, "OBJNAM": null, "INFORM": null, "SCAMIN": 22000 }, "geometry": { "type": "Point", "coordinates": [ 24.23054, 43.688424 ] } },
{ "type": "Feature", "properties": { "wtwdis": 656.0, "catdis": 1, "OBJNAM": null, "INFORM": null, "SCAMIN": 22000 }, "geometry": { "type": "Point", "coordinates": [ 24.219092, 43.686811 ] } },
{ "type": "Feature", "properties": { "wtwdis": 657.0, "catdis": 1, "OBJNAM": null, "INFORM": null, "SCAMIN": 22000 }, "geometry": { "type": "Point", "coordinates": [ 24.206886, 43.685017 ] } },
{ "type": "Feature", "properties": { "wtwdis": 659.0, "catdis": 1, "OBJNAM": null, "INFORM": null, "SCAMIN": 22000 }, "geometry": { "type": "Point", "coordinates": [ 24.182277, 43.683627 ] } },
{ "type": "Feature", "properties": { "wtwdis": 660.0, "catdis": 1, "OBJNAM": null, "INFORM": null, "SCAMIN": 22000 }, "geometry": { "type": "Point", "coordinates": [ 24.170231, 43.68491 ] } },
{ "type": "Feature", "properties": { "wtwdis": 661.0, "catdis": 1, "OBJNAM": null, "INFORM": null, "SCAMIN": 22000 }, "geometry": { "type": "Point", "coordinates": [ 24.15879, 43.688575 ] } },
{ "type": "Feature", "properties": { "wtwdis": 662.0, "catdis": 1, "OBJNAM": null, "INFORM": null, "SCAMIN": 22000 }, "geometry": { "type": "Point", "coordinates": [ 24.146731, 43.692765 ] } },
{ "type": "Feature", "properties": { "wtwdis": 663.0, "catdis": 1, "OBJNAM": null, "INFORM": null, "SCAMIN": 22000 }, "geometry": { "type": "Point", "coordinates": [ 24.133861, 43.695846 ] } },
{ "type": "Feature", "properties": { "wtwdis": 664.0, "catdis": 1, "OBJNAM": null, "INFORM": null, "SCAMIN": 22000 }, "geometry": { "type": "Point", "coordinates": [ 24.12273, 43.698322 ] } },
{ "type": "Feature", "properties": { "wtwdis": 665.0, "catdis": 1, "OBJNAM": null, "INFORM": null, "SCAMIN": 22000 }, "geometry": { "type": "Point", "coordinates": [ 24.111371, 43.699998 ] } },
{ "type": "Feature", "properties": { "wtwdis": 666.0, "catdis": 1, "OBJNAM": null, "INFORM": null, "SCAMIN": 22000 }, "geometry": { "type": "Point", "coordinates": [ 24.098677, 43.700837 ] } },
{ "type": "Feature", "properties": { "wtwdis": 667.0, "catdis": 1, "OBJNAM": null, "INFORM": null, "SCAMIN": 22000 }, "geometry": { "type": "Point", "coordinates": [ 24.087243, 43.702203 ] } },
{ "type": "Feature", "properties": { "wtwdis": 668.0, "catdis": 1, "OBJNAM": null, "INFORM": null, "SCAMIN": 22000 }, "geometry": { "type": "Point", "coordinates": [ 24.074994, 43.708261 ] } },
{ "type": "Feature", "properties": { "wtwdis": 676.0, "catdis": 3, "OBJNAM": null, "INFORM": null, "SCAMIN": 22000 }, "geometry": { "type": "Point", "coordinates": [ 23.995066, 43.745438 ] } },
{ "type": "Feature", "properties": { "wtwdis": 674.0, "catdis": 3, "OBJNAM": null, "INFORM": null, "SCAMIN": 22000 }, "geometry": { "type": "Point", "coordinates": [ 24.011718, 43.737635 ] } },
{ "type": "Feature", "properties": { "wtwdis": 669.0, "catdis": 1, "OBJNAM": null, "INFORM": null, "SCAMIN": 22000 }, "geometry": { "type": "Point", "coordinates": [ 24.065008, 43.714067 ] } },
{ "type": "Feature", "properties": { "wtwdis": 670.0, "catdis": 1, "OBJNAM": null, "INFORM": null, "SCAMIN": 22000 }, "geometry": { "type": "Point", "coordinates": [ 24.056437, 43.718508 ] } },
{ "type": "Feature", "properties": { "wtwdis": 671.0, "catdis": 1, "OBJNAM": null, "INFORM": null, "SCAMIN": 22000 }, "geometry": { "type": "Point", "coordinates": [ 24.044001, 43.724219 ] } },
{ "type": "Feature", "properties": { "wtwdis": 672.0, "catdis": 1, "OBJNAM": null, "INFORM": null, "SCAMIN": 22000 }, "geometry": { "type": "Point", "coordinates": [ 24.033251, 43.729328 ] } },
{ "type": "Feature", "properties": { "wtwdis": 673.0, "catdis": 1, "OBJNAM": null, "INFORM": null, "SCAMIN": 22000 }, "geometry": { "type": "Point", "coordinates": [ 24.022149, 43.733444 ] } },
{ "type": "Feature", "properties": { "wtwdis": 674.0, "catdis": 1, "OBJNAM": null, "INFORM": null, "SCAMIN": 22000 }, "geometry": { "type": "Point", "coordinates": [ 24.011037, 43.736746 ] } },
{ "type": "Feature", "properties": { "wtwdis": 675.0, "catdis": 1, "OBJNAM": null, "INFORM": null, "SCAMIN": 22000 }, "geometry": { "type": "Point", "coordinates": [ 24.000735, 43.742025 ] } },
{ "type": "Feature", "properties": { "wtwdis": 676.0, "catdis": 1, "OBJNAM": null, "INFORM": null, "SCAMIN": 22000 }, "geometry": { "type": "Point", "coordinates": [ 23.993825, 43.744414 ] } },
{ "type": "Feature", "properties": { "wtwdis": 677.0, "catdis": 1, "OBJNAM": null, "INFORM": null, "SCAMIN": 22000 }, "geometry": { "type": "Point", "coordinates": [ 23.977919, 43.746078 ] } },
{ "type": "Feature", "properties": { "wtwdis": 678.0, "catdis": 1, "OBJNAM": null, "INFORM": null, "SCAMIN": 22000 }, "geometry": { "type": "Point", "coordinates": [ 23.964894, 43.745353 ] } },
{ "type": "Feature", "properties": { "wtwdis": 679.0, "catdis": 1, "OBJNAM": null, "INFORM": null, "SCAMIN": 22000 }, "geometry": { "type": "Point", "coordinates": [ 23.954536, 43.745602 ] } },
{ "type": "Feature", "properties": { "wtwdis": 6.0, "catdis": 1, "OBJNAM": null, "INFORM": null, "SCAMIN": 8000 }, "geometry": { "type": "Point", "coordinates": [ 24.01662, 43.736759 ] } },
{ "type": "Feature", "properties": { "wtwdis": 7.0, "catdis": 1, "OBJNAM": null, "INFORM": null, "SCAMIN": 8000 }, "geometry": { "type": "Point", "coordinates": [ 24.015417, 43.736999 ] } },
{ "type": "Feature", "properties": { "wtwdis": 8.0, "catdis": 1, "OBJNAM": null, "INFORM": null, "SCAMIN": 8000 }, "geometry": { "type": "Point", "coordinates": [ 24.014222, 43.737259 ] } },
{ "type": "Feature", "properties": { "wtwdis": 9.0, "catdis": 1, "OBJNAM": null, "INFORM": null, "SCAMIN": 8000 }, "geometry": { "type": "Point", "coordinates": [ 24.013031, 43.737529 ] } },
{ "type": "Feature", "properties": { "wtwdis": 1.0, "catdis": 1, "OBJNAM": null, "INFORM": null, "SCAMIN": 8000 }, "geometry": { "type": "Point", "coordinates": [ 24.010838, 43.738346 ] } },
{ "type": "Feature", "properties": { "wtwdis": 1.0, "catdis": 1, "OBJNAM": null, "INFORM": null, "SCAMIN": 8000 }, "geometry": { "type": "Point", "coordinates": [ 24.001092, 43.743403 ] } },
{ "type": "Feature", "properties": { "wtwdis": 2.0, "catdis": 1, "OBJNAM": null, "INFORM": null, "SCAMIN": 8000 }, "geometry": { "type": "Point", "coordinates": [ 24.000431, 43.743643 ] } },
{ "type": "Feature", "properties": { "wtwdis": 3.0, "catdis": 1, "OBJNAM": null, "INFORM": null, "SCAMIN": 8000 }, "geometry": { "type": "Point", "coordinates": [ 23.99977, 43.743883 ] } },
{ "type": "Feature", "properties": { "wtwdis": 4.0, "catdis": 1, "OBJNAM": null, "INFORM": null, "SCAMIN": 8000 }, "geometry": { "type": "Point", "coordinates": [ 23.999109, 43.744123 ] } },
{ "type": "Feature", "properties": { "wtwdis": 5.0, "catdis": 1, "OBJNAM": null, "INFORM": null, "SCAMIN": 8000 }, "geometry": { "type": "Point", "coordinates": [ 23.998448, 43.744363 ] } },
{ "type": "Feature", "properties": { "wtwdis": 6.0, "catdis": 1, "OBJNAM": null, "INFORM": null, "SCAMIN": 8000 }, "geometry": { "type": "Point", "coordinates": [ 23.997783, 43.744595 ] } },
{ "type": "Feature", "properties": { "wtwdis": 7.0, "catdis": 1, "OBJNAM": null, "INFORM": null, "SCAMIN": 8000 }, "geometry": { "type": "Point", "coordinates": [ 23.997111, 43.744818 ] } },
{ "type": "Feature", "properties": { "wtwdis": 8.0, "catdis": 1, "OBJNAM": null, "INFORM": null, "SCAMIN": 8000 }, "geometry": { "type": "Point", "coordinates": [ 23.996437, 43.745038 ] } },
{ "type": "Feature", "properties": { "wtwdis": 9.0, "catdis": 1, "OBJNAM": null, "INFORM": null, "SCAMIN": 8000 }, "geometry": { "type": "Point", "coordinates": [ 23.995758, 43.745249 ] } },
{ "type": "Feature", "properties": { "wtwdis": 1.0, "catdis": 1, "OBJNAM": null, "INFORM": null, "SCAMIN": 8000 }, "geometry": { "type": "Point", "coordinates": [ 23.993583, 43.745941 ] } },
{ "type": "Feature", "properties": { "wtwdis": 2.0, "catdis": 1, "OBJNAM": null, "INFORM": null, "SCAMIN": 8000 }, "geometry": { "type": "Point", "coordinates": [ 23.992078, 43.746406 ] } },
{ "type": "Feature", "properties": { "wtwdis": 3.0, "catdis": 1, "OBJNAM": null, "INFORM": null, "SCAMIN": 8000 }, "geometry": { "type": "Point", "coordinates": [ 23.990551, 43.746832 ] } },
{ "type": "Feature", "properties": { "wtwdis": 690.0, "catdis": 3, "OBJNAM": null, "INFORM": null, "SCAMIN": 22000 }, "geometry": { "type": "Point", "coordinates": [ 23.820016, 43.766563 ] } },
{ "type": "Feature", "properties": { "wtwdis": 681.0, "catdis": 1, "OBJNAM": null, "INFORM": null, "SCAMIN": 22000 }, "geometry": { "type": "Point", "coordinates": [ 23.928376, 43.745409 ] } },
{ "type": "Feature", "properties": { "wtwdis": 682.0, "catdis": 1, "OBJNAM": null, "INFORM": null, "SCAMIN": 22000 }, "geometry": { "type": "Point", "coordinates": [ 23.916544, 43.746732 ] } },
{ "type": "Feature", "properties": { "wtwdis": 683.0, "catdis": 1, "OBJNAM": null, "INFORM": null, "SCAMIN": 22000 }, "geometry": { "type": "Point", "coordinates": [ 23.904355, 43.747352 ] } },
{ "type": "Feature", "properties": { "wtwdis": 684.0, "catdis": 1, "OBJNAM": null, "INFORM": null, "SCAMIN": 22000 }, "geometry": { "type": "Point", "coordinates": [ 23.892099, 43.747713 ] } },
{ "type": "Feature", "properties": { "wtwdis": 685.0, "catdis": 1, "OBJNAM": null, "INFORM": null, "SCAMIN": 22000 }, "geometry": { "type": "Point", "coordinates": [ 23.879569, 43.749486 ] } },
{ "type": "Feature", "properties": { "wtwdis": 686.0, "catdis": 1, "OBJNAM": null, "INFORM": null, "SCAMIN": 22000 }, "geometry": { "type": "Point", "coordinates": [ 23.868794, 43.752165 ] } },
{ "type": "Feature", "properties": { "wtwdis": 687.0, "catdis": 1, "OBJNAM": null, "INFORM": null, "SCAMIN": 22000 }, "geometry": { "type": "Point", "coordinates": [ 23.857638, 43.755245 ] } },
{ "type": "Feature", "properties": { "wtwdis": 688.0, "catdis": 1, "OBJNAM": null, "INFORM": null, "SCAMIN": 22000 }, "geometry": { "type": "Point", "coordinates": [ 23.845919, 43.759008 ] } },
{ "type": "Feature", "properties": { "wtwdis": 689.0, "catdis": 1, "OBJNAM": null, "INFORM": null, "SCAMIN": 22000 }, "geometry": { "type": "Point", "coordinates": [ 23.833205, 43.763408 ] } },
{ "type": "Feature", "properties": { "wtwdis": 690.0, "catdis": 1, "OBJNAM": null, "INFORM": null, "SCAMIN": 22000 }, "geometry": { "type": "Point", "coordinates": [ 23.82122, 43.767692 ] } },
{ "type": "Feature", "properties": { "wtwdis": null, "catdis": null, "OBJNAM": null, "INFORM": null, "SCAMIN": 8000 }, "geometry": { "type": "Point", "coordinates": [ 23.82122, 43.767692 ] } },
{ "type": "Feature", "properties": { "wtwdis": null, "catdis": 1, "OBJNAM": null, "INFORM": null, "SCAMIN": 8000 }, "geometry": { "type": "Point", "coordinates": [ 23.82122, 43.767692 ] } },
{ "type": "Feature", "properties": { "wtwdis": 1.0, "catdis": 1, "OBJNAM": null, "INFORM": null, "SCAMIN": 8000 }, "geometry": { "type": "Point", "coordinates": [ 23.819015, 43.766946 ] } },
{ "type": "Feature", "properties": { "wtwdis": 9.0, "catdis": 1, "OBJNAM": null, "INFORM": null, "SCAMIN": 8000 }, "geometry": { "type": "Point", "coordinates": [ 23.821251, 43.766176 ] } },
{ "type": "Feature", "properties": { "wtwdis": 8.0, "catdis": 1, "OBJNAM": null, "INFORM": null, "SCAMIN": 8000 }, "geometry": { "type": "Point", "coordinates": [ 23.822487, 43.76579 ] } },
{ "type": "Feature", "properties": { "wtwdis": 7.0, "catdis": 1, "OBJNAM": null, "INFORM": null, "SCAMIN": 8000 }, "geometry": { "type": "Point", "coordinates": [ 23.823723, 43.765404 ] } },
{ "type": "Feature", "properties": { "wtwdis": 6.0, "catdis": 1, "OBJNAM": null, "INFORM": null, "SCAMIN": 8000 }, "geometry": { "type": "Point", "coordinates": [ 23.824959, 43.765017 ] } },
{ "type": "Feature", "properties": { "wtwdis": 691.0, "catdis": 1, "OBJNAM": null, "INFORM": null, "SCAMIN": 22000 }, "geometry": { "type": "Point", "coordinates": [ 23.812254, 43.772759 ] } },
{ "type": "Feature", "properties": { "wtwdis": 692.0, "catdis": 1, "OBJNAM": null, "INFORM": null, "SCAMIN": 22000 }, "geometry": { "type": "Point", "coordinates": [ 23.806619, 43.779755 ] } },
{ "type": "Feature", "properties": { "wtwdis": 693.0, "catdis": 1, "OBJNAM": null, "INFORM": null, "SCAMIN": 22000 }, "geometry": { "type": "Point", "coordinates": [ 23.800529, 43.785224 ] } },
{ "type": "Feature", "properties": { "wtwdis": 694.0, "catdis": 1, "OBJNAM": null, "INFORM": null, "SCAMIN": 22000 }, "geometry": { "type": "Point", "coordinates": [ 23.790181, 43.793107 ] } },
{ "type": "Feature", "properties": { "wtwdis": 695.0, "catdis": 1, "OBJNAM": null, "INFORM": null, "SCAMIN": 22000 }, "geometry": { "type": "Point", "coordinates": [ 23.779422, 43.798491 ] } },
{ "type": "Feature", "properties": { "wtwdis": 696.0, "catdis": 1, "OBJNAM": null, "INFORM": null, "SCAMIN": 22000 }, "geometry": { "type": "Point", "coordinates": [ 23.769912, 43.800433 ] } },
{ "type": "Feature", "properties": { "wtwdis": 697.0, "catdis": 1, "OBJNAM": null, "INFORM": null, "SCAMIN": 22000 }, "geometry": { "type": "Point", "coordinates": [ 23.758861, 43.80195 ] } },
{ "type": "Feature", "properties": { "wtwdis": 698.0, "catdis": 1, "OBJNAM": null, "INFORM": null, "SCAMIN": 22000 }, "geometry": { "type": "Point", "coordinates": [ 23.745751, 43.803346 ] } },
{ "type": "Feature", "properties": { "wtwdis": 699.0, "catdis": 1, "OBJNAM": null, "INFORM": null, "SCAMIN": 22000 }, "geometry": { "type": "Point", "coordinates": [ 23.732874, 43.804648 ] } },
{ "type": "Feature", "properties": { "wtwdis": 700.0, "catdis": 1, "OBJNAM": null, "INFORM": null, "SCAMIN": 22000 }, "geometry": { "type": "Point", "coordinates": [ 23.717921, 43.80661 ] } },
{ "type": "Feature", "properties": { "wtwdis": 701.0, "catdis": 1, "OBJNAM": null, "INFORM": null, "SCAMIN": 22000 }, "geometry": { "type": "Point", "coordinates": [ 23.707752, 43.806939 ] } },
{ "type": "Feature", "properties": { "wtwdis": 702.0, "catdis": 1, "OBJNAM": null, "INFORM": null, "SCAMIN": 22000 }, "geometry": { "type": "Point", "coordinates": [ 23.696017, 43.806596 ] } },
{ "type": "Feature", "properties": { "wtwdis": 9.0, "catdis": 1, "OBJNAM": null, "INFORM": null, "SCAMIN": 8000 }, "geometry": { "type": "Point", "coordinates": [ 23.805698, 43.777909 ] } },
{ "type": "Feature", "properties": { "wtwdis": 8.0, "catdis": 1, "OBJNAM": null, "INFORM": null, "SCAMIN": 8000 }, "geometry": { "type": "Point", "coordinates": [ 23.806271, 43.777205 ] } },
{ "type": "Feature", "properties": { "wtwdis": 7.0, "catdis": 1, "OBJNAM": null, "INFORM": null, "SCAMIN": 8000 }, "geometry": { "type": "Point", "coordinates": [ 23.806834, 43.776496 ] } },
{ "type": "Feature", "properties": { "wtwdis": 6.0, "catdis": 1, "OBJNAM": null, "INFORM": null, "SCAMIN": 8000 }, "geometry": { "type": "Point", "coordinates": [ 23.807402, 43.775789 ] } },
{ "type": "Feature", "properties": { "wtwdis": 2.0, "catdis": 1, "OBJNAM": null, "INFORM": null, "SCAMIN": 8000 }, "geometry": { "type": "Point", "coordinates": [ 23.818014, 43.767329 ] } },
{ "type": "Feature", "properties": { "wtwdis": 703.0, "catdis": 1, "OBJNAM": null, "INFORM": null, "SCAMIN": 22000 }, "geometry": { "type": "Point", "coordinates": [ 23.685841, 43.804717 ] } },
{ "type": "Feature", "properties": { "wtwdis": 704.0, "catdis": 1, "OBJNAM": null, "INFORM": null, "SCAMIN": 22000 }, "geometry": { "type": "Point", "coordinates": [ 23.675425, 43.801723 ] } },
{ "type": "Feature", "properties": { "wtwdis": 705.0, "catdis": 1, "OBJNAM": null, "INFORM": null, "SCAMIN": 22000 }, "geometry": { "type": "Point", "coordinates": [ 23.663714, 43.799156 ] } },
{ "type": "Feature", "properties": { "wtwdis": 706.0, "catdis": 1, "OBJNAM": null, "INFORM": null, "SCAMIN": 22000 }, "geometry": { "type": "Point", "coordinates": [ 23.647966, 43.795177 ] } },
{ "type": "Feature", "properties": { "wtwdis": 707.0, "catdis": 1, "OBJNAM": null, "INFORM": null, "SCAMIN": 22000 }, "geometry": { "type": "Point", "coordinates": [ 23.638163, 43.793169 ] } },
{ "type": "Feature", "properties": { "wtwdis": 708.0, "catdis": 1, "OBJNAM": null, "INFORM": null, "SCAMIN": 22000 }, "geometry": { "type": "Point", "coordinates": [ 23.624482, 43.791382 ] } },
{ "type": "Feature", "properties": { "wtwdis": 709.0, "catdis": 1, "OBJNAM": null, "INFORM": null, "SCAMIN": 22000 }, "geometry": { "type": "Point", "coordinates": [ 23.612165, 43.792143 ] } },
{ "type": "Feature", "properties": { "wtwdis": 710.0, "catdis": 1, "OBJNAM": null, "INFORM": null, "SCAMIN": 22000 }, "geometry": { "type": "Point", "coordinates": [ 23.600581, 43.79395 ] } },
{ "type": "Feature", "properties": { "wtwdis": 711.0, "catdis": 1, "OBJNAM": null, "INFORM": null, "SCAMIN": 22000 }, "geometry": { "type": "Point", "coordinates": [ 23.588623, 43.796194 ] } },
{ "type": "Feature", "properties": { "wtwdis": 712.0, "catdis": 1, "OBJNAM": null, "INFORM": null, "SCAMIN": 22000 }, "geometry": { "type": "Point", "coordinates": [ 23.577041, 43.798472 ] } },
{ "type": "Feature", "properties": { "wtwdis": 714.0, "catdis": 3, "OBJNAM": null, "INFORM": null, "SCAMIN": 22000 }, "geometry": { "type": "Point", "coordinates": [ 23.553611, 43.800944 ] } },
{ "type": "Feature", "properties": { "wtwdis": 714.0, "catdis": 1, "OBJNAM": null, "INFORM": null, "SCAMIN": 22000 }, "geometry": { "type": "Point", "coordinates": [ 23.554142, 43.80258 ] } },
{ "type": "Feature", "properties": { "wtwdis": 715.0, "catdis": 1, "OBJNAM": null, "INFORM": null, "SCAMIN": 22000 }, "geometry": { "type": "Point", "coordinates": [ 23.539946, 43.809925 ] } },
{ "type": "Feature", "properties": { "wtwdis": 716.0, "catdis": 1, "OBJNAM": null, "INFORM": null, "SCAMIN": 22000 }, "geometry": { "type": "Point", "coordinates": [ 23.52797, 43.816552 ] } },
{ "type": "Feature", "properties": { "wtwdis": 717.0, "catdis": 1, "OBJNAM": null, "INFORM": null, "SCAMIN": 22000 }, "geometry": { "type": "Point", "coordinates": [ 23.520187, 43.820936 ] } },
{ "type": "Feature", "properties": { "wtwdis": 718.0, "catdis": 1, "OBJNAM": null, "INFORM": null, "SCAMIN": 22000 }, "geometry": { "type": "Point", "coordinates": [ 23.509469, 43.826865 ] } },
{ "type": "Feature", "properties": { "wtwdis": 719.0, "catdis": 1, "OBJNAM": null, "INFORM": null, "SCAMIN": 22000 }, "geometry": { "type": "Point", "coordinates": [ 23.502646, 43.830271 ] } },
{ "type": "Feature", "properties": { "wtwdis": 720.0, "catdis": 1, "OBJNAM": null, "INFORM": null, "SCAMIN": 22000 }, "geometry": { "type": "Point", "coordinates": [ 23.493716, 43.834529 ] } },
{ "type": "Feature", "properties": { "wtwdis": 721.0, "catdis": 1, "OBJNAM": null, "INFORM": null, "SCAMIN": 22000 }, "geometry": { "type": "Point", "coordinates": [ 23.486611, 43.837458 ] } },
{ "type": "Feature", "properties": { "wtwdis": 722.0, "catdis": 1, "OBJNAM": null, "INFORM": null, "SCAMIN": 22000 }, "geometry": { "type": "Point", "coordinates": [ 23.472877, 43.841302 ] } },
{ "type": "Feature", "properties": { "wtwdis": 723.0, "catdis": 1, "OBJNAM": null, "INFORM": null, "SCAMIN": 22000 }, "geometry": { "type": "Point", "coordinates": [ 23.458185, 43.846 ] } },
{ "type": "Feature", "properties": { "wtwdis": 724.0, "catdis": 1, "OBJNAM": null, "INFORM": null, "SCAMIN": 22000 }, "geometry": { "type": "Point", "coordinates": [ 23.446451, 43.849653 ] } },
{ "type": "Feature", "properties": { "wtwdis": 725.0, "catdis": 1, "OBJNAM": null, "INFORM": null, "SCAMIN": 22000 }, "geometry": { "type": "Point", "coordinates": [ 23.435629, 43.852335 ] } },
{ "type": "Feature", "properties": { "wtwdis": 726.0, "catdis": 1, "OBJNAM": null, "INFORM": null, "SCAMIN": 22000 }, "geometry": { "type": "Point", "coordinates": [ 23.427041, 43.853851 ] } },
{ "type": "Feature", "properties": { "wtwdis": 727.0, "catdis": 1, "OBJNAM": null, "INFORM": null, "SCAMIN": 22000 }, "geometry": { "type": "Point", "coordinates": [ 23.414112, 43.852373 ] } },
{ "type": "Feature", "properties": { "wtwdis": 728.0, "catdis": 1, "OBJNAM": null, "INFORM": null, "SCAMIN": 22000 }, "geometry": { "type": "Point", "coordinates": [ 23.40435, 43.851494 ] } },
{ "type": "Feature", "properties": { "wtwdis": 729.0, "catdis": 1, "OBJNAM": null, "INFORM": null, "SCAMIN": 22000 }, "geometry": { "type": "Point", "coordinates": [ 23.392829, 43.850431 ] } },
{ "type": "Feature", "properties": { "wtwdis": 730.0, "catdis": 1, "OBJNAM": null, "INFORM": null, "SCAMIN": 22000 }, "geometry": { "type": "Point", "coordinates": [ 23.377702, 43.849097 ] } },
{ "type": "Feature", "properties": { "wtwdis": 732.0, "catdis": 3, "OBJNAM": null, "INFORM": null, "SCAMIN": 22000 }, "geometry": { "type": "Point", "coordinates": [ 23.35408, 43.853963 ] } },
{ "type": "Feature", "properties": { "wtwdis": 731.0, "catdis": 1, "OBJNAM": null, "INFORM": null, "SCAMIN": 22000 }, "geometry": { "type": "Point", "coordinates": [ 23.364733, 43.850236 ] } },
{ "type": "Feature", "properties": { "wtwdis": 732.0, "catdis": 1, "OBJNAM": null, "INFORM": null, "SCAMIN": 22000 }, "geometry": { "type": "Point", "coordinates": [ 23.353571, 43.852729 ] } },
{ "type": "Feature", "properties": { "wtwdis": 733.0, "catdis": 1, "OBJNAM": null, "INFORM": null, "SCAMIN": 22000 }, "geometry": { "type": "Point", "coordinates": [ 23.342389, 43.852962 ] } },
{ "type": "Feature", "properties": { "wtwdis": 734.0, "catdis": 1, "OBJNAM": null, "INFORM": null, "SCAMIN": 22000 }, "geometry": { "type": "Point", "coordinates": [ 23.33034, 43.85212 ] } },
{ "type": "Feature", "properties": { "wtwdis": 735.0, "catdis": 1, "OBJNAM": null, "INFORM": null, "SCAMIN": 22000 }, "geometry": { "type": "Point", "coordinates": [ 23.318314, 43.851134 ] } },
{ "type": "Feature", "properties": { "wtwdis": 736.0, "catdis": 1, "OBJNAM": null, "INFORM": null, "SCAMIN": 22000 }, "geometry": { "type": "Point", "coordinates": [ 23.30649, 43.848697 ] } },
{ "type": "Feature", "properties": { "wtwdis": 737.0, "catdis": 1, "OBJNAM": null, "INFORM": null, "SCAMIN": 22000 }, "geometry": { "type": "Point", "coordinates": [ 23.295046, 43.847239 ] } },
{ "type": "Feature", "properties": { "wtwdis": 738.0, "catdis": 1, "OBJNAM": null, "INFORM": null, "SCAMIN": 22000 }, "geometry": { "type": "Point", "coordinates": [ 23.282522, 43.84651 ] } },
{ "type": "Feature", "properties": { "wtwdis": 739.0, "catdis": 1, "OBJNAM": null, "INFORM": null, "SCAMIN": 22000 }, "geometry": { "type": "Point", "coordinates": [ 23.271927, 43.846243 ] } },
{ "type": "Feature", "properties": { "wtwdis": 740.0, "catdis": 1, "OBJNAM": null, "INFORM": null, "SCAMIN": 22000 }, "geometry": { "type": "Point", "coordinates": [ 23.258522, 43.844574 ] } },
{ "type": "Feature", "properties": { "wtwdis": 741.0, "catdis": 1, "OBJNAM": null, "INFORM": null, "SCAMIN": 22000 }, "geometry": { "type": "Point", "coordinates": [ 23.251422, 43.842088 ] } },
{ "type": "Feature", "properties": { "wtwdis": 3.0, "catdis": 1, "OBJNAM": null, "INFORM": null, "SCAMIN": 8000 }, "geometry": { "type": "Point", "coordinates": [ 23.36225, 43.852453 ] } },
{ "type": "Feature", "properties": { "wtwdis": 4.0, "catdis": 1, "OBJNAM": null, "INFORM": null, "SCAMIN": 8000 }, "geometry": { "type": "Point", "coordinates": [ 23.361085, 43.852627 ] } },
{ "type": "Feature", "properties": { "wtwdis": 5.0, "catdis": 1, "OBJNAM": null, "INFORM": null, "SCAMIN": 8000 }, "geometry": { "type": "Point", "coordinates": [ 23.359929, 43.852884 ] } },
{ "type": "Feature", "properties": { "wtwdis": 6.0, "catdis": 1, "OBJNAM": null, "INFORM": null, "SCAMIN": 8000 }, "geometry": { "type": "Point", "coordinates": [ 23.358749, 43.85307 ] } },
{ "type": "Feature", "properties": { "wtwdis": 7.0, "catdis": 1, "OBJNAM": null, "INFORM": null, "SCAMIN": 8000 }, "geometry": { "type": "Point", "coordinates": [ 23.357559, 43.853221 ] } },
{ "type": "Feature", "properties": { "wtwdis": 8.0, "catdis": 1, "OBJNAM": null, "INFORM": null, "SCAMIN": 8000 }, "geometry": { "type": "Point", "coordinates": [ 23.356387, 43.853435 ] } },
{ "type": "Feature", "properties": { "wtwdis": 9.0, "catdis": 1, "OBJNAM": null, "INFORM": null, "SCAMIN": 8000 }, "geometry": { "type": "Point", "coordinates": [ 23.355234, 43.8537 ] } },
{ "type": "Feature", "properties": { "wtwdis": 1.0, "catdis": 1, "OBJNAM": null, "INFORM": null, "SCAMIN": 8000 }, "geometry": { "type": "Point", "coordinates": [ 23.352962, 43.854118 ] } },
{ "type": "Feature", "properties": { "wtwdis": 2.0, "catdis": 1, "OBJNAM": null, "INFORM": null, "SCAMIN": 8000 }, "geometry": { "type": "Point", "coordinates": [ 23.351845, 43.854274 ] } },
{ "type": "Feature", "properties": { "wtwdis": 742.0, "catdis": 1, "OBJNAM": null, "INFORM": null, "SCAMIN": 22000 }, "geometry": { "type": "Point", "coordinates": [ 23.240867, 43.836256 ] } },
{ "type": "Feature", "properties": { "wtwdis": 743.0, "catdis": 1, "OBJNAM": null, "INFORM": null, "SCAMIN": 22000 }, "geometry": { "type": "Point", "coordinates": [ 23.228037, 43.835499 ] } },
{ "type": "Feature", "properties": { "wtwdis": 744.0, "catdis": 1, "OBJNAM": null, "INFORM": null, "SCAMIN": 22000 }, "geometry": { "type": "Point", "coordinates": [ 23.217777, 43.833265 ] } },
{ "type": "Feature", "properties": { "wtwdis": 745.0, "catdis": 1, "OBJNAM": null, "INFORM": null, "SCAMIN": 22000 }, "geometry": { "type": "Point", "coordinates": [ 23.207, 43.830342 ] } },
{ "type": "Feature", "properties": { "wtwdis": 746.0, "catdis": 1, "OBJNAM": null, "INFORM": null, "SCAMIN": 22000 }, "geometry": { "type": "Point", "coordinates": [ 23.196811, 43.827637 ] } },
{ "type": "Feature", "properties": { "wtwdis": 747.0, "catdis": 1, "OBJNAM": null, "INFORM": null, "SCAMIN": 22000 }, "geometry": { "type": "Point", "coordinates": [ 23.186455, 43.824856 ] } },
{ "type": "Feature", "properties": { "wtwdis": 748.0, "catdis": 1, "OBJNAM": null, "INFORM": null, "SCAMIN": 22000 }, "geometry": { "type": "Point", "coordinates": [ 23.176887, 43.822112 ] } },
{ "type": "Feature", "properties": { "wtwdis": 749.0, "catdis": 1, "OBJNAM": null, "INFORM": null, "SCAMIN": 22000 }, "geometry": { "type": "Point", "coordinates": [ 23.165134, 43.817232 ] } },
{ "type": "Feature", "properties": { "wtwdis": 750.0, "catdis": 1, "OBJNAM": null, "INFORM": null, "SCAMIN": 22000 }, "geometry": { "type": "Point", "coordinates": [ 23.153293, 43.810865 ] } },
{ "type": "Feature", "properties": { "wtwdis": 751.0, "catdis": 1, "OBJNAM": null, "INFORM": null, "SCAMIN": 22000 }, "geometry": { "type": "Point", "coordinates": [ 23.143467, 43.806325 ] } },
{ "type": "Feature", "properties": { "wtwdis": 752.0, "catdis": 1, "OBJNAM": null, "INFORM": null, "SCAMIN": 22000 }, "geometry": { "type": "Point", "coordinates": [ 23.132949, 43.802833 ] } },
{ "type": "Feature", "properties": { "wtwdis": null, "catdis": null, "OBJNAM": null, "INFORM": null, "SCAMIN": 8000 }, "geometry": { "type": "Point", "coordinates": [ 23.153293, 43.810865 ] } },
{ "type": "Feature", "properties": { "wtwdis": null, "catdis": 1, "OBJNAM": null, "INFORM": null, "SCAMIN": 8000 }, "geometry": { "type": "Point", "coordinates": [ 23.153293, 43.810865 ] } },
{ "type": "Feature", "properties": { "wtwdis": 759.0, "catdis": 3, "OBJNAM": null, "INFORM": null, "SCAMIN": 22000 }, "geometry": { "type": "Point", "coordinates": [ 23.042927, 43.802771 ] } },
{ "type": "Feature", "properties": { "wtwdis": 753.0, "catdis": 1, "OBJNAM": null, "INFORM": null, "SCAMIN": 22000 }, "geometry": { "type": "Point", "coordinates": [ 23.118255, 43.801851 ] } },
{ "type": "Feature", "properties": { "wtwdis": 754.0, "catdis": 1, "OBJNAM": null, "INFORM": null, "SCAMIN": 22000 }, "geometry": { "type": "Point", "coordinates": [ 23.106111, 43.801526 ] } },
{ "type": "Feature", "properties": { "wtwdis": 755.0, "catdis": 1, "OBJNAM": null, "INFORM": null, "SCAMIN": 22000 }, "geometry": { "type": "Point", "coordinates": [ 23.094796, 43.801228 ] } },
{ "type": "Feature", "properties": { "wtwdis": 756.0, "catdis": 1, "OBJNAM": null, "INFORM": null, "SCAMIN": 22000 }, "geometry": { "type": "Point", "coordinates": [ 23.081411, 43.80121 ] } },
{ "type": "Feature", "properties": { "wtwdis": 757.0, "catdis": 1, "OBJNAM": null, "INFORM": null, "SCAMIN": 22000 }, "geometry": { "type": "Point", "coordinates": [ 23.068417, 43.802252 ] } },
{ "type": "Feature", "properties": { "wtwdis": 758.0, "catdis": 1, "OBJNAM": null, "INFORM": null, "SCAMIN": 22000 }, "geometry": { "type": "Point", "coordinates": [ 23.055568, 43.803501 ] } },
{ "type": "Feature", "properties": { "wtwdis": 759.0, "catdis": 1, "OBJNAM": null, "INFORM": null, "SCAMIN": 22000 }, "geometry": { "type": "Point", "coordinates": [ 23.04293, 43.803944 ] } },
{ "type": "Feature", "properties": { "wtwdis": 760.0, "catdis": 1, "OBJNAM": null, "INFORM": null, "SCAMIN": 22000 }, "geometry": { "type": "Point", "coordinates": [ 23.030001, 43.804469 ] } },
{ "type": "Feature", "properties": { "wtwdis": 761.0, "catdis": 1, "OBJNAM": null, "INFORM": null, "SCAMIN": 22000 }, "geometry": { "type": "Point", "coordinates": [ 23.015293, 43.805584 ] } },
{ "type": "Feature", "properties": { "wtwdis": 762.0, "catdis": 1, "OBJNAM": null, "INFORM": null, "SCAMIN": 22000 }, "geometry": { "type": "Point", "coordinates": [ 23.003025, 43.805974 ] } },
{ "type": "Feature", "properties": { "wtwdis": 758.0, "catdis": 3, "OBJNAM": null, "INFORM": null, "SCAMIN": 22000 }, "geometry": { "type": "Point", "coordinates": [ 23.055441, 43.802207 ] } },
{ "type": "Feature", "properties": { "wtwdis": 1.0, "catdis": 1, "OBJNAM": null, "INFORM": null, "SCAMIN": 8000 }, "geometry": { "type": "Point", "coordinates": [ 23.054229, 43.802403 ] } },
{ "type": "Feature", "properties": { "wtwdis": 2.0, "catdis": 1, "OBJNAM": null, "INFORM": null, "SCAMIN": 8000 }, "geometry": { "type": "Point", "coordinates": [ 23.053006, 43.802624 ] } },
{ "type": "Feature", "properties": { "wtwdis": 3.0, "catdis": 1, "OBJNAM": null, "INFORM": null, "SCAMIN": 8000 }, "geometry": { "type": "Point", "coordinates": [ 23.051762, 43.802778 ] } },
{ "type": "Feature", "properties": { "wtwdis": 4.0, "catdis": 1, "OBJNAM": null, "INFORM": null, "SCAMIN": 8000 }, "geometry": { "type": "Point", "coordinates": [ 23.050501, 43.802823 ] } },
{ "type": "Feature", "properties": { "wtwdis": 5.0, "catdis": 1, "OBJNAM": null, "INFORM": null, "SCAMIN": 8000 }, "geometry": { "type": "Point", "coordinates": [ 23.049239, 43.802838 ] } },
{ "type": "Feature", "properties": { "wtwdis": 6.0, "catdis": 1, "OBJNAM": null, "INFORM": null, "SCAMIN": 8000 }, "geometry": { "type": "Point", "coordinates": [ 23.047977, 43.802824 ] } },
{ "type": "Feature", "properties": { "wtwdis": 7.0, "catdis": 1, "OBJNAM": null, "INFORM": null, "SCAMIN": 8000 }, "geometry": { "type": "Point", "coordinates": [ 23.046714, 43.802813 ] } },
{ "type": "Feature", "properties": { "wtwdis": 8.0, "catdis": 1, "OBJNAM": null, "INFORM": null, "SCAMIN": 8000 }, "geometry": { "type": "Point", "coordinates": [ 23.045452, 43.802804 ] } },
{ "type": "Feature", "properties": { "wtwdis": 9.0, "catdis": 1, "OBJNAM": null, "INFORM": null, "SCAMIN": 8000 }, "geometry": { "type": "Point", "coordinates": [ 23.044189, 43.802792 ] } },
{ "type": "Feature", "properties": { "wtwdis": 7.0, "catdis": 1, "OBJNAM": null, "INFORM": null, "SCAMIN": 8000 }, "geometry": { "type": "Point", "coordinates": [ 23.05933, 43.801479 ] } },
{ "type": "Feature", "properties": { "wtwdis": 8.0, "catdis": 1, "OBJNAM": null, "INFORM": null, "SCAMIN": 8000 }, "geometry": { "type": "Point", "coordinates": [ 23.05803, 43.801693 ] } },
{ "type": "Feature", "properties": { "wtwdis": 9.0, "catdis": 1, "OBJNAM": null, "INFORM": null, "SCAMIN": 8000 }, "geometry": { "type": "Point", "coordinates": [ 23.056732, 43.801911 ] } },
{ "type": "Feature", "properties": { "wtwdis": 757.0, "catdis": 3, "OBJNAM": null, "INFORM": null, "SCAMIN": 22000 }, "geometry": { "type": "Point", "coordinates": [ 23.068586, 43.800645 ] } },
{ "type": "Feature", "properties": { "wtwdis": 763.0, "catdis": 1, "OBJNAM": null, "INFORM": null, "SCAMIN": 22000 }, "geometry": { "type": "Point", "coordinates": [ 22.991989, 43.807077 ] } },
{ "type": "Feature", "properties": { "wtwdis": 764.0, "catdis": 1, "OBJNAM": null, "INFORM": null, "SCAMIN": 22000 }, "geometry": { "type": "Point", "coordinates": [ 22.977966, 43.81013 ] } },
{ "type": "Feature", "properties": { "wtwdis": 765.0, "catdis": 1, "OBJNAM": null, "INFORM": null, "SCAMIN": 22000 }, "geometry": { "type": "Point", "coordinates": [ 22.96327, 43.81312 ] } },
{ "type": "Feature", "properties": { "wtwdis": 766.0, "catdis": 1, "OBJNAM": null, "INFORM": null, "SCAMIN": 22000 }, "geometry": { "type": "Point", "coordinates": [ 22.951789, 43.816448 ] } },
{ "type": "Feature", "properties": { "wtwdis": 767.0, "catdis": 1, "OBJNAM": null, "INFORM": null, "SCAMIN": 22000 }, "geometry": { "type": "Point", "coordinates": [ 22.940369, 43.820839 ] } },
{ "type": "Feature", "properties": { "wtwdis": 768.0, "catdis": 1, "OBJNAM": null, "INFORM": null, "SCAMIN": 22000 }, "geometry": { "type": "Point", "coordinates": [ 22.932167, 43.822719 ] } },
{ "type": "Feature", "properties": { "wtwdis": 769.0, "catdis": 1, "OBJNAM": null, "INFORM": null, "SCAMIN": 22000 }, "geometry": { "type": "Point", "coordinates": [ 22.923853, 43.824364 ] } },
{ "type": "Feature", "properties": { "wtwdis": 770.0, "catdis": 1, "OBJNAM": null, "INFORM": null, "SCAMIN": 22000 }, "geometry": { "type": "Point", "coordinates": [ 22.912376, 43.826705 ] } },
{ "type": "Feature", "properties": { "wtwdis": 771.0, "catdis": 1, "OBJNAM": null, "INFORM": null, "SCAMIN": 22000 }, "geometry": { "type": "Point", "coordinates": [ 22.901371, 43.828718 ] } },
{ "type": "Feature", "properties": { "wtwdis": 772.0, "catdis": 1, "OBJNAM": null, "INFORM": null, "SCAMIN": 22000 }, "geometry": { "type": "Point", "coordinates": [ 22.887752, 43.831618 ] } },
{ "type": "Feature", "properties": { "wtwdis": 773.0, "catdis": 1, "OBJNAM": null, "INFORM": null, "SCAMIN": 22000 }, "geometry": { "type": "Point", "coordinates": [ 22.876382, 43.834517 ] } },
{ "type": "Feature", "properties": { "wtwdis": 781.0, "catdis": 1, "OBJNAM": null, "INFORM": null, "SCAMIN": 22000 }, "geometry": { "type": "Point", "coordinates": [ 22.845935, 43.90215 ] } },
{ "type": "Feature", "properties": { "wtwdis": 780.0, "catdis": 1, "OBJNAM": null, "INFORM": null, "SCAMIN": 22000 }, "geometry": { "type": "Point", "coordinates": [ 22.843603, 43.894402 ] } },
{ "type": "Feature", "properties": { "wtwdis": 779.0, "catdis": 1, "OBJNAM": null, "INFORM": null, "SCAMIN": 22000 }, "geometry": { "type": "Point", "coordinates": [ 22.841715, 43.886085 ] } },
{ "type": "Feature", "properties": { "wtwdis": 778.0, "catdis": 1, "OBJNAM": null, "INFORM": null, "SCAMIN": 22000 }, "geometry": { "type": "Point", "coordinates": [ 22.841377, 43.875645 ] } },
{ "type": "Feature", "properties": { "wtwdis": 777.0, "catdis": 1, "OBJNAM": null, "INFORM": null, "SCAMIN": 22000 }, "geometry": { "type": "Point", "coordinates": [ 22.843299, 43.864836 ] } },
{ "type": "Feature", "properties": { "wtwdis": 776.0, "catdis": 1, "OBJNAM": null, "INFORM": null, "SCAMIN": 22000 }, "geometry": { "type": "Point", "coordinates": [ 22.84814, 43.855162 ] } },
{ "type": "Feature", "properties": { "wtwdis": 775.0, "catdis": 1, "OBJNAM": null, "INFORM": null, "SCAMIN": 22000 }, "geometry": { "type": "Point", "coordinates": [ 22.855519, 43.847063 ] } },
{ "type": "Feature", "properties": { "wtwdis": 774.0, "catdis": 1, "OBJNAM": null, "INFORM": null, "SCAMIN": 22000 }, "geometry": { "type": "Point", "coordinates": [ 22.864182, 43.840806 ] } },
{ "type": "Feature", "properties": { "wtwdis": 790.0, "catdis": 1, "OBJNAM": null, "INFORM": null, "SCAMIN": 22000 }, "geometry": { "type": "Point", "coordinates": [ 22.877935, 43.978216 ] } },
{ "type": "Feature", "properties": { "wtwdis": 789.0, "catdis": 1, "OBJNAM": null, "INFORM": null, "SCAMIN": 22000 }, "geometry": { "type": "Point", "coordinates": [ 22.875315, 43.969257 ] } },
{ "type": "Feature", "properties": { "wtwdis": 788.0, "catdis": 1, "OBJNAM": null, "INFORM": null, "SCAMIN": 22000 }, "geometry": { "type": "Point", "coordinates": [ 22.873298, 43.960668 ] } },
{ "type": "Feature", "properties": { "wtwdis": 787.0, "catdis": 1, "OBJNAM": null, "INFORM": null, "SCAMIN": 22000 }, "geometry": { "type": "Point", "coordinates": [ 22.871508, 43.953006 ] } },
{ "type": "Feature", "properties": { "wtwdis": 786.0, "catdis": 1, "OBJNAM": null, "INFORM": null, "SCAMIN": 22000 }, "geometry": { "type": "Point", "coordinates": [ 22.869838, 43.944705 ] } },
{ "type": "Feature", "properties": { "wtwdis": 785.0, "catdis": 1, "OBJNAM": null, "INFORM": null, "SCAMIN": 22000 }, "geometry": { "type": "Point", "coordinates": [ 22.86757, 43.935846 ] } },
{ "type": "Feature", "properties": { "wtwdis": 784.0, "catdis": 1, "OBJNAM": null, "INFORM": null, "SCAMIN": 22000 }, "geometry": { "type": "Point", "coordinates": [ 22.861645, 43.926168 ] } },
{ "type": "Feature", "properties": { "wtwdis": 783.0, "catdis": 1, "OBJNAM": null, "INFORM": null, "SCAMIN": 22000 }, "geometry": { "type": "Point", "coordinates": [ 22.855787, 43.918379 ] } },
{ "type": "Feature", "properties": { "wtwdis": 782.0, "catdis": 1, "OBJNAM": null, "INFORM": null, "SCAMIN": 22000 }, "geometry": { "type": "Point", "coordinates": [ 22.849386, 43.910806 ] } },
{ "type": "Feature", "properties": { "wtwdis": 6.0, "catdis": null, "OBJNAM": null, "INFORM": null, "SCAMIN": 8000 }, "geometry": { "type": "Point", "coordinates": [ 22.850985, 43.91578 ] } },
{ "type": "Feature", "properties": { "wtwdis": 5.0, "catdis": null, "OBJNAM": null, "INFORM": null, "SCAMIN": 8000 }, "geometry": { "type": "Point", "coordinates": [ 22.850343, 43.915055 ] } },
{ "type": "Feature", "properties": { "wtwdis": 4.0, "catdis": null, "OBJNAM": null, "INFORM": null, "SCAMIN": 8000 }, "geometry": { "type": "Point", "coordinates": [ 22.849751, 43.914308 ] } },
{ "type": "Feature", "properties": { "wtwdis": 3.0, "catdis": null, "OBJNAM": null, "INFORM": null, "SCAMIN": 8000 }, "geometry": { "type": "Point", "coordinates": [ 22.849232, 43.913533 ] } },
{ "type": "Feature", "properties": { "wtwdis": 2.0, "catdis": null, "OBJNAM": null, "INFORM": null, "SCAMIN": 8000 }, "geometry": { "type": "Point", "coordinates": [ 22.848807, 43.912729 ] } },
{ "type": "Feature", "properties": { "wtwdis": 6.0, "catdis": 1, "OBJNAM": null, "INFORM": null, "SCAMIN": 8000 }, "geometry": { "type": "Point", "coordinates": [ 22.850985, 43.91578 ] } },
{ "type": "Feature", "properties": { "wtwdis": 5.0, "catdis": 1, "OBJNAM": null, "INFORM": null, "SCAMIN": 8000 }, "geometry": { "type": "Point", "coordinates": [ 22.850343, 43.915055 ] } },
{ "type": "Feature", "properties": { "wtwdis": 4.0, "catdis": 1, "OBJNAM": null, "INFORM": null, "SCAMIN": 8000 }, "geometry": { "type": "Point", "coordinates": [ 22.849751, 43.914308 ] } },
{ "type": "Feature", "properties": { "wtwdis": 3.0, "catdis": 1, "OBJNAM": null, "INFORM": null, "SCAMIN": 8000 }, "geometry": { "type": "Point", "coordinates": [ 22.849232, 43.913533 ] } },
{ "type": "Feature", "properties": { "wtwdis": 2.0, "catdis": 1, "OBJNAM": null, "INFORM": null, "SCAMIN": 8000 }, "geometry": { "type": "Point", "coordinates": [ 22.848807, 43.912729 ] } },
{ "type": "Feature", "properties": { "wtwdis": 801.0, "catdis": 3, "OBJNAM": null, "INFORM": null, "SCAMIN": 22000 }, "geometry": { "type": "Point", "coordinates": [ 23.007473, 44.009192 ] } },
{ "type": "Feature", "properties": { "wtwdis": 801.0, "catdis": 1, "OBJNAM": null, "INFORM": null, "SCAMIN": 22000 }, "geometry": { "type": "Point", "coordinates": [ 23.006656, 44.01049 ] } },
{ "type": "Feature", "properties": { "wtwdis": 800.0, "catdis": 1, "OBJNAM": null, "INFORM": null, "SCAMIN": 22000 }, "geometry": { "type": "Point", "coordinates": [ 22.995415, 44.009169 ] } },
{ "type": "Feature", "properties": { "wtwdis": 799.0, "catdis": 1, "OBJNAM": null, "INFORM": null, "SCAMIN": 22000 }, "geometry": { "type": "Point", "coordinates": [ 22.984864, 44.007581 ] } },
{ "type": "Feature", "properties": { "wtwdis": 798.0, "catdis": 1, "OBJNAM": null, "INFORM": null, "SCAMIN": 22000 }, "geometry": { "type": "Point", "coordinates": [ 22.971034, 44.005548 ] } },
{ "type": "Feature", "properties": { "wtwdis": 797.0, "catdis": 1, "OBJNAM": null, "INFORM": null, "SCAMIN": 22000 }, "geometry": { "type": "Point", "coordinates": [ 22.958854, 44.003728 ] } },
{ "type": "Feature", "properties": { "wtwdis": 796.0, "catdis": 1, "OBJNAM": null, "INFORM": null, "SCAMIN": 22000 }, "geometry": { "type": "Point", "coordinates": [ 22.948449, 44.002456 ] } },
{ "type": "Feature", "properties": { "wtwdis": 795.0, "catdis": 1, "OBJNAM": null, "INFORM": null, "SCAMIN": 22000 }, "geometry": { "type": "Point", "coordinates": [ 22.934177, 44.001349 ] } },
{ "type": "Feature", "properties": { "wtwdis": 794.0, "catdis": 1, "OBJNAM": null, "INFORM": null, "SCAMIN": 22000 }, "geometry": { "type": "Point", "coordinates": [ 22.924157, 43.998828 ] } },
{ "type": "Feature", "properties": { "wtwdis": 793.0, "catdis": 1, "OBJNAM": null, "INFORM": null, "SCAMIN": 22000 }, "geometry": { "type": "Point", "coordinates": [ 22.914782, 43.996697 ] } },
{ "type": "Feature", "properties": { "wtwdis": 792.0, "catdis": 1, "OBJNAM": null, "INFORM": null, "SCAMIN": 22000 }, "geometry": { "type": "Point", "coordinates": [ 22.89954, 43.993647 ] } },
{ "type": "Feature", "properties": { "wtwdis": 791.0, "catdis": 1, "OBJNAM": null, "INFORM": null, "SCAMIN": 22000 }, "geometry": { "type": "Point", "coordinates": [ 22.886318, 43.987874 ] } },
{ "type": "Feature", "properties": { "wtwdis": 9.0, "catdis": 1, "OBJNAM": null, "INFORM": null, "SCAMIN": 8000 }, "geometry": { "type": "Point", "coordinates": [ 23.006337, 44.009033 ] } },
{ "type": "Feature", "properties": { "wtwdis": 808.0, "catdis": 1, "OBJNAM": null, "INFORM": null, "SCAMIN": 22000 }, "geometry": { "type": "Point", "coordinates": [ 23.048204, 44.06366 ] } },
{ "type": "Feature", "properties": { "wtwdis": 807.0, "catdis": 1, "OBJNAM": null, "INFORM": null, "SCAMIN": 22000 }, "geometry": { "type": "Point", "coordinates": [ 23.045594, 44.056617 ] } },
{ "type": "Feature", "properties": { "wtwdis": 806.0, "catdis": 1, "OBJNAM": null, "INFORM": null, "SCAMIN": 22000 }, "geometry": { "type": "Point", "coordinates": [ 23.039835, 44.048212 ] } },
{ "type": "Feature", "properties": { "wtwdis": 805.0, "catdis": 1, "OBJNAM": null, "INFORM": null, "SCAMIN": 22000 }, "geometry": { "type": "Point", "coordinates": [ 23.033541, 44.039963 ] } },
{ "type": "Feature", "properties": { "wtwdis": 804.0, "catdis": 1, "OBJNAM": null, "INFORM": null, "SCAMIN": 22000 }, "geometry": { "type": "Point", "coordinates": [ 23.027752, 44.03242 ] } },
{ "type": "Feature", "properties": { "wtwdis": 803.0, "catdis": 1, "OBJNAM": null, "INFORM": null, "SCAMIN": 22000 }, "geometry": { "type": "Point", "coordinates": [ 23.021312, 44.0229 ] } },
{ "type": "Feature", "properties": { "wtwdis": 802.0, "catdis": 1, "OBJNAM": null, "INFORM": null, "SCAMIN": 22000 }, "geometry": { "type": "Point", "coordinates": [ 23.015641, 44.015437 ] } },
{ "type": "Feature", "properties": { "wtwdis": 818.0, "catdis": 1, "OBJNAM": null, "INFORM": null, "SCAMIN": 22000 }, "geometry": { "type": "Point", "coordinates": [ 22.956166, 44.096414 ] } },
{ "type": "Feature", "properties": { "wtwdis": 817.0, "catdis": 1, "OBJNAM": null, "INFORM": null, "SCAMIN": 22000 }, "geometry": { "type": "Point", "coordinates": [ 22.971285, 44.097734 ] } },
{ "type": "Feature", "properties": { "wtwdis": 816.0, "catdis": 1, "OBJNAM": null, "INFORM": null, "SCAMIN": 22000 }, "geometry": { "type": "Point", "coordinates": [ 22.980763, 44.098061 ] } },
{ "type": "Feature", "properties": { "wtwdis": 815.0, "catdis": 1, "OBJNAM": null, "INFORM": null, "SCAMIN": 22000 }, "geometry": { "type": "Point", "coordinates": [ 22.994802, 44.096449 ] } },
{ "type": "Feature", "properties": { "wtwdis": 814.0, "catdis": 1, "OBJNAM": null, "INFORM": null, "SCAMIN": 22000 }, "geometry": { "type": "Point", "coordinates": [ 23.003967, 44.094206 ] } },
{ "type": "Feature", "properties": { "wtwdis": 813.0, "catdis": 1, "OBJNAM": null, "INFORM": null, "SCAMIN": 22000 }, "geometry": { "type": "Point", "coordinates": [ 23.012174, 44.091982 ] } },
{ "type": "Feature", "properties": { "wtwdis": 812.0, "catdis": 1, "OBJNAM": null, "INFORM": null, "SCAMIN": 22000 }, "geometry": { "type": "Point", "coordinates": [ 23.02463, 44.087515 ] } },
{ "type": "Feature", "properties": { "wtwdis": 811.0, "catdis": 1, "OBJNAM": null, "INFORM": null, "SCAMIN": 22000 }, "geometry": { "type": "Point", "coordinates": [ 23.032956, 44.082831 ] } },
{ "type": "Feature", "properties": { "wtwdis": 810.0, "catdis": 1, "OBJNAM": null, "INFORM": null, "SCAMIN": 22000 }, "geometry": { "type": "Point", "coordinates": [ 23.041192, 44.077484 ] } },
{ "type": "Feature", "properties": { "wtwdis": 809.0, "catdis": 1, "OBJNAM": null, "INFORM": null, "SCAMIN": 22000 }, "geometry": { "type": "Point", "coordinates": [ 23.046295, 44.072192 ] } },
{ "type": "Feature", "properties": { "wtwdis": 825.0, "catdis": 1, "OBJNAM": null, "INFORM": null, "SCAMIN": 22000 }, "geometry": { "type": "Point", "coordinates": [ 22.880921, 44.127661 ] } },
{ "type": "Feature", "properties": { "wtwdis": 824.0, "catdis": 1, "OBJNAM": null, "INFORM": null, "SCAMIN": 22000 }, "geometry": { "type": "Point", "coordinates": [ 22.889053, 44.123205 ] } },
{ "type": "Feature", "properties": { "wtwdis": 823.0, "catdis": 1, "OBJNAM": null, "INFORM": null, "SCAMIN": 22000 }, "geometry": { "type": "Point", "coordinates": [ 22.896142, 44.117077 ] } },
{ "type": "Feature", "properties": { "wtwdis": 822.0, "catdis": 1, "OBJNAM": null, "INFORM": null, "SCAMIN": 22000 }, "geometry": { "type": "Point", "coordinates": [ 22.904668, 44.109398 ] } },
{ "type": "Feature", "properties": { "wtwdis": 821.0, "catdis": 1, "OBJNAM": null, "INFORM": null, "SCAMIN": 22000 }, "geometry": { "type": "Point", "coordinates": [ 22.915697, 44.103335 ] } },
{ "type": "Feature", "properties": { "wtwdis": 820.0, "catdis": 1, "OBJNAM": null, "INFORM": null, "SCAMIN": 22000 }, "geometry": { "type": "Point", "coordinates": [ 22.932582, 44.09884 ] } },
{ "type": "Feature", "properties": { "wtwdis": 819.0, "catdis": 1, "OBJNAM": null, "INFORM": null, "SCAMIN": 22000 }, "geometry": { "type": "Point", "coordinates": [ 22.944695, 44.097528 ] } },
{ "type": "Feature", "properties": { "wtwdis": 832.0, "catdis": 1, "OBJNAM": null, "INFORM": null, "SCAMIN": 22000 }, "geometry": { "type": "Point", "coordinates": [ 22.804392, 44.156837 ] } },
{ "type": "Feature", "properties": { "wtwdis": 831.0, "catdis": 1, "OBJNAM": null, "INFORM": null, "SCAMIN": 22000 }, "geometry": { "type": "Point", "coordinates": [ 22.81809, 44.152792 ] } },
{ "type": "Feature", "properties": { "wtwdis": 830.0, "catdis": 1, "OBJNAM": null, "INFORM": null, "SCAMIN": 22000 }, "geometry": { "type": "Point", "coordinates": [ 22.829216, 44.149172 ] } },
{ "type": "Feature", "properties": { "wtwdis": 829.0, "catdis": 1, "OBJNAM": null, "INFORM": null, "SCAMIN": 22000 }, "geometry": { "type": "Point", "coordinates": [ 22.839807, 44.145037 ] } },
{ "type": "Feature", "properties": { "wtwdis": 828.0, "catdis": 1, "OBJNAM": null, "INFORM": null, "SCAMIN": 22000 }, "geometry": { "type": "Point", "coordinates": [ 22.849607, 44.141303 ] } },
{ "type": "Feature", "properties": { "wtwdis": 827.0, "catdis": 1, "OBJNAM": null, "INFORM": null, "SCAMIN": 22000 }, "geometry": { "type": "Point", "coordinates": [ 22.861618, 44.136912 ] } },
{ "type": "Feature", "properties": { "wtwdis": 826.0, "catdis": 1, "OBJNAM": null, "INFORM": null, "SCAMIN": 22000 }, "geometry": { "type": "Point", "coordinates": [ 22.871873, 44.132569 ] } },
{ "type": "Feature", "properties": { "wtwdis": 840.0, "catdis": 3, "OBJNAM": null, "INFORM": null, "SCAMIN": 22000 }, "geometry": { "type": "Point", "coordinates": [ 22.736889, 44.195972 ] } },
{ "type": "Feature", "properties": { "wtwdis": 841.0, "catdis": 1, "OBJNAM": null, "INFORM": null, "SCAMIN": 22000 }, "geometry": { "type": "Point", "coordinates": [ 22.727252, 44.201621 ] } },
{ "type": "Feature", "properties": { "wtwdis": 840.0, "catdis": 1, "OBJNAM": null, "INFORM": null, "SCAMIN": 22000 }, "geometry": { "type": "Point", "coordinates": [ 22.737636, 44.197188 ] } },
{ "type": "Feature", "properties": { "wtwdis": 839.0, "catdis": 1, "OBJNAM": null, "INFORM": null, "SCAMIN": 22000 }, "geometry": { "type": "Point", "coordinates": [ 22.74711, 44.193387 ] } },
{ "type": "Feature", "properties": { "wtwdis": 838.0, "catdis": 1, "OBJNAM": null, "INFORM": null, "SCAMIN": 22000 }, "geometry": { "type": "Point", "coordinates": [ 22.753991, 44.191184 ] } },
{ "type": "Feature", "properties": { "wtwdis": 837.0, "catdis": 1, "OBJNAM": null, "INFORM": null, "SCAMIN": 22000 }, "geometry": { "type": "Point", "coordinates": [ 22.762579, 44.18743 ] } },
{ "type": "Feature", "properties": { "wtwdis": 836.0, "catdis": 1, "OBJNAM": null, "INFORM": null, "SCAMIN": 22000 }, "geometry": { "type": "Point", "coordinates": [ 22.768494, 44.182038 ] } },
{ "type": "Feature", "properties": { "wtwdis": 835.0, "catdis": 1, "OBJNAM": null, "INFORM": null, "SCAMIN": 22000 }, "geometry": { "type": "Point", "coordinates": [ 22.775434, 44.175105 ] } },
{ "type": "Feature", "properties": { "wtwdis": 834.0, "catdis": 1, "OBJNAM": null, "INFORM": null, "SCAMIN": 22000 }, "geometry": { "type": "Point", "coordinates": [ 22.78459, 44.168344 ] } },
{ "type": "Feature", "properties": { "wtwdis": 833.0, "catdis": 1, "OBJNAM": null, "INFORM": null, "SCAMIN": 22000 }, "geometry": { "type": "Point", "coordinates": [ 22.792319, 44.16315 ] } },
{ "type": "Feature", "properties": { "wtwdis": 8.0, "catdis": 1, "OBJNAM": null, "INFORM": null, "SCAMIN": 8000 }, "geometry": { "type": "Point", "coordinates": [ 22.738651, 44.194975 ] } },
{ "type": "Feature", "properties": { "wtwdis": 9.0, "catdis": 1, "OBJNAM": null, "INFORM": null, "SCAMIN": 8000 }, "geometry": { "type": "Point", "coordinates": [ 22.737769, 44.195471 ] } },
{ "type": "Feature", "properties": { "wtwdis": 1.0, "catdis": 1, "OBJNAM": null, "INFORM": null, "SCAMIN": 8000 }, "geometry": { "type": "Point", "coordinates": [ 22.735806, 44.196411 ] } },
{ "type": "Feature", "properties": { "wtwdis": 2.0, "catdis": 1, "OBJNAM": null, "INFORM": null, "SCAMIN": 8000 }, "geometry": { "type": "Point", "coordinates": [ 22.734708, 44.196806 ] } },
{ "type": "Feature", "properties": { "wtwdis": 845.0, "catdis": 1, "OBJNAM": null, "INFORM": null, "SCAMIN": 22000 }, "geometry": { "type": "Point", "coordinates": [ 22.681451, 44.211272 ] } },
{ "type": "Feature", "properties": { "wtwdis": 844.0, "catdis": 1, "OBJNAM": null, "INFORM": null, "SCAMIN": 22000 }, "geometry": { "type": "Point", "coordinates": [ 22.690297, 44.204543 ] } },
{ "type": "Feature", "properties": { "wtwdis": 843.0, "catdis": 1, "OBJNAM": null, "INFORM": null, "SCAMIN": 22000 }, "geometry": { "type": "Point", "coordinates": [ 22.70373, 44.203594 ] } },
{ "type": "Feature", "properties": { "wtwdis": 842.0, "catdis": 1, "OBJNAM": null, "INFORM": null, "SCAMIN": 22000 }, "geometry": { "type": "Point", "coordinates": [ 22.716235, 44.20261 ] } },
{ "type": "Feature", "properties": { "wtwdis": 863.0, "catdis": 1, "OBJNAM": null, "INFORM": null, "SCAMIN": null }, "geometry": { "type": "Point", "coordinates": [ 22.57938, 44.315833 ] } },
{ "type": "Feature", "properties": { "wtwdis": 862.0, "catdis": 1, "OBJNAM": null, "INFORM": null, "SCAMIN": null }, "geometry": { "type": "Point", "coordinates": [ 22.588123, 44.310533 ] } },
{ "type": "Feature", "properties": { "wtwdis": 862.0, "catdis": 1, "OBJNAM": null, "INFORM": null, "SCAMIN": null }, "geometry": { "type": "Point", "coordinates": [ 22.580688, 44.297896 ] } },
{ "type": "Feature", "properties": { "wtwdis": 861.0, "catdis": 1, "OBJNAM": null, "INFORM": null, "SCAMIN": null }, "geometry": { "type": "Point", "coordinates": [ 22.592383, 44.305628 ] } },
{ "type": "Feature", "properties": { "wtwdis": 861.0, "catdis": 1, "OBJNAM": null, "INFORM": null, "SCAMIN": null }, "geometry": { "type": "Point", "coordinates": [ 22.591777, 44.295995 ] } },
{ "type": "Feature", "properties": { "wtwdis": 860.0, "catdis": 1, "OBJNAM": null, "INFORM": null, "SCAMIN": null }, "geometry": { "type": "Point", "coordinates": [ 22.604571, 44.297015 ] } },
{ "type": "Feature", "properties": { "wtwdis": 860.0, "catdis": 1, "OBJNAM": null, "INFORM": null, "SCAMIN": null }, "geometry": { "type": "Point", "coordinates": [ 22.602902, 44.29366 ] } },
{ "type": "Feature", "properties": { "wtwdis": 859.0, "catdis": 1, "OBJNAM": null, "INFORM": null, "SCAMIN": null }, "geometry": { "type": "Point", "coordinates": [ 22.613728, 44.294912 ] } },
{ "type": "Feature", "properties": { "wtwdis": 859.0, "catdis": 1, "OBJNAM": null, "INFORM": null, "SCAMIN": null }, "geometry": { "type": "Point", "coordinates": [ 22.612743, 44.292105 ] } },
{ "type": "Feature", "properties": { "wtwdis": 857.0, "catdis": 1, "OBJNAM": null, "INFORM": null, "SCAMIN": null }, "geometry": { "type": "Point", "coordinates": [ 22.640522, 44.29109 ] } },
{ "type": "Feature", "properties": { "wtwdis": 856.0, "catdis": 1, "OBJNAM": null, "INFORM": null, "SCAMIN": null }, "geometry": { "type": "Point", "coordinates": [ 22.652909, 44.289534 ] } },
{ "type": "Feature", "properties": { "wtwdis": 855.0, "catdis": 1, "OBJNAM": null, "INFORM": null, "SCAMIN": null }, "geometry": { "type": "Point", "coordinates": [ 22.662982, 44.28797 ] } },
{ "type": "Feature", "properties": { "wtwdis": 854.0, "catdis": 1, "OBJNAM": null, "INFORM": null, "SCAMIN": null }, "geometry": { "type": "Point", "coordinates": [ 22.673779, 44.284047 ] } },
{ "type": "Feature", "properties": { "wtwdis": 853.0, "catdis": 1, "OBJNAM": null, "INFORM": null, "SCAMIN": null }, "geometry": { "type": "Point", "coordinates": [ 22.680582, 44.279168 ] } },
{ "type": "Feature", "properties": { "wtwdis": 852.0, "catdis": 1, "OBJNAM": null, "INFORM": null, "SCAMIN": null }, "geometry": { "type": "Point", "coordinates": [ 22.684192, 44.271897 ] } },
{ "type": "Feature", "properties": { "wtwdis": 851.0, "catdis": 1, "OBJNAM": null, "INFORM": null, "SCAMIN": null }, "geometry": { "type": "Point", "coordinates": [ 22.684494, 44.26326 ] } },
{ "type": "Feature", "properties": { "wtwdis": 850.0, "catdis": 1, "OBJNAM": null, "INFORM": null, "SCAMIN": null }, "geometry": { "type": "Point", "coordinates": [ 22.684984, 44.254706 ] } },
{ "type": "Feature", "properties": { "wtwdis": 849.0, "catdis": 1, "OBJNAM": null, "INFORM": null, "SCAMIN": null }, "geometry": { "type": "Point", "coordinates": [ 22.682265, 44.246536 ] } },
{ "type": "Feature", "properties": { "wtwdis": 848.0, "catdis": 1, "OBJNAM": null, "INFORM": null, "SCAMIN": null }, "geometry": { "type": "Point", "coordinates": [ 22.676828, 44.238817 ] } },
{ "type": "Feature", "properties": { "wtwdis": 847.0, "catdis": 1, "OBJNAM": null, "INFORM": null, "SCAMIN": null }, "geometry": { "type": "Point", "coordinates": [ 22.672333, 44.230603 ] } },
{ "type": "Feature", "properties": { "wtwdis": 846.0, "catdis": 1, "OBJNAM": null, "INFORM": null, "SCAMIN": null }, "geometry": { "type": "Point", "coordinates": [ 22.672796, 44.220326 ] } },
{ "type": "Feature", "properties": { "wtwdis": 859.0, "catdis": 3, "OBJNAM": null, "INFORM": null, "SCAMIN": null }, "geometry": { "type": "Point", "coordinates": [ 22.612366, 44.291051 ] } },
{ "type": "Feature", "properties": { "wtwdis": 858.0, "catdis": 1, "OBJNAM": null, "INFORM": null, "SCAMIN": null }, "geometry": { "type": "Point", "coordinates": [ 22.628524, 44.292979 ] } },
{ "type": "Feature", "properties": { "wtwdis": 863.0, "catdis": 3, "OBJNAM": null, "INFORM": null, "SCAMIN": 8000 }, "geometry": { "type": "Point", "coordinates": [ 22.57884, 44.314883 ] } },
{ "type": "Feature", "properties": { "wtwdis": 858.0, "catdis": 1, "OBJNAM": null, "INFORM": null, "SCAMIN": null }, "geometry": { "type": "Point", "coordinates": [ 22.628416, 44.29122 ] } },
{ "type": "Feature", "properties": { "wtwdis": 866.0, "catdis": 3, "OBJNAM": null, "INFORM": null, "SCAMIN": 8000 }, "geometry": { "type": "Point", "coordinates": [ 22.540146, 44.323366 ] } },
{ "type": "Feature", "properties": { "wtwdis": 865.0, "catdis": 3, "OBJNAM": null, "INFORM": null, "SCAMIN": 8000 }, "geometry": { "type": "Point", "coordinates": [ 22.547832, 44.315956 ] } },
{ "type": "Feature", "properties": { "wtwdis": 870.0, "catdis": 1, "OBJNAM": null, "INFORM": null, "SCAMIN": 8000 }, "geometry": { "type": "Point", "coordinates": [ 22.51789, 44.355078 ] } },
{ "type": "Feature", "properties": { "wtwdis": 869.0, "catdis": 1, "OBJNAM": null, "INFORM": null, "SCAMIN": 8000 }, "geometry": { "type": "Point", "coordinates": [ 22.522578, 44.346431 ] } },
{ "type": "Feature", "properties": { "wtwdis": 868.0, "catdis": 1, "OBJNAM": null, "INFORM": null, "SCAMIN": 8000 }, "geometry": { "type": "Point", "coordinates": [ 22.528404, 44.337751 ] } },
{ "type": "Feature", "properties": { "wtwdis": 867.0, "catdis": 1, "OBJNAM": null, "INFORM": null, "SCAMIN": 8000 }, "geometry": { "type": "Point", "coordinates": [ 22.5357, 44.331644 ] } },
{ "type": "Feature", "properties": { "wtwdis": 866.0, "catdis": 1, "OBJNAM": null, "INFORM": null, "SCAMIN": 8000 }, "geometry": { "type": "Point", "coordinates": [ 22.542789, 44.327597 ] } },
{ "type": "Feature", "properties": { "wtwdis": 866.0, "catdis": 1, "OBJNAM": null, "INFORM": null, "SCAMIN": 8000 }, "geometry": { "type": "Point", "coordinates": [ 22.541119, 44.32492 ] } },
{ "type": "Feature", "properties": { "wtwdis": 865.0, "catdis": 1, "OBJNAM": null, "INFORM": null, "SCAMIN": 8000 }, "geometry": { "type": "Point", "coordinates": [ 22.553102, 44.323919 ] } },
{ "type": "Feature", "properties": { "wtwdis": 865.0, "catdis": 1, "OBJNAM": null, "INFORM": null, "SCAMIN": 8000 }, "geometry": { "type": "Point", "coordinates": [ 22.548683, 44.31725 ] } },
{ "type": "Feature", "properties": { "wtwdis": 864.0, "catdis": 1, "OBJNAM": null, "INFORM": null, "SCAMIN": 8000 }, "geometry": { "type": "Point", "coordinates": [ 22.553956, 44.311336 ] } },
{ "type": "Feature", "properties": { "wtwdis": 864.0, "catdis": 1, "OBJNAM": null, "INFORM": null, "SCAMIN": 8000 }, "geometry": { "type": "Point", "coordinates": [ 22.561033, 44.32161 ] } },
{ "type": "Feature", "properties": { "wtwdis": 863.0, "catdis": 1, "OBJNAM": null, "INFORM": null, "SCAMIN": 8000 }, "geometry": { "type": "Point", "coordinates": [ 22.570432, 44.299856 ] } },
{ "type": "Feature", "properties": { "wtwdis": 867.0, "catdis": 1, "OBJNAM": null, "INFORM": null, "SCAMIN": 8000 }, "geometry": { "type": "Point", "coordinates": [ 22.535045, 44.330558 ] } },
{ "type": "Feature", "properties": { "wtwdis": 864.0, "catdis": 3, "OBJNAM": null, "INFORM": null, "SCAMIN": 8000 }, "geometry": { "type": "Point", "coordinates": [ 22.560605, 44.320999 ] } },
{ "type": "Feature", "properties": { "wtwdis": 876.0, "catdis": 1, "OBJNAM": null, "INFORM": null, "SCAMIN": 8000 }, "geometry": { "type": "Point", "coordinates": [ 22.501456, 44.405077 ] } },
{ "type": "Feature", "properties": { "wtwdis": 875.0, "catdis": 1, "OBJNAM": null, "INFORM": null, "SCAMIN": 8000 }, "geometry": { "type": "Point", "coordinates": [ 22.500953, 44.398148 ] } },
{ "type": "Feature", "properties": { "wtwdis": 874.0, "catdis": 1, "OBJNAM": null, "INFORM": null, "SCAMIN": 8000 }, "geometry": { "type": "Point", "coordinates": [ 22.501234, 44.389313 ] } },
{ "type": "Feature", "properties": { "wtwdis": 873.0, "catdis": 1, "OBJNAM": null, "INFORM": null, "SCAMIN": 8000 }, "geometry": { "type": "Point", "coordinates": [ 22.50424, 44.381744 ] } },
{ "type": "Feature", "properties": { "wtwdis": 872.0, "catdis": 1, "OBJNAM": null, "INFORM": null, "SCAMIN": 8000 }, "geometry": { "type": "Point", "coordinates": [ 22.508387, 44.373455 ] } },
{ "type": "Feature", "properties": { "wtwdis": 871.0, "catdis": 1, "OBJNAM": null, "INFORM": null, "SCAMIN": 8000 }, "geometry": { "type": "Point", "coordinates": [ 22.513121, 44.364151 ] } },
{ "type": "Feature", "properties": { "wtwdis": 888.0, "catdis": 1, "OBJNAM": null, "INFORM": null, "SCAMIN": null }, "geometry": { "type": "Point", "coordinates": [ 22.506193, 44.473117 ] } },
{ "type": "Feature", "properties": { "wtwdis": 887.0, "catdis": 1, "OBJNAM": null, "INFORM": null, "SCAMIN": null }, "geometry": { "type": "Point", "coordinates": [ 22.495624, 44.47586 ] } },
{ "type": "Feature", "properties": { "wtwdis": 886.0, "catdis": 1, "OBJNAM": null, "INFORM": null, "SCAMIN": null }, "geometry": { "type": "Point", "coordinates": [ 22.483287, 44.478679 ] } },
{ "type": "Feature", "properties": { "wtwdis": 885.0, "catdis": 1, "OBJNAM": null, "INFORM": null, "SCAMIN": null }, "geometry": { "type": "Point", "coordinates": [ 22.470357, 44.480796 ] } },
{ "type": "Feature", "properties": { "wtwdis": 884.0, "catdis": 1, "OBJNAM": null, "INFORM": null, "SCAMIN": null }, "geometry": { "type": "Point", "coordinates": [ 22.455156, 44.469878 ] } },
{ "type": "Feature", "properties": { "wtwdis": 883.0, "catdis": 1, "OBJNAM": null, "INFORM": null, "SCAMIN": null }, "geometry": { "type": "Point", "coordinates": [ 22.457645, 44.46051 ] } },
{ "type": "Feature", "properties": { "wtwdis": 882.0, "catdis": 1, "OBJNAM": null, "INFORM": null, "SCAMIN": null }, "geometry": { "type": "Point", "coordinates": [ 22.461426, 44.45124 ] } },
{ "type": "Feature", "properties": { "wtwdis": 881.0, "catdis": 1, "OBJNAM": null, "INFORM": null, "SCAMIN": null }, "geometry": { "type": "Point", "coordinates": [ 22.466715, 44.442721 ] } },
{ "type": "Feature", "properties": { "wtwdis": 880.0, "catdis": 1, "OBJNAM": null, "INFORM": null, "SCAMIN": null }, "geometry": { "type": "Point", "coordinates": [ 22.475924, 44.436647 ] } },
{ "type": "Feature", "properties": { "wtwdis": 879.0, "catdis": 1, "OBJNAM": null, "INFORM": null, "SCAMIN": null }, "geometry": { "type": "Point", "coordinates": [ 22.484751, 44.432483 ] } },
{ "type": "Feature", "properties": { "wtwdis": 878.0, "catdis": 1, "OBJNAM": null, "INFORM": null, "SCAMIN": null }, "geometry": { "type": "Point", "coordinates": [ 22.495433, 44.424896 ] } },
{ "type": "Feature", "properties": { "wtwdis": 877.0, "catdis": 1, "OBJNAM": null, "INFORM": null, "SCAMIN": null }, "geometry": { "type": "Point", "coordinates": [ 22.499865, 44.418036 ] } },
{ "type": "Feature", "properties": { "wtwdis": 899.0, "catdis": 1, "OBJNAM": null, "INFORM": null, "SCAMIN": 8000 }, "geometry": { "type": "Point", "coordinates": [ 22.573143, 44.543982 ] } },
{ "type": "Feature", "properties": { "wtwdis": 898.0, "catdis": 1, "OBJNAM": null, "INFORM": null, "SCAMIN": 8000 }, "geometry": { "type": "Point", "coordinates": [ 22.563719, 44.533493 ] } },
{ "type": "Feature", "properties": { "wtwdis": 897.0, "catdis": 1, "OBJNAM": null, "INFORM": null, "SCAMIN": 8000 }, "geometry": { "type": "Point", "coordinates": [ 22.562879, 44.529284 ] } },
{ "type": "Feature", "properties": { "wtwdis": 896.0, "catdis": 1, "OBJNAM": null, "INFORM": null, "SCAMIN": 8000 }, "geometry": { "type": "Point", "coordinates": [ 22.562249, 44.515102 ] } },
{ "type": "Feature", "properties": { "wtwdis": 895.0, "catdis": 1, "OBJNAM": null, "INFORM": null, "SCAMIN": 8000 }, "geometry": { "type": "Point", "coordinates": [ 22.561867, 44.506072 ] } },
{ "type": "Feature", "properties": { "wtwdis": 894.0, "catdis": 1, "OBJNAM": null, "INFORM": null, "SCAMIN": 8000 }, "geometry": { "type": "Point", "coordinates": [ 22.559907, 44.497231 ] } },
{ "type": "Feature", "properties": { "wtwdis": 893.0, "catdis": 1, "OBJNAM": null, "INFORM": null, "SCAMIN": 8000 }, "geometry": { "type": "Point", "coordinates": [ 22.556483, 44.489647 ] } },
{ "type": "Feature", "properties": { "wtwdis": 892.0, "catdis": 1, "OBJNAM": null, "INFORM": null, "SCAMIN": 8000 }, "geometry": { "type": "Point", "coordinates": [ 22.549813, 44.483352 ] } },
{ "type": "Feature", "properties": { "wtwdis": 891.0, "catdis": 1, "OBJNAM": null, "INFORM": null, "SCAMIN": 8000 }, "geometry": { "type": "Point", "coordinates": [ 22.540385, 44.478209 ] } },
{ "type": "Feature", "properties": { "wtwdis": 890.0, "catdis": 1, "OBJNAM": null, "INFORM": null, "SCAMIN": 8000 }, "geometry": { "type": "Point", "coordinates": [ 22.530211, 44.474373 ] } },
{ "type": "Feature", "properties": { "wtwdis": 889.0, "catdis": 1, "OBJNAM": null, "INFORM": null, "SCAMIN": 8000 }, "geometry": { "type": "Point", "coordinates": [ 22.51936, 44.471707 ] } },
{ "type": "Feature", "properties": { "wtwdis": 906.0, "catdis": 1, "OBJNAM": null, "INFORM": null, "SCAMIN": 8000 }, "geometry": { "type": "Point", "coordinates": [ 22.65566, 44.534856 ] } },
{ "type": "Feature", "properties": { "wtwdis": 905.0, "catdis": 1, "OBJNAM": null, "INFORM": null, "SCAMIN": 8000 }, "geometry": { "type": "Point", "coordinates": [ 22.64618, 44.539763 ] } },
{ "type": "Feature", "properties": { "wtwdis": 904.0, "catdis": 1, "OBJNAM": null, "INFORM": null, "SCAMIN": 8000 }, "geometry": { "type": "Point", "coordinates": [ 22.635303, 44.545072 ] } },
{ "type": "Feature", "properties": { "wtwdis": 903.0, "catdis": 1, "OBJNAM": null, "INFORM": null, "SCAMIN": 8000 }, "geometry": { "type": "Point", "coordinates": [ 22.623881, 44.549659 ] } },
{ "type": "Feature", "properties": { "wtwdis": 902.0, "catdis": 1, "OBJNAM": null, "INFORM": null, "SCAMIN": 8000 }, "geometry": { "type": "Point", "coordinates": [ 22.609529, 44.551602 ] } },
{ "type": "Feature", "properties": { "wtwdis": 901.0, "catdis": 1, "OBJNAM": null, "INFORM": null, "SCAMIN": 8000 }, "geometry": { "type": "Point", "coordinates": [ 22.596668, 44.551455 ] } },
{ "type": "Feature", "properties": { "wtwdis": 900.0, "catdis": 1, "OBJNAM": null, "INFORM": null, "SCAMIN": 8000 }, "geometry": { "type": "Point", "coordinates": [ 22.5855, 44.548752 ] } },
{ "type": "Feature", "properties": { "wtwdis": 919.0, "catdis": 1, "OBJNAM": null, "INFORM": null, "SCAMIN": 8000 }, "geometry": { "type": "Point", "coordinates": [ 22.759893, 44.558829 ] } },
{ "type": "Feature", "properties": { "wtwdis": 918.0, "catdis": 1, "OBJNAM": null, "INFORM": null, "SCAMIN": 8000 }, "geometry": { "type": "Point", "coordinates": [ 22.763887, 44.552109 ] } },
{ "type": "Feature", "properties": { "wtwdis": 917.0, "catdis": 1, "OBJNAM": null, "INFORM": null, "SCAMIN": 8000 }, "geometry": { "type": "Point", "coordinates": [ 22.764932, 44.545166 ] } },
{ "type": "Feature", "properties": { "wtwdis": 916.0, "catdis": 1, "OBJNAM": null, "INFORM": null, "SCAMIN": 8000 }, "geometry": { "type": "Point", "coordinates": [ 22.759764, 44.537584 ] } },
{ "type": "Feature", "properties": { "wtwdis": 915.0, "catdis": 1, "OBJNAM": null, "INFORM": null, "SCAMIN": 8000 }, "geometry": { "type": "Point", "coordinates": [ 22.748753, 44.533084 ] } },
{ "type": "Feature", "properties": { "wtwdis": 914.0, "catdis": 1, "OBJNAM": null, "INFORM": null, "SCAMIN": 8000 }, "geometry": { "type": "Point", "coordinates": [ 22.738658, 44.529271 ] } },
{ "type": "Feature", "properties": { "wtwdis": 913.0, "catdis": 1, "OBJNAM": null, "INFORM": null, "SCAMIN": 8000 }, "geometry": { "type": "Point", "coordinates": [ 22.727751, 44.525266 ] } },
{ "type": "Feature", "properties": { "wtwdis": 912.0, "catdis": 1, "OBJNAM": null, "INFORM": null, "SCAMIN": 8000 }, "geometry": { "type": "Point", "coordinates": [ 22.716954, 44.521293 ] } },
{ "type": "Feature", "properties": { "wtwdis": 911.0, "catdis": 1, "OBJNAM": null, "INFORM": null, "SCAMIN": 8000 }, "geometry": { "type": "Point", "coordinates": [ 22.706004, 44.517384 ] } },
{ "type": "Feature", "properties": { "wtwdis": 910.0, "catdis": 1, "OBJNAM": null, "INFORM": null, "SCAMIN": 8000 }, "geometry": { "type": "Point", "coordinates": [ 22.695249, 44.515287 ] } },
{ "type": "Feature", "properties": { "wtwdis": 909.0, "catdis": 1, "OBJNAM": null, "INFORM": null, "SCAMIN": 8000 }, "geometry": { "type": "Point", "coordinates": [ 22.684005, 44.518408 ] } },
{ "type": "Feature", "properties": { "wtwdis": 908.0, "catdis": 1, "OBJNAM": null, "INFORM": null, "SCAMIN": 8000 }, "geometry": { "type": "Point", "coordinates": [ 22.67469, 44.523846 ] } },
{ "type": "Feature", "properties": { "wtwdis": 907.0, "catdis": 1, "OBJNAM": null, "INFORM": null, "SCAMIN": 8000 }, "geometry": { "type": "Point", "coordinates": [ 22.665229, 44.529521 ] } },
{ "type": "Feature", "properties": { "wtwdis": 925.0, "catdis": 1, "OBJNAM": null, "INFORM": null, "SCAMIN": null }, "geometry": { "type": "Point", "coordinates": [ 22.713279, 44.600543 ] } },
{ "type": "Feature", "properties": { "wtwdis": 926.0, "catdis": 1, "OBJNAM": null, "INFORM": null, "SCAMIN": null }, "geometry": { "type": "Point", "coordinates": [ 22.705164, 44.607325 ] } },
{ "type": "Feature", "properties": { "wtwdis": 924.0, "catdis": 1, "OBJNAM": null, "INFORM": null, "SCAMIN": null }, "geometry": { "type": "Point", "coordinates": [ 22.720694, 44.594772 ] } },
{ "type": "Feature", "properties": { "wtwdis": 923.0, "catdis": 1, "OBJNAM": null, "INFORM": null, "SCAMIN": null }, "geometry": { "type": "Point", "coordinates": [ 22.730768, 44.586808 ] } },
{ "type": "Feature", "properties": { "wtwdis": 922.0, "catdis": 1, "OBJNAM": null, "INFORM": null, "SCAMIN": null }, "geometry": { "type": "Point", "coordinates": [ 22.738796, 44.58056 ] } },
{ "type": "Feature", "properties": { "wtwdis": 921.0, "catdis": 1, "OBJNAM": null, "INFORM": null, "SCAMIN": null }, "geometry": { "type": "Point", "coordinates": [ 22.747312, 44.573195 ] } },
{ "type": "Feature", "properties": { "wtwdis": 932.0, "catdis": 1, "OBJNAM": null, "INFORM": null, "SCAMIN": null }, "geometry": { "type": "Point", "coordinates": [ 22.639496, 44.616042 ] } },
{ "type": "Feature", "properties": { "wtwdis": 931.0, "catdis": 1, "OBJNAM": null, "INFORM": null, "SCAMIN": null }, "geometry": { "type": "Point", "coordinates": [ 22.652275, 44.617306 ] } },
{ "type": "Feature", "properties": { "wtwdis": 930.0, "catdis": 1, "OBJNAM": null, "INFORM": null, "SCAMIN": null }, "geometry": { "type": "Point", "coordinates": [ 22.662983, 44.617471 ] } },
{ "type": "Feature", "properties": { "wtwdis": 929.0, "catdis": 1, "OBJNAM": null, "INFORM": null, "SCAMIN": null }, "geometry": { "type": "Point", "coordinates": [ 22.674413, 44.616888 ] } },
{ "type": "Feature", "properties": { "wtwdis": 928.0, "catdis": 1, "OBJNAM": null, "INFORM": null, "SCAMIN": null }, "geometry": { "type": "Point", "coordinates": [ 22.681851, 44.610506 ] } },
{ "type": "Feature", "properties": { "wtwdis": 928.0, "catdis": 1, "OBJNAM": null, "INFORM": null, "SCAMIN": null }, "geometry": { "type": "Point", "coordinates": [ 22.683418, 44.615621 ] } },
{ "type": "Feature", "properties": { "wtwdis": 927.0, "catdis": 1, "OBJNAM": null, "INFORM": null, "SCAMIN": null }, "geometry": { "type": "Point", "coordinates": [ 22.694099, 44.612174 ] } },
{ "type": "Feature", "properties": { "wtwdis": 927.0, "catdis": 1, "OBJNAM": null, "INFORM": null, "SCAMIN": null }, "geometry": { "type": "Point", "coordinates": [ 22.692139, 44.605397 ] } },
{ "type": "Feature", "properties": { "wtwdis": 941.0, "catdis": 1, "OBJNAM": null, "INFORM": null, "SCAMIN": 8000 }, "geometry": { "type": "Point", "coordinates": [ 22.552381, 44.66159 ] } },
{ "type": "Feature", "properties": { "wtwdis": 940.0, "catdis": 1, "OBJNAM": null, "INFORM": null, "SCAMIN": 8000 }, "geometry": { "type": "Point", "coordinates": [ 22.55775, 44.65551 ] } },
{ "type": "Feature", "properties": { "wtwdis": 940.0, "catdis": 1, "OBJNAM": null, "INFORM": null, "SCAMIN": 8000 }, "geometry": { "type": "Point", "coordinates": [ 22.553459, 44.650172 ] } },
{ "type": "Feature", "properties": { "wtwdis": 939.0, "catdis": 1, "OBJNAM": null, "INFORM": null, "SCAMIN": 8000 }, "geometry": { "type": "Point", "coordinates": [ 22.565234, 44.64784 ] } },
{ "type": "Feature", "properties": { "wtwdis": 939.0, "catdis": 1, "OBJNAM": null, "INFORM": null, "SCAMIN": 8000 }, "geometry": { "type": "Point", "coordinates": [ 22.561287, 44.643363 ] } },
{ "type": "Feature", "properties": { "wtwdis": 938.0, "catdis": 1, "OBJNAM": null, "INFORM": null, "SCAMIN": 8000 }, "geometry": { "type": "Point", "coordinates": [ 22.573436, 44.641145 ] } },
{ "type": "Feature", "properties": { "wtwdis": 938.0, "catdis": 1, "OBJNAM": null, "INFORM": null, "SCAMIN": 8000 }, "geometry": { "type": "Point", "coordinates": [ 22.569745, 44.636552 ] } },
{ "type": "Feature", "properties": { "wtwdis": 937.0, "catdis": 1, "OBJNAM": null, "INFORM": null, "SCAMIN": 8000 }, "geometry": { "type": "Point", "coordinates": [ 22.582354, 44.63469 ] } },
{ "type": "Feature", "properties": { "wtwdis": 937.0, "catdis": 1, "OBJNAM": null, "INFORM": null, "SCAMIN": 8000 }, "geometry": { "type": "Point", "coordinates": [ 22.580569, 44.6318 ] } },
{ "type": "Feature", "properties": { "wtwdis": 936.0, "catdis": 1, "OBJNAM": null, "INFORM": null, "SCAMIN": 8000 }, "geometry": { "type": "Point", "coordinates": [ 22.593025, 44.628791 ] } },
{ "type": "Feature", "properties": { "wtwdis": 935.0, "catdis": 1, "OBJNAM": null, "INFORM": null, "SCAMIN": 8000 }, "geometry": { "type": "Point", "coordinates": [ 22.60334, 44.62349 ] } },
{ "type": "Feature", "properties": { "wtwdis": 934.0, "catdis": 1, "OBJNAM": null, "INFORM": null, "SCAMIN": 8000 }, "geometry": { "type": "Point", "coordinates": [ 22.612813, 44.618615 ] } },
{ "type": "Feature", "properties": { "wtwdis": 941.0, "catdis": 3, "OBJNAM": null, "INFORM": null, "SCAMIN": null }, "geometry": { "type": "Point", "coordinates": [ 22.544114, 44.655587 ] } },
{ "type": "Feature", "properties": { "wtwdis": 942.0, "catdis": 3, "OBJNAM": null, "INFORM": null, "SCAMIN": null }, "geometry": { "type": "Point", "coordinates": [ 22.534347, 44.661422 ] } },
{ "type": "Feature", "properties": { "wtwdis": 942.0, "catdis": 1, "OBJNAM": null, "INFORM": null, "SCAMIN": null }, "geometry": { "type": "Point", "coordinates": [ 22.543151, 44.669523 ] } },
{ "type": "Feature", "properties": { "wtwdis": 944.0, "catdis": 3, "OBJNAM": null, "INFORM": null, "SCAMIN": null }, "geometry": { "type": "Point", "coordinates": [ 22.522858, 44.680555 ] } },
{ "type": "Feature", "properties": { "wtwdis": 949.0, "catdis": 1, "OBJNAM": null, "INFORM": null, "SCAMIN": null }, "geometry": { "type": "Point", "coordinates": [ 22.478626, 44.708874 ] } },
{ "type": "Feature", "properties": { "wtwdis": 949.0, "catdis": 1, "OBJNAM": null, "INFORM": null, "SCAMIN": null }, "geometry": { "type": "Point", "coordinates": [ 22.477022, 44.706507 ] } },
{ "type": "Feature", "properties": { "wtwdis": 948.0, "catdis": 1, "OBJNAM": null, "INFORM": null, "SCAMIN": null }, "geometry": { "type": "Point", "coordinates": [ 22.487164, 44.702816 ] } },
{ "type": "Feature", "properties": { "wtwdis": 948.0, "catdis": 1, "OBJNAM": null, "INFORM": null, "SCAMIN": null }, "geometry": { "type": "Point", "coordinates": [ 22.484786, 44.699684 ] } },
{ "type": "Feature", "properties": { "wtwdis": 947.0, "catdis": 1, "OBJNAM": null, "INFORM": null, "SCAMIN": null }, "geometry": { "type": "Point", "coordinates": [ 22.495892, 44.696589 ] } },
{ "type": "Feature", "properties": { "wtwdis": 947.0, "catdis": 1, "OBJNAM": null, "INFORM": null, "SCAMIN": null }, "geometry": { "type": "Point", "coordinates": [ 22.493492, 44.692285 ] } },
{ "type": "Feature", "properties": { "wtwdis": 946.0, "catdis": 1, "OBJNAM": null, "INFORM": null, "SCAMIN": null }, "geometry": { "type": "Point", "coordinates": [ 22.5061, 44.68981 ] } },
{ "type": "Feature", "properties": { "wtwdis": 946.0, "catdis": 1, "OBJNAM": null, "INFORM": null, "SCAMIN": null }, "geometry": { "type": "Point", "coordinates": [ 22.501682, 44.685479 ] } },
{ "type": "Feature", "properties": { "wtwdis": 945.0, "catdis": 1, "OBJNAM": null, "INFORM": null, "SCAMIN": null }, "geometry": { "type": "Point", "coordinates": [ 22.513529, 44.685232 ] } },
{ "type": "Feature", "properties": { "wtwdis": 945.0, "catdis": 1, "OBJNAM": null, "INFORM": null, "SCAMIN": null }, "geometry": { "type": "Point", "coordinates": [ 22.508981, 44.679687 ] } },
{ "type": "Feature", "properties": { "wtwdis": 944.0, "catdis": 1, "OBJNAM": null, "INFORM": null, "SCAMIN": null }, "geometry": { "type": "Point", "coordinates": [ 22.52252, 44.680189 ] } },
{ "type": "Feature", "properties": { "wtwdis": 944.0, "catdis": 1, "OBJNAM": null, "INFORM": null, "SCAMIN": null }, "geometry": { "type": "Point", "coordinates": [ 22.516684, 44.673777 ] } },
{ "type": "Feature", "properties": { "wtwdis": 942.0, "catdis": 1, "OBJNAM": null, "INFORM": null, "SCAMIN": null }, "geometry": { "type": "Point", "coordinates": [ 22.542341, 44.668771 ] } },
{ "type": "Feature", "properties": { "wtwdis": 942.0, "catdis": 1, "OBJNAM": null, "INFORM": null, "SCAMIN": null }, "geometry": { "type": "Point", "coordinates": [ 22.535005, 44.662028 ] } },
{ "type": "Feature", "properties": { "wtwdis": 941.0, "catdis": 1, "OBJNAM": null, "INFORM": null, "SCAMIN": null }, "geometry": { "type": "Point", "coordinates": [ 22.544834, 44.656126 ] } },
{ "type": "Feature", "properties": { "wtwdis": 955.0, "catdis": 1, "OBJNAM": null, "INFORM": null, "SCAMIN": 8000 }, "geometry": { "type": "Point", "coordinates": [ 22.411427, 44.701214 ] } },
{ "type": "Feature", "properties": { "wtwdis": 954.0, "catdis": 1, "OBJNAM": null, "INFORM": null, "SCAMIN": 8000 }, "geometry": { "type": "Point", "coordinates": [ 22.418005, 44.708917 ] } },
{ "type": "Feature", "properties": { "wtwdis": 953.0, "catdis": 1, "OBJNAM": null, "INFORM": null, "SCAMIN": 8000 }, "geometry": { "type": "Point", "coordinates": [ 22.433105, 44.711802 ] } },
{ "type": "Feature", "properties": { "wtwdis": 952.0, "catdis": 1, "OBJNAM": null, "INFORM": null, "SCAMIN": 8000 }, "geometry": { "type": "Point", "coordinates": [ 22.444639, 44.714044 ] } },
{ "type": "Feature", "properties": { "wtwdis": 951.0, "catdis": 1, "OBJNAM": null, "INFORM": null, "SCAMIN": 8000 }, "geometry": { "type": "Point", "coordinates": [ 22.456844, 44.715786 ] } },
{ "type": "Feature", "properties": { "wtwdis": 964.0, "catdis": 1, "OBJNAM": null, "INFORM": null, "SCAMIN": 8000 }, "geometry": { "type": "Point", "coordinates": [ 22.313989, 44.664149 ] } },
{ "type": "Feature", "properties": { "wtwdis": 963.0, "catdis": 1, "OBJNAM": null, "INFORM": null, "SCAMIN": 8000 }, "geometry": { "type": "Point", "coordinates": [ 22.325715, 44.670758 ] } },
{ "type": "Feature", "properties": { "wtwdis": 962.0, "catdis": 1, "OBJNAM": null, "INFORM": null, "SCAMIN": 8000 }, "geometry": { "type": "Point", "coordinates": [ 22.33765, 44.674891 ] } },
{ "type": "Feature", "properties": { "wtwdis": 961.0, "catdis": 1, "OBJNAM": null, "INFORM": null, "SCAMIN": 8000 }, "geometry": { "type": "Point", "coordinates": [ 22.352991, 44.67424 ] } },
{ "type": "Feature", "properties": { "wtwdis": 960.0, "catdis": 1, "OBJNAM": null, "INFORM": null, "SCAMIN": 8000 }, "geometry": { "type": "Point", "coordinates": [ 22.365403, 44.673625 ] } },
{ "type": "Feature", "properties": { "wtwdis": 959.0, "catdis": 1, "OBJNAM": null, "INFORM": null, "SCAMIN": 8000 }, "geometry": { "type": "Point", "coordinates": [ 22.37944, 44.675565 ] } },
{ "type": "Feature", "properties": { "wtwdis": 958.0, "catdis": 1, "OBJNAM": null, "INFORM": null, "SCAMIN": 8000 }, "geometry": { "type": "Point", "coordinates": [ 22.389066, 44.679014 ] } },
{ "type": "Feature", "properties": { "wtwdis": 957.0, "catdis": 1, "OBJNAM": null, "INFORM": null, "SCAMIN": 8000 }, "geometry": { "type": "Point", "coordinates": [ 22.399544, 44.685362 ] } },
{ "type": "Feature", "properties": { "wtwdis": 956.0, "catdis": 1, "OBJNAM": null, "INFORM": null, "SCAMIN": 8000 }, "geometry": { "type": "Point", "coordinates": [ 22.406528, 44.692452 ] } },
{ "type": "Feature", "properties": { "wtwdis": 971.0, "catdis": 3, "OBJNAM": null, "INFORM": null, "SCAMIN": 22000 }, "geometry": { "type": "Point", "coordinates": [ 22.273333, 44.610684 ] } },
{ "type": "Feature", "properties": { "wtwdis": 971.0, "catdis": 3, "OBJNAM": null, "INFORM": null, "SCAMIN": 22000 }, "geometry": { "type": "Point", "coordinates": [ 22.269373, 44.610551 ] } },
{ "type": "Feature", "properties": { "wtwdis": 966.0, "catdis": 3, "OBJNAM": null, "INFORM": null, "SCAMIN": 22000 }, "geometry": { "type": "Point", "coordinates": [ 22.299852, 44.649522 ] } },
{ "type": "Feature", "properties": { "wtwdis": 968.0, "catdis": 3, "OBJNAM": null, "INFORM": null, "SCAMIN": 22000 }, "geometry": { "type": "Point", "coordinates": [ 22.287279, 44.629717 ] } },
{ "type": "Feature", "properties": { "wtwdis": 968.0, "catdis": 3, "OBJNAM": null, "INFORM": null, "SCAMIN": 22000 }, "geometry": { "type": "Point", "coordinates": [ 22.28588, 44.632316 ] } },
{ "type": "Feature", "properties": { "wtwdis": 970.0, "catdis": 3, "OBJNAM": null, "INFORM": null, "SCAMIN": 22000 }, "geometry": { "type": "Point", "coordinates": [ 22.274356, 44.618974 ] } },
{ "type": "Feature", "properties": { "wtwdis": 972.0, "catdis": 1, "OBJNAM": null, "INFORM": null, "SCAMIN": 8000 }, "geometry": { "type": "Point", "coordinates": [ 22.267774, 44.602152 ] } },
{ "type": "Feature", "properties": { "wtwdis": 971.0, "catdis": 1, "OBJNAM": null, "INFORM": null, "SCAMIN": 8000 }, "geometry": { "type": "Point", "coordinates": [ 22.271317, 44.610623 ] } },
{ "type": "Feature", "properties": { "wtwdis": 970.0, "catdis": 1, "OBJNAM": null, "INFORM": null, "SCAMIN": 8000 }, "geometry": { "type": "Point", "coordinates": [ 22.272908, 44.619264 ] } },
{ "type": "Feature", "properties": { "wtwdis": 969.0, "catdis": 1, "OBJNAM": null, "INFORM": null, "SCAMIN": 8000 }, "geometry": { "type": "Point", "coordinates": [ 22.279528, 44.627572 ] } },
{ "type": "Feature", "properties": { "wtwdis": 968.0, "catdis": 1, "OBJNAM": null, "INFORM": null, "SCAMIN": 8000 }, "geometry": { "type": "Point", "coordinates": [ 22.286585, 44.631079 ] } },
{ "type": "Feature", "properties": { "wtwdis": 967.0, "catdis": 1, "OBJNAM": null, "INFORM": null, "SCAMIN": 8000 }, "geometry": { "type": "Point", "coordinates": [ 22.295262, 44.636804 ] } },
{ "type": "Feature", "properties": { "wtwdis": 966.0, "catdis": 1, "OBJNAM": null, "INFORM": null, "SCAMIN": 8000 }, "geometry": { "type": "Point", "coordinates": [ 22.30159, 44.649401 ] } },
{ "type": "Feature", "properties": { "wtwdis": 965.0, "catdis": 1, "OBJNAM": null, "INFORM": null, "SCAMIN": 8000 }, "geometry": { "type": "Point", "coordinates": [ 22.306072, 44.657843 ] } },
{ "type": "Feature", "properties": { "wtwdis": 974.0, "catdis": 3, "OBJNAM": null, "INFORM": null, "SCAMIN": 22000 }, "geometry": { "type": "Point", "coordinates": [ 22.255759, 44.584811 ] } },
{ "type": "Feature", "properties": { "wtwdis": 980.0, "catdis": 1, "OBJNAM": null, "INFORM": null, "SCAMIN": 8000 }, "geometry": { "type": "Point", "coordinates": [ 22.216145, 44.540097 ] } },
{ "type": "Feature", "properties": { "wtwdis": 979.0, "catdis": 1, "OBJNAM": null, "INFORM": null, "SCAMIN": 8000 }, "geometry": { "type": "Point", "coordinates": [ 22.222634, 44.548861 ] } },
{ "type": "Feature", "properties": { "wtwdis": 978.0, "catdis": 1, "OBJNAM": null, "INFORM": null, "SCAMIN": 8000 }, "geometry": { "type": "Point", "coordinates": [ 22.228849, 44.556592 ] } },
{ "type": "Feature", "properties": { "wtwdis": 977.0, "catdis": 1, "OBJNAM": null, "INFORM": null, "SCAMIN": 8000 }, "geometry": { "type": "Point", "coordinates": [ 22.232907, 44.561507 ] } },
{ "type": "Feature", "properties": { "wtwdis": 976.0, "catdis": 1, "OBJNAM": null, "INFORM": null, "SCAMIN": 8000 }, "geometry": { "type": "Point", "coordinates": [ 22.239722, 44.569941 ] } },
{ "type": "Feature", "properties": { "wtwdis": 975.0, "catdis": 1, "OBJNAM": null, "INFORM": null, "SCAMIN": 8000 }, "geometry": { "type": "Point", "coordinates": [ 22.245196, 44.576988 ] } },
{ "type": "Feature", "properties": { "wtwdis": 974.0, "catdis": 1, "OBJNAM": null, "INFORM": null, "SCAMIN": 8000 }, "geometry": { "type": "Point", "coordinates": [ 22.254504, 44.586039 ] } },
{ "type": "Feature", "properties": { "wtwdis": 973.0, "catdis": 1, "OBJNAM": null, "INFORM": null, "SCAMIN": 8000 }, "geometry": { "type": "Point", "coordinates": [ 22.262083, 44.592371 ] } },
{ "type": "Feature", "properties": { "wtwdis": 990.0, "catdis": 1, "OBJNAM": null, "INFORM": null, "SCAMIN": 8000 }, "geometry": { "type": "Point", "coordinates": [ 22.151411, 44.473284 ] } },
{ "type": "Feature", "properties": { "wtwdis": 989.0, "catdis": 1, "OBJNAM": null, "INFORM": null, "SCAMIN": 8000 }, "geometry": { "type": "Point", "coordinates": [ 22.16109, 44.472961 ] } },
{ "type": "Feature", "properties": { "wtwdis": 988.0, "catdis": 1, "OBJNAM": null, "INFORM": null, "SCAMIN": 8000 }, "geometry": { "type": "Point", "coordinates": [ 22.176389, 44.476299 ] } },
{ "type": "Feature", "properties": { "wtwdis": 987.0, "catdis": 1, "OBJNAM": null, "INFORM": null, "SCAMIN": 8000 }, "geometry": { "type": "Point", "coordinates": [ 22.184537, 44.482223 ] } },
{ "type": "Feature", "properties": { "wtwdis": 986.0, "catdis": 1, "OBJNAM": null, "INFORM": null, "SCAMIN": 8000 }, "geometry": { "type": "Point", "coordinates": [ 22.190114, 44.488916 ] } },
{ "type": "Feature", "properties": { "wtwdis": 985.0, "catdis": 1, "OBJNAM": null, "INFORM": null, "SCAMIN": 8000 }, "geometry": { "type": "Point", "coordinates": [ 22.192684, 44.495163 ] } },
{ "type": "Feature", "properties": { "wtwdis": 984.0, "catdis": 1, "OBJNAM": null, "INFORM": null, "SCAMIN": 8000 }, "geometry": { "type": "Point", "coordinates": [ 22.196113, 44.506825 ] } },
{ "type": "Feature", "properties": { "wtwdis": 982.0, "catdis": 1, "OBJNAM": null, "INFORM": null, "SCAMIN": 8000 }, "geometry": { "type": "Point", "coordinates": [ 22.206399, 44.523606 ] } },
{ "type": "Feature", "properties": { "wtwdis": 983.0, "catdis": 1, "OBJNAM": null, "INFORM": null, "SCAMIN": 8000 }, "geometry": { "type": "Point", "coordinates": [ 22.202051, 44.51647 ] } },
{ "type": "Feature", "properties": { "wtwdis": 981.0, "catdis": 1, "OBJNAM": null, "INFORM": null, "SCAMIN": 8000 }, "geometry": { "type": "Point", "coordinates": [ 22.211868, 44.533345 ] } },
{ "type": "Feature", "properties": { "wtwdis": 997.0, "catdis": 1, "OBJNAM": null, "INFORM": null, "SCAMIN": 8000 }, "geometry": { "type": "Point", "coordinates": [ 22.078771, 44.505054 ] } },
{ "type": "Feature", "properties": { "wtwdis": 996.0, "catdis": 1, "OBJNAM": null, "INFORM": null, "SCAMIN": 8000 }, "geometry": { "type": "Point", "coordinates": [ 22.085746, 44.495927 ] } },
{ "type": "Feature", "properties": { "wtwdis": 995.0, "catdis": 1, "OBJNAM": null, "INFORM": null, "SCAMIN": 8000 }, "geometry": { "type": "Point", "coordinates": [ 22.094176, 44.488551 ] } },
{ "type": "Feature", "properties": { "wtwdis": 994.0, "catdis": 1, "OBJNAM": null, "INFORM": null, "SCAMIN": 8000 }, "geometry": { "type": "Point", "coordinates": [ 22.10492, 44.483283 ] } },
{ "type": "Feature", "properties": { "wtwdis": 993.0, "catdis": 1, "OBJNAM": null, "INFORM": null, "SCAMIN": 8000 }, "geometry": { "type": "Point", "coordinates": [ 22.112979, 44.480412 ] } },
{ "type": "Feature", "properties": { "wtwdis": 992.0, "catdis": 1, "OBJNAM": null, "INFORM": null, "SCAMIN": 8000 }, "geometry": { "type": "Point", "coordinates": [ 22.127818, 44.476481 ] } },
{ "type": "Feature", "properties": { "wtwdis": 991.0, "catdis": 1, "OBJNAM": null, "INFORM": null, "SCAMIN": 8000 }, "geometry": { "type": "Point", "coordinates": [ 22.141677, 44.474436 ] } },
{ "type": "Feature", "properties": { "wtwdis": 1008.0, "catdis": 1, "OBJNAM": null, "INFORM": null, "SCAMIN": 8000 }, "geometry": { "type": "Point", "coordinates": [ 22.025735, 44.589156 ] } },
{ "type": "Feature", "properties": { "wtwdis": 1007.0, "catdis": 1, "OBJNAM": null, "INFORM": null, "SCAMIN": 8000 }, "geometry": { "type": "Point", "coordinates": [ 22.027298, 44.579938 ] } },
{ "type": "Feature", "properties": { "wtwdis": 1006.0, "catdis": 1, "OBJNAM": null, "INFORM": null, "SCAMIN": 8000 }, "geometry": { "type": "Point", "coordinates": [ 22.026686, 44.571699 ] } },
{ "type": "Feature", "properties": { "wtwdis": 1005.0, "catdis": 1, "OBJNAM": null, "INFORM": null, "SCAMIN": 8000 }, "geometry": { "type": "Point", "coordinates": [ 22.02836, 44.561579 ] } },
{ "type": "Feature", "properties": { "wtwdis": 1004.0, "catdis": 1, "OBJNAM": null, "INFORM": null, "SCAMIN": 8000 }, "geometry": { "type": "Point", "coordinates": [ 22.031661, 44.552719 ] } },
{ "type": "Feature", "properties": { "wtwdis": 1003.0, "catdis": 1, "OBJNAM": null, "INFORM": null, "SCAMIN": 8000 }, "geometry": { "type": "Point", "coordinates": [ 22.037617, 44.545656 ] } },
{ "type": "Feature", "properties": { "wtwdis": 1002.0, "catdis": 1, "OBJNAM": null, "INFORM": null, "SCAMIN": 8000 }, "geometry": { "type": "Point", "coordinates": [ 22.048885, 44.538886 ] } },
{ "type": "Feature", "properties": { "wtwdis": 1001.0, "catdis": 1, "OBJNAM": null, "INFORM": null, "SCAMIN": 8000 }, "geometry": { "type": "Point", "coordinates": [ 22.058352, 44.534397 ] } },
{ "type": "Feature", "properties": { "wtwdis": 1000.0, "catdis": 1, "OBJNAM": null, "INFORM": null, "SCAMIN": 8000 }, "geometry": { "type": "Point", "coordinates": [ 22.066622, 44.529004 ] } },
{ "type": "Feature", "properties": { "wtwdis": 999.0, "catdis": 1, "OBJNAM": null, "INFORM": null, "SCAMIN": 8000 }, "geometry": { "type": "Point", "coordinates": [ 22.072466, 44.52271 ] } },
{ "type": "Feature", "properties": { "wtwdis": 998.0, "catdis": 1, "OBJNAM": null, "INFORM": null, "SCAMIN": 8000 }, "geometry": { "type": "Point", "coordinates": [ 22.075023, 44.514246 ] } },
{ "type": "Feature", "properties": { "wtwdis": 1011.0, "catdis": 3, "OBJNAM": null, "INFORM": null, "SCAMIN": 22000 }, "geometry": { "type": "Point", "coordinates": [ 22.002657, 44.607197 ] } },
{ "type": "Feature", "properties": { "wtwdis": 1011.0, "catdis": 3, "OBJNAM": null, "INFORM": null, "SCAMIN": 22000 }, "geometry": { "type": "Point", "coordinates": [ 22.005835, 44.610441 ] } },
{ "type": "Feature", "properties": { "wtwdis": 1017.0, "catdis": 1, "OBJNAM": null, "INFORM": null, "SCAMIN": 8000 }, "geometry": { "type": "Point", "coordinates": [ 21.954987, 44.634415 ] } },
{ "type": "Feature", "properties": { "wtwdis": 1016.0, "catdis": 1, "OBJNAM": null, "INFORM": null, "SCAMIN": 8000 }, "geometry": { "type": "Point", "coordinates": [ 21.965976, 44.633433 ] } },
{ "type": "Feature", "properties": { "wtwdis": 1015.0, "catdis": 1, "OBJNAM": null, "INFORM": null, "SCAMIN": 8000 }, "geometry": { "type": "Point", "coordinates": [ 21.981368, 44.633684 ] } },
{ "type": "Feature", "properties": { "wtwdis": 1014.0, "catdis": 1, "OBJNAM": null, "INFORM": null, "SCAMIN": 8000 }, "geometry": { "type": "Point", "coordinates": [ 21.991559, 44.632488 ] } },
{ "type": "Feature", "properties": { "wtwdis": 1013.0, "catdis": 1, "OBJNAM": null, "INFORM": null, "SCAMIN": 8000 }, "geometry": { "type": "Point", "coordinates": [ 21.997951, 44.625218 ] } },
{ "type": "Feature", "properties": { "wtwdis": 1012.0, "catdis": 1, "OBJNAM": null, "INFORM": null, "SCAMIN": 8000 }, "geometry": { "type": "Point", "coordinates": [ 22.000942, 44.616761 ] } },
{ "type": "Feature", "properties": { "wtwdis": 1011.0, "catdis": 1, "OBJNAM": null, "INFORM": null, "SCAMIN": 8000 }, "geometry": { "type": "Point", "coordinates": [ 22.004311, 44.608886 ] } },
{ "type": "Feature", "properties": { "wtwdis": 1010.0, "catdis": 1, "OBJNAM": null, "INFORM": null, "SCAMIN": 8000 }, "geometry": { "type": "Point", "coordinates": [ 22.01239, 44.601949 ] } },
{ "type": "Feature", "properties": { "wtwdis": 1009.0, "catdis": 1, "OBJNAM": null, "INFORM": null, "SCAMIN": 8000 }, "geometry": { "type": "Point", "coordinates": [ 22.021417, 44.595929 ] } },
{ "type": "Feature", "properties": { "wtwdis": 1027.0, "catdis": 1, "OBJNAM": null, "INFORM": null, "SCAMIN": 8000 }, "geometry": { "type": "Point", "coordinates": [ 21.837478, 44.654816 ] } },
{ "type": "Feature", "properties": { "wtwdis": 1026.0, "catdis": 1, "OBJNAM": null, "INFORM": null, "SCAMIN": 8000 }, "geometry": { "type": "Point", "coordinates": [ 21.851103, 44.654105 ] } },
{ "type": "Feature", "properties": { "wtwdis": 1025.0, "catdis": 1, "OBJNAM": null, "INFORM": null, "SCAMIN": 8000 }, "geometry": { "type": "Point", "coordinates": [ 21.862151, 44.652688 ] } },
{ "type": "Feature", "properties": { "wtwdis": 1024.0, "catdis": 1, "OBJNAM": null, "INFORM": null, "SCAMIN": 8000 }, "geometry": { "type": "Point", "coordinates": [ 21.876426, 44.650387 ] } },
{ "type": "Feature", "properties": { "wtwdis": 1023.0, "catdis": 1, "OBJNAM": null, "INFORM": null, "SCAMIN": 8000 }, "geometry": { "type": "Point", "coordinates": [ 21.884902, 44.648011 ] } },
{ "type": "Feature", "properties": { "wtwdis": 1022.0, "catdis": 1, "OBJNAM": null, "INFORM": null, "SCAMIN": 8000 }, "geometry": { "type": "Point", "coordinates": [ 21.895795, 44.646784 ] } },
{ "type": "Feature", "properties": { "wtwdis": 1021.0, "catdis": 1, "OBJNAM": null, "INFORM": null, "SCAMIN": 8000 }, "geometry": { "type": "Point", "coordinates": [ 21.909158, 44.646729 ] } },
{ "type": "Feature", "properties": { "wtwdis": 1020.0, "catdis": 1, "OBJNAM": null, "INFORM": null, "SCAMIN": 8000 }, "geometry": { "type": "Point", "coordinates": [ 21.921746, 44.645077 ] } },
{ "type": "Feature", "properties": { "wtwdis": 1019.0, "catdis": 1, "OBJNAM": null, "INFORM": null, "SCAMIN": 8000 }, "geometry": { "type": "Point", "coordinates": [ 21.932181, 44.641884 ] } },
{ "type": "Feature", "properties": { "wtwdis": 1018.0, "catdis": 1, "OBJNAM": null, "INFORM": null, "SCAMIN": 8000 }, "geometry": { "type": "Point", "coordinates": [ 21.945829, 44.636407 ] } },
{ "type": "Feature", "properties": { "wtwdis": 1036.0, "catdis": 3, "OBJNAM": null, "INFORM": null, "SCAMIN": 22000 }, "geometry": { "type": "Point", "coordinates": [ 21.72996, 44.652129 ] } },
{ "type": "Feature", "properties": { "wtwdis": 1036.0, "catdis": 3, "OBJNAM": null, "INFORM": null, "SCAMIN": 22000 }, "geometry": { "type": "Point", "coordinates": [ 21.727095, 44.655087 ] } },
{ "type": "Feature", "properties": { "wtwdis": 1037.0, "catdis": 3, "OBJNAM": null, "INFORM": null, "SCAMIN": 22000 }, "geometry": { "type": "Point", "coordinates": [ 21.717978, 44.65563 ] } },
{ "type": "Feature", "properties": { "wtwdis": 1038.0, "catdis": 1, "OBJNAM": null, "INFORM": null, "SCAMIN": 8000 }, "geometry": { "type": "Point", "coordinates": [ 21.705831, 44.65897 ] } },
{ "type": "Feature", "properties": { "wtwdis": 1037.0, "catdis": 1, "OBJNAM": null, "INFORM": null, "SCAMIN": 8000 }, "geometry": { "type": "Point", "coordinates": [ 21.717406, 44.654287 ] } },
{ "type": "Feature", "properties": { "wtwdis": 1036.0, "catdis": 1, "OBJNAM": null, "INFORM": null, "SCAMIN": 8000 }, "geometry": { "type": "Point", "coordinates": [ 21.728524, 44.653644 ] } },
{ "type": "Feature", "properties": { "wtwdis": 1035.0, "catdis": 1, "OBJNAM": null, "INFORM": null, "SCAMIN": 8000 }, "geometry": { "type": "Point", "coordinates": [ 21.740401, 44.654878 ] } },
{ "type": "Feature", "properties": { "wtwdis": 1034.0, "catdis": 1, "OBJNAM": null, "INFORM": null, "SCAMIN": 8000 }, "geometry": { "type": "Point", "coordinates": [ 21.752549, 44.65718 ] } },
{ "type": "Feature", "properties": { "wtwdis": 1033.0, "catdis": 1, "OBJNAM": null, "INFORM": null, "SCAMIN": 8000 }, "geometry": { "type": "Point", "coordinates": [ 21.764408, 44.659804 ] } },
{ "type": "Feature", "properties": { "wtwdis": 1032.0, "catdis": 1, "OBJNAM": null, "INFORM": null, "SCAMIN": 8000 }, "geometry": { "type": "Point", "coordinates": [ 21.777474, 44.661583 ] } },
{ "type": "Feature", "properties": { "wtwdis": 1031.0, "catdis": 1, "OBJNAM": null, "INFORM": null, "SCAMIN": 8000 }, "geometry": { "type": "Point", "coordinates": [ 21.789775, 44.659009 ] } },
{ "type": "Feature", "properties": { "wtwdis": 1030.0, "catdis": 1, "OBJNAM": null, "INFORM": null, "SCAMIN": 8000 }, "geometry": { "type": "Point", "coordinates": [ 21.801087, 44.655397 ] } },
{ "type": "Feature", "properties": { "wtwdis": 1029.0, "catdis": 1, "OBJNAM": null, "INFORM": null, "SCAMIN": 8000 }, "geometry": { "type": "Point", "coordinates": [ 21.814117, 44.653017 ] } },
{ "type": "Feature", "properties": { "wtwdis": 1044.0, "catdis": 1, "OBJNAM": null, "INFORM": null, "SCAMIN": 8000 }, "geometry": { "type": "Point", "coordinates": [ 21.651051, 44.692731 ] } },
{ "type": "Feature", "properties": { "wtwdis": 1043.0, "catdis": 1, "OBJNAM": null, "INFORM": null, "SCAMIN": 8000 }, "geometry": { "type": "Point", "coordinates": [ 21.660637, 44.687231 ] } },
{ "type": "Feature", "properties": { "wtwdis": 1042.0, "catdis": 1, "OBJNAM": null, "INFORM": null, "SCAMIN": 8000 }, "geometry": { "type": "Point", "coordinates": [ 21.670183, 44.681185 ] } },
{ "type": "Feature", "properties": { "wtwdis": 1041.0, "catdis": 1, "OBJNAM": null, "INFORM": null, "SCAMIN": 8000 }, "geometry": { "type": "Point", "coordinates": [ 21.674928, 44.67258 ] } },
{ "type": "Feature", "properties": { "wtwdis": 1040.0, "catdis": 1, "OBJNAM": null, "INFORM": null, "SCAMIN": 8000 }, "geometry": { "type": "Point", "coordinates": [ 21.683814, 44.667886 ] } },
{ "type": "Feature", "properties": { "wtwdis": 1039.0, "catdis": 1, "OBJNAM": null, "INFORM": null, "SCAMIN": 8000 }, "geometry": { "type": "Point", "coordinates": [ 21.696912, 44.663218 ] } },
{ "type": "Feature", "properties": { "wtwdis": 1039.0, "catdis": 3, "OBJNAM": null, "INFORM": null, "SCAMIN": 8000 }, "geometry": { "type": "Point", "coordinates": [ 21.698018, 44.664732 ] } },
{ "type": "Feature", "properties": { "wtwdis": 1053.0, "catdis": 1, "OBJNAM": null, "INFORM": null, "SCAMIN": 8000 }, "geometry": { "type": "Point", "coordinates": [ 21.592269, 44.755137 ] } },
{ "type": "Feature", "properties": { "wtwdis": 1052.0, "catdis": 1, "OBJNAM": null, "INFORM": null, "SCAMIN": 8000 }, "geometry": { "type": "Point", "coordinates": [ 21.600063, 44.747639 ] } },
{ "type": "Feature", "properties": { "wtwdis": 1051.0, "catdis": 1, "OBJNAM": null, "INFORM": null, "SCAMIN": 8000 }, "geometry": { "type": "Point", "coordinates": [ 21.604903, 44.739322 ] } },
{ "type": "Feature", "properties": { "wtwdis": 1050.0, "catdis": 1, "OBJNAM": null, "INFORM": null, "SCAMIN": 8000 }, "geometry": { "type": "Point", "coordinates": [ 21.60774, 44.732103 ] } },
{ "type": "Feature", "properties": { "wtwdis": 1049.0, "catdis": 1, "OBJNAM": null, "INFORM": null, "SCAMIN": 8000 }, "geometry": { "type": "Point", "coordinates": [ 21.610585, 44.723762 ] } },
{ "type": "Feature", "properties": { "wtwdis": 1048.0, "catdis": 1, "OBJNAM": null, "INFORM": null, "SCAMIN": 8000 }, "geometry": { "type": "Point", "coordinates": [ 21.614397, 44.716394 ] } },
{ "type": "Feature", "properties": { "wtwdis": 1047.0, "catdis": 1, "OBJNAM": null, "INFORM": null, "SCAMIN": 8000 }, "geometry": { "type": "Point", "coordinates": [ 21.628454, 44.711463 ] } },
{ "type": "Feature", "properties": { "wtwdis": 1046.0, "catdis": 1, "OBJNAM": null, "INFORM": null, "SCAMIN": 8000 }, "geometry": { "type": "Point", "coordinates": [ 21.638664, 44.707525 ] } },
{ "type": "Feature", "properties": { "wtwdis": 1045.0, "catdis": 1, "OBJNAM": null, "INFORM": null, "SCAMIN": 8000 }, "geometry": { "type": "Point", "coordinates": [ 21.645194, 44.699972 ] } },
{ "type": "Feature", "properties": { "wtwdis": 1063.0, "catdis": 1, "OBJNAM": null, "INFORM": null, "SCAMIN": 8000 }, "geometry": { "type": "Point", "coordinates": [ 21.470971, 44.775844 ] } },
{ "type": "Feature", "properties": { "wtwdis": 1062.0, "catdis": 1, "OBJNAM": null, "INFORM": null, "SCAMIN": 8000 }, "geometry": { "type": "Point", "coordinates": [ 21.482744, 44.774964 ] } },
{ "type": "Feature", "properties": { "wtwdis": 1061.0, "catdis": 1, "OBJNAM": null, "INFORM": null, "SCAMIN": 8000 }, "geometry": { "type": "Point", "coordinates": [ 21.496908, 44.773809 ] } },
{ "type": "Feature", "properties": { "wtwdis": 1060.0, "catdis": 1, "OBJNAM": null, "INFORM": null, "SCAMIN": 8000 }, "geometry": { "type": "Point", "coordinates": [ 21.509421, 44.772891 ] } },
{ "type": "Feature", "properties": { "wtwdis": 1059.0, "catdis": 1, "OBJNAM": null, "INFORM": null, "SCAMIN": 8000 }, "geometry": { "type": "Point", "coordinates": [ 21.522564, 44.77247 ] } },
{ "type": "Feature", "properties": { "wtwdis": 1058.0, "catdis": 1, "OBJNAM": null, "INFORM": null, "SCAMIN": 8000 }, "geometry": { "type": "Point", "coordinates": [ 21.5334, 44.772153 ] } },
{ "type": "Feature", "properties": { "wtwdis": 1057.0, "catdis": 1, "OBJNAM": null, "INFORM": null, "SCAMIN": 8000 }, "geometry": { "type": "Point", "coordinates": [ 21.545351, 44.771348 ] } },
{ "type": "Feature", "properties": { "wtwdis": 1056.0, "catdis": 1, "OBJNAM": null, "INFORM": null, "SCAMIN": 8000 }, "geometry": { "type": "Point", "coordinates": [ 21.558676, 44.769132 ] } },
{ "type": "Feature", "properties": { "wtwdis": 1055.0, "catdis": 1, "OBJNAM": null, "INFORM": null, "SCAMIN": 8000 }, "geometry": { "type": "Point", "coordinates": [ 21.570008, 44.765155 ] } },
{ "type": "Feature", "properties": { "wtwdis": 1054.0, "catdis": 1, "OBJNAM": null, "INFORM": null, "SCAMIN": 8000 }, "geometry": { "type": "Point", "coordinates": [ 21.581719, 44.760285 ] } },
{ "type": "Feature", "properties": { "wtwdis": 1069.0, "catdis": 1, "OBJNAM": null, "INFORM": null, "SCAMIN": null }, "geometry": { "type": "Point", "coordinates": [ 21.397116, 44.778556 ] } },
{ "type": "Feature", "properties": { "wtwdis": 1068.0, "catdis": 1, "OBJNAM": null, "INFORM": null, "SCAMIN": null }, "geometry": { "type": "Point", "coordinates": [ 21.407814, 44.775014 ] } },
{ "type": "Feature", "properties": { "wtwdis": 1067.0, "catdis": 1, "OBJNAM": null, "INFORM": null, "SCAMIN": null }, "geometry": { "type": "Point", "coordinates": [ 21.420879, 44.773694 ] } },
{ "type": "Feature", "properties": { "wtwdis": 1066.0, "catdis": 1, "OBJNAM": null, "INFORM": null, "SCAMIN": null }, "geometry": { "type": "Point", "coordinates": [ 21.432562, 44.774695 ] } },
{ "type": "Feature", "properties": { "wtwdis": 1065.0, "catdis": 1, "OBJNAM": null, "INFORM": null, "SCAMIN": null }, "geometry": { "type": "Point", "coordinates": [ 21.445485, 44.775297 ] } },
{ "type": "Feature", "properties": { "wtwdis": 1064.0, "catdis": 1, "OBJNAM": null, "INFORM": null, "SCAMIN": null }, "geometry": { "type": "Point", "coordinates": [ 21.458095, 44.775852 ] } },
{ "type": "Feature", "properties": { "wtwdis": 1074.0, "catdis": 1, "OBJNAM": null, "INFORM": null, "SCAMIN": 8000 }, "geometry": { "type": "Point", "coordinates": [ 21.369711, 44.817322 ] } },
{ "type": "Feature", "properties": { "wtwdis": 1073.0, "catdis": 1, "OBJNAM": null, "INFORM": null, "SCAMIN": 8000 }, "geometry": { "type": "Point", "coordinates": [ 21.37879, 44.81115 ] } },
{ "type": "Feature", "properties": { "wtwdis": 1072.0, "catdis": 1, "OBJNAM": null, "INFORM": null, "SCAMIN": 8000 }, "geometry": { "type": "Point", "coordinates": [ 21.384729, 44.803715 ] } },
{ "type": "Feature", "properties": { "wtwdis": 1071.0, "catdis": 1, "OBJNAM": null, "INFORM": null, "SCAMIN": 8000 }, "geometry": { "type": "Point", "coordinates": [ 21.388078, 44.794845 ] } },
{ "type": "Feature", "properties": { "wtwdis": 1070.0, "catdis": 1, "OBJNAM": null, "INFORM": null, "SCAMIN": 8000 }, "geometry": { "type": "Point", "coordinates": [ 21.390643, 44.786919 ] } },
{ "type": "Feature", "properties": { "wtwdis": 3.0, "catdis": 1, "OBJNAM": null, "INFORM": null, "SCAMIN": 15000 }, "geometry": { "type": "Point", "coordinates": [ 27.905156, 44.648937 ] } },
{ "type": "Feature", "properties": { "wtwdis": 4.0, "catdis": 3, "OBJNAM": null, "INFORM": null, "SCAMIN": 15000 }, "geometry": { "type": "Point", "coordinates": [ 27.911593, 44.642901 ] } },
{ "type": "Feature", "properties": { "wtwdis": 4.0, "catdis": 1, "OBJNAM": null, "INFORM": null, "SCAMIN": 15000 }, "geometry": { "type": "Point", "coordinates": [ 27.913777, 44.645112 ] } },
{ "type": "Feature", "properties": { "wtwdis": 5.0, "catdis": 1, "OBJNAM": null, "INFORM": null, "SCAMIN": 15000 }, "geometry": { "type": "Point", "coordinates": [ 27.924951, 44.639966 ] } },
{ "type": "Feature", "properties": { "wtwdis": 8.0, "catdis": 3, "OBJNAM": null, "INFORM": null, "SCAMIN": 15000 }, "geometry": { "type": "Point", "coordinates": [ 27.907481, 44.614832 ] } },
{ "type": "Feature", "properties": { "wtwdis": 10.0, "catdis": 1, "OBJNAM": null, "INFORM": null, "SCAMIN": 15000 }, "geometry": { "type": "Point", "coordinates": [ 27.915033, 44.601164 ] } },
{ "type": "Feature", "properties": { "wtwdis": 11.0, "catdis": 3, "OBJNAM": null, "INFORM": null, "SCAMIN": 15000 }, "geometry": { "type": "Point", "coordinates": [ 27.924985, 44.59484 ] } },
{ "type": "Feature", "properties": { "wtwdis": 12.0, "catdis": 3, "OBJNAM": null, "INFORM": null, "SCAMIN": 15000 }, "geometry": { "type": "Point", "coordinates": [ 27.931145, 44.584679 ] } },
{ "type": "Feature", "properties": { "wtwdis": 14.0, "catdis": 3, "OBJNAM": null, "INFORM": null, "SCAMIN": null }, "geometry": { "type": "Point", "coordinates": [ 27.911281, 44.573223 ] } },
{ "type": "Feature", "properties": { "wtwdis": 13.0, "catdis": 1, "OBJNAM": null, "INFORM": null, "SCAMIN": null }, "geometry": { "type": "Point", "coordinates": [ 27.927867, 44.57539 ] } },
{ "type": "Feature", "properties": { "wtwdis": 12.0, "catdis": 1, "OBJNAM": null, "INFORM": null, "SCAMIN": null }, "geometry": { "type": "Point", "coordinates": [ 27.929281, 44.584436 ] } },
{ "type": "Feature", "properties": { "wtwdis": 11.0, "catdis": 1, "OBJNAM": null, "INFORM": null, "SCAMIN": null }, "geometry": { "type": "Point", "coordinates": [ 27.923091, 44.594326 ] } },
{ "type": "Feature", "properties": { "wtwdis": 10.0, "catdis": 1, "OBJNAM": null, "INFORM": null, "SCAMIN": null }, "geometry": { "type": "Point", "coordinates": [ 27.913498, 44.600272 ] } },
{ "type": "Feature", "properties": { "wtwdis": 9.0, "catdis": 1, "OBJNAM": null, "INFORM": null, "SCAMIN": null }, "geometry": { "type": "Point", "coordinates": [ 27.906435, 44.607565 ] } },
{ "type": "Feature", "properties": { "wtwdis": 8.0, "catdis": 1, "OBJNAM": null, "INFORM": null, "SCAMIN": null }, "geometry": { "type": "Point", "coordinates": [ 27.908853, 44.61391 ] } },
{ "type": "Feature", "properties": { "wtwdis": 7.0, "catdis": 1, "OBJNAM": null, "INFORM": null, "SCAMIN": null }, "geometry": { "type": "Point", "coordinates": [ 27.917871, 44.620241 ] } },
{ "type": "Feature", "properties": { "wtwdis": 6.0, "catdis": 1, "OBJNAM": null, "INFORM": null, "SCAMIN": null }, "geometry": { "type": "Point", "coordinates": [ 27.925001, 44.628097 ] } },
{ "type": "Feature", "properties": { "wtwdis": 5.0, "catdis": 1, "OBJNAM": null, "INFORM": null, "SCAMIN": null }, "geometry": { "type": "Point", "coordinates": [ 27.924021, 44.638928 ] } },
{ "type": "Feature", "properties": { "wtwdis": 4.0, "catdis": 1, "OBJNAM": null, "INFORM": null, "SCAMIN": null }, "geometry": { "type": "Point", "coordinates": [ 27.912799, 44.644121 ] } },
{ "type": "Feature", "properties": { "wtwdis": 3.0, "catdis": 1, "OBJNAM": null, "INFORM": null, "SCAMIN": null }, "geometry": { "type": "Point", "coordinates": [ 27.903282, 44.648166 ] } },
{ "type": "Feature", "properties": { "wtwdis": 2.0, "catdis": 1, "OBJNAM": null, "INFORM": null, "SCAMIN": null }, "geometry": { "type": "Point", "coordinates": [ 27.896854, 44.655355 ] } },
{ "type": "Feature", "properties": { "wtwdis": 15.0, "catdis": 3, "OBJNAM": null, "INFORM": null, "SCAMIN": 15000 }, "geometry": { "type": "Point", "coordinates": [ 27.902634, 44.567853 ] } },
{ "type": "Feature", "properties": { "wtwdis": 28.0, "catdis": 3, "OBJNAM": null, "INFORM": null, "SCAMIN": null }, "geometry": { "type": "Point", "coordinates": [ 27.932303, 44.488285 ] } },
{ "type": "Feature", "properties": { "wtwdis": 27.0, "catdis": 3, "OBJNAM": null, "INFORM": null, "SCAMIN": null }, "geometry": { "type": "Point", "coordinates": [ 27.922822, 44.488967 ] } },
{ "type": "Feature", "properties": { "wtwdis": 23.0, "catdis": 3, "OBJNAM": null, "INFORM": null, "SCAMIN": null }, "geometry": { "type": "Point", "coordinates": [ 27.888465, 44.505961 ] } },
{ "type": "Feature", "properties": { "wtwdis": 21.0, "catdis": 3, "OBJNAM": null, "INFORM": null, "SCAMIN": null }, "geometry": { "type": "Point", "coordinates": [ 27.900548, 44.518995 ] } },
{ "type": "Feature", "properties": { "wtwdis": 22.0, "catdis": 3, "OBJNAM": null, "INFORM": null, "SCAMIN": null }, "geometry": { "type": "Point", "coordinates": [ 27.890923, 44.51397 ] } },
{ "type": "Feature", "properties": { "wtwdis": 28.0, "catdis": 1, "OBJNAM": null, "INFORM": null, "SCAMIN": null }, "geometry": { "type": "Point", "coordinates": [ 27.931605, 44.487227 ] } },
{ "type": "Feature", "properties": { "wtwdis": 27.0, "catdis": 1, "OBJNAM": null, "INFORM": null, "SCAMIN": null }, "geometry": { "type": "Point", "coordinates": [ 27.923007, 44.487711 ] } },
{ "type": "Feature", "properties": { "wtwdis": 26.0, "catdis": 1, "OBJNAM": null, "INFORM": null, "SCAMIN": null }, "geometry": { "type": "Point", "coordinates": [ 27.912874, 44.487225 ] } },
{ "type": "Feature", "properties": { "wtwdis": 25.0, "catdis": 1, "OBJNAM": null, "INFORM": null, "SCAMIN": null }, "geometry": { "type": "Point", "coordinates": [ 27.906243, 44.488349 ] } },
{ "type": "Feature", "properties": { "wtwdis": 24.0, "catdis": 1, "OBJNAM": null, "INFORM": null, "SCAMIN": null }, "geometry": { "type": "Point", "coordinates": [ 27.893425, 44.496391 ] } },
{ "type": "Feature", "properties": { "wtwdis": 23.0, "catdis": 1, "OBJNAM": null, "INFORM": null, "SCAMIN": null }, "geometry": { "type": "Point", "coordinates": [ 27.890321, 44.505914 ] } },
{ "type": "Feature", "properties": { "wtwdis": 22.0, "catdis": 1, "OBJNAM": null, "INFORM": null, "SCAMIN": null }, "geometry": { "type": "Point", "coordinates": [ 27.892406, 44.513461 ] } },
{ "type": "Feature", "properties": { "wtwdis": 21.0, "catdis": 1, "OBJNAM": null, "INFORM": null, "SCAMIN": null }, "geometry": { "type": "Point", "coordinates": [ 27.902978, 44.518613 ] } },
{ "type": "Feature", "properties": { "wtwdis": 20.0, "catdis": 1, "OBJNAM": null, "INFORM": null, "SCAMIN": null }, "geometry": { "type": "Point", "coordinates": [ 27.908616, 44.524599 ] } },
{ "type": "Feature", "properties": { "wtwdis": 19.0, "catdis": 1, "OBJNAM": null, "INFORM": null, "SCAMIN": null }, "geometry": { "type": "Point", "coordinates": [ 27.915645, 44.532078 ] } },
{ "type": "Feature", "properties": { "wtwdis": 18.0, "catdis": 1, "OBJNAM": null, "INFORM": null, "SCAMIN": null }, "geometry": { "type": "Point", "coordinates": [ 27.918493, 44.540988 ] } },
{ "type": "Feature", "properties": { "wtwdis": 17.0, "catdis": 1, "OBJNAM": null, "INFORM": null, "SCAMIN": null }, "geometry": { "type": "Point", "coordinates": [ 27.916665, 44.547221 ] } },
{ "type": "Feature", "properties": { "wtwdis": 16.0, "catdis": 1, "OBJNAM": null, "INFORM": null, "SCAMIN": null }, "geometry": { "type": "Point", "coordinates": [ 27.909819, 44.55601 ] } },
{ "type": "Feature", "properties": { "wtwdis": 15.0, "catdis": 1, "OBJNAM": null, "INFORM": null, "SCAMIN": null }, "geometry": { "type": "Point", "coordinates": [ 27.904517, 44.567185 ] } },
{ "type": "Feature", "properties": { "wtwdis": 33.0, "catdis": 3, "OBJNAM": null, "INFORM": null, "SCAMIN": null }, "geometry": { "type": "Point", "coordinates": [ 27.936588, 44.434417 ] } },
{ "type": "Feature", "properties": { "wtwdis": 34.0, "catdis": 3, "OBJNAM": null, "INFORM": null, "SCAMIN": null }, "geometry": { "type": "Point", "coordinates": [ 27.933086, 44.424062 ] } },
{ "type": "Feature", "properties": { "wtwdis": 39.0, "catdis": 1, "OBJNAM": null, "INFORM": null, "SCAMIN": null }, "geometry": { "type": "Point", "coordinates": [ 27.879815, 44.40486 ] } },
{ "type": "Feature", "properties": { "wtwdis": 38.0, "catdis": 1, "OBJNAM": null, "INFORM": null, "SCAMIN": null }, "geometry": { "type": "Point", "coordinates": [ 27.889366, 44.409716 ] } },
{ "type": "Feature", "properties": { "wtwdis": 37.0, "catdis": 1, "OBJNAM": null, "INFORM": null, "SCAMIN": null }, "geometry": { "type": "Point", "coordinates": [ 27.903151, 44.41287 ] } },
{ "type": "Feature", "properties": { "wtwdis": 36.0, "catdis": 1, "OBJNAM": null, "INFORM": null, "SCAMIN": null }, "geometry": { "type": "Point", "coordinates": [ 27.915425, 44.416281 ] } },
{ "type": "Feature", "properties": { "wtwdis": 35.0, "catdis": 1, "OBJNAM": null, "INFORM": null, "SCAMIN": null }, "geometry": { "type": "Point", "coordinates": [ 27.925103, 44.419014 ] } },
{ "type": "Feature", "properties": { "wtwdis": 34.0, "catdis": 1, "OBJNAM": null, "INFORM": null, "SCAMIN": null }, "geometry": { "type": "Point", "coordinates": [ 27.931307, 44.424824 ] } },
{ "type": "Feature", "properties": { "wtwdis": 33.0, "catdis": 1, "OBJNAM": null, "INFORM": null, "SCAMIN": null }, "geometry": { "type": "Point", "coordinates": [ 27.934594, 44.43451 ] } },
{ "type": "Feature", "properties": { "wtwdis": 32.0, "catdis": 1, "OBJNAM": null, "INFORM": null, "SCAMIN": null }, "geometry": { "type": "Point", "coordinates": [ 27.93199, 44.445019 ] } },
{ "type": "Feature", "properties": { "wtwdis": 32.0, "catdis": 1, "OBJNAM": null, "INFORM": null, "SCAMIN": null }, "geometry": { "type": "Point", "coordinates": [ 27.93021, 44.444767 ] } },
{ "type": "Feature", "properties": { "wtwdis": 31.0, "catdis": 1, "OBJNAM": null, "INFORM": null, "SCAMIN": null }, "geometry": { "type": "Point", "coordinates": [ 27.93288, 44.45851 ] } },
{ "type": "Feature", "properties": { "wtwdis": 30.0, "catdis": 1, "OBJNAM": null, "INFORM": null, "SCAMIN": null }, "geometry": { "type": "Point", "coordinates": [ 27.935742, 44.470587 ] } },
{ "type": "Feature", "properties": { "wtwdis": 49.0, "catdis": 1, "OBJNAM": null, "INFORM": null, "SCAMIN": null }, "geometry": { "type": "Point", "coordinates": [ 27.808153, 44.331797 ] } },
{ "type": "Feature", "properties": { "wtwdis": 48.0, "catdis": 1, "OBJNAM": null, "INFORM": null, "SCAMIN": null }, "geometry": { "type": "Point", "coordinates": [ 27.81865, 44.336664 ] } },
{ "type": "Feature", "properties": { "wtwdis": 47.0, "catdis": 1, "OBJNAM": null, "INFORM": null, "SCAMIN": null }, "geometry": { "type": "Point", "coordinates": [ 27.829127, 44.341564 ] } },
{ "type": "Feature", "properties": { "wtwdis": 46.0, "catdis": 1, "OBJNAM": null, "INFORM": null, "SCAMIN": null }, "geometry": { "type": "Point", "coordinates": [ 27.838101, 44.349099 ] } },
{ "type": "Feature", "properties": { "wtwdis": 45.0, "catdis": 1, "OBJNAM": null, "INFORM": null, "SCAMIN": null }, "geometry": { "type": "Point", "coordinates": [ 27.842113, 44.357548 ] } },
{ "type": "Feature", "properties": { "wtwdis": 44.0, "catdis": 1, "OBJNAM": null, "INFORM": null, "SCAMIN": null }, "geometry": { "type": "Point", "coordinates": [ 27.843574, 44.37009 ] } },
{ "type": "Feature", "properties": { "wtwdis": 40.0, "catdis": 1, "OBJNAM": null, "INFORM": null, "SCAMIN": null }, "geometry": { "type": "Point", "coordinates": [ 27.868489, 44.397818 ] } },
{ "type": "Feature", "properties": { "wtwdis": 41.0, "catdis": 1, "OBJNAM": null, "INFORM": null, "SCAMIN": null }, "geometry": { "type": "Point", "coordinates": [ 27.862261, 44.389996 ] } },
{ "type": "Feature", "properties": { "wtwdis": 42.0, "catdis": 1, "OBJNAM": null, "INFORM": null, "SCAMIN": null }, "geometry": { "type": "Point", "coordinates": [ 27.856907, 44.382621 ] } },
{ "type": "Feature", "properties": { "wtwdis": 43.0, "catdis": 1, "OBJNAM": null, "INFORM": null, "SCAMIN": null }, "geometry": { "type": "Point", "coordinates": [ 27.849237, 44.374695 ] } },
{ "type": "Feature", "properties": { "wtwdis": 42.0, "catdis": 1, "OBJNAM": null, "INFORM": null, "SCAMIN": null }, "geometry": { "type": "Point", "coordinates": [ 27.855227, 44.382892 ] } },
{ "type": "Feature", "properties": { "wtwdis": 43.0, "catdis": 1, "OBJNAM": null, "INFORM": null, "SCAMIN": null }, "geometry": { "type": "Point", "coordinates": [ 27.848296, 44.375257 ] } },
{ "type": "Feature", "properties": { "wtwdis": 41.0, "catdis": 1, "OBJNAM": null, "INFORM": null, "SCAMIN": null }, "geometry": { "type": "Point", "coordinates": [ 27.860853, 44.390186 ] } },
{ "type": "Feature", "properties": { "wtwdis": 60.0, "catdis": 1, "OBJNAM": null, "INFORM": null, "SCAMIN": null }, "geometry": { "type": "Point", "coordinates": [ 27.677802, 44.305137 ] } },
{ "type": "Feature", "properties": { "wtwdis": 59.0, "catdis": 1, "OBJNAM": null, "INFORM": null, "SCAMIN": null }, "geometry": { "type": "Point", "coordinates": [ 27.68724, 44.310152 ] } },
{ "type": "Feature", "properties": { "wtwdis": 58.0, "catdis": 1, "OBJNAM": null, "INFORM": null, "SCAMIN": null }, "geometry": { "type": "Point", "coordinates": [ 27.699638, 44.314607 ] } },
{ "type": "Feature", "properties": { "wtwdis": 57.0, "catdis": 1, "OBJNAM": null, "INFORM": null, "SCAMIN": null }, "geometry": { "type": "Point", "coordinates": [ 27.711414, 44.317768 ] } },
{ "type": "Feature", "properties": { "wtwdis": 56.0, "catdis": 1, "OBJNAM": null, "INFORM": null, "SCAMIN": null }, "geometry": { "type": "Point", "coordinates": [ 27.725128, 44.322307 ] } },
{ "type": "Feature", "properties": { "wtwdis": 55.0, "catdis": 1, "OBJNAM": null, "INFORM": null, "SCAMIN": null }, "geometry": { "type": "Point", "coordinates": [ 27.737346, 44.326053 ] } },
{ "type": "Feature", "properties": { "wtwdis": 54.0, "catdis": 1, "OBJNAM": null, "INFORM": null, "SCAMIN": null }, "geometry": { "type": "Point", "coordinates": [ 27.746335, 44.326937 ] } },
{ "type": "Feature", "properties": { "wtwdis": 53.0, "catdis": 1, "OBJNAM": null, "INFORM": null, "SCAMIN": null }, "geometry": { "type": "Point", "coordinates": [ 27.759173, 44.324816 ] } },
{ "type": "Feature", "properties": { "wtwdis": 52.0, "catdis": 1, "OBJNAM": null, "INFORM": null, "SCAMIN": null }, "geometry": { "type": "Point", "coordinates": [ 27.769636, 44.322495 ] } },
{ "type": "Feature", "properties": { "wtwdis": 51.0, "catdis": 1, "OBJNAM": null, "INFORM": null, "SCAMIN": null }, "geometry": { "type": "Point", "coordinates": [ 27.786351, 44.321452 ] } },
{ "type": "Feature", "properties": { "wtwdis": 68.0, "catdis": 3, "OBJNAM": null, "INFORM": null, "SCAMIN": null }, "geometry": { "type": "Point", "coordinates": [ 27.623172, 44.25771 ] } },
{ "type": "Feature", "properties": { "wtwdis": 1.0, "catdis": 3, "OBJNAM": null, "INFORM": null, "SCAMIN": null }, "geometry": { "type": "Point", "coordinates": [ 27.622727, 44.244101 ] } },
{ "type": "Feature", "properties": { "wtwdis": 1.0, "catdis": 1, "OBJNAM": null, "INFORM": null, "SCAMIN": null }, "geometry": { "type": "Point", "coordinates": [ 27.620931, 44.244826 ] } },
{ "type": "Feature", "properties": { "wtwdis": 2.0, "catdis": 1, "OBJNAM": null, "INFORM": null, "SCAMIN": null }, "geometry": { "type": "Point", "coordinates": [ 27.606917, 44.240661 ] } },
{ "type": "Feature", "properties": { "wtwdis": 64.0, "catdis": 3, "OBJNAM": null, "INFORM": null, "SCAMIN": null }, "geometry": { "type": "Point", "coordinates": [ 27.668158, 44.277442 ] } },
{ "type": "Feature", "properties": { "wtwdis": 68.0, "catdis": 1, "OBJNAM": null, "INFORM": null, "SCAMIN": null }, "geometry": { "type": "Point", "coordinates": [ 27.62558, 44.254864 ] } },
{ "type": "Feature", "properties": { "wtwdis": 63.0, "catdis": 1, "OBJNAM": null, "INFORM": null, "SCAMIN": null }, "geometry": { "type": "Point", "coordinates": [ 27.668726, 44.285736 ] } },
{ "type": "Feature", "properties": { "wtwdis": 62.0, "catdis": 1, "OBJNAM": null, "INFORM": null, "SCAMIN": null }, "geometry": { "type": "Point", "coordinates": [ 27.666731, 44.294286 ] } },
{ "type": "Feature", "properties": { "wtwdis": 64.0, "catdis": 1, "OBJNAM": null, "INFORM": null, "SCAMIN": null }, "geometry": { "type": "Point", "coordinates": [ 27.6663, 44.278035 ] } },
{ "type": "Feature", "properties": { "wtwdis": 65.0, "catdis": 1, "OBJNAM": null, "INFORM": null, "SCAMIN": null }, "geometry": { "type": "Point", "coordinates": [ 27.651239, 44.270297 ] } },
{ "type": "Feature", "properties": { "wtwdis": 66.0, "catdis": 1, "OBJNAM": null, "INFORM": null, "SCAMIN": null }, "geometry": { "type": "Point", "coordinates": [ 27.642166, 44.266059 ] } },
{ "type": "Feature", "properties": { "wtwdis": 67.0, "catdis": 1, "OBJNAM": null, "INFORM": null, "SCAMIN": null }, "geometry": { "type": "Point", "coordinates": [ 27.634908, 44.259701 ] } },
{ "type": "Feature", "properties": { "wtwdis": 68.0, "catdis": 1, "OBJNAM": null, "INFORM": null, "SCAMIN": null }, "geometry": { "type": "Point", "coordinates": [ 27.624446, 44.256195 ] } },
{ "type": "Feature", "properties": { "wtwdis": 63.0, "catdis": 1, "OBJNAM": null, "INFORM": null, "SCAMIN": null }, "geometry": { "type": "Point", "coordinates": [ 27.66658, 44.285691 ] } },
{ "type": "Feature", "properties": { "wtwdis": 4.0, "catdis": 3, "OBJNAM": null, "INFORM": null, "SCAMIN": null }, "geometry": { "type": "Point", "coordinates": [ 27.584726, 44.236963 ] } },
{ "type": "Feature", "properties": { "wtwdis": 5.0, "catdis": 3, "OBJNAM": null, "INFORM": null, "SCAMIN": null }, "geometry": { "type": "Point", "coordinates": [ 27.578988, 44.229502 ] } },
{ "type": "Feature", "properties": { "wtwdis": 6.0, "catdis": 1, "OBJNAM": null, "INFORM": null, "SCAMIN": null }, "geometry": { "type": "Point", "coordinates": [ 27.571044, 44.221728 ] } },
{ "type": "Feature", "properties": { "wtwdis": 5.0, "catdis": 1, "OBJNAM": null, "INFORM": null, "SCAMIN": null }, "geometry": { "type": "Point", "coordinates": [ 27.580876, 44.228867 ] } },
{ "type": "Feature", "properties": { "wtwdis": 4.0, "catdis": 1, "OBJNAM": null, "INFORM": null, "SCAMIN": null }, "geometry": { "type": "Point", "coordinates": [ 27.585163, 44.235362 ] } },
{ "type": "Feature", "properties": { "wtwdis": 3.0, "catdis": 1, "OBJNAM": null, "INFORM": null, "SCAMIN": null }, "geometry": { "type": "Point", "coordinates": [ 27.594026, 44.238073 ] } },
{ "type": "Feature", "properties": { "wtwdis": 1.0, "catdis": 3, "OBJNAM": null, "INFORM": null, "SCAMIN": 22000 }, "geometry": { "type": "Point", "coordinates": [ 28.629047, 44.101169 ] } },
{ "type": "Feature", "properties": { "wtwdis": 1.0, "catdis": 3, "OBJNAM": null, "INFORM": null, "SCAMIN": 22000 }, "geometry": { "type": "Point", "coordinates": [ 28.629032, 44.099009 ] } },
{ "type": "Feature", "properties": { "wtwdis": 2.0, "catdis": 3, "OBJNAM": null, "INFORM": null, "SCAMIN": 22000 }, "geometry": { "type": "Point", "coordinates": [ 28.616539, 44.099552 ] } },
{ "type": "Feature", "properties": { "wtwdis": 3.0, "catdis": 3, "OBJNAM": null, "INFORM": null, "SCAMIN": 22000 }, "geometry": { "type": "Point", "coordinates": [ 28.60406, 44.101546 ] } },
{ "type": "Feature", "properties": { "wtwdis": 3.0, "catdis": 3, "OBJNAM": null, "INFORM": null, "SCAMIN": 22000 }, "geometry": { "type": "Point", "coordinates": [ 28.6041, 44.100105 ] } },
{ "type": "Feature", "properties": { "wtwdis": 4.0, "catdis": 3, "OBJNAM": null, "INFORM": null, "SCAMIN": 22000 }, "geometry": { "type": "Point", "coordinates": [ 28.591611, 44.101677 ] } },
{ "type": "Feature", "properties": { "wtwdis": 4.0, "catdis": 3, "OBJNAM": null, "INFORM": null, "SCAMIN": 22000 }, "geometry": { "type": "Point", "coordinates": [ 28.591641, 44.100704 ] } },
{ "type": "Feature", "properties": { "wtwdis": 5.0, "catdis": 3, "OBJNAM": null, "INFORM": null, "SCAMIN": 22000 }, "geometry": { "type": "Point", "coordinates": [ 28.57873, 44.101508 ] } },
{ "type": "Feature", "properties": { "wtwdis": 5.0, "catdis": 3, "OBJNAM": null, "INFORM": null, "SCAMIN": 22000 }, "geometry": { "type": "Point", "coordinates": [ 28.578753, 44.100631 ] } },
{ "type": "Feature", "properties": { "wtwdis": 6.0, "catdis": 3, "OBJNAM": null, "INFORM": null, "SCAMIN": 22000 }, "geometry": { "type": "Point", "coordinates": [ 28.56635, 44.101284 ] } },
{ "type": "Feature", "properties": { "wtwdis": 6.0, "catdis": 3, "OBJNAM": null, "INFORM": null, "SCAMIN": 22000 }, "geometry": { "type": "Point", "coordinates": [ 28.566392, 44.100395 ] } },
{ "type": "Feature", "properties": { "wtwdis": 7.0, "catdis": 3, "OBJNAM": null, "INFORM": null, "SCAMIN": 22000 }, "geometry": { "type": "Point", "coordinates": [ 28.554161, 44.100162 ] } },
{ "type": "Feature", "properties": { "wtwdis": 7.0, "catdis": 3, "OBJNAM": null, "INFORM": null, "SCAMIN": 22000 }, "geometry": { "type": "Point", "coordinates": [ 28.554132, 44.101054 ] } },
{ "type": "Feature", "properties": { "wtwdis": 8.0, "catdis": 3, "OBJNAM": null, "INFORM": null, "SCAMIN": 22000 }, "geometry": { "type": "Point", "coordinates": [ 28.541349, 44.099924 ] } },
{ "type": "Feature", "properties": { "wtwdis": 8.0, "catdis": 3, "OBJNAM": null, "INFORM": null, "SCAMIN": 22000 }, "geometry": { "type": "Point", "coordinates": [ 28.541288, 44.100823 ] } },
{ "type": "Feature", "properties": { "wtwdis": 9.0, "catdis": 3, "OBJNAM": null, "INFORM": null, "SCAMIN": 22000 }, "geometry": { "type": "Point", "coordinates": [ 28.529203, 44.099681 ] } },
{ "type": "Feature", "properties": { "wtwdis": 9.0, "catdis": 3, "OBJNAM": null, "INFORM": null, "SCAMIN": 22000 }, "geometry": { "type": "Point", "coordinates": [ 28.529156, 44.100594 ] } },
{ "type": "Feature", "properties": { "wtwdis": 1.0, "catdis": 1, "OBJNAM": null, "INFORM": null, "SCAMIN": 8000 }, "geometry": { "type": "Point", "coordinates": [ 28.629035, 44.100078 ] } },
{ "type": "Feature", "properties": { "wtwdis": 3.0, "catdis": 1, "OBJNAM": null, "INFORM": null, "SCAMIN": 8000 }, "geometry": { "type": "Point", "coordinates": [ 28.604079, 44.100862 ] } },
{ "type": "Feature", "properties": { "wtwdis": 2.0, "catdis": 3, "OBJNAM": null, "INFORM": null, "SCAMIN": 22000 }, "geometry": { "type": "Point", "coordinates": [ 28.616543, 44.101417 ] } },
{ "type": "Feature", "properties": { "wtwdis": 2.0, "catdis": 3, "OBJNAM": null, "INFORM": null, "SCAMIN": 22000 }, "geometry": { "type": "Point", "coordinates": [ 28.616625, 44.100084 ] } },
{ "type": "Feature", "properties": { "wtwdis": 2.0, "catdis": 1, "OBJNAM": null, "INFORM": null, "SCAMIN": 8000 }, "geometry": { "type": "Point", "coordinates": [ 28.616539, 44.100668 ] } },
{ "type": "Feature", "properties": { "wtwdis": 2.0, "catdis": 1, "OBJNAM": null, "INFORM": null, "SCAMIN": 8000 }, "geometry": { "type": "Point", "coordinates": [ 28.616539, 44.10028 ] } },
{ "type": "Feature", "properties": { "wtwdis": 4.0, "catdis": 1, "OBJNAM": null, "INFORM": null, "SCAMIN": 8000 }, "geometry": { "type": "Point", "coordinates": [ 28.591626, 44.10121 ] } },
{ "type": "Feature", "properties": { "wtwdis": 5.0, "catdis": 1, "OBJNAM": null, "INFORM": null, "SCAMIN": 8000 }, "geometry": { "type": "Point", "coordinates": [ 28.578743, 44.101062 ] } },
{ "type": "Feature", "properties": { "wtwdis": 6.0, "catdis": 1, "OBJNAM": null, "INFORM": null, "SCAMIN": 8000 }, "geometry": { "type": "Point", "coordinates": [ 28.566371, 44.100834 ] } },
{ "type": "Feature", "properties": { "wtwdis": 7.0, "catdis": 1, "OBJNAM": null, "INFORM": null, "SCAMIN": 8000 }, "geometry": { "type": "Point", "coordinates": [ 28.554147, 44.100608 ] } },
{ "type": "Feature", "properties": { "wtwdis": 8.0, "catdis": 1, "OBJNAM": null, "INFORM": null, "SCAMIN": 8000 }, "geometry": { "type": "Point", "coordinates": [ 28.541318, 44.100369 ] } },
{ "type": "Feature", "properties": { "wtwdis": 9.0, "catdis": 1, "OBJNAM": null, "INFORM": null, "SCAMIN": 8000 }, "geometry": { "type": "Point", "coordinates": [ 28.529184, 44.100138 ] } },
{ "type": "Feature", "properties": { "wtwdis": 0.0, "catdis": 1, "OBJNAM": null, "INFORM": null, "SCAMIN": 8000 }, "geometry": { "type": "Point", "coordinates": [ 28.64157, 44.09969 ] } },
{ "type": "Feature", "properties": { "wtwdis": 9.1, "catdis": 1, "OBJNAM": null, "INFORM": null, "SCAMIN": 8000 }, "geometry": { "type": "Point", "coordinates": [ 28.527935, 44.100116 ] } },
{ "type": "Feature", "properties": { "wtwdis": 9.2, "catdis": 1, "OBJNAM": null, "INFORM": null, "SCAMIN": 8000 }, "geometry": { "type": "Point", "coordinates": [ 28.526685, 44.100094 ] } },
{ "type": "Feature", "properties": { "wtwdis": 9.3, "catdis": 1, "OBJNAM": null, "INFORM": null, "SCAMIN": 8000 }, "geometry": { "type": "Point", "coordinates": [ 28.525435, 44.100072 ] } },
{ "type": "Feature", "properties": { "wtwdis": 9.4, "catdis": 1, "OBJNAM": null, "INFORM": null, "SCAMIN": 8000 }, "geometry": { "type": "Point", "coordinates": [ 28.524185, 44.10005 ] } },
{ "type": "Feature", "properties": { "wtwdis": 8.9, "catdis": 1, "OBJNAM": null, "INFORM": null, "SCAMIN": 8000 }, "geometry": { "type": "Point", "coordinates": [ 28.530398, 44.10016 ] } },
{ "type": "Feature", "properties": { "wtwdis": 8.8, "catdis": 1, "OBJNAM": null, "INFORM": null, "SCAMIN": 8000 }, "geometry": { "type": "Point", "coordinates": [ 28.531611, 44.100182 ] } },
{ "type": "Feature", "properties": { "wtwdis": 8.7, "catdis": 1, "OBJNAM": null, "INFORM": null, "SCAMIN": 8000 }, "geometry": { "type": "Point", "coordinates": [ 28.532825, 44.100204 ] } },
{ "type": "Feature", "properties": { "wtwdis": 8.6, "catdis": 1, "OBJNAM": null, "INFORM": null, "SCAMIN": 8000 }, "geometry": { "type": "Point", "coordinates": [ 28.534038, 44.100226 ] } },
{ "type": "Feature", "properties": { "wtwdis": 8.5, "catdis": 1, "OBJNAM": null, "INFORM": null, "SCAMIN": 8000 }, "geometry": { "type": "Point", "coordinates": [ 28.535252, 44.100248 ] } },
{ "type": "Feature", "properties": { "wtwdis": 8.4, "catdis": 1, "OBJNAM": null, "INFORM": null, "SCAMIN": 8000 }, "geometry": { "type": "Point", "coordinates": [ 28.536465, 44.10027 ] } },
{ "type": "Feature", "properties": { "wtwdis": 8.3, "catdis": 1, "OBJNAM": null, "INFORM": null, "SCAMIN": 8000 }, "geometry": { "type": "Point", "coordinates": [ 28.537679, 44.100292 ] } },
{ "type": "Feature", "properties": { "wtwdis": 8.2, "catdis": 1, "OBJNAM": null, "INFORM": null, "SCAMIN": 8000 }, "geometry": { "type": "Point", "coordinates": [ 28.538892, 44.100316 ] } },
{ "type": "Feature", "properties": { "wtwdis": 8.1, "catdis": 1, "OBJNAM": null, "INFORM": null, "SCAMIN": 8000 }, "geometry": { "type": "Point", "coordinates": [ 28.540105, 44.100342 ] } },
{ "type": "Feature", "properties": { "wtwdis": 7.9, "catdis": 1, "OBJNAM": null, "INFORM": null, "SCAMIN": 8000 }, "geometry": { "type": "Point", "coordinates": [ 28.542601, 44.100392 ] } },
{ "type": "Feature", "properties": { "wtwdis": 7.8, "catdis": 1, "OBJNAM": null, "INFORM": null, "SCAMIN": 8000 }, "geometry": { "type": "Point", "coordinates": [ 28.543884, 44.100415 ] } },
{ "type": "Feature", "properties": { "wtwdis": 7.7, "catdis": 1, "OBJNAM": null, "INFORM": null, "SCAMIN": 8000 }, "geometry": { "type": "Point", "coordinates": [ 28.545167, 44.100441 ] } },
{ "type": "Feature", "properties": { "wtwdis": 7.6, "catdis": 1, "OBJNAM": null, "INFORM": null, "SCAMIN": 8000 }, "geometry": { "type": "Point", "coordinates": [ 28.54645, 44.100467 ] } },
{ "type": "Feature", "properties": { "wtwdis": 7.5, "catdis": 1, "OBJNAM": null, "INFORM": null, "SCAMIN": 8000 }, "geometry": { "type": "Point", "coordinates": [ 28.547733, 44.100492 ] } },
{ "type": "Feature", "properties": { "wtwdis": 7.4, "catdis": 1, "OBJNAM": null, "INFORM": null, "SCAMIN": 8000 }, "geometry": { "type": "Point", "coordinates": [ 28.549015, 44.100518 ] } },
{ "type": "Feature", "properties": { "wtwdis": 7.3, "catdis": 1, "OBJNAM": null, "INFORM": null, "SCAMIN": 8000 }, "geometry": { "type": "Point", "coordinates": [ 28.550298, 44.100541 ] } },
{ "type": "Feature", "properties": { "wtwdis": 7.2, "catdis": 1, "OBJNAM": null, "INFORM": null, "SCAMIN": 8000 }, "geometry": { "type": "Point", "coordinates": [ 28.551581, 44.100563 ] } },
{ "type": "Feature", "properties": { "wtwdis": 7.1, "catdis": 1, "OBJNAM": null, "INFORM": null, "SCAMIN": 8000 }, "geometry": { "type": "Point", "coordinates": [ 28.552864, 44.100586 ] } },
{ "type": "Feature", "properties": { "wtwdis": 6.9, "catdis": 1, "OBJNAM": null, "INFORM": null, "SCAMIN": 8000 }, "geometry": { "type": "Point", "coordinates": [ 28.555369, 44.10063 ] } },
{ "type": "Feature", "properties": { "wtwdis": 6.8, "catdis": 1, "OBJNAM": null, "INFORM": null, "SCAMIN": 8000 }, "geometry": { "type": "Point", "coordinates": [ 28.556592, 44.100654 ] } },
{ "type": "Feature", "properties": { "wtwdis": 6.7, "catdis": 1, "OBJNAM": null, "INFORM": null, "SCAMIN": 8000 }, "geometry": { "type": "Point", "coordinates": [ 28.557814, 44.100677 ] } },
{ "type": "Feature", "properties": { "wtwdis": 6.6, "catdis": 1, "OBJNAM": null, "INFORM": null, "SCAMIN": 8000 }, "geometry": { "type": "Point", "coordinates": [ 28.559037, 44.100701 ] } },
{ "type": "Feature", "properties": { "wtwdis": 6.5, "catdis": 1, "OBJNAM": null, "INFORM": null, "SCAMIN": 8000 }, "geometry": { "type": "Point", "coordinates": [ 28.560259, 44.100724 ] } },
{ "type": "Feature", "properties": { "wtwdis": 6.4, "catdis": 1, "OBJNAM": null, "INFORM": null, "SCAMIN": 8000 }, "geometry": { "type": "Point", "coordinates": [ 28.561481, 44.100748 ] } },
{ "type": "Feature", "properties": { "wtwdis": 6.3, "catdis": 1, "OBJNAM": null, "INFORM": null, "SCAMIN": 8000 }, "geometry": { "type": "Point", "coordinates": [ 28.562704, 44.100769 ] } },
{ "type": "Feature", "properties": { "wtwdis": 6.2, "catdis": 1, "OBJNAM": null, "INFORM": null, "SCAMIN": 8000 }, "geometry": { "type": "Point", "coordinates": [ 28.563926, 44.100791 ] } },
{ "type": "Feature", "properties": { "wtwdis": 6.1, "catdis": 1, "OBJNAM": null, "INFORM": null, "SCAMIN": 8000 }, "geometry": { "type": "Point", "coordinates": [ 28.565149, 44.100812 ] } },
{ "type": "Feature", "properties": { "wtwdis": 5.9, "catdis": 1, "OBJNAM": null, "INFORM": null, "SCAMIN": 8000 }, "geometry": { "type": "Point", "coordinates": [ 28.567609, 44.100856 ] } },
{ "type": "Feature", "properties": { "wtwdis": 5.8, "catdis": 1, "OBJNAM": null, "INFORM": null, "SCAMIN": 8000 }, "geometry": { "type": "Point", "coordinates": [ 28.568846, 44.100879 ] } },
{ "type": "Feature", "properties": { "wtwdis": 5.7, "catdis": 1, "OBJNAM": null, "INFORM": null, "SCAMIN": 8000 }, "geometry": { "type": "Point", "coordinates": [ 28.570083, 44.100903 ] } },
{ "type": "Feature", "properties": { "wtwdis": 5.6, "catdis": 1, "OBJNAM": null, "INFORM": null, "SCAMIN": 8000 }, "geometry": { "type": "Point", "coordinates": [ 28.57132, 44.100927 ] } },
{ "type": "Feature", "properties": { "wtwdis": 5.5, "catdis": 1, "OBJNAM": null, "INFORM": null, "SCAMIN": 8000 }, "geometry": { "type": "Point", "coordinates": [ 28.572557, 44.100951 ] } },
{ "type": "Feature", "properties": { "wtwdis": 5.4, "catdis": 1, "OBJNAM": null, "INFORM": null, "SCAMIN": 8000 }, "geometry": { "type": "Point", "coordinates": [ 28.573794, 44.100975 ] } },
{ "type": "Feature", "properties": { "wtwdis": 5.3, "catdis": 1, "OBJNAM": null, "INFORM": null, "SCAMIN": 8000 }, "geometry": { "type": "Point", "coordinates": [ 28.575031, 44.100997 ] } },
{ "type": "Feature", "properties": { "wtwdis": 5.2, "catdis": 1, "OBJNAM": null, "INFORM": null, "SCAMIN": 8000 }, "geometry": { "type": "Point", "coordinates": [ 28.576268, 44.101019 ] } },
{ "type": "Feature", "properties": { "wtwdis": 5.1, "catdis": 1, "OBJNAM": null, "INFORM": null, "SCAMIN": 8000 }, "geometry": { "type": "Point", "coordinates": [ 28.577506, 44.10104 ] } },
{ "type": "Feature", "properties": { "wtwdis": 4.9, "catdis": 1, "OBJNAM": null, "INFORM": null, "SCAMIN": 8000 }, "geometry": { "type": "Point", "coordinates": [ 28.580031, 44.101085 ] } },
{ "type": "Feature", "properties": { "wtwdis": 4.8, "catdis": 1, "OBJNAM": null, "INFORM": null, "SCAMIN": 8000 }, "geometry": { "type": "Point", "coordinates": [ 28.581319, 44.101108 ] } },
{ "type": "Feature", "properties": { "wtwdis": 4.7, "catdis": 1, "OBJNAM": null, "INFORM": null, "SCAMIN": 8000 }, "geometry": { "type": "Point", "coordinates": [ 28.582607, 44.10113 ] } },
{ "type": "Feature", "properties": { "wtwdis": 4.6, "catdis": 1, "OBJNAM": null, "INFORM": null, "SCAMIN": 8000 }, "geometry": { "type": "Point", "coordinates": [ 28.583895, 44.101153 ] } },
{ "type": "Feature", "properties": { "wtwdis": 4.5, "catdis": 1, "OBJNAM": null, "INFORM": null, "SCAMIN": 8000 }, "geometry": { "type": "Point", "coordinates": [ 28.585184, 44.101176 ] } },
{ "type": "Feature", "properties": { "wtwdis": 4.4, "catdis": 1, "OBJNAM": null, "INFORM": null, "SCAMIN": 8000 }, "geometry": { "type": "Point", "coordinates": [ 28.586472, 44.101198 ] } },
{ "type": "Feature", "properties": { "wtwdis": 4.3, "catdis": 1, "OBJNAM": null, "INFORM": null, "SCAMIN": 8000 }, "geometry": { "type": "Point", "coordinates": [ 28.58776, 44.101202 ] } },
{ "type": "Feature", "properties": { "wtwdis": 4.2, "catdis": 1, "OBJNAM": null, "INFORM": null, "SCAMIN": 8000 }, "geometry": { "type": "Point", "coordinates": [ 28.589049, 44.101205 ] } },
{ "type": "Feature", "properties": { "wtwdis": 4.1, "catdis": 1, "OBJNAM": null, "INFORM": null, "SCAMIN": 8000 }, "geometry": { "type": "Point", "coordinates": [ 28.590337, 44.101207 ] } },
{ "type": "Feature", "properties": { "wtwdis": 3.9, "catdis": 1, "OBJNAM": null, "INFORM": null, "SCAMIN": 8000 }, "geometry": { "type": "Point", "coordinates": [ 28.592872, 44.101189 ] } },
{ "type": "Feature", "properties": { "wtwdis": 3.8, "catdis": 1, "OBJNAM": null, "INFORM": null, "SCAMIN": 8000 }, "geometry": { "type": "Point", "coordinates": [ 28.594118, 44.101167 ] } },
{ "type": "Feature", "properties": { "wtwdis": 3.7, "catdis": 1, "OBJNAM": null, "INFORM": null, "SCAMIN": 8000 }, "geometry": { "type": "Point", "coordinates": [ 28.595364, 44.101143 ] } },
{ "type": "Feature", "properties": { "wtwdis": 3.6, "catdis": 1, "OBJNAM": null, "INFORM": null, "SCAMIN": 8000 }, "geometry": { "type": "Point", "coordinates": [ 28.596609, 44.101101 ] } },
{ "type": "Feature", "properties": { "wtwdis": 3.5, "catdis": 1, "OBJNAM": null, "INFORM": null, "SCAMIN": 8000 }, "geometry": { "type": "Point", "coordinates": [ 28.597854, 44.10106 ] } },
{ "type": "Feature", "properties": { "wtwdis": 3.4, "catdis": 1, "OBJNAM": null, "INFORM": null, "SCAMIN": 8000 }, "geometry": { "type": "Point", "coordinates": [ 28.599099, 44.101018 ] } },
{ "type": "Feature", "properties": { "wtwdis": 3.3, "catdis": 1, "OBJNAM": null, "INFORM": null, "SCAMIN": 8000 }, "geometry": { "type": "Point", "coordinates": [ 28.600344, 44.100981 ] } },
{ "type": "Feature", "properties": { "wtwdis": 3.2, "catdis": 1, "OBJNAM": null, "INFORM": null, "SCAMIN": 8000 }, "geometry": { "type": "Point", "coordinates": [ 28.601589, 44.100944 ] } },
{ "type": "Feature", "properties": { "wtwdis": 3.1, "catdis": 1, "OBJNAM": null, "INFORM": null, "SCAMIN": 8000 }, "geometry": { "type": "Point", "coordinates": [ 28.602834, 44.100906 ] } },
{ "type": "Feature", "properties": { "wtwdis": 2.9, "catdis": 1, "OBJNAM": null, "INFORM": null, "SCAMIN": 8000 }, "geometry": { "type": "Point", "coordinates": [ 28.605325, 44.100828 ] } },
{ "type": "Feature", "properties": { "wtwdis": 2.8, "catdis": 1, "OBJNAM": null, "INFORM": null, "SCAMIN": 8000 }, "geometry": { "type": "Point", "coordinates": [ 28.60657, 44.10079 ] } },
{ "type": "Feature", "properties": { "wtwdis": 2.7, "catdis": 1, "OBJNAM": null, "INFORM": null, "SCAMIN": 8000 }, "geometry": { "type": "Point", "coordinates": [ 28.607815, 44.100751 ] } },
{ "type": "Feature", "properties": { "wtwdis": 2.6, "catdis": 1, "OBJNAM": null, "INFORM": null, "SCAMIN": 8000 }, "geometry": { "type": "Point", "coordinates": [ 28.609061, 44.100724 ] } },
{ "type": "Feature", "properties": { "wtwdis": 2.5, "catdis": 1, "OBJNAM": null, "INFORM": null, "SCAMIN": 8000 }, "geometry": { "type": "Point", "coordinates": [ 28.610307, 44.100672 ] } },
{ "type": "Feature", "properties": { "wtwdis": 2.4, "catdis": 1, "OBJNAM": null, "INFORM": null, "SCAMIN": 8000 }, "geometry": { "type": "Point", "coordinates": [ 28.611554, 44.100632 ] } },
{ "type": "Feature", "properties": { "wtwdis": 2.3, "catdis": 1, "OBJNAM": null, "INFORM": null, "SCAMIN": 8000 }, "geometry": { "type": "Point", "coordinates": [ 28.6128, 44.100593 ] } },
{ "type": "Feature", "properties": { "wtwdis": 2.2, "catdis": 1, "OBJNAM": null, "INFORM": null, "SCAMIN": 8000 }, "geometry": { "type": "Point", "coordinates": [ 28.614047, 44.100555 ] } },
{ "type": "Feature", "properties": { "wtwdis": 2.1, "catdis": 1, "OBJNAM": null, "INFORM": null, "SCAMIN": 8000 }, "geometry": { "type": "Point", "coordinates": [ 28.615293, 44.100515 ] } },
{ "type": "Feature", "properties": { "wtwdis": 1.9, "catdis": 1, "OBJNAM": null, "INFORM": null, "SCAMIN": 8000 }, "geometry": { "type": "Point", "coordinates": [ 28.617792, 44.100643 ] } },
{ "type": "Feature", "properties": { "wtwdis": 1.8, "catdis": 1, "OBJNAM": null, "INFORM": null, "SCAMIN": 8000 }, "geometry": { "type": "Point", "coordinates": [ 28.619043, 44.100601 ] } },
{ "type": "Feature", "properties": { "wtwdis": 1.7, "catdis": 1, "OBJNAM": null, "INFORM": null, "SCAMIN": 8000 }, "geometry": { "type": "Point", "coordinates": [ 28.620295, 44.10056 ] } },
{ "type": "Feature", "properties": { "wtwdis": 1.6, "catdis": 1, "OBJNAM": null, "INFORM": null, "SCAMIN": 8000 }, "geometry": { "type": "Point", "coordinates": [ 28.621547, 44.100519 ] } },
{ "type": "Feature", "properties": { "wtwdis": 1.5, "catdis": 1, "OBJNAM": null, "INFORM": null, "SCAMIN": 8000 }, "geometry": { "type": "Point", "coordinates": [ 28.622799, 44.100477 ] } },
{ "type": "Feature", "properties": { "wtwdis": 1.4, "catdis": 1, "OBJNAM": null, "INFORM": null, "SCAMIN": 8000 }, "geometry": { "type": "Point", "coordinates": [ 28.62405, 44.100436 ] } },
{ "type": "Feature", "properties": { "wtwdis": 1.3, "catdis": 1, "OBJNAM": null, "INFORM": null, "SCAMIN": 8000 }, "geometry": { "type": "Point", "coordinates": [ 28.625302, 44.100391 ] } },
{ "type": "Feature", "properties": { "wtwdis": 1.2, "catdis": 1, "OBJNAM": null, "INFORM": null, "SCAMIN": 8000 }, "geometry": { "type": "Point", "coordinates": [ 28.626547, 44.100165 ] } },
{ "type": "Feature", "properties": { "wtwdis": 1.1, "catdis": 1, "OBJNAM": null, "INFORM": null, "SCAMIN": 8000 }, "geometry": { "type": "Point", "coordinates": [ 28.627791, 44.100122 ] } },
{ "type": "Feature", "properties": { "wtwdis": 0.9, "catdis": 1, "OBJNAM": null, "INFORM": null, "SCAMIN": 8000 }, "geometry": { "type": "Point", "coordinates": [ 28.630289, 44.10004 ] } },
{ "type": "Feature", "properties": { "wtwdis": 0.8, "catdis": 1, "OBJNAM": null, "INFORM": null, "SCAMIN": 8000 }, "geometry": { "type": "Point", "coordinates": [ 28.631543, 44.100003 ] } },
{ "type": "Feature", "properties": { "wtwdis": 0.7, "catdis": 1, "OBJNAM": null, "INFORM": null, "SCAMIN": 8000 }, "geometry": { "type": "Point", "coordinates": [ 28.632796, 44.099965 ] } },
{ "type": "Feature", "properties": { "wtwdis": 0.6, "catdis": 1, "OBJNAM": null, "INFORM": null, "SCAMIN": 8000 }, "geometry": { "type": "Point", "coordinates": [ 28.63405, 44.099928 ] } },
{ "type": "Feature", "properties": { "wtwdis": 0.5, "catdis": 1, "OBJNAM": null, "INFORM": null, "SCAMIN": 8000 }, "geometry": { "type": "Point", "coordinates": [ 28.635303, 44.09989 ] } },
{ "type": "Feature", "properties": { "wtwdis": 0.4, "catdis": 1, "OBJNAM": null, "INFORM": null, "SCAMIN": 8000 }, "geometry": { "type": "Point", "coordinates": [ 28.636557, 44.099853 ] } },
{ "type": "Feature", "properties": { "wtwdis": 0.3, "catdis": 1, "OBJNAM": null, "INFORM": null, "SCAMIN": 8000 }, "geometry": { "type": "Point", "coordinates": [ 28.63781, 44.099814 ] } },
{ "type": "Feature", "properties": { "wtwdis": 0.2, "catdis": 1, "OBJNAM": null, "INFORM": null, "SCAMIN": 8000 }, "geometry": { "type": "Point", "coordinates": [ 28.639063, 44.099772 ] } },
{ "type": "Feature", "properties": { "wtwdis": 0.1, "catdis": 1, "OBJNAM": null, "INFORM": null, "SCAMIN": 8000 }, "geometry": { "type": "Point", "coordinates": [ 28.640317, 44.099731 ] } },
{ "type": "Feature", "properties": { "wtwdis": 1.3, "catdis": 1, "OBJNAM": null, "INFORM": null, "SCAMIN": 8000 }, "geometry": { "type": "Point", "coordinates": [ 28.625328, 44.100002 ] } },
{ "type": "Feature", "properties": { "wtwdis": 1.4, "catdis": 1, "OBJNAM": null, "INFORM": null, "SCAMIN": 8000 }, "geometry": { "type": "Point", "coordinates": [ 28.624064, 44.10003 ] } },
{ "type": "Feature", "properties": { "wtwdis": 1.5, "catdis": 1, "OBJNAM": null, "INFORM": null, "SCAMIN": 8000 }, "geometry": { "type": "Point", "coordinates": [ 28.622791, 44.100058 ] } },
{ "type": "Feature", "properties": { "wtwdis": 1.6, "catdis": 1, "OBJNAM": null, "INFORM": null, "SCAMIN": 8000 }, "geometry": { "type": "Point", "coordinates": [ 28.621538, 44.1001 ] } },
{ "type": "Feature", "properties": { "wtwdis": 1.7, "catdis": 1, "OBJNAM": null, "INFORM": null, "SCAMIN": 8000 }, "geometry": { "type": "Point", "coordinates": [ 28.620282, 44.100141 ] } },
{ "type": "Feature", "properties": { "wtwdis": 1.8, "catdis": 1, "OBJNAM": null, "INFORM": null, "SCAMIN": 8000 }, "geometry": { "type": "Point", "coordinates": [ 28.619033, 44.100183 ] } },
{ "type": "Feature", "properties": { "wtwdis": 1.9, "catdis": 1, "OBJNAM": null, "INFORM": null, "SCAMIN": 8000 }, "geometry": { "type": "Point", "coordinates": [ 28.617777, 44.100224 ] } },
{ "type": "Feature", "properties": { "wtwdis": 12.0, "catdis": 3, "OBJNAM": null, "INFORM": null, "SCAMIN": 22000 }, "geometry": { "type": "Point", "coordinates": [ 28.491663, 44.100017 ] } },
{ "type": "Feature", "properties": { "wtwdis": 12.0, "catdis": 3, "OBJNAM": null, "INFORM": null, "SCAMIN": 22000 }, "geometry": { "type": "Point", "coordinates": [ 28.491716, 44.098977 ] } },
{ "type": "Feature", "properties": { "wtwdis": 13.0, "catdis": 3, "OBJNAM": null, "INFORM": null, "SCAMIN": 22000 }, "geometry": { "type": "Point", "coordinates": [ 28.479209, 44.10032 ] } },
{ "type": "Feature", "properties": { "wtwdis": 13.0, "catdis": 3, "OBJNAM": null, "INFORM": null, "SCAMIN": 22000 }, "geometry": { "type": "Point", "coordinates": [ 28.479139, 44.099129 ] } },
{ "type": "Feature", "properties": { "wtwdis": 14.0, "catdis": 3, "OBJNAM": null, "INFORM": null, "SCAMIN": 22000 }, "geometry": { "type": "Point", "coordinates": [ 28.467393, 44.103162 ] } },
{ "type": "Feature", "properties": { "wtwdis": 14.0, "catdis": 3, "OBJNAM": null, "INFORM": null, "SCAMIN": 22000 }, "geometry": { "type": "Point", "coordinates": [ 28.466935, 44.101967 ] } },
{ "type": "Feature", "properties": { "wtwdis": 15.0, "catdis": 3, "OBJNAM": null, "INFORM": null, "SCAMIN": 22000 }, "geometry": { "type": "Point", "coordinates": [ 28.456745, 44.10787 ] } },
{ "type": "Feature", "properties": { "wtwdis": 15.0, "catdis": 3, "OBJNAM": null, "INFORM": null, "SCAMIN": 22000 }, "geometry": { "type": "Point", "coordinates": [ 28.456082, 44.106775 ] } },
{ "type": "Feature", "properties": { "wtwdis": 16.0, "catdis": 3, "OBJNAM": null, "INFORM": null, "SCAMIN": 22000 }, "geometry": { "type": "Point", "coordinates": [ 28.447958, 44.114255 ] } },
{ "type": "Feature", "properties": { "wtwdis": 16.0, "catdis": 3, "OBJNAM": null, "INFORM": null, "SCAMIN": 22000 }, "geometry": { "type": "Point", "coordinates": [ 28.446837, 44.113322 ] } },
{ "type": "Feature", "properties": { "wtwdis": 17.0, "catdis": 3, "OBJNAM": null, "INFORM": null, "SCAMIN": 22000 }, "geometry": { "type": "Point", "coordinates": [ 28.441108, 44.122038 ] } },
{ "type": "Feature", "properties": { "wtwdis": 17.0, "catdis": 3, "OBJNAM": null, "INFORM": null, "SCAMIN": 22000 }, "geometry": { "type": "Point", "coordinates": [ 28.442663, 44.122385 ] } },
{ "type": "Feature", "properties": { "wtwdis": 18.0, "catdis": 3, "OBJNAM": null, "INFORM": null, "SCAMIN": 22000 }, "geometry": { "type": "Point", "coordinates": [ 28.439217, 44.131152 ] } },
{ "type": "Feature", "properties": { "wtwdis": 18.0, "catdis": 3, "OBJNAM": null, "INFORM": null, "SCAMIN": 22000 }, "geometry": { "type": "Point", "coordinates": [ 28.440818, 44.131284 ] } },
{ "type": "Feature", "properties": { "wtwdis": 10.0, "catdis": 3, "OBJNAM": null, "INFORM": null, "SCAMIN": 22000 }, "geometry": { "type": "Point", "coordinates": [ 28.516706, 44.099457 ] } },
{ "type": "Feature", "properties": { "wtwdis": 10.0, "catdis": 3, "OBJNAM": null, "INFORM": null, "SCAMIN": 22000 }, "geometry": { "type": "Point", "coordinates": [ 28.516665, 44.100356 ] } },
{ "type": "Feature", "properties": { "wtwdis": 11.0, "catdis": 3, "OBJNAM": null, "INFORM": null, "SCAMIN": 22000 }, "geometry": { "type": "Point", "coordinates": [ 28.504242, 44.100118 ] } },
{ "type": "Feature", "properties": { "wtwdis": 11.0, "catdis": 3, "OBJNAM": null, "INFORM": null, "SCAMIN": 22000 }, "geometry": { "type": "Point", "coordinates": [ 28.50425, 44.099211 ] } },
{ "type": "Feature", "properties": { "wtwdis": 10.0, "catdis": 1, "OBJNAM": null, "INFORM": null, "SCAMIN": 8000 }, "geometry": { "type": "Point", "coordinates": [ 28.516687, 44.099908 ] } },
{ "type": "Feature", "properties": { "wtwdis": 11.0, "catdis": 1, "OBJNAM": null, "INFORM": null, "SCAMIN": 8000 }, "geometry": { "type": "Point", "coordinates": [ 28.50425, 44.099689 ] } },
{ "type": "Feature", "properties": { "wtwdis": 12.0, "catdis": 1, "OBJNAM": null, "INFORM": null, "SCAMIN": 8000 }, "geometry": { "type": "Point", "coordinates": [ 28.491691, 44.09947 ] } },
{ "type": "Feature", "properties": { "wtwdis": 13.0, "catdis": 1, "OBJNAM": null, "INFORM": null, "SCAMIN": 8000 }, "geometry": { "type": "Point", "coordinates": [ 28.479174, 44.099714 ] } },
{ "type": "Feature", "properties": { "wtwdis": 14.0, "catdis": 1, "OBJNAM": null, "INFORM": null, "SCAMIN": 8000 }, "geometry": { "type": "Point", "coordinates": [ 28.467161, 44.10256 ] } },
{ "type": "Feature", "properties": { "wtwdis": 15.0, "catdis": 1, "OBJNAM": null, "INFORM": null, "SCAMIN": 8000 }, "geometry": { "type": "Point", "coordinates": [ 28.45641, 44.107317 ] } },
{ "type": "Feature", "properties": { "wtwdis": 16.0, "catdis": 1, "OBJNAM": null, "INFORM": null, "SCAMIN": 8000 }, "geometry": { "type": "Point", "coordinates": [ 28.447388, 44.113782 ] } },
{ "type": "Feature", "properties": { "wtwdis": 17.0, "catdis": 1, "OBJNAM": null, "INFORM": null, "SCAMIN": 8000 }, "geometry": { "type": "Point", "coordinates": [ 28.441873, 44.122209 ] } },
{ "type": "Feature", "properties": { "wtwdis": 18.0, "catdis": 1, "OBJNAM": null, "INFORM": null, "SCAMIN": 8000 }, "geometry": { "type": "Point", "coordinates": [ 28.440022, 44.131218 ] } },
{ "type": "Feature", "properties": { "wtwdis": 18.8, "catdis": 1, "OBJNAM": null, "INFORM": null, "SCAMIN": 8000 }, "geometry": { "type": "Point", "coordinates": [ 28.43886, 44.138109 ] } },
{ "type": "Feature", "properties": { "wtwdis": 18.7, "catdis": 1, "OBJNAM": null, "INFORM": null, "SCAMIN": 8000 }, "geometry": { "type": "Point", "coordinates": [ 28.439016, 44.137249 ] } },
{ "type": "Feature", "properties": { "wtwdis": 18.6, "catdis": 1, "OBJNAM": null, "INFORM": null, "SCAMIN": 8000 }, "geometry": { "type": "Point", "coordinates": [ 28.439165, 44.136388 ] } },
{ "type": "Feature", "properties": { "wtwdis": 18.5, "catdis": 1, "OBJNAM": null, "INFORM": null, "SCAMIN": 8000 }, "geometry": { "type": "Point", "coordinates": [ 28.439308, 44.135526 ] } },
{ "type": "Feature", "properties": { "wtwdis": 18.4, "catdis": 1, "OBJNAM": null, "INFORM": null, "SCAMIN": 8000 }, "geometry": { "type": "Point", "coordinates": [ 28.439439, 44.134664 ] } },
{ "type": "Feature", "properties": { "wtwdis": 18.3, "catdis": 1, "OBJNAM": null, "INFORM": null, "SCAMIN": 8000 }, "geometry": { "type": "Point", "coordinates": [ 28.43957, 44.133801 ] } },
{ "type": "Feature", "properties": { "wtwdis": 18.2, "catdis": 1, "OBJNAM": null, "INFORM": null, "SCAMIN": 8000 }, "geometry": { "type": "Point", "coordinates": [ 28.439716, 44.13294 ] } },
{ "type": "Feature", "properties": { "wtwdis": 18.1, "catdis": 1, "OBJNAM": null, "INFORM": null, "SCAMIN": 8000 }, "geometry": { "type": "Point", "coordinates": [ 28.439867, 44.132079 ] } },
{ "type": "Feature", "properties": { "wtwdis": 17.1, "catdis": 1, "OBJNAM": null, "INFORM": null, "SCAMIN": 8000 }, "geometry": { "type": "Point", "coordinates": [ 28.441563, 44.123094 ] } },
{ "type": "Feature", "properties": { "wtwdis": 17.2, "catdis": 1, "OBJNAM": null, "INFORM": null, "SCAMIN": 8000 }, "geometry": { "type": "Point", "coordinates": [ 28.441303, 44.123986 ] } },
{ "type": "Feature", "properties": { "wtwdis": 17.3, "catdis": 1, "OBJNAM": null, "INFORM": null, "SCAMIN": 8000 }, "geometry": { "type": "Point", "coordinates": [ 28.441067, 44.124882 ] } },
{ "type": "Feature", "properties": { "wtwdis": 17.4, "catdis": 1, "OBJNAM": null, "INFORM": null, "SCAMIN": 8000 }, "geometry": { "type": "Point", "coordinates": [ 28.440843, 44.125779 ] } },
{ "type": "Feature", "properties": { "wtwdis": 17.5, "catdis": 1, "OBJNAM": null, "INFORM": null, "SCAMIN": 8000 }, "geometry": { "type": "Point", "coordinates": [ 28.440742, 44.126688 ] } },
{ "type": "Feature", "properties": { "wtwdis": 17.6, "catdis": 1, "OBJNAM": null, "INFORM": null, "SCAMIN": 8000 }, "geometry": { "type": "Point", "coordinates": [ 28.440628, 44.127597 ] } },
{ "type": "Feature", "properties": { "wtwdis": 17.7, "catdis": 1, "OBJNAM": null, "INFORM": null, "SCAMIN": 8000 }, "geometry": { "type": "Point", "coordinates": [ 28.440504, 44.128504 ] } },
{ "type": "Feature", "properties": { "wtwdis": 17.8, "catdis": 1, "OBJNAM": null, "INFORM": null, "SCAMIN": 8000 }, "geometry": { "type": "Point", "coordinates": [ 28.440344, 44.129409 ] } },
{ "type": "Feature", "properties": { "wtwdis": 17.9, "catdis": 1, "OBJNAM": null, "INFORM": null, "SCAMIN": 8000 }, "geometry": { "type": "Point", "coordinates": [ 28.440183, 44.130314 ] } },
{ "type": "Feature", "properties": { "wtwdis": 16.1, "catdis": 1, "OBJNAM": null, "INFORM": null, "SCAMIN": 8000 }, "geometry": { "type": "Point", "coordinates": [ 28.44668, 44.114567 ] } },
{ "type": "Feature", "properties": { "wtwdis": 16.2, "catdis": 1, "OBJNAM": null, "INFORM": null, "SCAMIN": 8000 }, "geometry": { "type": "Point", "coordinates": [ 28.445998, 44.115364 ] } },
{ "type": "Feature", "properties": { "wtwdis": 16.3, "catdis": 1, "OBJNAM": null, "INFORM": null, "SCAMIN": 8000 }, "geometry": { "type": "Point", "coordinates": [ 28.445359, 44.116179 ] } },
{ "type": "Feature", "properties": { "wtwdis": 16.4, "catdis": 1, "OBJNAM": null, "INFORM": null, "SCAMIN": 8000 }, "geometry": { "type": "Point", "coordinates": [ 28.444723, 44.116996 ] } },
{ "type": "Feature", "properties": { "wtwdis": 16.5, "catdis": 1, "OBJNAM": null, "INFORM": null, "SCAMIN": 8000 }, "geometry": { "type": "Point", "coordinates": [ 28.444127, 44.117827 ] } },
{ "type": "Feature", "properties": { "wtwdis": 16.6, "catdis": 1, "OBJNAM": null, "INFORM": null, "SCAMIN": 8000 }, "geometry": { "type": "Point", "coordinates": [ 28.443597, 44.118682 ] } },
{ "type": "Feature", "properties": { "wtwdis": 16.7, "catdis": 1, "OBJNAM": null, "INFORM": null, "SCAMIN": 8000 }, "geometry": { "type": "Point", "coordinates": [ 28.443066, 44.119537 ] } },
{ "type": "Feature", "properties": { "wtwdis": 16.8, "catdis": 1, "OBJNAM": null, "INFORM": null, "SCAMIN": 8000 }, "geometry": { "type": "Point", "coordinates": [ 28.442629, 44.120419 ] } },
{ "type": "Feature", "properties": { "wtwdis": 16.9, "catdis": 1, "OBJNAM": null, "INFORM": null, "SCAMIN": 8000 }, "geometry": { "type": "Point", "coordinates": [ 28.442208, 44.121305 ] } },
{ "type": "Feature", "properties": { "wtwdis": 14.1, "catdis": 1, "OBJNAM": null, "INFORM": null, "SCAMIN": 8000 }, "geometry": { "type": "Point", "coordinates": [ 28.466059, 44.103003 ] } },
{ "type": "Feature", "properties": { "wtwdis": 14.2, "catdis": 1, "OBJNAM": null, "INFORM": null, "SCAMIN": 8000 }, "geometry": { "type": "Point", "coordinates": [ 28.464964, 44.103454 ] } },
{ "type": "Feature", "properties": { "wtwdis": 14.3, "catdis": 1, "OBJNAM": null, "INFORM": null, "SCAMIN": 8000 }, "geometry": { "type": "Point", "coordinates": [ 28.463897, 44.10394 ] } },
{ "type": "Feature", "properties": { "wtwdis": 14.4, "catdis": 1, "OBJNAM": null, "INFORM": null, "SCAMIN": 8000 }, "geometry": { "type": "Point", "coordinates": [ 28.462826, 44.10442 ] } },
{ "type": "Feature", "properties": { "wtwdis": 14.5, "catdis": 1, "OBJNAM": null, "INFORM": null, "SCAMIN": 8000 }, "geometry": { "type": "Point", "coordinates": [ 28.461749, 44.104895 ] } },
{ "type": "Feature", "properties": { "wtwdis": 14.6, "catdis": 1, "OBJNAM": null, "INFORM": null, "SCAMIN": 8000 }, "geometry": { "type": "Point", "coordinates": [ 28.460673, 44.10537 ] } },
{ "type": "Feature", "properties": { "wtwdis": 14.7, "catdis": 1, "OBJNAM": null, "INFORM": null, "SCAMIN": 8000 }, "geometry": { "type": "Point", "coordinates": [ 28.459597, 44.105845 ] } },
{ "type": "Feature", "properties": { "wtwdis": 14.8, "catdis": 1, "OBJNAM": null, "INFORM": null, "SCAMIN": 8000 }, "geometry": { "type": "Point", "coordinates": [ 28.458522, 44.10632 ] } },
{ "type": "Feature", "properties": { "wtwdis": 14.9, "catdis": 1, "OBJNAM": null, "INFORM": null, "SCAMIN": 8000 }, "geometry": { "type": "Point", "coordinates": [ 28.457466, 44.106819 ] } },
{ "type": "Feature", "properties": { "wtwdis": 13.1, "catdis": 1, "OBJNAM": null, "INFORM": null, "SCAMIN": 8000 }, "geometry": { "type": "Point", "coordinates": [ 28.477924, 44.099879 ] } },
{ "type": "Feature", "properties": { "wtwdis": 13.2, "catdis": 1, "OBJNAM": null, "INFORM": null, "SCAMIN": 8000 }, "geometry": { "type": "Point", "coordinates": [ 28.476677, 44.100055 ] } },
{ "type": "Feature", "properties": { "wtwdis": 13.3, "catdis": 1, "OBJNAM": null, "INFORM": null, "SCAMIN": 8000 }, "geometry": { "type": "Point", "coordinates": [ 28.475439, 44.100259 ] } },
{ "type": "Feature", "properties": { "wtwdis": 13.4, "catdis": 1, "OBJNAM": null, "INFORM": null, "SCAMIN": 8000 }, "geometry": { "type": "Point", "coordinates": [ 28.474212, 44.100493 ] } },
{ "type": "Feature", "properties": { "wtwdis": 13.5, "catdis": 1, "OBJNAM": null, "INFORM": null, "SCAMIN": 8000 }, "geometry": { "type": "Point", "coordinates": [ 28.473004, 44.100778 ] } },
{ "type": "Feature", "properties": { "wtwdis": 13.6, "catdis": 1, "OBJNAM": null, "INFORM": null, "SCAMIN": 8000 }, "geometry": { "type": "Point", "coordinates": [ 28.471806, 44.101083 ] } },
{ "type": "Feature", "properties": { "wtwdis": 13.7, "catdis": 1, "OBJNAM": null, "INFORM": null, "SCAMIN": 8000 }, "geometry": { "type": "Point", "coordinates": [ 28.47062, 44.101411 ] } },
{ "type": "Feature", "properties": { "wtwdis": 13.8, "catdis": 1, "OBJNAM": null, "INFORM": null, "SCAMIN": 8000 }, "geometry": { "type": "Point", "coordinates": [ 28.469445, 44.101759 ] } },
{ "type": "Feature", "properties": { "wtwdis": 13.9, "catdis": 1, "OBJNAM": null, "INFORM": null, "SCAMIN": 8000 }, "geometry": { "type": "Point", "coordinates": [ 28.468293, 44.102145 ] } },
{ "type": "Feature", "properties": { "wtwdis": 12.1, "catdis": 1, "OBJNAM": null, "INFORM": null, "SCAMIN": 8000 }, "geometry": { "type": "Point", "coordinates": [ 28.490436, 44.099467 ] } },
{ "type": "Feature", "properties": { "wtwdis": 12.2, "catdis": 1, "OBJNAM": null, "INFORM": null, "SCAMIN": 8000 }, "geometry": { "type": "Point", "coordinates": [ 28.489182, 44.099464 ] } },
{ "type": "Feature", "properties": { "wtwdis": 12.3, "catdis": 1, "OBJNAM": null, "INFORM": null, "SCAMIN": 8000 }, "geometry": { "type": "Point", "coordinates": [ 28.487928, 44.099462 ] } },
{ "type": "Feature", "properties": { "wtwdis": 12.4, "catdis": 1, "OBJNAM": null, "INFORM": null, "SCAMIN": 8000 }, "geometry": { "type": "Point", "coordinates": [ 28.486673, 44.09945 ] } },
{ "type": "Feature", "properties": { "wtwdis": 12.5, "catdis": 1, "OBJNAM": null, "INFORM": null, "SCAMIN": 8000 }, "geometry": { "type": "Point", "coordinates": [ 28.485419, 44.099432 ] } },
{ "type": "Feature", "properties": { "wtwdis": 12.6, "catdis": 1, "OBJNAM": null, "INFORM": null, "SCAMIN": 8000 }, "geometry": { "type": "Point", "coordinates": [ 28.484166, 44.099407 ] } },
{ "type": "Feature", "properties": { "wtwdis": 12.7, "catdis": 1, "OBJNAM": null, "INFORM": null, "SCAMIN": 8000 }, "geometry": { "type": "Point", "coordinates": [ 28.482912, 44.099429 ] } },
{ "type": "Feature", "properties": { "wtwdis": 12.8, "catdis": 1, "OBJNAM": null, "INFORM": null, "SCAMIN": 8000 }, "geometry": { "type": "Point", "coordinates": [ 28.481659, 44.09947 ] } },
{ "type": "Feature", "properties": { "wtwdis": 12.9, "catdis": 1, "OBJNAM": null, "INFORM": null, "SCAMIN": 8000 }, "geometry": { "type": "Point", "coordinates": [ 28.480413, 44.099575 ] } },
{ "type": "Feature", "properties": { "wtwdis": 11.1, "catdis": 1, "OBJNAM": null, "INFORM": null, "SCAMIN": 8000 }, "geometry": { "type": "Point", "coordinates": [ 28.502994, 44.09966 ] } },
{ "type": "Feature", "properties": { "wtwdis": 11.2, "catdis": 1, "OBJNAM": null, "INFORM": null, "SCAMIN": 8000 }, "geometry": { "type": "Point", "coordinates": [ 28.501738, 44.09963 ] } },
{ "type": "Feature", "properties": { "wtwdis": 11.3, "catdis": 1, "OBJNAM": null, "INFORM": null, "SCAMIN": 8000 }, "geometry": { "type": "Point", "coordinates": [ 28.500483, 44.0996 ] } },
{ "type": "Feature", "properties": { "wtwdis": 11.4, "catdis": 1, "OBJNAM": null, "INFORM": null, "SCAMIN": 8000 }, "geometry": { "type": "Point", "coordinates": [ 28.499227, 44.09957 ] } },
{ "type": "Feature", "properties": { "wtwdis": 11.5, "catdis": 1, "OBJNAM": null, "INFORM": null, "SCAMIN": 8000 }, "geometry": { "type": "Point", "coordinates": [ 28.497971, 44.099547 ] } },
{ "type": "Feature", "properties": { "wtwdis": 11.6, "catdis": 1, "OBJNAM": null, "INFORM": null, "SCAMIN": 8000 }, "geometry": { "type": "Point", "coordinates": [ 28.496715, 44.099526 ] } },
{ "type": "Feature", "properties": { "wtwdis": 11.7, "catdis": 1, "OBJNAM": null, "INFORM": null, "SCAMIN": 8000 }, "geometry": { "type": "Point", "coordinates": [ 28.495459, 44.099512 ] } },
{ "type": "Feature", "properties": { "wtwdis": 11.8, "catdis": 1, "OBJNAM": null, "INFORM": null, "SCAMIN": 8000 }, "geometry": { "type": "Point", "coordinates": [ 28.494203, 44.099498 ] } },
{ "type": "Feature", "properties": { "wtwdis": 11.9, "catdis": 1, "OBJNAM": null, "INFORM": null, "SCAMIN": 8000 }, "geometry": { "type": "Point", "coordinates": [ 28.492947, 44.099484 ] } },
{ "type": "Feature", "properties": { "wtwdis": 10.1, "catdis": 1, "OBJNAM": null, "INFORM": null, "SCAMIN": 8000 }, "geometry": { "type": "Point", "coordinates": [ 28.515443, 44.099883 ] } },
{ "type": "Feature", "properties": { "wtwdis": 10.2, "catdis": 1, "OBJNAM": null, "INFORM": null, "SCAMIN": 8000 }, "geometry": { "type": "Point", "coordinates": [ 28.5142, 44.099859 ] } },
{ "type": "Feature", "properties": { "wtwdis": 10.3, "catdis": 1, "OBJNAM": null, "INFORM": null, "SCAMIN": 8000 }, "geometry": { "type": "Point", "coordinates": [ 28.512956, 44.099835 ] } },
{ "type": "Feature", "properties": { "wtwdis": 10.4, "catdis": 1, "OBJNAM": null, "INFORM": null, "SCAMIN": 8000 }, "geometry": { "type": "Point", "coordinates": [ 28.511712, 44.099811 ] } },
{ "type": "Feature", "properties": { "wtwdis": 10.5, "catdis": 1, "OBJNAM": null, "INFORM": null, "SCAMIN": 8000 }, "geometry": { "type": "Point", "coordinates": [ 28.510468, 44.099786 ] } },
{ "type": "Feature", "properties": { "wtwdis": 10.6, "catdis": 1, "OBJNAM": null, "INFORM": null, "SCAMIN": 8000 }, "geometry": { "type": "Point", "coordinates": [ 28.509225, 44.099761 ] } },
{ "type": "Feature", "properties": { "wtwdis": 10.7, "catdis": 1, "OBJNAM": null, "INFORM": null, "SCAMIN": 8000 }, "geometry": { "type": "Point", "coordinates": [ 28.507981, 44.099737 ] } },
{ "type": "Feature", "properties": { "wtwdis": 10.8, "catdis": 1, "OBJNAM": null, "INFORM": null, "SCAMIN": 8000 }, "geometry": { "type": "Point", "coordinates": [ 28.506737, 44.099717 ] } },
{ "type": "Feature", "properties": { "wtwdis": 10.9, "catdis": 1, "OBJNAM": null, "INFORM": null, "SCAMIN": 8000 }, "geometry": { "type": "Point", "coordinates": [ 28.505493, 44.099701 ] } },
{ "type": "Feature", "properties": { "wtwdis": 9.7, "catdis": 1, "OBJNAM": null, "INFORM": null, "SCAMIN": 8000 }, "geometry": { "type": "Point", "coordinates": [ 28.520436, 44.099978 ] } },
{ "type": "Feature", "properties": { "wtwdis": 9.8, "catdis": 1, "OBJNAM": null, "INFORM": null, "SCAMIN": 8000 }, "geometry": { "type": "Point", "coordinates": [ 28.519186, 44.099954 ] } },
{ "type": "Feature", "properties": { "wtwdis": 9.9, "catdis": 1, "OBJNAM": null, "INFORM": null, "SCAMIN": 8000 }, "geometry": { "type": "Point", "coordinates": [ 28.517937, 44.09993 ] } },
{ "type": "Feature", "properties": { "wtwdis": 8.2, "catdis": 1, "OBJNAM": null, "INFORM": null, "SCAMIN": 8000 }, "geometry": { "type": "Point", "coordinates": [ 28.538892, 44.100316 ] } },
{ "type": "Feature", "properties": { "wtwdis": 15.1, "catdis": 1, "OBJNAM": null, "INFORM": null, "SCAMIN": 8000 }, "geometry": { "type": "Point", "coordinates": [ 28.455393, 44.107875 ] } },
{ "type": "Feature", "properties": { "wtwdis": 15.2, "catdis": 1, "OBJNAM": null, "INFORM": null, "SCAMIN": 8000 }, "geometry": { "type": "Point", "coordinates": [ 28.45438, 44.108437 ] } },
{ "type": "Feature", "properties": { "wtwdis": 15.3, "catdis": 1, "OBJNAM": null, "INFORM": null, "SCAMIN": 8000 }, "geometry": { "type": "Point", "coordinates": [ 28.453407, 44.109034 ] } },
{ "type": "Feature", "properties": { "wtwdis": 15.4, "catdis": 1, "OBJNAM": null, "INFORM": null, "SCAMIN": 8000 }, "geometry": { "type": "Point", "coordinates": [ 28.452441, 44.109637 ] } },
{ "type": "Feature", "properties": { "wtwdis": 15.5, "catdis": 1, "OBJNAM": null, "INFORM": null, "SCAMIN": 8000 }, "geometry": { "type": "Point", "coordinates": [ 28.451536, 44.110288 ] } },
{ "type": "Feature", "properties": { "wtwdis": 15.6, "catdis": 1, "OBJNAM": null, "INFORM": null, "SCAMIN": 8000 }, "geometry": { "type": "Point", "coordinates": [ 28.45065, 44.110951 ] } },
{ "type": "Feature", "properties": { "wtwdis": 15.7, "catdis": 1, "OBJNAM": null, "INFORM": null, "SCAMIN": 8000 }, "geometry": { "type": "Point", "coordinates": [ 28.449763, 44.111615 ] } },
{ "type": "Feature", "properties": { "wtwdis": 15.8, "catdis": 1, "OBJNAM": null, "INFORM": null, "SCAMIN": 8000 }, "geometry": { "type": "Point", "coordinates": [ 28.448937, 44.112318 ] } },
{ "type": "Feature", "properties": { "wtwdis": 15.9, "catdis": 1, "OBJNAM": null, "INFORM": null, "SCAMIN": 8000 }, "geometry": { "type": "Point", "coordinates": [ 28.448124, 44.113029 ] } },
{ "type": "Feature", "properties": { "wtwdis": 26.0, "catdis": 3, "OBJNAM": null, "INFORM": null, "SCAMIN": 22000 }, "geometry": { "type": "Point", "coordinates": [ 28.392537, 44.191385 ] } },
{ "type": "Feature", "properties": { "wtwdis": 25.0, "catdis": 3, "OBJNAM": null, "INFORM": null, "SCAMIN": 22000 }, "geometry": { "type": "Point", "coordinates": [ 28.394986, 44.18239 ] } },
{ "type": "Feature", "properties": { "wtwdis": 24.0, "catdis": 3, "OBJNAM": null, "INFORM": null, "SCAMIN": 22000 }, "geometry": { "type": "Point", "coordinates": [ 28.402145, 44.174235 ] } },
{ "type": "Feature", "properties": { "wtwdis": 24.0, "catdis": 3, "OBJNAM": null, "INFORM": null, "SCAMIN": 22000 }, "geometry": { "type": "Point", "coordinates": [ 28.403279, 44.175098 ] } },
{ "type": "Feature", "properties": { "wtwdis": 25.0, "catdis": 3, "OBJNAM": null, "INFORM": null, "SCAMIN": 22000 }, "geometry": { "type": "Point", "coordinates": [ 28.397398, 44.182972 ] } },
{ "type": "Feature", "properties": { "wtwdis": 26.0, "catdis": 3, "OBJNAM": null, "INFORM": null, "SCAMIN": 22000 }, "geometry": { "type": "Point", "coordinates": [ 28.394189, 44.191673 ] } },
{ "type": "Feature", "properties": { "wtwdis": 20.0, "catdis": 3, "OBJNAM": null, "INFORM": null, "SCAMIN": 22000 }, "geometry": { "type": "Point", "coordinates": [ 28.433253, 44.147285 ] } },
{ "type": "Feature", "properties": { "wtwdis": 20.0, "catdis": 3, "OBJNAM": null, "INFORM": null, "SCAMIN": 22000 }, "geometry": { "type": "Point", "coordinates": [ 28.434488, 44.148078 ] } },
{ "type": "Feature", "properties": { "wtwdis": 21.0, "catdis": 3, "OBJNAM": null, "INFORM": null, "SCAMIN": 22000 }, "geometry": { "type": "Point", "coordinates": [ 28.425998, 44.15411 ] } },
{ "type": "Feature", "properties": { "wtwdis": 21.0, "catdis": 3, "OBJNAM": null, "INFORM": null, "SCAMIN": 22000 }, "geometry": { "type": "Point", "coordinates": [ 28.42692, 44.154956 ] } },
{ "type": "Feature", "properties": { "wtwdis": 22.0, "catdis": 3, "OBJNAM": null, "INFORM": null, "SCAMIN": 22000 }, "geometry": { "type": "Point", "coordinates": [ 28.418246, 44.160874 ] } },
{ "type": "Feature", "properties": { "wtwdis": 22.0, "catdis": 3, "OBJNAM": null, "INFORM": null, "SCAMIN": 22000 }, "geometry": { "type": "Point", "coordinates": [ 28.419022, 44.161608 ] } },
{ "type": "Feature", "properties": { "wtwdis": 23.0, "catdis": 3, "OBJNAM": null, "INFORM": null, "SCAMIN": 22000 }, "geometry": { "type": "Point", "coordinates": [ 28.410299, 44.167534 ] } },
{ "type": "Feature", "properties": { "wtwdis": 23.0, "catdis": 3, "OBJNAM": null, "INFORM": null, "SCAMIN": 22000 }, "geometry": { "type": "Point", "coordinates": [ 28.411128, 44.168371 ] } },
{ "type": "Feature", "properties": { "wtwdis": 20.0, "catdis": 1, "OBJNAM": null, "INFORM": null, "SCAMIN": 8000 }, "geometry": { "type": "Point", "coordinates": [ 28.43388, 44.147687 ] } },
{ "type": "Feature", "properties": { "wtwdis": 21.0, "catdis": 1, "OBJNAM": null, "INFORM": null, "SCAMIN": 8000 }, "geometry": { "type": "Point", "coordinates": [ 28.426446, 44.154521 ] } },
{ "type": "Feature", "properties": { "wtwdis": 22.0, "catdis": 1, "OBJNAM": null, "INFORM": null, "SCAMIN": 8000 }, "geometry": { "type": "Point", "coordinates": [ 28.418636, 44.161242 ] } },
{ "type": "Feature", "properties": { "wtwdis": 23.0, "catdis": 1, "OBJNAM": null, "INFORM": null, "SCAMIN": 8000 }, "geometry": { "type": "Point", "coordinates": [ 28.410691, 44.167924 ] } },
{ "type": "Feature", "properties": { "wtwdis": 24.0, "catdis": 1, "OBJNAM": null, "INFORM": null, "SCAMIN": 8000 }, "geometry": { "type": "Point", "coordinates": [ 28.402711, 44.174667 ] } },
{ "type": "Feature", "properties": { "wtwdis": 25.0, "catdis": 1, "OBJNAM": null, "INFORM": null, "SCAMIN": 8000 }, "geometry": { "type": "Point", "coordinates": [ 28.396309, 44.182714 ] } },
{ "type": "Feature", "properties": { "wtwdis": 26.0, "catdis": 1, "OBJNAM": null, "INFORM": null, "SCAMIN": 8000 }, "geometry": { "type": "Point", "coordinates": [ 28.393313, 44.19152 ] } },
{ "type": "Feature", "properties": { "wtwdis": 19.0, "catdis": 3, "OBJNAM": null, "INFORM": null, "SCAMIN": 22000 }, "geometry": { "type": "Point", "coordinates": [ 28.439149, 44.139953 ] } },
{ "type": "Feature", "properties": { "wtwdis": 26.1, "catdis": 1, "OBJNAM": null, "INFORM": null, "SCAMIN": 8000 }, "geometry": { "type": "Point", "coordinates": [ 28.393041, 44.192397 ] } },
{ "type": "Feature", "properties": { "wtwdis": 25.9, "catdis": 1, "OBJNAM": null, "INFORM": null, "SCAMIN": 8000 }, "geometry": { "type": "Point", "coordinates": [ 28.393584, 44.190635 ] } },
{ "type": "Feature", "properties": { "wtwdis": 25.8, "catdis": 1, "OBJNAM": null, "INFORM": null, "SCAMIN": 8000 }, "geometry": { "type": "Point", "coordinates": [ 28.393858, 44.189749 ] } },
{ "type": "Feature", "properties": { "wtwdis": 25.7, "catdis": 1, "OBJNAM": null, "INFORM": null, "SCAMIN": 8000 }, "geometry": { "type": "Point", "coordinates": [ 28.39415, 44.188867 ] } },
{ "type": "Feature", "properties": { "wtwdis": 25.6, "catdis": 1, "OBJNAM": null, "INFORM": null, "SCAMIN": 8000 }, "geometry": { "type": "Point", "coordinates": [ 28.394441, 44.187984 ] } },
{ "type": "Feature", "properties": { "wtwdis": 25.5, "catdis": 1, "OBJNAM": null, "INFORM": null, "SCAMIN": 8000 }, "geometry": { "type": "Point", "coordinates": [ 28.394732, 44.187102 ] } },
{ "type": "Feature", "properties": { "wtwdis": 25.4, "catdis": 1, "OBJNAM": null, "INFORM": null, "SCAMIN": 8000 }, "geometry": { "type": "Point", "coordinates": [ 28.395023, 44.186219 ] } },
{ "type": "Feature", "properties": { "wtwdis": 25.3, "catdis": 1, "OBJNAM": null, "INFORM": null, "SCAMIN": 8000 }, "geometry": { "type": "Point", "coordinates": [ 28.395319, 44.185337 ] } },
{ "type": "Feature", "properties": { "wtwdis": 25.2, "catdis": 1, "OBJNAM": null, "INFORM": null, "SCAMIN": 8000 }, "geometry": { "type": "Point", "coordinates": [ 28.395615, 44.184456 ] } },
{ "type": "Feature", "properties": { "wtwdis": 25.1, "catdis": 1, "OBJNAM": null, "INFORM": null, "SCAMIN": 8000 }, "geometry": { "type": "Point", "coordinates": [ 28.395912, 44.183574 ] } },
{ "type": "Feature", "properties": { "wtwdis": 24.9, "catdis": 1, "OBJNAM": null, "INFORM": null, "SCAMIN": 8000 }, "geometry": { "type": "Point", "coordinates": [ 28.396801, 44.181853 ] } },
{ "type": "Feature", "properties": { "wtwdis": 24.8, "catdis": 1, "OBJNAM": null, "INFORM": null, "SCAMIN": 8000 }, "geometry": { "type": "Point", "coordinates": [ 28.397349, 44.181009 ] } },
{ "type": "Feature", "properties": { "wtwdis": 24.7, "catdis": 1, "OBJNAM": null, "INFORM": null, "SCAMIN": 8000 }, "geometry": { "type": "Point", "coordinates": [ 28.397891, 44.180163 ] } },
{ "type": "Feature", "properties": { "wtwdis": 24.6, "catdis": 1, "OBJNAM": null, "INFORM": null, "SCAMIN": 8000 }, "geometry": { "type": "Point", "coordinates": [ 28.398454, 44.179325 ] } },
{ "type": "Feature", "properties": { "wtwdis": 24.5, "catdis": 1, "OBJNAM": null, "INFORM": null, "SCAMIN": 8000 }, "geometry": { "type": "Point", "coordinates": [ 28.39907, 44.178506 ] } },
{ "type": "Feature", "properties": { "wtwdis": 24.4, "catdis": 1, "OBJNAM": null, "INFORM": null, "SCAMIN": 8000 }, "geometry": { "type": "Point", "coordinates": [ 28.399716, 44.1777 ] } },
{ "type": "Feature", "properties": { "wtwdis": 24.3, "catdis": 1, "OBJNAM": null, "INFORM": null, "SCAMIN": 8000 }, "geometry": { "type": "Point", "coordinates": [ 28.400391, 44.176905 ] } },
{ "type": "Feature", "properties": { "wtwdis": 24.2, "catdis": 1, "OBJNAM": null, "INFORM": null, "SCAMIN": 8000 }, "geometry": { "type": "Point", "coordinates": [ 28.401126, 44.176138 ] } },
{ "type": "Feature", "properties": { "wtwdis": 24.1, "catdis": 1, "OBJNAM": null, "INFORM": null, "SCAMIN": 8000 }, "geometry": { "type": "Point", "coordinates": [ 28.4019, 44.175392 ] } },
{ "type": "Feature", "properties": { "wtwdis": 23.9, "catdis": 1, "OBJNAM": null, "INFORM": null, "SCAMIN": 8000 }, "geometry": { "type": "Point", "coordinates": [ 28.40349, 44.173981 ] } },
{ "type": "Feature", "properties": { "wtwdis": 23.8, "catdis": 1, "OBJNAM": null, "INFORM": null, "SCAMIN": 8000 }, "geometry": { "type": "Point", "coordinates": [ 28.404292, 44.173309 ] } },
{ "type": "Feature", "properties": { "wtwdis": 23.7, "catdis": 1, "OBJNAM": null, "INFORM": null, "SCAMIN": 8000 }, "geometry": { "type": "Point", "coordinates": [ 28.405093, 44.172637 ] } },
{ "type": "Feature", "properties": { "wtwdis": 23.6, "catdis": 1, "OBJNAM": null, "INFORM": null, "SCAMIN": 8000 }, "geometry": { "type": "Point", "coordinates": [ 28.405896, 44.171966 ] } },
{ "type": "Feature", "properties": { "wtwdis": 23.5, "catdis": 1, "OBJNAM": null, "INFORM": null, "SCAMIN": 8000 }, "geometry": { "type": "Point", "coordinates": [ 28.4067, 44.171295 ] } },
{ "type": "Feature", "properties": { "wtwdis": 23.4, "catdis": 1, "OBJNAM": null, "INFORM": null, "SCAMIN": 8000 }, "geometry": { "type": "Point", "coordinates": [ 28.407502, 44.170623 ] } },
{ "type": "Feature", "properties": { "wtwdis": 23.3, "catdis": 1, "OBJNAM": null, "INFORM": null, "SCAMIN": 8000 }, "geometry": { "type": "Point", "coordinates": [ 28.408297, 44.169948 ] } },
{ "type": "Feature", "properties": { "wtwdis": 23.2, "catdis": 1, "OBJNAM": null, "INFORM": null, "SCAMIN": 8000 }, "geometry": { "type": "Point", "coordinates": [ 28.409093, 44.169272 ] } },
{ "type": "Feature", "properties": { "wtwdis": 23.1, "catdis": 1, "OBJNAM": null, "INFORM": null, "SCAMIN": 8000 }, "geometry": { "type": "Point", "coordinates": [ 28.409891, 44.168598 ] } },
{ "type": "Feature", "properties": { "wtwdis": 22.9, "catdis": 1, "OBJNAM": null, "INFORM": null, "SCAMIN": 8000 }, "geometry": { "type": "Point", "coordinates": [ 28.411481, 44.167254 ] } },
{ "type": "Feature", "properties": { "wtwdis": 22.8, "catdis": 1, "OBJNAM": null, "INFORM": null, "SCAMIN": 8000 }, "geometry": { "type": "Point", "coordinates": [ 28.412272, 44.166583 ] } },
{ "type": "Feature", "properties": { "wtwdis": 22.7, "catdis": 1, "OBJNAM": null, "INFORM": null, "SCAMIN": 8000 }, "geometry": { "type": "Point", "coordinates": [ 28.413062, 44.165912 ] } },
{ "type": "Feature", "properties": { "wtwdis": 22.6, "catdis": 1, "OBJNAM": null, "INFORM": null, "SCAMIN": 8000 }, "geometry": { "type": "Point", "coordinates": [ 28.41386, 44.165246 ] } },
{ "type": "Feature", "properties": { "wtwdis": 22.5, "catdis": 1, "OBJNAM": null, "INFORM": null, "SCAMIN": 8000 }, "geometry": { "type": "Point", "coordinates": [ 28.414659, 44.16458 ] } },
{ "type": "Feature", "properties": { "wtwdis": 22.4, "catdis": 1, "OBJNAM": null, "INFORM": null, "SCAMIN": 8000 }, "geometry": { "type": "Point", "coordinates": [ 28.415461, 44.163917 ] } },
{ "type": "Feature", "properties": { "wtwdis": 22.3, "catdis": 1, "OBJNAM": null, "INFORM": null, "SCAMIN": 8000 }, "geometry": { "type": "Point", "coordinates": [ 28.416258, 44.16325 ] } },
{ "type": "Feature", "properties": { "wtwdis": 22.2, "catdis": 1, "OBJNAM": null, "INFORM": null, "SCAMIN": 8000 }, "geometry": { "type": "Point", "coordinates": [ 28.417049, 44.162579 ] } },
{ "type": "Feature", "properties": { "wtwdis": 22.1, "catdis": 1, "OBJNAM": null, "INFORM": null, "SCAMIN": 8000 }, "geometry": { "type": "Point", "coordinates": [ 28.417841, 44.161909 ] } },
{ "type": "Feature", "properties": { "wtwdis": 21.9, "catdis": 1, "OBJNAM": null, "INFORM": null, "SCAMIN": 8000 }, "geometry": { "type": "Point", "coordinates": [ 28.41943, 44.160577 ] } },
{ "type": "Feature", "properties": { "wtwdis": 21.8, "catdis": 1, "OBJNAM": null, "INFORM": null, "SCAMIN": 8000 }, "geometry": { "type": "Point", "coordinates": [ 28.420221, 44.159911 ] } },
{ "type": "Feature", "properties": { "wtwdis": 21.7, "catdis": 1, "OBJNAM": null, "INFORM": null, "SCAMIN": 8000 }, "geometry": { "type": "Point", "coordinates": [ 28.421013, 44.159246 ] } },
{ "type": "Feature", "properties": { "wtwdis": 21.6, "catdis": 1, "OBJNAM": null, "INFORM": null, "SCAMIN": 8000 }, "geometry": { "type": "Point", "coordinates": [ 28.421805, 44.15858 ] } },
{ "type": "Feature", "properties": { "wtwdis": 21.5, "catdis": 1, "OBJNAM": null, "INFORM": null, "SCAMIN": 8000 }, "geometry": { "type": "Point", "coordinates": [ 28.422589, 44.15791 ] } },
{ "type": "Feature", "properties": { "wtwdis": 21.4, "catdis": 1, "OBJNAM": null, "INFORM": null, "SCAMIN": 8000 }, "geometry": { "type": "Point", "coordinates": [ 28.423367, 44.157236 ] } },
{ "type": "Feature", "properties": { "wtwdis": 21.3, "catdis": 1, "OBJNAM": null, "INFORM": null, "SCAMIN": 8000 }, "geometry": { "type": "Point", "coordinates": [ 28.424145, 44.156562 ] } },
{ "type": "Feature", "properties": { "wtwdis": 21.2, "catdis": 1, "OBJNAM": null, "INFORM": null, "SCAMIN": 8000 }, "geometry": { "type": "Point", "coordinates": [ 28.424923, 44.155889 ] } },
{ "type": "Feature", "properties": { "wtwdis": 21.1, "catdis": 1, "OBJNAM": null, "INFORM": null, "SCAMIN": 8000 }, "geometry": { "type": "Point", "coordinates": [ 28.425693, 44.15521 ] } },
{ "type": "Feature", "properties": { "wtwdis": 19.9, "catdis": 1, "OBJNAM": null, "INFORM": null, "SCAMIN": 8000 }, "geometry": { "type": "Point", "coordinates": [ 28.434484, 44.146952 ] } },
{ "type": "Feature", "properties": { "wtwdis": 19.8, "catdis": 1, "OBJNAM": null, "INFORM": null, "SCAMIN": 8000 }, "geometry": { "type": "Point", "coordinates": [ 28.435023, 44.14619 ] } },
{ "type": "Feature", "properties": { "wtwdis": 19.7, "catdis": 1, "OBJNAM": null, "INFORM": null, "SCAMIN": 8000 }, "geometry": { "type": "Point", "coordinates": [ 28.435562, 44.145428 ] } },
{ "type": "Feature", "properties": { "wtwdis": 19.6, "catdis": 1, "OBJNAM": null, "INFORM": null, "SCAMIN": 8000 }, "geometry": { "type": "Point", "coordinates": [ 28.43606, 44.144652 ] } },
{ "type": "Feature", "properties": { "wtwdis": 19.5, "catdis": 1, "OBJNAM": null, "INFORM": null, "SCAMIN": 8000 }, "geometry": { "type": "Point", "coordinates": [ 28.436517, 44.143863 ] } },
{ "type": "Feature", "properties": { "wtwdis": 19.4, "catdis": 1, "OBJNAM": null, "INFORM": null, "SCAMIN": 8000 }, "geometry": { "type": "Point", "coordinates": [ 28.436968, 44.143072 ] } },
{ "type": "Feature", "properties": { "wtwdis": 19.3, "catdis": 1, "OBJNAM": null, "INFORM": null, "SCAMIN": 8000 }, "geometry": { "type": "Point", "coordinates": [ 28.437395, 44.142275 ] } },
{ "type": "Feature", "properties": { "wtwdis": 19.2, "catdis": 1, "OBJNAM": null, "INFORM": null, "SCAMIN": 8000 }, "geometry": { "type": "Point", "coordinates": [ 28.43775, 44.141459 ] } },
{ "type": "Feature", "properties": { "wtwdis": 19.1, "catdis": 1, "OBJNAM": null, "INFORM": null, "SCAMIN": 8000 }, "geometry": { "type": "Point", "coordinates": [ 28.43805, 44.140632 ] } },
{ "type": "Feature", "properties": { "wtwdis": 20.9, "catdis": 1, "OBJNAM": null, "INFORM": null, "SCAMIN": 8000 }, "geometry": { "type": "Point", "coordinates": [ 28.427197, 44.153841 ] } },
{ "type": "Feature", "properties": { "wtwdis": 20.8, "catdis": 1, "OBJNAM": null, "INFORM": null, "SCAMIN": 8000 }, "geometry": { "type": "Point", "coordinates": [ 28.427948, 44.153161 ] } },
{ "type": "Feature", "properties": { "wtwdis": 20.7, "catdis": 1, "OBJNAM": null, "INFORM": null, "SCAMIN": 8000 }, "geometry": { "type": "Point", "coordinates": [ 28.428722, 44.152495 ] } },
{ "type": "Feature", "properties": { "wtwdis": 20.6, "catdis": 1, "OBJNAM": null, "INFORM": null, "SCAMIN": 8000 }, "geometry": { "type": "Point", "coordinates": [ 28.429514, 44.151839 ] } },
{ "type": "Feature", "properties": { "wtwdis": 20.5, "catdis": 1, "OBJNAM": null, "INFORM": null, "SCAMIN": 8000 }, "geometry": { "type": "Point", "coordinates": [ 28.430296, 44.151178 ] } },
{ "type": "Feature", "properties": { "wtwdis": 20.4, "catdis": 1, "OBJNAM": null, "INFORM": null, "SCAMIN": 8000 }, "geometry": { "type": "Point", "coordinates": [ 28.431064, 44.150508 ] } },
{ "type": "Feature", "properties": { "wtwdis": 20.3, "catdis": 1, "OBJNAM": null, "INFORM": null, "SCAMIN": 8000 }, "geometry": { "type": "Point", "coordinates": [ 28.431817, 44.149829 ] } },
{ "type": "Feature", "properties": { "wtwdis": 20.2, "catdis": 1, "OBJNAM": null, "INFORM": null, "SCAMIN": 8000 }, "geometry": { "type": "Point", "coordinates": [ 28.432508, 44.149116 ] } },
{ "type": "Feature", "properties": { "wtwdis": 20.1, "catdis": 1, "OBJNAM": null, "INFORM": null, "SCAMIN": 8000 }, "geometry": { "type": "Point", "coordinates": [ 28.433198, 44.148404 ] } },
{ "type": "Feature", "properties": { "wtwdis": 29.0, "catdis": 3, "OBJNAM": null, "INFORM": null, "SCAMIN": 22000 }, "geometry": { "type": "Point", "coordinates": [ 28.38259, 44.216463 ] } },
{ "type": "Feature", "properties": { "wtwdis": 28.0, "catdis": 3, "OBJNAM": null, "INFORM": null, "SCAMIN": 22000 }, "geometry": { "type": "Point", "coordinates": [ 28.386617, 44.208901 ] } },
{ "type": "Feature", "properties": { "wtwdis": 27.0, "catdis": 3, "OBJNAM": null, "INFORM": null, "SCAMIN": 22000 }, "geometry": { "type": "Point", "coordinates": [ 28.389735, 44.200111 ] } },
{ "type": "Feature", "properties": { "wtwdis": 27.0, "catdis": 3, "OBJNAM": null, "INFORM": null, "SCAMIN": 22000 }, "geometry": { "type": "Point", "coordinates": [ 28.391396, 44.200451 ] } },
{ "type": "Feature", "properties": { "wtwdis": 28.0, "catdis": 3, "OBJNAM": null, "INFORM": null, "SCAMIN": 22000 }, "geometry": { "type": "Point", "coordinates": [ 28.388598, 44.209228 ] } },
{ "type": "Feature", "properties": { "wtwdis": 29.0, "catdis": 3, "OBJNAM": null, "INFORM": null, "SCAMIN": 22000 }, "geometry": { "type": "Point", "coordinates": [ 28.385448, 44.218839 ] } },
{ "type": "Feature", "properties": { "wtwdis": 30.0, "catdis": 3, "OBJNAM": null, "INFORM": null, "SCAMIN": 22000 }, "geometry": { "type": "Point", "coordinates": [ 28.375418, 44.223834 ] } },
{ "type": "Feature", "properties": { "wtwdis": 31.0, "catdis": 3, "OBJNAM": null, "INFORM": null, "SCAMIN": 22000 }, "geometry": { "type": "Point", "coordinates": [ 28.367492, 44.231041 ] } },
{ "type": "Feature", "properties": { "wtwdis": 32.0, "catdis": 3, "OBJNAM": null, "INFORM": null, "SCAMIN": 22000 }, "geometry": { "type": "Point", "coordinates": [ 28.359733, 44.237913 ] } },
{ "type": "Feature", "properties": { "wtwdis": 33.0, "catdis": 3, "OBJNAM": null, "INFORM": null, "SCAMIN": 22000 }, "geometry": { "type": "Point", "coordinates": [ 28.351433, 44.244344 ] } },
{ "type": "Feature", "properties": { "wtwdis": 34.0, "catdis": 3, "OBJNAM": null, "INFORM": null, "SCAMIN": 22000 }, "geometry": { "type": "Point", "coordinates": [ 28.340983, 44.248499 ] } },
{ "type": "Feature", "properties": { "wtwdis": 34.0, "catdis": 3, "OBJNAM": null, "INFORM": null, "SCAMIN": 22000 }, "geometry": { "type": "Point", "coordinates": [ 28.3414, 44.250043 ] } },
{ "type": "Feature", "properties": { "wtwdis": 33.0, "catdis": 3, "OBJNAM": null, "INFORM": null, "SCAMIN": 22000 }, "geometry": { "type": "Point", "coordinates": [ 28.352303, 44.24567 ] } },
{ "type": "Feature", "properties": { "wtwdis": 32.0, "catdis": 3, "OBJNAM": null, "INFORM": null, "SCAMIN": 22000 }, "geometry": { "type": "Point", "coordinates": [ 28.360844, 44.23911 ] } },
{ "type": "Feature", "properties": { "wtwdis": 31.0, "catdis": 3, "OBJNAM": null, "INFORM": null, "SCAMIN": 22000 }, "geometry": { "type": "Point", "coordinates": [ 28.368585, 44.232024 ] } },
{ "type": "Feature", "properties": { "wtwdis": 30.0, "catdis": 3, "OBJNAM": null, "INFORM": null, "SCAMIN": 22000 }, "geometry": { "type": "Point", "coordinates": [ 28.376884, 44.224995 ] } },
{ "type": "Feature", "properties": { "wtwdis": 26.0, "catdis": 3, "OBJNAM": null, "INFORM": null, "SCAMIN": 22000 }, "geometry": { "type": "Point", "coordinates": [ 28.394439, 44.217891 ] } },
{ "type": "Feature", "properties": { "wtwdis": 26.0, "catdis": 3, "OBJNAM": null, "INFORM": null, "SCAMIN": 22000 }, "geometry": { "type": "Point", "coordinates": [ 28.394512, 44.217158 ] } },
{ "type": "Feature", "properties": { "wtwdis": 27.0, "catdis": 1, "OBJNAM": null, "INFORM": null, "SCAMIN": 8000 }, "geometry": { "type": "Point", "coordinates": [ 28.390574, 44.200283 ] } },
{ "type": "Feature", "properties": { "wtwdis": 28.0, "catdis": 1, "OBJNAM": null, "INFORM": null, "SCAMIN": 8000 }, "geometry": { "type": "Point", "coordinates": [ 28.387619, 44.209067 ] } },
{ "type": "Feature", "properties": { "wtwdis": 29.0, "catdis": 1, "OBJNAM": null, "INFORM": null, "SCAMIN": 8000 }, "geometry": { "type": "Point", "coordinates": [ 28.38338, 44.2171 ] } },
{ "type": "Feature", "properties": { "wtwdis": 30.0, "catdis": 1, "OBJNAM": null, "INFORM": null, "SCAMIN": 8000 }, "geometry": { "type": "Point", "coordinates": [ 28.376022, 44.224408 ] } },
{ "type": "Feature", "properties": { "wtwdis": 31.0, "catdis": 1, "OBJNAM": null, "INFORM": null, "SCAMIN": 8000 }, "geometry": { "type": "Point", "coordinates": [ 28.368058, 44.23155 ] } },
{ "type": "Feature", "properties": { "wtwdis": 32.0, "catdis": 1, "OBJNAM": null, "INFORM": null, "SCAMIN": 8000 }, "geometry": { "type": "Point", "coordinates": [ 28.360253, 44.238473 ] } },
{ "type": "Feature", "properties": { "wtwdis": 33.0, "catdis": 1, "OBJNAM": null, "INFORM": null, "SCAMIN": 8000 }, "geometry": { "type": "Point", "coordinates": [ 28.351861, 44.244995 ] } },
{ "type": "Feature", "properties": { "wtwdis": 34.0, "catdis": 1, "OBJNAM": null, "INFORM": null, "SCAMIN": 8000 }, "geometry": { "type": "Point", "coordinates": [ 28.34118, 44.249229 ] } },
{ "type": "Feature", "properties": { "wtwdis": 26.0, "catdis": 1, "OBJNAM": null, "INFORM": null, "SCAMIN": 8000 }, "geometry": { "type": "Point", "coordinates": [ 28.394475, 44.217513 ] } },
{ "type": "Feature", "properties": { "wtwdis": 27.0, "catdis": 1, "OBJNAM": null, "INFORM": null, "SCAMIN": 8000 }, "geometry": { "type": "Point", "coordinates": [ 28.385188, 44.218263 ] } },
{ "type": "Feature", "properties": { "wtwdis": 34.6, "catdis": 1, "OBJNAM": null, "INFORM": null, "SCAMIN": 8000 }, "geometry": { "type": "Point", "coordinates": [ 28.334031, 44.250562 ] } },
{ "type": "Feature", "properties": { "wtwdis": 34.5, "catdis": 1, "OBJNAM": null, "INFORM": null, "SCAMIN": 8000 }, "geometry": { "type": "Point", "coordinates": [ 28.335244, 44.250408 ] } },
{ "type": "Feature", "properties": { "wtwdis": 34.4, "catdis": 1, "OBJNAM": null, "INFORM": null, "SCAMIN": 8000 }, "geometry": { "type": "Point", "coordinates": [ 28.33645, 44.250225 ] } },
{ "type": "Feature", "properties": { "wtwdis": 34.3, "catdis": 1, "OBJNAM": null, "INFORM": null, "SCAMIN": 8000 }, "geometry": { "type": "Point", "coordinates": [ 28.337649, 44.250019 ] } },
{ "type": "Feature", "properties": { "wtwdis": 34.2, "catdis": 1, "OBJNAM": null, "INFORM": null, "SCAMIN": 8000 }, "geometry": { "type": "Point", "coordinates": [ 28.338837, 44.249781 ] } },
{ "type": "Feature", "properties": { "wtwdis": 34.1, "catdis": 1, "OBJNAM": null, "INFORM": null, "SCAMIN": 8000 }, "geometry": { "type": "Point", "coordinates": [ 28.340016, 44.249521 ] } },
{ "type": "Feature", "properties": { "wtwdis": 33.9, "catdis": 1, "OBJNAM": null, "INFORM": null, "SCAMIN": 8000 }, "geometry": { "type": "Point", "coordinates": [ 28.34233, 44.248928 ] } },
{ "type": "Feature", "properties": { "wtwdis": 33.8, "catdis": 1, "OBJNAM": null, "INFORM": null, "SCAMIN": 8000 }, "geometry": { "type": "Point", "coordinates": [ 28.343455, 44.24858 ] } },
{ "type": "Feature", "properties": { "wtwdis": 33.7, "catdis": 1, "OBJNAM": null, "INFORM": null, "SCAMIN": 8000 }, "geometry": { "type": "Point", "coordinates": [ 28.344581, 44.248232 ] } },
{ "type": "Feature", "properties": { "wtwdis": 33.6, "catdis": 1, "OBJNAM": null, "INFORM": null, "SCAMIN": 8000 }, "geometry": { "type": "Point", "coordinates": [ 28.345679, 44.247842 ] } },
{ "type": "Feature", "properties": { "wtwdis": 33.5, "catdis": 1, "OBJNAM": null, "INFORM": null, "SCAMIN": 8000 }, "geometry": { "type": "Point", "coordinates": [ 28.346752, 44.247417 ] } },
{ "type": "Feature", "properties": { "wtwdis": 33.4, "catdis": 1, "OBJNAM": null, "INFORM": null, "SCAMIN": 8000 }, "geometry": { "type": "Point", "coordinates": [ 28.347806, 44.246969 ] } },
{ "type": "Feature", "properties": { "wtwdis": 33.3, "catdis": 1, "OBJNAM": null, "INFORM": null, "SCAMIN": 8000 }, "geometry": { "type": "Point", "coordinates": [ 28.348844, 44.2465 ] } },
{ "type": "Feature", "properties": { "wtwdis": 33.2, "catdis": 1, "OBJNAM": null, "INFORM": null, "SCAMIN": 8000 }, "geometry": { "type": "Point", "coordinates": [ 28.349881, 44.246032 ] } },
{ "type": "Feature", "properties": { "wtwdis": 33.1, "catdis": 1, "OBJNAM": null, "INFORM": null, "SCAMIN": 8000 }, "geometry": { "type": "Point", "coordinates": [ 28.350878, 44.245521 ] } },
{ "type": "Feature", "properties": { "wtwdis": 32.9, "catdis": 1, "OBJNAM": null, "INFORM": null, "SCAMIN": 8000 }, "geometry": { "type": "Point", "coordinates": [ 28.352819, 44.244429 ] } },
{ "type": "Feature", "properties": { "wtwdis": 32.8, "catdis": 1, "OBJNAM": null, "INFORM": null, "SCAMIN": 8000 }, "geometry": { "type": "Point", "coordinates": [ 28.353776, 44.243862 ] } },
{ "type": "Feature", "properties": { "wtwdis": 32.7, "catdis": 1, "OBJNAM": null, "INFORM": null, "SCAMIN": 8000 }, "geometry": { "type": "Point", "coordinates": [ 28.35465, 44.243231 ] } },
{ "type": "Feature", "properties": { "wtwdis": 32.6, "catdis": 1, "OBJNAM": null, "INFORM": null, "SCAMIN": 8000 }, "geometry": { "type": "Point", "coordinates": [ 28.355513, 44.24259 ] } },
{ "type": "Feature", "properties": { "wtwdis": 32.5, "catdis": 1, "OBJNAM": null, "INFORM": null, "SCAMIN": 8000 }, "geometry": { "type": "Point", "coordinates": [ 28.356366, 44.241944 ] } },
{ "type": "Feature", "properties": { "wtwdis": 32.4, "catdis": 1, "OBJNAM": null, "INFORM": null, "SCAMIN": 8000 }, "geometry": { "type": "Point", "coordinates": [ 28.357184, 44.241274 ] } },
{ "type": "Feature", "properties": { "wtwdis": 32.3, "catdis": 1, "OBJNAM": null, "INFORM": null, "SCAMIN": 8000 }, "geometry": { "type": "Point", "coordinates": [ 28.357969, 44.240584 ] } },
{ "type": "Feature", "properties": { "wtwdis": 32.2, "catdis": 1, "OBJNAM": null, "INFORM": null, "SCAMIN": 8000 }, "geometry": { "type": "Point", "coordinates": [ 28.35873, 44.23988 ] } },
{ "type": "Feature", "properties": { "wtwdis": 32.1, "catdis": 1, "OBJNAM": null, "INFORM": null, "SCAMIN": 8000 }, "geometry": { "type": "Point", "coordinates": [ 28.359492, 44.239177 ] } },
{ "type": "Feature", "properties": { "wtwdis": 31.9, "catdis": 1, "OBJNAM": null, "INFORM": null, "SCAMIN": 8000 }, "geometry": { "type": "Point", "coordinates": [ 28.361028, 44.237777 ] } },
{ "type": "Feature", "properties": { "wtwdis": 31.8, "catdis": 1, "OBJNAM": null, "INFORM": null, "SCAMIN": 8000 }, "geometry": { "type": "Point", "coordinates": [ 28.36181, 44.237086 ] } },
{ "type": "Feature", "properties": { "wtwdis": 31.7, "catdis": 1, "OBJNAM": null, "INFORM": null, "SCAMIN": 8000 }, "geometry": { "type": "Point", "coordinates": [ 28.362592, 44.236394 ] } },
{ "type": "Feature", "properties": { "wtwdis": 31.6, "catdis": 1, "OBJNAM": null, "INFORM": null, "SCAMIN": 8000 }, "geometry": { "type": "Point", "coordinates": [ 28.363374, 44.235703 ] } },
{ "type": "Feature", "properties": { "wtwdis": 31.5, "catdis": 1, "OBJNAM": null, "INFORM": null, "SCAMIN": 8000 }, "geometry": { "type": "Point", "coordinates": [ 28.364155, 44.235011 ] } },
{ "type": "Feature", "properties": { "wtwdis": 31.4, "catdis": 1, "OBJNAM": null, "INFORM": null, "SCAMIN": 8000 }, "geometry": { "type": "Point", "coordinates": [ 28.364935, 44.234319 ] } },
{ "type": "Feature", "properties": { "wtwdis": 31.3, "catdis": 1, "OBJNAM": null, "INFORM": null, "SCAMIN": 8000 }, "geometry": { "type": "Point", "coordinates": [ 28.365716, 44.233626 ] } },
{ "type": "Feature", "properties": { "wtwdis": 31.2, "catdis": 1, "OBJNAM": null, "INFORM": null, "SCAMIN": 8000 }, "geometry": { "type": "Point", "coordinates": [ 28.366497, 44.232934 ] } },
{ "type": "Feature", "properties": { "wtwdis": 31.1, "catdis": 1, "OBJNAM": null, "INFORM": null, "SCAMIN": 8000 }, "geometry": { "type": "Point", "coordinates": [ 28.367277, 44.232242 ] } },
{ "type": "Feature", "properties": { "wtwdis": 30.9, "catdis": 1, "OBJNAM": null, "INFORM": null, "SCAMIN": 8000 }, "geometry": { "type": "Point", "coordinates": [ 28.368851, 44.230834 ] } },
{ "type": "Feature", "properties": { "wtwdis": 30.8, "catdis": 1, "OBJNAM": null, "INFORM": null, "SCAMIN": 8000 }, "geometry": { "type": "Point", "coordinates": [ 28.369644, 44.230118 ] } },
{ "type": "Feature", "properties": { "wtwdis": 30.7, "catdis": 1, "OBJNAM": null, "INFORM": null, "SCAMIN": 8000 }, "geometry": { "type": "Point", "coordinates": [ 28.370437, 44.229402 ] } },
{ "type": "Feature", "properties": { "wtwdis": 30.6, "catdis": 1, "OBJNAM": null, "INFORM": null, "SCAMIN": 8000 }, "geometry": { "type": "Point", "coordinates": [ 28.37123, 44.228686 ] } },
{ "type": "Feature", "properties": { "wtwdis": 30.5, "catdis": 1, "OBJNAM": null, "INFORM": null, "SCAMIN": 8000 }, "geometry": { "type": "Point", "coordinates": [ 28.372028, 44.227972 ] } },
{ "type": "Feature", "properties": { "wtwdis": 30.4, "catdis": 1, "OBJNAM": null, "INFORM": null, "SCAMIN": 8000 }, "geometry": { "type": "Point", "coordinates": [ 28.372827, 44.22726 ] } },
{ "type": "Feature", "properties": { "wtwdis": 30.3, "catdis": 1, "OBJNAM": null, "INFORM": null, "SCAMIN": 8000 }, "geometry": { "type": "Point", "coordinates": [ 28.373626, 44.226547 ] } },
{ "type": "Feature", "properties": { "wtwdis": 30.2, "catdis": 1, "OBJNAM": null, "INFORM": null, "SCAMIN": 8000 }, "geometry": { "type": "Point", "coordinates": [ 28.374424, 44.225834 ] } },
{ "type": "Feature", "properties": { "wtwdis": 30.1, "catdis": 1, "OBJNAM": null, "INFORM": null, "SCAMIN": 8000 }, "geometry": { "type": "Point", "coordinates": [ 28.375223, 44.225121 ] } },
{ "type": "Feature", "properties": { "wtwdis": 29.9, "catdis": 1, "OBJNAM": null, "INFORM": null, "SCAMIN": 8000 }, "geometry": { "type": "Point", "coordinates": [ 28.376776, 44.223686 ] } },
{ "type": "Feature", "properties": { "wtwdis": 29.8, "catdis": 1, "OBJNAM": null, "INFORM": null, "SCAMIN": 8000 }, "geometry": { "type": "Point", "coordinates": [ 28.377555, 44.222978 ] } },
{ "type": "Feature", "properties": { "wtwdis": 29.7, "catdis": 1, "OBJNAM": null, "INFORM": null, "SCAMIN": 8000 }, "geometry": { "type": "Point", "coordinates": [ 28.378331, 44.222268 ] } },
{ "type": "Feature", "properties": { "wtwdis": 29.6, "catdis": 1, "OBJNAM": null, "INFORM": null, "SCAMIN": 8000 }, "geometry": { "type": "Point", "coordinates": [ 28.379104, 44.221556 ] } },
{ "type": "Feature", "properties": { "wtwdis": 29.5, "catdis": 1, "OBJNAM": null, "INFORM": null, "SCAMIN": 8000 }, "geometry": { "type": "Point", "coordinates": [ 28.379876, 44.220844 ] } },
{ "type": "Feature", "properties": { "wtwdis": 29.4, "catdis": 1, "OBJNAM": null, "INFORM": null, "SCAMIN": 8000 }, "geometry": { "type": "Point", "coordinates": [ 28.380639, 44.220127 ] } },
{ "type": "Feature", "properties": { "wtwdis": 29.3, "catdis": 1, "OBJNAM": null, "INFORM": null, "SCAMIN": 8000 }, "geometry": { "type": "Point", "coordinates": [ 28.381347, 44.219381 ] } },
{ "type": "Feature", "properties": { "wtwdis": 29.2, "catdis": 1, "OBJNAM": null, "INFORM": null, "SCAMIN": 8000 }, "geometry": { "type": "Point", "coordinates": [ 28.382035, 44.218626 ] } },
{ "type": "Feature", "properties": { "wtwdis": 29.1, "catdis": 1, "OBJNAM": null, "INFORM": null, "SCAMIN": 8000 }, "geometry": { "type": "Point", "coordinates": [ 28.382708, 44.217863 ] } },
{ "type": "Feature", "properties": { "wtwdis": 28.9, "catdis": 1, "OBJNAM": null, "INFORM": null, "SCAMIN": 8000 }, "geometry": { "type": "Point", "coordinates": [ 28.383941, 44.216338 ] } },
{ "type": "Feature", "properties": { "wtwdis": 28.8, "catdis": 1, "OBJNAM": null, "INFORM": null, "SCAMIN": 8000 }, "geometry": { "type": "Point", "coordinates": [ 28.384501, 44.215575 ] } },
{ "type": "Feature", "properties": { "wtwdis": 28.7, "catdis": 1, "OBJNAM": null, "INFORM": null, "SCAMIN": 8000 }, "geometry": { "type": "Point", "coordinates": [ 28.385004, 44.214793 ] } },
{ "type": "Feature", "properties": { "wtwdis": 28.6, "catdis": 1, "OBJNAM": null, "INFORM": null, "SCAMIN": 8000 }, "geometry": { "type": "Point", "coordinates": [ 28.385474, 44.213999 ] } },
{ "type": "Feature", "properties": { "wtwdis": 28.5, "catdis": 1, "OBJNAM": null, "INFORM": null, "SCAMIN": 8000 }, "geometry": { "type": "Point", "coordinates": [ 28.385928, 44.213201 ] } },
{ "type": "Feature", "properties": { "wtwdis": 28.4, "catdis": 1, "OBJNAM": null, "INFORM": null, "SCAMIN": 8000 }, "geometry": { "type": "Point", "coordinates": [ 28.38631, 44.212384 ] } },
{ "type": "Feature", "properties": { "wtwdis": 28.3, "catdis": 1, "OBJNAM": null, "INFORM": null, "SCAMIN": 8000 }, "geometry": { "type": "Point", "coordinates": [ 28.386673, 44.211562 ] } },
{ "type": "Feature", "properties": { "wtwdis": 28.2, "catdis": 1, "OBJNAM": null, "INFORM": null, "SCAMIN": 8000 }, "geometry": { "type": "Point", "coordinates": [ 28.387036, 44.21074 ] } },
{ "type": "Feature", "properties": { "wtwdis": 28.1, "catdis": 1, "OBJNAM": null, "INFORM": null, "SCAMIN": 8000 }, "geometry": { "type": "Point", "coordinates": [ 28.387331, 44.209904 ] } },
{ "type": "Feature", "properties": { "wtwdis": 27.9, "catdis": 1, "OBJNAM": null, "INFORM": null, "SCAMIN": 8000 }, "geometry": { "type": "Point", "coordinates": [ 28.387923, 44.20819 ] } },
{ "type": "Feature", "properties": { "wtwdis": 27.8, "catdis": 1, "OBJNAM": null, "INFORM": null, "SCAMIN": 8000 }, "geometry": { "type": "Point", "coordinates": [ 28.388228, 44.207313 ] } },
{ "type": "Feature", "properties": { "wtwdis": 27.7, "catdis": 1, "OBJNAM": null, "INFORM": null, "SCAMIN": 8000 }, "geometry": { "type": "Point", "coordinates": [ 28.388533, 44.206436 ] } },
{ "type": "Feature", "properties": { "wtwdis": 27.6, "catdis": 1, "OBJNAM": null, "INFORM": null, "SCAMIN": 8000 }, "geometry": { "type": "Point", "coordinates": [ 28.388838, 44.205559 ] } },
{ "type": "Feature", "properties": { "wtwdis": 27.5, "catdis": 1, "OBJNAM": null, "INFORM": null, "SCAMIN": 8000 }, "geometry": { "type": "Point", "coordinates": [ 28.389143, 44.204682 ] } },
{ "type": "Feature", "properties": { "wtwdis": 27.4, "catdis": 1, "OBJNAM": null, "INFORM": null, "SCAMIN": 8000 }, "geometry": { "type": "Point", "coordinates": [ 28.389447, 44.203806 ] } },
{ "type": "Feature", "properties": { "wtwdis": 27.3, "catdis": 1, "OBJNAM": null, "INFORM": null, "SCAMIN": 8000 }, "geometry": { "type": "Point", "coordinates": [ 28.38973, 44.202925 ] } },
{ "type": "Feature", "properties": { "wtwdis": 27.2, "catdis": 1, "OBJNAM": null, "INFORM": null, "SCAMIN": 8000 }, "geometry": { "type": "Point", "coordinates": [ 28.390011, 44.202044 ] } },
{ "type": "Feature", "properties": { "wtwdis": 27.1, "catdis": 1, "OBJNAM": null, "INFORM": null, "SCAMIN": 8000 }, "geometry": { "type": "Point", "coordinates": [ 28.390293, 44.201163 ] } },
{ "type": "Feature", "properties": { "wtwdis": 26.9, "catdis": 1, "OBJNAM": null, "INFORM": null, "SCAMIN": 8000 }, "geometry": { "type": "Point", "coordinates": [ 28.390858, 44.199408 ] } },
{ "type": "Feature", "properties": { "wtwdis": 26.8, "catdis": 1, "OBJNAM": null, "INFORM": null, "SCAMIN": 8000 }, "geometry": { "type": "Point", "coordinates": [ 28.391142, 44.198533 ] } },
{ "type": "Feature", "properties": { "wtwdis": 26.7, "catdis": 1, "OBJNAM": null, "INFORM": null, "SCAMIN": 8000 }, "geometry": { "type": "Point", "coordinates": [ 28.391426, 44.197659 ] } },
{ "type": "Feature", "properties": { "wtwdis": 26.6, "catdis": 1, "OBJNAM": null, "INFORM": null, "SCAMIN": 8000 }, "geometry": { "type": "Point", "coordinates": [ 28.391697, 44.196782 ] } },
{ "type": "Feature", "properties": { "wtwdis": 26.5, "catdis": 1, "OBJNAM": null, "INFORM": null, "SCAMIN": 8000 }, "geometry": { "type": "Point", "coordinates": [ 28.391964, 44.195905 ] } },
{ "type": "Feature", "properties": { "wtwdis": 26.4, "catdis": 1, "OBJNAM": null, "INFORM": null, "SCAMIN": 8000 }, "geometry": { "type": "Point", "coordinates": [ 28.392232, 44.195028 ] } },
{ "type": "Feature", "properties": { "wtwdis": 25.9, "catdis": 1, "OBJNAM": null, "INFORM": null, "SCAMIN": 8000 }, "geometry": { "type": "Point", "coordinates": [ 28.395721, 44.217656 ] } },
{ "type": "Feature", "properties": { "wtwdis": 25.8, "catdis": 1, "OBJNAM": null, "INFORM": null, "SCAMIN": 8000 }, "geometry": { "type": "Point", "coordinates": [ 28.396955, 44.217843 ] } },
{ "type": "Feature", "properties": { "wtwdis": 25.7, "catdis": 1, "OBJNAM": null, "INFORM": null, "SCAMIN": 8000 }, "geometry": { "type": "Point", "coordinates": [ 28.398161, 44.218105 ] } },
{ "type": "Feature", "properties": { "wtwdis": 25.6, "catdis": 1, "OBJNAM": null, "INFORM": null, "SCAMIN": 8000 }, "geometry": { "type": "Point", "coordinates": [ 28.399344, 44.21842 ] } },
{ "type": "Feature", "properties": { "wtwdis": 25.5, "catdis": 1, "OBJNAM": null, "INFORM": null, "SCAMIN": 8000 }, "geometry": { "type": "Point", "coordinates": [ 28.400508, 44.218769 ] } },
{ "type": "Feature", "properties": { "wtwdis": 25.4, "catdis": 1, "OBJNAM": null, "INFORM": null, "SCAMIN": 8000 }, "geometry": { "type": "Point", "coordinates": [ 28.401653, 44.219149 ] } },
{ "type": "Feature", "properties": { "wtwdis": 25.3, "catdis": 1, "OBJNAM": null, "INFORM": null, "SCAMIN": 8000 }, "geometry": { "type": "Point", "coordinates": [ 28.402795, 44.219535 ] } },
{ "type": "Feature", "properties": { "wtwdis": 25.2, "catdis": 1, "OBJNAM": null, "INFORM": null, "SCAMIN": 8000 }, "geometry": { "type": "Point", "coordinates": [ 28.403936, 44.219921 ] } },
{ "type": "Feature", "properties": { "wtwdis": 26.9, "catdis": 1, "OBJNAM": null, "INFORM": null, "SCAMIN": 8000 }, "geometry": { "type": "Point", "coordinates": [ 28.38609, 44.218071 ] } },
{ "type": "Feature", "properties": { "wtwdis": 26.8, "catdis": 1, "OBJNAM": null, "INFORM": null, "SCAMIN": 8000 }, "geometry": { "type": "Point", "coordinates": [ 28.387009, 44.217929 ] } },
{ "type": "Feature", "properties": { "wtwdis": 26.7, "catdis": 1, "OBJNAM": null, "INFORM": null, "SCAMIN": 8000 }, "geometry": { "type": "Point", "coordinates": [ 28.387929, 44.217789 ] } },
{ "type": "Feature", "properties": { "wtwdis": 26.6, "catdis": 1, "OBJNAM": null, "INFORM": null, "SCAMIN": 8000 }, "geometry": { "type": "Point", "coordinates": [ 28.388853, 44.217662 ] } },
{ "type": "Feature", "properties": { "wtwdis": 26.5, "catdis": 1, "OBJNAM": null, "INFORM": null, "SCAMIN": 8000 }, "geometry": { "type": "Point", "coordinates": [ 28.389783, 44.217564 ] } },
{ "type": "Feature", "properties": { "wtwdis": 26.4, "catdis": 1, "OBJNAM": null, "INFORM": null, "SCAMIN": 8000 }, "geometry": { "type": "Point", "coordinates": [ 28.390719, 44.217496 ] } },
{ "type": "Feature", "properties": { "wtwdis": 26.3, "catdis": 1, "OBJNAM": null, "INFORM": null, "SCAMIN": 8000 }, "geometry": { "type": "Point", "coordinates": [ 28.391657, 44.217446 ] } },
{ "type": "Feature", "properties": { "wtwdis": 26.2, "catdis": 1, "OBJNAM": null, "INFORM": null, "SCAMIN": 8000 }, "geometry": { "type": "Point", "coordinates": [ 28.392597, 44.217447 ] } },
{ "type": "Feature", "properties": { "wtwdis": 26.1, "catdis": 1, "OBJNAM": null, "INFORM": null, "SCAMIN": 8000 }, "geometry": { "type": "Point", "coordinates": [ 28.393537, 44.217466 ] } },
{ "type": "Feature", "properties": { "wtwdis": 44.0, "catdis": 3, "OBJNAM": null, "INFORM": null, "SCAMIN": 22000 }, "geometry": { "type": "Point", "coordinates": [ 28.217659, 44.257457 ] } },
{ "type": "Feature", "properties": { "wtwdis": 44.0, "catdis": 3, "OBJNAM": null, "INFORM": null, "SCAMIN": 22000 }, "geometry": { "type": "Point", "coordinates": [ 28.217832, 44.258845 ] } },
{ "type": "Feature", "properties": { "wtwdis": 43.0, "catdis": 3, "OBJNAM": null, "INFORM": null, "SCAMIN": 22000 }, "geometry": { "type": "Point", "coordinates": [ 28.229886, 44.255573 ] } },
{ "type": "Feature", "properties": { "wtwdis": 43.0, "catdis": 3, "OBJNAM": null, "INFORM": null, "SCAMIN": 22000 }, "geometry": { "type": "Point", "coordinates": [ 28.230083, 44.256963 ] } },
{ "type": "Feature", "properties": { "wtwdis": 42.0, "catdis": 3, "OBJNAM": null, "INFORM": null, "SCAMIN": 22000 }, "geometry": { "type": "Point", "coordinates": [ 28.242088, 44.253603 ] } },
{ "type": "Feature", "properties": { "wtwdis": 42.0, "catdis": 3, "OBJNAM": null, "INFORM": null, "SCAMIN": 22000 }, "geometry": { "type": "Point", "coordinates": [ 28.24234, 44.25507 ] } },
{ "type": "Feature", "properties": { "wtwdis": 41.0, "catdis": 3, "OBJNAM": null, "INFORM": null, "SCAMIN": 22000 }, "geometry": { "type": "Point", "coordinates": [ 28.254155, 44.251303 ] } },
{ "type": "Feature", "properties": { "wtwdis": 41.0, "catdis": 3, "OBJNAM": null, "INFORM": null, "SCAMIN": 22000 }, "geometry": { "type": "Point", "coordinates": [ 28.254471, 44.252819 ] } },
{ "type": "Feature", "properties": { "wtwdis": 40.0, "catdis": 3, "OBJNAM": null, "INFORM": null, "SCAMIN": 22000 }, "geometry": { "type": "Point", "coordinates": [ 28.266562, 44.2495 ] } },
{ "type": "Feature", "properties": { "wtwdis": 40.0, "catdis": 3, "OBJNAM": null, "INFORM": null, "SCAMIN": 22000 }, "geometry": { "type": "Point", "coordinates": [ 28.266628, 44.250623 ] } },
{ "type": "Feature", "properties": { "wtwdis": 39.0, "catdis": 3, "OBJNAM": null, "INFORM": null, "SCAMIN": 22000 }, "geometry": { "type": "Point", "coordinates": [ 28.279111, 44.248893 ] } },
{ "type": "Feature", "properties": { "wtwdis": 39.0, "catdis": 3, "OBJNAM": null, "INFORM": null, "SCAMIN": 22000 }, "geometry": { "type": "Point", "coordinates": [ 28.27914, 44.250277 ] } },
{ "type": "Feature", "properties": { "wtwdis": 38.0, "catdis": 3, "OBJNAM": null, "INFORM": null, "SCAMIN": 22000 }, "geometry": { "type": "Point", "coordinates": [ 28.291376, 44.248125 ] } },
{ "type": "Feature", "properties": { "wtwdis": 38.0, "catdis": 3, "OBJNAM": null, "INFORM": null, "SCAMIN": 22000 }, "geometry": { "type": "Point", "coordinates": [ 28.291388, 44.249883 ] } },
{ "type": "Feature", "properties": { "wtwdis": 37.0, "catdis": 3, "OBJNAM": null, "INFORM": null, "SCAMIN": 22000 }, "geometry": { "type": "Point", "coordinates": [ 28.304325, 44.248141 ] } },
{ "type": "Feature", "properties": { "wtwdis": 37.0, "catdis": 3, "OBJNAM": null, "INFORM": null, "SCAMIN": 22000 }, "geometry": { "type": "Point", "coordinates": [ 28.304171, 44.249945 ] } },
{ "type": "Feature", "properties": { "wtwdis": 36.0, "catdis": 3, "OBJNAM": null, "INFORM": null, "SCAMIN": 22000 }, "geometry": { "type": "Point", "coordinates": [ 28.316653, 44.250858 ] } },
{ "type": "Feature", "properties": { "wtwdis": 36.0, "catdis": 3, "OBJNAM": null, "INFORM": null, "SCAMIN": 22000 }, "geometry": { "type": "Point", "coordinates": [ 28.316757, 44.249421 ] } },
{ "type": "Feature", "properties": { "wtwdis": 35.0, "catdis": 3, "OBJNAM": null, "INFORM": null, "SCAMIN": 22000 }, "geometry": { "type": "Point", "coordinates": [ 28.32911, 44.251631 ] } },
{ "type": "Feature", "properties": { "wtwdis": 35.0, "catdis": 3, "OBJNAM": null, "INFORM": null, "SCAMIN": 22000 }, "geometry": { "type": "Point", "coordinates": [ 28.329115, 44.25005 ] } },
{ "type": "Feature", "properties": { "wtwdis": 35.0, "catdis": 1, "OBJNAM": null, "INFORM": null, "SCAMIN": 8000 }, "geometry": { "type": "Point", "coordinates": [ 28.329116, 44.250837 ] } },
{ "type": "Feature", "properties": { "wtwdis": 36.0, "catdis": 1, "OBJNAM": null, "INFORM": null, "SCAMIN": 8000 }, "geometry": { "type": "Point", "coordinates": [ 28.316703, 44.250105 ] } },
{ "type": "Feature", "properties": { "wtwdis": 37.0, "catdis": 1, "OBJNAM": null, "INFORM": null, "SCAMIN": 8000 }, "geometry": { "type": "Point", "coordinates": [ 28.304239, 44.249149 ] } },
{ "type": "Feature", "properties": { "wtwdis": 38.0, "catdis": 1, "OBJNAM": null, "INFORM": null, "SCAMIN": 8000 }, "geometry": { "type": "Point", "coordinates": [ 28.291382, 44.249131 ] } },
{ "type": "Feature", "properties": { "wtwdis": 39.0, "catdis": 1, "OBJNAM": null, "INFORM": null, "SCAMIN": 8000 }, "geometry": { "type": "Point", "coordinates": [ 28.27913, 44.249554 ] } },
{ "type": "Feature", "properties": { "wtwdis": 40.0, "catdis": 1, "OBJNAM": null, "INFORM": null, "SCAMIN": 8000 }, "geometry": { "type": "Point", "coordinates": [ 28.266595, 44.250007 ] } },
{ "type": "Feature", "properties": { "wtwdis": 41.0, "catdis": 1, "OBJNAM": null, "INFORM": null, "SCAMIN": 8000 }, "geometry": { "type": "Point", "coordinates": [ 28.254307, 44.252036 ] } },
{ "type": "Feature", "properties": { "wtwdis": 42.0, "catdis": 1, "OBJNAM": null, "INFORM": null, "SCAMIN": 8000 }, "geometry": { "type": "Point", "coordinates": [ 28.242206, 44.254289 ] } },
{ "type": "Feature", "properties": { "wtwdis": 43.0, "catdis": 1, "OBJNAM": null, "INFORM": null, "SCAMIN": 8000 }, "geometry": { "type": "Point", "coordinates": [ 28.229983, 44.256259 ] } },
{ "type": "Feature", "properties": { "wtwdis": 44.0, "catdis": 1, "OBJNAM": null, "INFORM": null, "SCAMIN": 8000 }, "geometry": { "type": "Point", "coordinates": [ 28.217744, 44.258139 ] } },
{ "type": "Feature", "properties": { "wtwdis": 44.6, "catdis": 1, "OBJNAM": null, "INFORM": null, "SCAMIN": 8000 }, "geometry": { "type": "Point", "coordinates": [ 28.210372, 44.259264 ] } },
{ "type": "Feature", "properties": { "wtwdis": 44.5, "catdis": 1, "OBJNAM": null, "INFORM": null, "SCAMIN": 8000 }, "geometry": { "type": "Point", "coordinates": [ 28.211602, 44.259079 ] } },
{ "type": "Feature", "properties": { "wtwdis": 44.4, "catdis": 1, "OBJNAM": null, "INFORM": null, "SCAMIN": 8000 }, "geometry": { "type": "Point", "coordinates": [ 28.212831, 44.258894 ] } },
{ "type": "Feature", "properties": { "wtwdis": 44.3, "catdis": 1, "OBJNAM": null, "INFORM": null, "SCAMIN": 8000 }, "geometry": { "type": "Point", "coordinates": [ 28.214059, 44.258705 ] } },
{ "type": "Feature", "properties": { "wtwdis": 44.2, "catdis": 1, "OBJNAM": null, "INFORM": null, "SCAMIN": 8000 }, "geometry": { "type": "Point", "coordinates": [ 28.215288, 44.258516 ] } },
{ "type": "Feature", "properties": { "wtwdis": 44.1, "catdis": 1, "OBJNAM": null, "INFORM": null, "SCAMIN": 8000 }, "geometry": { "type": "Point", "coordinates": [ 28.216516, 44.258327 ] } },
{ "type": "Feature", "properties": { "wtwdis": 43.9, "catdis": 1, "OBJNAM": null, "INFORM": null, "SCAMIN": 8000 }, "geometry": { "type": "Point", "coordinates": [ 28.218968, 44.257951 ] } },
{ "type": "Feature", "properties": { "wtwdis": 43.8, "catdis": 1, "OBJNAM": null, "INFORM": null, "SCAMIN": 8000 }, "geometry": { "type": "Point", "coordinates": [ 28.220192, 44.257763 ] } },
{ "type": "Feature", "properties": { "wtwdis": 43.7, "catdis": 1, "OBJNAM": null, "INFORM": null, "SCAMIN": 8000 }, "geometry": { "type": "Point", "coordinates": [ 28.221416, 44.257575 ] } },
{ "type": "Feature", "properties": { "wtwdis": 43.6, "catdis": 1, "OBJNAM": null, "INFORM": null, "SCAMIN": 8000 }, "geometry": { "type": "Point", "coordinates": [ 28.22264, 44.257387 ] } },
{ "type": "Feature", "properties": { "wtwdis": 43.5, "catdis": 1, "OBJNAM": null, "INFORM": null, "SCAMIN": 8000 }, "geometry": { "type": "Point", "coordinates": [ 28.223864, 44.257199 ] } },
{ "type": "Feature", "properties": { "wtwdis": 43.4, "catdis": 1, "OBJNAM": null, "INFORM": null, "SCAMIN": 8000 }, "geometry": { "type": "Point", "coordinates": [ 28.225088, 44.257011 ] } },
{ "type": "Feature", "properties": { "wtwdis": 43.3, "catdis": 1, "OBJNAM": null, "INFORM": null, "SCAMIN": 8000 }, "geometry": { "type": "Point", "coordinates": [ 28.226312, 44.256823 ] } },
{ "type": "Feature", "properties": { "wtwdis": 43.2, "catdis": 1, "OBJNAM": null, "INFORM": null, "SCAMIN": 8000 }, "geometry": { "type": "Point", "coordinates": [ 28.227536, 44.256635 ] } },
{ "type": "Feature", "properties": { "wtwdis": 43.1, "catdis": 1, "OBJNAM": null, "INFORM": null, "SCAMIN": 8000 }, "geometry": { "type": "Point", "coordinates": [ 28.228759, 44.256447 ] } },
{ "type": "Feature", "properties": { "wtwdis": 42.9, "catdis": 1, "OBJNAM": null, "INFORM": null, "SCAMIN": 8000 }, "geometry": { "type": "Point", "coordinates": [ 28.231208, 44.256071 ] } },
{ "type": "Feature", "properties": { "wtwdis": 42.8, "catdis": 1, "OBJNAM": null, "INFORM": null, "SCAMIN": 8000 }, "geometry": { "type": "Point", "coordinates": [ 28.232433, 44.255881 ] } },
{ "type": "Feature", "properties": { "wtwdis": 42.7, "catdis": 1, "OBJNAM": null, "INFORM": null, "SCAMIN": 8000 }, "geometry": { "type": "Point", "coordinates": [ 28.233657, 44.255691 ] } },
{ "type": "Feature", "properties": { "wtwdis": 42.6, "catdis": 1, "OBJNAM": null, "INFORM": null, "SCAMIN": 8000 }, "geometry": { "type": "Point", "coordinates": [ 28.234882, 44.255501 ] } },
{ "type": "Feature", "properties": { "wtwdis": 42.5, "catdis": 1, "OBJNAM": null, "INFORM": null, "SCAMIN": 8000 }, "geometry": { "type": "Point", "coordinates": [ 28.236106, 44.25531 ] } },
{ "type": "Feature", "properties": { "wtwdis": 42.4, "catdis": 1, "OBJNAM": null, "INFORM": null, "SCAMIN": 8000 }, "geometry": { "type": "Point", "coordinates": [ 28.23733, 44.255118 ] } },
{ "type": "Feature", "properties": { "wtwdis": 42.3, "catdis": 1, "OBJNAM": null, "INFORM": null, "SCAMIN": 8000 }, "geometry": { "type": "Point", "coordinates": [ 28.238549, 44.254911 ] } },
{ "type": "Feature", "properties": { "wtwdis": 42.2, "catdis": 1, "OBJNAM": null, "INFORM": null, "SCAMIN": 8000 }, "geometry": { "type": "Point", "coordinates": [ 28.239768, 44.254703 ] } },
{ "type": "Feature", "properties": { "wtwdis": 42.1, "catdis": 1, "OBJNAM": null, "INFORM": null, "SCAMIN": 8000 }, "geometry": { "type": "Point", "coordinates": [ 28.240987, 44.254496 ] } },
{ "type": "Feature", "properties": { "wtwdis": 41.9, "catdis": 1, "OBJNAM": null, "INFORM": null, "SCAMIN": 8000 }, "geometry": { "type": "Point", "coordinates": [ 28.243423, 44.254085 ] } },
{ "type": "Feature", "properties": { "wtwdis": 41.8, "catdis": 1, "OBJNAM": null, "INFORM": null, "SCAMIN": 8000 }, "geometry": { "type": "Point", "coordinates": [ 28.244641, 44.253881 ] } },
{ "type": "Feature", "properties": { "wtwdis": 41.7, "catdis": 1, "OBJNAM": null, "INFORM": null, "SCAMIN": 8000 }, "geometry": { "type": "Point", "coordinates": [ 28.245855, 44.253667 ] } },
{ "type": "Feature", "properties": { "wtwdis": 41.6, "catdis": 1, "OBJNAM": null, "INFORM": null, "SCAMIN": 8000 }, "geometry": { "type": "Point", "coordinates": [ 28.247067, 44.253445 ] } },
{ "type": "Feature", "properties": { "wtwdis": 41.5, "catdis": 1, "OBJNAM": null, "INFORM": null, "SCAMIN": 8000 }, "geometry": { "type": "Point", "coordinates": [ 28.248271, 44.253205 ] } },
{ "type": "Feature", "properties": { "wtwdis": 41.4, "catdis": 1, "OBJNAM": null, "INFORM": null, "SCAMIN": 8000 }, "geometry": { "type": "Point", "coordinates": [ 28.249477, 44.252966 ] } },
{ "type": "Feature", "properties": { "wtwdis": 41.3, "catdis": 1, "OBJNAM": null, "INFORM": null, "SCAMIN": 8000 }, "geometry": { "type": "Point", "coordinates": [ 28.250684, 44.252734 ] } },
{ "type": "Feature", "properties": { "wtwdis": 41.2, "catdis": 1, "OBJNAM": null, "INFORM": null, "SCAMIN": 8000 }, "geometry": { "type": "Point", "coordinates": [ 28.251892, 44.252501 ] } },
{ "type": "Feature", "properties": { "wtwdis": 41.1, "catdis": 1, "OBJNAM": null, "INFORM": null, "SCAMIN": 8000 }, "geometry": { "type": "Point", "coordinates": [ 28.2531, 44.252269 ] } },
{ "type": "Feature", "properties": { "wtwdis": 40.9, "catdis": 1, "OBJNAM": null, "INFORM": null, "SCAMIN": 8000 }, "geometry": { "type": "Point", "coordinates": [ 28.255524, 44.251793 ] } },
{ "type": "Feature", "properties": { "wtwdis": 40.8, "catdis": 1, "OBJNAM": null, "INFORM": null, "SCAMIN": 8000 }, "geometry": { "type": "Point", "coordinates": [ 28.256744, 44.251561 ] } },
{ "type": "Feature", "properties": { "wtwdis": 40.7, "catdis": 1, "OBJNAM": null, "INFORM": null, "SCAMIN": 8000 }, "geometry": { "type": "Point", "coordinates": [ 28.257965, 44.251328 ] } },
{ "type": "Feature", "properties": { "wtwdis": 40.6, "catdis": 1, "OBJNAM": null, "INFORM": null, "SCAMIN": 8000 }, "geometry": { "type": "Point", "coordinates": [ 28.259185, 44.251095 ] } },
{ "type": "Feature", "properties": { "wtwdis": 40.5, "catdis": 1, "OBJNAM": null, "INFORM": null, "SCAMIN": 8000 }, "geometry": { "type": "Point", "coordinates": [ 28.260407, 44.250867 ] } },
{ "type": "Feature", "properties": { "wtwdis": 40.4, "catdis": 1, "OBJNAM": null, "INFORM": null, "SCAMIN": 8000 }, "geometry": { "type": "Point", "coordinates": [ 28.26163, 44.25064 ] } },
{ "type": "Feature", "properties": { "wtwdis": 40.3, "catdis": 1, "OBJNAM": null, "INFORM": null, "SCAMIN": 8000 }, "geometry": { "type": "Point", "coordinates": [ 28.262853, 44.250416 ] } },
{ "type": "Feature", "properties": { "wtwdis": 40.2, "catdis": 1, "OBJNAM": null, "INFORM": null, "SCAMIN": 8000 }, "geometry": { "type": "Point", "coordinates": [ 28.264091, 44.250239 ] } },
{ "type": "Feature", "properties": { "wtwdis": 40.1, "catdis": 1, "OBJNAM": null, "INFORM": null, "SCAMIN": 8000 }, "geometry": { "type": "Point", "coordinates": [ 28.265341, 44.250113 ] } },
{ "type": "Feature", "properties": { "wtwdis": 39.9, "catdis": 1, "OBJNAM": null, "INFORM": null, "SCAMIN": 8000 }, "geometry": { "type": "Point", "coordinates": [ 28.267847, 44.249937 ] } },
{ "type": "Feature", "properties": { "wtwdis": 39.8, "catdis": 1, "OBJNAM": null, "INFORM": null, "SCAMIN": 8000 }, "geometry": { "type": "Point", "coordinates": [ 28.2691, 44.249889 ] } },
{ "type": "Feature", "properties": { "wtwdis": 39.7, "catdis": 1, "OBJNAM": null, "INFORM": null, "SCAMIN": 8000 }, "geometry": { "type": "Point", "coordinates": [ 28.270353, 44.249844 ] } },
{ "type": "Feature", "properties": { "wtwdis": 39.6, "catdis": 1, "OBJNAM": null, "INFORM": null, "SCAMIN": 8000 }, "geometry": { "type": "Point", "coordinates": [ 28.271607, 44.249799 ] } },
{ "type": "Feature", "properties": { "wtwdis": 39.5, "catdis": 1, "OBJNAM": null, "INFORM": null, "SCAMIN": 8000 }, "geometry": { "type": "Point", "coordinates": [ 28.272861, 44.249753 ] } },
{ "type": "Feature", "properties": { "wtwdis": 39.4, "catdis": 1, "OBJNAM": null, "INFORM": null, "SCAMIN": 8000 }, "geometry": { "type": "Point", "coordinates": [ 28.274114, 44.24971 ] } },
{ "type": "Feature", "properties": { "wtwdis": 39.3, "catdis": 1, "OBJNAM": null, "INFORM": null, "SCAMIN": 8000 }, "geometry": { "type": "Point", "coordinates": [ 28.275368, 44.249671 ] } },
{ "type": "Feature", "properties": { "wtwdis": 39.2, "catdis": 1, "OBJNAM": null, "INFORM": null, "SCAMIN": 8000 }, "geometry": { "type": "Point", "coordinates": [ 28.276622, 44.249632 ] } },
{ "type": "Feature", "properties": { "wtwdis": 39.1, "catdis": 1, "OBJNAM": null, "INFORM": null, "SCAMIN": 8000 }, "geometry": { "type": "Point", "coordinates": [ 28.277876, 44.249593 ] } },
{ "type": "Feature", "properties": { "wtwdis": 38.9, "catdis": 1, "OBJNAM": null, "INFORM": null, "SCAMIN": 8000 }, "geometry": { "type": "Point", "coordinates": [ 28.280355, 44.249514 ] } },
{ "type": "Feature", "properties": { "wtwdis": 38.8, "catdis": 1, "OBJNAM": null, "INFORM": null, "SCAMIN": 8000 }, "geometry": { "type": "Point", "coordinates": [ 28.281581, 44.249474 ] } },
{ "type": "Feature", "properties": { "wtwdis": 38.7, "catdis": 1, "OBJNAM": null, "INFORM": null, "SCAMIN": 8000 }, "geometry": { "type": "Point", "coordinates": [ 28.282806, 44.249434 ] } },
{ "type": "Feature", "properties": { "wtwdis": 38.6, "catdis": 1, "OBJNAM": null, "INFORM": null, "SCAMIN": 8000 }, "geometry": { "type": "Point", "coordinates": [ 28.284032, 44.249394 ] } },
{ "type": "Feature", "properties": { "wtwdis": 38.5, "catdis": 1, "OBJNAM": null, "INFORM": null, "SCAMIN": 8000 }, "geometry": { "type": "Point", "coordinates": [ 28.285257, 44.249354 ] } },
{ "type": "Feature", "properties": { "wtwdis": 38.4, "catdis": 1, "OBJNAM": null, "INFORM": null, "SCAMIN": 8000 }, "geometry": { "type": "Point", "coordinates": [ 28.286482, 44.249313 ] } },
{ "type": "Feature", "properties": { "wtwdis": 38.3, "catdis": 1, "OBJNAM": null, "INFORM": null, "SCAMIN": 8000 }, "geometry": { "type": "Point", "coordinates": [ 28.287707, 44.249268 ] } },
{ "type": "Feature", "properties": { "wtwdis": 38.2, "catdis": 1, "OBJNAM": null, "INFORM": null, "SCAMIN": 8000 }, "geometry": { "type": "Point", "coordinates": [ 28.288932, 44.249222 ] } },
{ "type": "Feature", "properties": { "wtwdis": 38.1, "catdis": 1, "OBJNAM": null, "INFORM": null, "SCAMIN": 8000 }, "geometry": { "type": "Point", "coordinates": [ 28.290157, 44.249177 ] } },
{ "type": "Feature", "properties": { "wtwdis": 37.9, "catdis": 1, "OBJNAM": null, "INFORM": null, "SCAMIN": 8000 }, "geometry": { "type": "Point", "coordinates": [ 28.292668, 44.249084 ] } },
{ "type": "Feature", "properties": { "wtwdis": 37.8, "catdis": 1, "OBJNAM": null, "INFORM": null, "SCAMIN": 8000 }, "geometry": { "type": "Point", "coordinates": [ 28.293954, 44.249037 ] } },
{ "type": "Feature", "properties": { "wtwdis": 37.7, "catdis": 1, "OBJNAM": null, "INFORM": null, "SCAMIN": 8000 }, "geometry": { "type": "Point", "coordinates": [ 28.29524, 44.248996 ] } },
{ "type": "Feature", "properties": { "wtwdis": 37.6, "catdis": 1, "OBJNAM": null, "INFORM": null, "SCAMIN": 8000 }, "geometry": { "type": "Point", "coordinates": [ 28.296526, 44.248969 ] } },
{ "type": "Feature", "properties": { "wtwdis": 37.5, "catdis": 1, "OBJNAM": null, "INFORM": null, "SCAMIN": 8000 }, "geometry": { "type": "Point", "coordinates": [ 28.297813, 44.248941 ] } },
{ "type": "Feature", "properties": { "wtwdis": 37.4, "catdis": 1, "OBJNAM": null, "INFORM": null, "SCAMIN": 8000 }, "geometry": { "type": "Point", "coordinates": [ 28.2991, 44.248917 ] } },
{ "type": "Feature", "properties": { "wtwdis": 37.3, "catdis": 1, "OBJNAM": null, "INFORM": null, "SCAMIN": 8000 }, "geometry": { "type": "Point", "coordinates": [ 28.300385, 44.248975 ] } },
{ "type": "Feature", "properties": { "wtwdis": 37.2, "catdis": 1, "OBJNAM": null, "INFORM": null, "SCAMIN": 8000 }, "geometry": { "type": "Point", "coordinates": [ 28.301669, 44.249033 ] } },
{ "type": "Feature", "properties": { "wtwdis": 37.1, "catdis": 1, "OBJNAM": null, "INFORM": null, "SCAMIN": 8000 }, "geometry": { "type": "Point", "coordinates": [ 28.302954, 44.249091 ] } },
{ "type": "Feature", "properties": { "wtwdis": 36.9, "catdis": 1, "OBJNAM": null, "INFORM": null, "SCAMIN": 8000 }, "geometry": { "type": "Point", "coordinates": [ 28.305488, 44.249224 ] } },
{ "type": "Feature", "properties": { "wtwdis": 36.8, "catdis": 1, "OBJNAM": null, "INFORM": null, "SCAMIN": 8000 }, "geometry": { "type": "Point", "coordinates": [ 28.306735, 44.249319 ] } },
{ "type": "Feature", "properties": { "wtwdis": 36.7, "catdis": 1, "OBJNAM": null, "INFORM": null, "SCAMIN": 8000 }, "geometry": { "type": "Point", "coordinates": [ 28.307981, 44.249417 ] } },
{ "type": "Feature", "properties": { "wtwdis": 36.6, "catdis": 1, "OBJNAM": null, "INFORM": null, "SCAMIN": 8000 }, "geometry": { "type": "Point", "coordinates": [ 28.309227, 44.249516 ] } },
{ "type": "Feature", "properties": { "wtwdis": 36.5, "catdis": 1, "OBJNAM": null, "INFORM": null, "SCAMIN": 8000 }, "geometry": { "type": "Point", "coordinates": [ 28.310473, 44.249614 ] } },
{ "type": "Feature", "properties": { "wtwdis": 36.4, "catdis": 1, "OBJNAM": null, "INFORM": null, "SCAMIN": 8000 }, "geometry": { "type": "Point", "coordinates": [ 28.311719, 44.249713 ] } },
{ "type": "Feature", "properties": { "wtwdis": 36.3, "catdis": 1, "OBJNAM": null, "INFORM": null, "SCAMIN": 8000 }, "geometry": { "type": "Point", "coordinates": [ 28.312965, 44.249811 ] } },
{ "type": "Feature", "properties": { "wtwdis": 36.2, "catdis": 1, "OBJNAM": null, "INFORM": null, "SCAMIN": 8000 }, "geometry": { "type": "Point", "coordinates": [ 28.314211, 44.249909 ] } },
{ "type": "Feature", "properties": { "wtwdis": 36.1, "catdis": 1, "OBJNAM": null, "INFORM": null, "SCAMIN": 8000 }, "geometry": { "type": "Point", "coordinates": [ 28.315457, 44.250007 ] } },
{ "type": "Feature", "properties": { "wtwdis": 35.9, "catdis": 1, "OBJNAM": null, "INFORM": null, "SCAMIN": 8000 }, "geometry": { "type": "Point", "coordinates": [ 28.317944, 44.250189 ] } },
{ "type": "Feature", "properties": { "wtwdis": 35.8, "catdis": 1, "OBJNAM": null, "INFORM": null, "SCAMIN": 8000 }, "geometry": { "type": "Point", "coordinates": [ 28.319184, 44.250277 ] } },
{ "type": "Feature", "properties": { "wtwdis": 35.7, "catdis": 1, "OBJNAM": null, "INFORM": null, "SCAMIN": 8000 }, "geometry": { "type": "Point", "coordinates": [ 28.320424, 44.250365 ] } },
{ "type": "Feature", "properties": { "wtwdis": 35.6, "catdis": 1, "OBJNAM": null, "INFORM": null, "SCAMIN": 8000 }, "geometry": { "type": "Point", "coordinates": [ 28.321663, 44.250453 ] } },
{ "type": "Feature", "properties": { "wtwdis": 35.5, "catdis": 1, "OBJNAM": null, "INFORM": null, "SCAMIN": 8000 }, "geometry": { "type": "Point", "coordinates": [ 28.322903, 44.25054 ] } },
{ "type": "Feature", "properties": { "wtwdis": 35.4, "catdis": 1, "OBJNAM": null, "INFORM": null, "SCAMIN": 8000 }, "geometry": { "type": "Point", "coordinates": [ 28.324143, 44.250627 ] } },
{ "type": "Feature", "properties": { "wtwdis": 35.3, "catdis": 1, "OBJNAM": null, "INFORM": null, "SCAMIN": 8000 }, "geometry": { "type": "Point", "coordinates": [ 28.325383, 44.250714 ] } },
{ "type": "Feature", "properties": { "wtwdis": 35.2, "catdis": 1, "OBJNAM": null, "INFORM": null, "SCAMIN": 8000 }, "geometry": { "type": "Point", "coordinates": [ 28.326626, 44.250768 ] } },
{ "type": "Feature", "properties": { "wtwdis": 35.1, "catdis": 1, "OBJNAM": null, "INFORM": null, "SCAMIN": 8000 }, "geometry": { "type": "Point", "coordinates": [ 28.327871, 44.250802 ] } },
{ "type": "Feature", "properties": { "wtwdis": 34.9, "catdis": 1, "OBJNAM": null, "INFORM": null, "SCAMIN": 8000 }, "geometry": { "type": "Point", "coordinates": [ 28.330348, 44.250802 ] } },
{ "type": "Feature", "properties": { "wtwdis": 59.0, "catdis": 3, "OBJNAM": null, "INFORM": null, "SCAMIN": 22000 }, "geometry": { "type": "Point", "coordinates": [ 28.050969, 44.30369 ] } },
{ "type": "Feature", "properties": { "wtwdis": 59.0, "catdis": 3, "OBJNAM": null, "INFORM": null, "SCAMIN": 22000 }, "geometry": { "type": "Point", "coordinates": [ 28.052766, 44.304869 ] } },
{ "type": "Feature", "properties": { "wtwdis": 58.0, "catdis": 3, "OBJNAM": null, "INFORM": null, "SCAMIN": 22000 }, "geometry": { "type": "Point", "coordinates": [ 28.058364, 44.298071 ] } },
{ "type": "Feature", "properties": { "wtwdis": 58.0, "catdis": 3, "OBJNAM": null, "INFORM": null, "SCAMIN": 22000 }, "geometry": { "type": "Point", "coordinates": [ 28.056866, 44.296727 ] } },
{ "type": "Feature", "properties": { "wtwdis": 57.0, "catdis": 3, "OBJNAM": null, "INFORM": null, "SCAMIN": 22000 }, "geometry": { "type": "Point", "coordinates": [ 28.066067, 44.290971 ] } },
{ "type": "Feature", "properties": { "wtwdis": 57.0, "catdis": 3, "OBJNAM": null, "INFORM": null, "SCAMIN": 22000 }, "geometry": { "type": "Point", "coordinates": [ 28.064925, 44.289771 ] } },
{ "type": "Feature", "properties": { "wtwdis": 56.0, "catdis": 3, "OBJNAM": null, "INFORM": null, "SCAMIN": 22000 }, "geometry": { "type": "Point", "coordinates": [ 28.073063, 44.282898 ] } },
{ "type": "Feature", "properties": { "wtwdis": 56.0, "catdis": 3, "OBJNAM": null, "INFORM": null, "SCAMIN": 22000 }, "geometry": { "type": "Point", "coordinates": [ 28.074307, 44.28419 ] } },
{ "type": "Feature", "properties": { "wtwdis": 55.0, "catdis": 3, "OBJNAM": null, "INFORM": null, "SCAMIN": 22000 }, "geometry": { "type": "Point", "coordinates": [ 28.082376, 44.276355 ] } },
{ "type": "Feature", "properties": { "wtwdis": 55.0, "catdis": 3, "OBJNAM": null, "INFORM": null, "SCAMIN": 22000 }, "geometry": { "type": "Point", "coordinates": [ 28.083215, 44.27786 ] } },
{ "type": "Feature", "properties": { "wtwdis": 54.0, "catdis": 3, "OBJNAM": null, "INFORM": null, "SCAMIN": 22000 }, "geometry": { "type": "Point", "coordinates": [ 28.094154, 44.272337 ] } },
{ "type": "Feature", "properties": { "wtwdis": 54.0, "catdis": 3, "OBJNAM": null, "INFORM": null, "SCAMIN": 22000 }, "geometry": { "type": "Point", "coordinates": [ 28.094484, 44.273897 ] } },
{ "type": "Feature", "properties": { "wtwdis": 53.0, "catdis": 3, "OBJNAM": null, "INFORM": null, "SCAMIN": 22000 }, "geometry": { "type": "Point", "coordinates": [ 28.10641, 44.270325 ] } },
{ "type": "Feature", "properties": { "wtwdis": 53.0, "catdis": 3, "OBJNAM": null, "INFORM": null, "SCAMIN": 22000 }, "geometry": { "type": "Point", "coordinates": [ 28.106644, 44.271703 ] } },
{ "type": "Feature", "properties": { "wtwdis": 52.0, "catdis": 3, "OBJNAM": null, "INFORM": null, "SCAMIN": 22000 }, "geometry": { "type": "Point", "coordinates": [ 28.118661, 44.268393 ] } },
{ "type": "Feature", "properties": { "wtwdis": 52.0, "catdis": 3, "OBJNAM": null, "INFORM": null, "SCAMIN": 22000 }, "geometry": { "type": "Point", "coordinates": [ 28.118883, 44.269765 ] } },
{ "type": "Feature", "properties": { "wtwdis": 51.0, "catdis": 3, "OBJNAM": null, "INFORM": null, "SCAMIN": 22000 }, "geometry": { "type": "Point", "coordinates": [ 28.130875, 44.266381 ] } },
{ "type": "Feature", "properties": { "wtwdis": 51.0, "catdis": 3, "OBJNAM": null, "INFORM": null, "SCAMIN": 22000 }, "geometry": { "type": "Point", "coordinates": [ 28.131122, 44.267797 ] } },
{ "type": "Feature", "properties": { "wtwdis": 50.0, "catdis": 3, "OBJNAM": null, "INFORM": null, "SCAMIN": 22000 }, "geometry": { "type": "Point", "coordinates": [ 28.143245, 44.265881 ] } },
{ "type": "Feature", "properties": { "wtwdis": 50.0, "catdis": 3, "OBJNAM": null, "INFORM": null, "SCAMIN": 22000 }, "geometry": { "type": "Point", "coordinates": [ 28.143042, 44.264428 ] } },
{ "type": "Feature", "properties": { "wtwdis": 49.0, "catdis": 3, "OBJNAM": null, "INFORM": null, "SCAMIN": 22000 }, "geometry": { "type": "Point", "coordinates": [ 28.155432, 44.263142 ] } },
{ "type": "Feature", "properties": { "wtwdis": 49.0, "catdis": 3, "OBJNAM": null, "INFORM": null, "SCAMIN": 22000 }, "geometry": { "type": "Point", "coordinates": [ 28.155528, 44.26456 ] } },
{ "type": "Feature", "properties": { "wtwdis": 48.0, "catdis": 3, "OBJNAM": null, "INFORM": null, "SCAMIN": 22000 }, "geometry": { "type": "Point", "coordinates": [ 28.168146, 44.262243 ] } },
{ "type": "Feature", "properties": { "wtwdis": 48.0, "catdis": 3, "OBJNAM": null, "INFORM": null, "SCAMIN": 22000 }, "geometry": { "type": "Point", "coordinates": [ 28.16821, 44.263636 ] } },
{ "type": "Feature", "properties": { "wtwdis": 47.0, "catdis": 3, "OBJNAM": null, "INFORM": null, "SCAMIN": 22000 }, "geometry": { "type": "Point", "coordinates": [ 28.180479, 44.261425 ] } },
{ "type": "Feature", "properties": { "wtwdis": 47.0, "catdis": 3, "OBJNAM": null, "INFORM": null, "SCAMIN": 22000 }, "geometry": { "type": "Point", "coordinates": [ 28.180669, 44.262752 ] } },
{ "type": "Feature", "properties": { "wtwdis": 46.0, "catdis": 3, "OBJNAM": null, "INFORM": null, "SCAMIN": 22000 }, "geometry": { "type": "Point", "coordinates": [ 28.193026, 44.260441 ] } },
{ "type": "Feature", "properties": { "wtwdis": 46.0, "catdis": 3, "OBJNAM": null, "INFORM": null, "SCAMIN": 22000 }, "geometry": { "type": "Point", "coordinates": [ 28.193147, 44.261862 ] } },
{ "type": "Feature", "properties": { "wtwdis": 45.0, "catdis": 3, "OBJNAM": null, "INFORM": null, "SCAMIN": 22000 }, "geometry": { "type": "Point", "coordinates": [ 28.205334, 44.259269 ] } },
{ "type": "Feature", "properties": { "wtwdis": 45.0, "catdis": 3, "OBJNAM": null, "INFORM": null, "SCAMIN": 22000 }, "geometry": { "type": "Point", "coordinates": [ 28.205553, 44.26068 ] } },
{ "type": "Feature", "properties": { "wtwdis": 59.0, "catdis": 1, "OBJNAM": null, "INFORM": null, "SCAMIN": 8000 }, "geometry": { "type": "Point", "coordinates": [ 28.051998, 44.304334 ] } },
{ "type": "Feature", "properties": { "wtwdis": 58.0, "catdis": 1, "OBJNAM": null, "INFORM": null, "SCAMIN": 8000 }, "geometry": { "type": "Point", "coordinates": [ 28.057653, 44.297434 ] } },
{ "type": "Feature", "properties": { "wtwdis": 57.0, "catdis": 1, "OBJNAM": null, "INFORM": null, "SCAMIN": 8000 }, "geometry": { "type": "Point", "coordinates": [ 28.065516, 44.29039 ] } },
{ "type": "Feature", "properties": { "wtwdis": 56.0, "catdis": 1, "OBJNAM": null, "INFORM": null, "SCAMIN": 8000 }, "geometry": { "type": "Point", "coordinates": [ 28.073653, 44.283515 ] } },
{ "type": "Feature", "properties": { "wtwdis": 55.0, "catdis": 1, "OBJNAM": null, "INFORM": null, "SCAMIN": 8000 }, "geometry": { "type": "Point", "coordinates": [ 28.082791, 44.277089 ] } },
{ "type": "Feature", "properties": { "wtwdis": 54.0, "catdis": 1, "OBJNAM": null, "INFORM": null, "SCAMIN": 8000 }, "geometry": { "type": "Point", "coordinates": [ 28.094316, 44.273105 ] } },
{ "type": "Feature", "properties": { "wtwdis": 53.0, "catdis": 1, "OBJNAM": null, "INFORM": null, "SCAMIN": 8000 }, "geometry": { "type": "Point", "coordinates": [ 28.106523, 44.270987 ] } },
{ "type": "Feature", "properties": { "wtwdis": 52.0, "catdis": 1, "OBJNAM": null, "INFORM": null, "SCAMIN": 8000 }, "geometry": { "type": "Point", "coordinates": [ 28.11877, 44.269061 ] } },
{ "type": "Feature", "properties": { "wtwdis": 51.0, "catdis": 1, "OBJNAM": null, "INFORM": null, "SCAMIN": 8000 }, "geometry": { "type": "Point", "coordinates": [ 28.130997, 44.267089 ] } },
{ "type": "Feature", "properties": { "wtwdis": 50.0, "catdis": 1, "OBJNAM": null, "INFORM": null, "SCAMIN": 8000 }, "geometry": { "type": "Point", "coordinates": [ 28.143137, 44.265102 ] } },
{ "type": "Feature", "properties": { "wtwdis": 45.0, "catdis": 1, "OBJNAM": null, "INFORM": null, "SCAMIN": 8000 }, "geometry": { "type": "Point", "coordinates": [ 28.20544, 44.259953 ] } },
{ "type": "Feature", "properties": { "wtwdis": 46.0, "catdis": 1, "OBJNAM": null, "INFORM": null, "SCAMIN": 8000 }, "geometry": { "type": "Point", "coordinates": [ 28.193087, 44.261165 ] } },
{ "type": "Feature", "properties": { "wtwdis": 47.0, "catdis": 1, "OBJNAM": null, "INFORM": null, "SCAMIN": 8000 }, "geometry": { "type": "Point", "coordinates": [ 28.180568, 44.262049 ] } },
{ "type": "Feature", "properties": { "wtwdis": 48.0, "catdis": 1, "OBJNAM": null, "INFORM": null, "SCAMIN": 8000 }, "geometry": { "type": "Point", "coordinates": [ 28.168177, 44.262934 ] } },
{ "type": "Feature", "properties": { "wtwdis": 49.0, "catdis": 1, "OBJNAM": null, "INFORM": null, "SCAMIN": 8000 }, "geometry": { "type": "Point", "coordinates": [ 28.155479, 44.263834 ] } },
{ "type": "Feature", "properties": { "wtwdis": 59.7, "catdis": 1, "OBJNAM": null, "INFORM": null, "SCAMIN": 8000 }, "geometry": { "type": "Point", "coordinates": [ 28.047554, 44.310226 ] } },
{ "type": "Feature", "properties": { "wtwdis": 59.6, "catdis": 1, "OBJNAM": null, "INFORM": null, "SCAMIN": 8000 }, "geometry": { "type": "Point", "coordinates": [ 28.048169, 44.30939 ] } },
{ "type": "Feature", "properties": { "wtwdis": 59.5, "catdis": 1, "OBJNAM": null, "INFORM": null, "SCAMIN": 8000 }, "geometry": { "type": "Point", "coordinates": [ 28.048808, 44.308548 ] } },
{ "type": "Feature", "properties": { "wtwdis": 59.4, "catdis": 1, "OBJNAM": null, "INFORM": null, "SCAMIN": 8000 }, "geometry": { "type": "Point", "coordinates": [ 28.049446, 44.307705 ] } },
{ "type": "Feature", "properties": { "wtwdis": 59.3, "catdis": 1, "OBJNAM": null, "INFORM": null, "SCAMIN": 8000 }, "geometry": { "type": "Point", "coordinates": [ 28.050084, 44.306862 ] } },
{ "type": "Feature", "properties": { "wtwdis": 59.2, "catdis": 1, "OBJNAM": null, "INFORM": null, "SCAMIN": 8000 }, "geometry": { "type": "Point", "coordinates": [ 28.050722, 44.306019 ] } },
{ "type": "Feature", "properties": { "wtwdis": 59.1, "catdis": 1, "OBJNAM": null, "INFORM": null, "SCAMIN": 8000 }, "geometry": { "type": "Point", "coordinates": [ 28.05136, 44.305177 ] } },
{ "type": "Feature", "properties": { "wtwdis": 58.9, "catdis": 1, "OBJNAM": null, "INFORM": null, "SCAMIN": 8000 }, "geometry": { "type": "Point", "coordinates": [ 28.052527, 44.303629 ] } },
{ "type": "Feature", "properties": { "wtwdis": 58.8, "catdis": 1, "OBJNAM": null, "INFORM": null, "SCAMIN": 8000 }, "geometry": { "type": "Point", "coordinates": [ 28.053055, 44.302923 ] } },
{ "type": "Feature", "properties": { "wtwdis": 58.7, "catdis": 1, "OBJNAM": null, "INFORM": null, "SCAMIN": 8000 }, "geometry": { "type": "Point", "coordinates": [ 28.053583, 44.302217 ] } },
{ "type": "Feature", "properties": { "wtwdis": 58.6, "catdis": 1, "OBJNAM": null, "INFORM": null, "SCAMIN": 8000 }, "geometry": { "type": "Point", "coordinates": [ 28.054111, 44.301512 ] } },
{ "type": "Feature", "properties": { "wtwdis": 58.5, "catdis": 1, "OBJNAM": null, "INFORM": null, "SCAMIN": 8000 }, "geometry": { "type": "Point", "coordinates": [ 28.054693, 44.300829 ] } },
{ "type": "Feature", "properties": { "wtwdis": 58.4, "catdis": 1, "OBJNAM": null, "INFORM": null, "SCAMIN": 8000 }, "geometry": { "type": "Point", "coordinates": [ 28.055285, 44.30015 ] } },
{ "type": "Feature", "properties": { "wtwdis": 58.3, "catdis": 1, "OBJNAM": null, "INFORM": null, "SCAMIN": 8000 }, "geometry": { "type": "Point", "coordinates": [ 28.055877, 44.299471 ] } },
{ "type": "Feature", "properties": { "wtwdis": 58.2, "catdis": 1, "OBJNAM": null, "INFORM": null, "SCAMIN": 8000 }, "geometry": { "type": "Point", "coordinates": [ 28.056469, 44.298792 ] } },
{ "type": "Feature", "properties": { "wtwdis": 58.1, "catdis": 1, "OBJNAM": null, "INFORM": null, "SCAMIN": 8000 }, "geometry": { "type": "Point", "coordinates": [ 28.057061, 44.298113 ] } },
{ "type": "Feature", "properties": { "wtwdis": 57.9, "catdis": 1, "OBJNAM": null, "INFORM": null, "SCAMIN": 8000 }, "geometry": { "type": "Point", "coordinates": [ 28.05842, 44.296718 ] } },
{ "type": "Feature", "properties": { "wtwdis": 57.8, "catdis": 1, "OBJNAM": null, "INFORM": null, "SCAMIN": 8000 }, "geometry": { "type": "Point", "coordinates": [ 28.059186, 44.296002 ] } },
{ "type": "Feature", "properties": { "wtwdis": 57.7, "catdis": 1, "OBJNAM": null, "INFORM": null, "SCAMIN": 8000 }, "geometry": { "type": "Point", "coordinates": [ 28.059952, 44.295286 ] } },
{ "type": "Feature", "properties": { "wtwdis": 57.6, "catdis": 1, "OBJNAM": null, "INFORM": null, "SCAMIN": 8000 }, "geometry": { "type": "Point", "coordinates": [ 28.060718, 44.29457 ] } },
{ "type": "Feature", "properties": { "wtwdis": 57.5, "catdis": 1, "OBJNAM": null, "INFORM": null, "SCAMIN": 8000 }, "geometry": { "type": "Point", "coordinates": [ 28.061484, 44.293854 ] } },
{ "type": "Feature", "properties": { "wtwdis": 57.4, "catdis": 1, "OBJNAM": null, "INFORM": null, "SCAMIN": 8000 }, "geometry": { "type": "Point", "coordinates": [ 28.062266, 44.293147 ] } },
{ "type": "Feature", "properties": { "wtwdis": 57.3, "catdis": 1, "OBJNAM": null, "INFORM": null, "SCAMIN": 8000 }, "geometry": { "type": "Point", "coordinates": [ 28.063079, 44.292458 ] } },
{ "type": "Feature", "properties": { "wtwdis": 57.2, "catdis": 1, "OBJNAM": null, "INFORM": null, "SCAMIN": 8000 }, "geometry": { "type": "Point", "coordinates": [ 28.063891, 44.291768 ] } },
{ "type": "Feature", "properties": { "wtwdis": 57.1, "catdis": 1, "OBJNAM": null, "INFORM": null, "SCAMIN": 8000 }, "geometry": { "type": "Point", "coordinates": [ 28.064704, 44.291079 ] } },
{ "type": "Feature", "properties": { "wtwdis": 56.9, "catdis": 1, "OBJNAM": null, "INFORM": null, "SCAMIN": 8000 }, "geometry": { "type": "Point", "coordinates": [ 28.066328, 44.289701 ] } },
{ "type": "Feature", "properties": { "wtwdis": 56.8, "catdis": 1, "OBJNAM": null, "INFORM": null, "SCAMIN": 8000 }, "geometry": { "type": "Point", "coordinates": [ 28.06714, 44.289013 ] } },
{ "type": "Feature", "properties": { "wtwdis": 56.7, "catdis": 1, "OBJNAM": null, "INFORM": null, "SCAMIN": 8000 }, "geometry": { "type": "Point", "coordinates": [ 28.067952, 44.288324 ] } },
{ "type": "Feature", "properties": { "wtwdis": 56.6, "catdis": 1, "OBJNAM": null, "INFORM": null, "SCAMIN": 8000 }, "geometry": { "type": "Point", "coordinates": [ 28.068764, 44.287635 ] } },
{ "type": "Feature", "properties": { "wtwdis": 56.5, "catdis": 1, "OBJNAM": null, "INFORM": null, "SCAMIN": 8000 }, "geometry": { "type": "Point", "coordinates": [ 28.069575, 44.286947 ] } },
{ "type": "Feature", "properties": { "wtwdis": 56.4, "catdis": 1, "OBJNAM": null, "INFORM": null, "SCAMIN": 8000 }, "geometry": { "type": "Point", "coordinates": [ 28.070391, 44.28626 ] } },
{ "type": "Feature", "properties": { "wtwdis": 56.3, "catdis": 1, "OBJNAM": null, "INFORM": null, "SCAMIN": 8000 }, "geometry": { "type": "Point", "coordinates": [ 28.071206, 44.285574 ] } },
{ "type": "Feature", "properties": { "wtwdis": 56.2, "catdis": 1, "OBJNAM": null, "INFORM": null, "SCAMIN": 8000 }, "geometry": { "type": "Point", "coordinates": [ 28.072022, 44.284888 ] } },
{ "type": "Feature", "properties": { "wtwdis": 56.1, "catdis": 1, "OBJNAM": null, "INFORM": null, "SCAMIN": 8000 }, "geometry": { "type": "Point", "coordinates": [ 28.072838, 44.284202 ] } },
{ "type": "Feature", "properties": { "wtwdis": 55.9, "catdis": 1, "OBJNAM": null, "INFORM": null, "SCAMIN": 8000 }, "geometry": { "type": "Point", "coordinates": [ 28.074508, 44.282829 ] } },
{ "type": "Feature", "properties": { "wtwdis": 55.8, "catdis": 1, "OBJNAM": null, "INFORM": null, "SCAMIN": 8000 }, "geometry": { "type": "Point", "coordinates": [ 28.075363, 44.282143 ] } },
{ "type": "Feature", "properties": { "wtwdis": 55.7, "catdis": 1, "OBJNAM": null, "INFORM": null, "SCAMIN": 8000 }, "geometry": { "type": "Point", "coordinates": [ 28.07622, 44.281457 ] } },
{ "type": "Feature", "properties": { "wtwdis": 55.6, "catdis": 1, "OBJNAM": null, "INFORM": null, "SCAMIN": 8000 }, "geometry": { "type": "Point", "coordinates": [ 28.077106, 44.280792 ] } },
{ "type": "Feature", "properties": { "wtwdis": 55.5, "catdis": 1, "OBJNAM": null, "INFORM": null, "SCAMIN": 8000 }, "geometry": { "type": "Point", "coordinates": [ 28.077991, 44.280125 ] } },
{ "type": "Feature", "properties": { "wtwdis": 55.4, "catdis": 1, "OBJNAM": null, "INFORM": null, "SCAMIN": 8000 }, "geometry": { "type": "Point", "coordinates": [ 28.078875, 44.279459 ] } },
{ "type": "Feature", "properties": { "wtwdis": 55.3, "catdis": 1, "OBJNAM": null, "INFORM": null, "SCAMIN": 8000 }, "geometry": { "type": "Point", "coordinates": [ 28.079783, 44.278808 ] } },
{ "type": "Feature", "properties": { "wtwdis": 55.2, "catdis": 1, "OBJNAM": null, "INFORM": null, "SCAMIN": 8000 }, "geometry": { "type": "Point", "coordinates": [ 28.080756, 44.27821 ] } },
{ "type": "Feature", "properties": { "wtwdis": 55.1, "catdis": 1, "OBJNAM": null, "INFORM": null, "SCAMIN": 8000 }, "geometry": { "type": "Point", "coordinates": [ 28.081771, 44.277647 ] } },
{ "type": "Feature", "properties": { "wtwdis": 54.9, "catdis": 1, "OBJNAM": null, "INFORM": null, "SCAMIN": 8000 }, "geometry": { "type": "Point", "coordinates": [ 28.083861, 44.276578 ] } },
{ "type": "Feature", "properties": { "wtwdis": 54.8, "catdis": 1, "OBJNAM": null, "INFORM": null, "SCAMIN": 8000 }, "geometry": { "type": "Point", "coordinates": [ 28.084961, 44.276103 ] } },
{ "type": "Feature", "properties": { "wtwdis": 54.7, "catdis": 1, "OBJNAM": null, "INFORM": null, "SCAMIN": 8000 }, "geometry": { "type": "Point", "coordinates": [ 28.086066, 44.275632 ] } },
{ "type": "Feature", "properties": { "wtwdis": 54.6, "catdis": 1, "OBJNAM": null, "INFORM": null, "SCAMIN": 8000 }, "geometry": { "type": "Point", "coordinates": [ 28.087181, 44.275174 ] } },
{ "type": "Feature", "properties": { "wtwdis": 54.5, "catdis": 1, "OBJNAM": null, "INFORM": null, "SCAMIN": 8000 }, "geometry": { "type": "Point", "coordinates": [ 28.08833, 44.274763 ] } },
{ "type": "Feature", "properties": { "wtwdis": 54.4, "catdis": 1, "OBJNAM": null, "INFORM": null, "SCAMIN": 8000 }, "geometry": { "type": "Point", "coordinates": [ 28.089495, 44.274375 ] } },
{ "type": "Feature", "properties": { "wtwdis": 54.3, "catdis": 1, "OBJNAM": null, "INFORM": null, "SCAMIN": 8000 }, "geometry": { "type": "Point", "coordinates": [ 28.090676, 44.274012 ] } },
{ "type": "Feature", "properties": { "wtwdis": 54.2, "catdis": 1, "OBJNAM": null, "INFORM": null, "SCAMIN": 8000 }, "geometry": { "type": "Point", "coordinates": [ 28.091895, 44.273722 ] } },
{ "type": "Feature", "properties": { "wtwdis": 54.1, "catdis": 1, "OBJNAM": null, "INFORM": null, "SCAMIN": 8000 }, "geometry": { "type": "Point", "coordinates": [ 28.093103, 44.273409 ] } },
{ "type": "Feature", "properties": { "wtwdis": 53.9, "catdis": 1, "OBJNAM": null, "INFORM": null, "SCAMIN": 8000 }, "geometry": { "type": "Point", "coordinates": [ 28.095523, 44.272856 ] } },
{ "type": "Feature", "properties": { "wtwdis": 53.8, "catdis": 1, "OBJNAM": null, "INFORM": null, "SCAMIN": 8000 }, "geometry": { "type": "Point", "coordinates": [ 28.096744, 44.272646 ] } },
{ "type": "Feature", "properties": { "wtwdis": 53.7, "catdis": 1, "OBJNAM": null, "INFORM": null, "SCAMIN": 8000 }, "geometry": { "type": "Point", "coordinates": [ 28.097966, 44.272436 ] } },
{ "type": "Feature", "properties": { "wtwdis": 53.6, "catdis": 1, "OBJNAM": null, "INFORM": null, "SCAMIN": 8000 }, "geometry": { "type": "Point", "coordinates": [ 28.099187, 44.272226 ] } },
{ "type": "Feature", "properties": { "wtwdis": 53.5, "catdis": 1, "OBJNAM": null, "INFORM": null, "SCAMIN": 8000 }, "geometry": { "type": "Point", "coordinates": [ 28.100409, 44.272016 ] } },
{ "type": "Feature", "properties": { "wtwdis": 53.4, "catdis": 1, "OBJNAM": null, "INFORM": null, "SCAMIN": 8000 }, "geometry": { "type": "Point", "coordinates": [ 28.101631, 44.271808 ] } },
{ "type": "Feature", "properties": { "wtwdis": 53.3, "catdis": 1, "OBJNAM": null, "INFORM": null, "SCAMIN": 8000 }, "geometry": { "type": "Point", "coordinates": [ 28.102854, 44.271603 ] } },
{ "type": "Feature", "properties": { "wtwdis": 53.2, "catdis": 1, "OBJNAM": null, "INFORM": null, "SCAMIN": 8000 }, "geometry": { "type": "Point", "coordinates": [ 28.104077, 44.271398 ] } },
{ "type": "Feature", "properties": { "wtwdis": 53.1, "catdis": 1, "OBJNAM": null, "INFORM": null, "SCAMIN": 8000 }, "geometry": { "type": "Point", "coordinates": [ 28.1053, 44.271193 ] } },
{ "type": "Feature", "properties": { "wtwdis": 52.9, "catdis": 1, "OBJNAM": null, "INFORM": null, "SCAMIN": 8000 }, "geometry": { "type": "Point", "coordinates": [ 28.107748, 44.270798 ] } },
{ "type": "Feature", "properties": { "wtwdis": 52.8, "catdis": 1, "OBJNAM": null, "INFORM": null, "SCAMIN": 8000 }, "geometry": { "type": "Point", "coordinates": [ 28.108974, 44.270609 ] } },
{ "type": "Feature", "properties": { "wtwdis": 52.7, "catdis": 1, "OBJNAM": null, "INFORM": null, "SCAMIN": 8000 }, "geometry": { "type": "Point", "coordinates": [ 28.1102, 44.27042 ] } },
{ "type": "Feature", "properties": { "wtwdis": 52.6, "catdis": 1, "OBJNAM": null, "INFORM": null, "SCAMIN": 8000 }, "geometry": { "type": "Point", "coordinates": [ 28.111426, 44.270231 ] } },
{ "type": "Feature", "properties": { "wtwdis": 52.5, "catdis": 1, "OBJNAM": null, "INFORM": null, "SCAMIN": 8000 }, "geometry": { "type": "Point", "coordinates": [ 28.112652, 44.270042 ] } },
{ "type": "Feature", "properties": { "wtwdis": 52.4, "catdis": 1, "OBJNAM": null, "INFORM": null, "SCAMIN": 8000 }, "geometry": { "type": "Point", "coordinates": [ 28.113878, 44.269853 ] } },
{ "type": "Feature", "properties": { "wtwdis": 52.3, "catdis": 1, "OBJNAM": null, "INFORM": null, "SCAMIN": 8000 }, "geometry": { "type": "Point", "coordinates": [ 28.115103, 44.269663 ] } },
{ "type": "Feature", "properties": { "wtwdis": 52.2, "catdis": 1, "OBJNAM": null, "INFORM": null, "SCAMIN": 8000 }, "geometry": { "type": "Point", "coordinates": [ 28.116325, 44.269463 ] } },
{ "type": "Feature", "properties": { "wtwdis": 52.1, "catdis": 1, "OBJNAM": null, "INFORM": null, "SCAMIN": 8000 }, "geometry": { "type": "Point", "coordinates": [ 28.117548, 44.269262 ] } },
{ "type": "Feature", "properties": { "wtwdis": 51.9, "catdis": 1, "OBJNAM": null, "INFORM": null, "SCAMIN": 8000 }, "geometry": { "type": "Point", "coordinates": [ 28.119993, 44.268864 ] } },
{ "type": "Feature", "properties": { "wtwdis": 51.8, "catdis": 1, "OBJNAM": null, "INFORM": null, "SCAMIN": 8000 }, "geometry": { "type": "Point", "coordinates": [ 28.121215, 44.268667 ] } },
{ "type": "Feature", "properties": { "wtwdis": 51.7, "catdis": 1, "OBJNAM": null, "INFORM": null, "SCAMIN": 8000 }, "geometry": { "type": "Point", "coordinates": [ 28.122438, 44.26847 ] } },
{ "type": "Feature", "properties": { "wtwdis": 51.6, "catdis": 1, "OBJNAM": null, "INFORM": null, "SCAMIN": 8000 }, "geometry": { "type": "Point", "coordinates": [ 28.123661, 44.268272 ] } },
{ "type": "Feature", "properties": { "wtwdis": 51.5, "catdis": 1, "OBJNAM": null, "INFORM": null, "SCAMIN": 8000 }, "geometry": { "type": "Point", "coordinates": [ 28.124883, 44.268075 ] } },
{ "type": "Feature", "properties": { "wtwdis": 51.4, "catdis": 1, "OBJNAM": null, "INFORM": null, "SCAMIN": 8000 }, "geometry": { "type": "Point", "coordinates": [ 28.126106, 44.267878 ] } },
{ "type": "Feature", "properties": { "wtwdis": 51.3, "catdis": 1, "OBJNAM": null, "INFORM": null, "SCAMIN": 8000 }, "geometry": { "type": "Point", "coordinates": [ 28.127329, 44.267681 ] } },
{ "type": "Feature", "properties": { "wtwdis": 51.2, "catdis": 1, "OBJNAM": null, "INFORM": null, "SCAMIN": 8000 }, "geometry": { "type": "Point", "coordinates": [ 28.128552, 44.267483 ] } },
{ "type": "Feature", "properties": { "wtwdis": 51.1, "catdis": 1, "OBJNAM": null, "INFORM": null, "SCAMIN": 8000 }, "geometry": { "type": "Point", "coordinates": [ 28.129774, 44.267286 ] } },
{ "type": "Feature", "properties": { "wtwdis": 50.9, "catdis": 1, "OBJNAM": null, "INFORM": null, "SCAMIN": 8000 }, "geometry": { "type": "Point", "coordinates": [ 28.13221, 44.266887 ] } },
{ "type": "Feature", "properties": { "wtwdis": 50.8, "catdis": 1, "OBJNAM": null, "INFORM": null, "SCAMIN": 8000 }, "geometry": { "type": "Point", "coordinates": [ 28.133423, 44.266686 ] } },
{ "type": "Feature", "properties": { "wtwdis": 50.7, "catdis": 1, "OBJNAM": null, "INFORM": null, "SCAMIN": 8000 }, "geometry": { "type": "Point", "coordinates": [ 28.134637, 44.266485 ] } },
{ "type": "Feature", "properties": { "wtwdis": 50.6, "catdis": 1, "OBJNAM": null, "INFORM": null, "SCAMIN": 8000 }, "geometry": { "type": "Point", "coordinates": [ 28.135851, 44.266287 ] } },
{ "type": "Feature", "properties": { "wtwdis": 50.5, "catdis": 1, "OBJNAM": null, "INFORM": null, "SCAMIN": 8000 }, "geometry": { "type": "Point", "coordinates": [ 28.137065, 44.26609 ] } },
{ "type": "Feature", "properties": { "wtwdis": 50.4, "catdis": 1, "OBJNAM": null, "INFORM": null, "SCAMIN": 8000 }, "geometry": { "type": "Point", "coordinates": [ 28.13828, 44.265892 ] } },
{ "type": "Feature", "properties": { "wtwdis": 50.3, "catdis": 1, "OBJNAM": null, "INFORM": null, "SCAMIN": 8000 }, "geometry": { "type": "Point", "coordinates": [ 28.139494, 44.265695 ] } },
{ "type": "Feature", "properties": { "wtwdis": 50.2, "catdis": 1, "OBJNAM": null, "INFORM": null, "SCAMIN": 8000 }, "geometry": { "type": "Point", "coordinates": [ 28.140709, 44.265497 ] } },
{ "type": "Feature", "properties": { "wtwdis": 50.1, "catdis": 1, "OBJNAM": null, "INFORM": null, "SCAMIN": 8000 }, "geometry": { "type": "Point", "coordinates": [ 28.141923, 44.265299 ] } },
{ "type": "Feature", "properties": { "wtwdis": 49.9, "catdis": 1, "OBJNAM": null, "INFORM": null, "SCAMIN": 8000 }, "geometry": { "type": "Point", "coordinates": [ 28.144356, 44.264908 ] } },
{ "type": "Feature", "properties": { "wtwdis": 49.8, "catdis": 1, "OBJNAM": null, "INFORM": null, "SCAMIN": 8000 }, "geometry": { "type": "Point", "coordinates": [ 28.145575, 44.264715 ] } },
{ "type": "Feature", "properties": { "wtwdis": 49.7, "catdis": 1, "OBJNAM": null, "INFORM": null, "SCAMIN": 8000 }, "geometry": { "type": "Point", "coordinates": [ 28.146804, 44.264565 ] } },
{ "type": "Feature", "properties": { "wtwdis": 49.6, "catdis": 1, "OBJNAM": null, "INFORM": null, "SCAMIN": 8000 }, "geometry": { "type": "Point", "coordinates": [ 28.148041, 44.264446 ] } },
{ "type": "Feature", "properties": { "wtwdis": 49.5, "catdis": 1, "OBJNAM": null, "INFORM": null, "SCAMIN": 8000 }, "geometry": { "type": "Point", "coordinates": [ 28.149278, 44.264328 ] } },
{ "type": "Feature", "properties": { "wtwdis": 49.4, "catdis": 1, "OBJNAM": null, "INFORM": null, "SCAMIN": 8000 }, "geometry": { "type": "Point", "coordinates": [ 28.150516, 44.264219 ] } },
{ "type": "Feature", "properties": { "wtwdis": 49.3, "catdis": 1, "OBJNAM": null, "INFORM": null, "SCAMIN": 8000 }, "geometry": { "type": "Point", "coordinates": [ 28.151756, 44.264118 ] } },
{ "type": "Feature", "properties": { "wtwdis": 49.2, "catdis": 1, "OBJNAM": null, "INFORM": null, "SCAMIN": 8000 }, "geometry": { "type": "Point", "coordinates": [ 28.152996, 44.264017 ] } },
{ "type": "Feature", "properties": { "wtwdis": 49.1, "catdis": 1, "OBJNAM": null, "INFORM": null, "SCAMIN": 8000 }, "geometry": { "type": "Point", "coordinates": [ 28.154236, 44.263916 ] } },
{ "type": "Feature", "properties": { "wtwdis": 48.9, "catdis": 1, "OBJNAM": null, "INFORM": null, "SCAMIN": 8000 }, "geometry": { "type": "Point", "coordinates": [ 28.156749, 44.263744 ] } },
{ "type": "Feature", "properties": { "wtwdis": 48.8, "catdis": 1, "OBJNAM": null, "INFORM": null, "SCAMIN": 8000 }, "geometry": { "type": "Point", "coordinates": [ 28.158018, 44.263654 ] } },
{ "type": "Feature", "properties": { "wtwdis": 48.7, "catdis": 1, "OBJNAM": null, "INFORM": null, "SCAMIN": 8000 }, "geometry": { "type": "Point", "coordinates": [ 28.159288, 44.263564 ] } },
{ "type": "Feature", "properties": { "wtwdis": 48.6, "catdis": 1, "OBJNAM": null, "INFORM": null, "SCAMIN": 8000 }, "geometry": { "type": "Point", "coordinates": [ 28.160558, 44.263474 ] } },
{ "type": "Feature", "properties": { "wtwdis": 48.5, "catdis": 1, "OBJNAM": null, "INFORM": null, "SCAMIN": 8000 }, "geometry": { "type": "Point", "coordinates": [ 28.161828, 44.263384 ] } },
{ "type": "Feature", "properties": { "wtwdis": 48.4, "catdis": 1, "OBJNAM": null, "INFORM": null, "SCAMIN": 8000 }, "geometry": { "type": "Point", "coordinates": [ 28.163098, 44.263294 ] } },
{ "type": "Feature", "properties": { "wtwdis": 48.3, "catdis": 1, "OBJNAM": null, "INFORM": null, "SCAMIN": 8000 }, "geometry": { "type": "Point", "coordinates": [ 28.164367, 44.263204 ] } },
{ "type": "Feature", "properties": { "wtwdis": 48.2, "catdis": 1, "OBJNAM": null, "INFORM": null, "SCAMIN": 8000 }, "geometry": { "type": "Point", "coordinates": [ 28.165637, 44.263115 ] } },
{ "type": "Feature", "properties": { "wtwdis": 48.1, "catdis": 1, "OBJNAM": null, "INFORM": null, "SCAMIN": 8000 }, "geometry": { "type": "Point", "coordinates": [ 28.166907, 44.263024 ] } },
{ "type": "Feature", "properties": { "wtwdis": 47.9, "catdis": 1, "OBJNAM": null, "INFORM": null, "SCAMIN": 8000 }, "geometry": { "type": "Point", "coordinates": [ 28.169416, 44.262846 ] } },
{ "type": "Feature", "properties": { "wtwdis": 47.8, "catdis": 1, "OBJNAM": null, "INFORM": null, "SCAMIN": 8000 }, "geometry": { "type": "Point", "coordinates": [ 28.170655, 44.262758 ] } },
{ "type": "Feature", "properties": { "wtwdis": 47.7, "catdis": 1, "OBJNAM": null, "INFORM": null, "SCAMIN": 8000 }, "geometry": { "type": "Point", "coordinates": [ 28.171894, 44.262669 ] } },
{ "type": "Feature", "properties": { "wtwdis": 47.6, "catdis": 1, "OBJNAM": null, "INFORM": null, "SCAMIN": 8000 }, "geometry": { "type": "Point", "coordinates": [ 28.173133, 44.262581 ] } },
{ "type": "Feature", "properties": { "wtwdis": 47.5, "catdis": 1, "OBJNAM": null, "INFORM": null, "SCAMIN": 8000 }, "geometry": { "type": "Point", "coordinates": [ 28.174373, 44.262492 ] } },
{ "type": "Feature", "properties": { "wtwdis": 47.4, "catdis": 1, "OBJNAM": null, "INFORM": null, "SCAMIN": 8000 }, "geometry": { "type": "Point", "coordinates": [ 28.175612, 44.262403 ] } },
{ "type": "Feature", "properties": { "wtwdis": 47.3, "catdis": 1, "OBJNAM": null, "INFORM": null, "SCAMIN": 8000 }, "geometry": { "type": "Point", "coordinates": [ 28.176851, 44.262315 ] } },
{ "type": "Feature", "properties": { "wtwdis": 47.2, "catdis": 1, "OBJNAM": null, "INFORM": null, "SCAMIN": 8000 }, "geometry": { "type": "Point", "coordinates": [ 28.17809, 44.262226 ] } },
{ "type": "Feature", "properties": { "wtwdis": 47.1, "catdis": 1, "OBJNAM": null, "INFORM": null, "SCAMIN": 8000 }, "geometry": { "type": "Point", "coordinates": [ 28.179329, 44.262138 ] } },
{ "type": "Feature", "properties": { "wtwdis": 46.9, "catdis": 1, "OBJNAM": null, "INFORM": null, "SCAMIN": 8000 }, "geometry": { "type": "Point", "coordinates": [ 28.18182, 44.261961 ] } },
{ "type": "Feature", "properties": { "wtwdis": 46.8, "catdis": 1, "OBJNAM": null, "INFORM": null, "SCAMIN": 8000 }, "geometry": { "type": "Point", "coordinates": [ 28.183072, 44.261873 ] } },
{ "type": "Feature", "properties": { "wtwdis": 46.7, "catdis": 1, "OBJNAM": null, "INFORM": null, "SCAMIN": 8000 }, "geometry": { "type": "Point", "coordinates": [ 28.184324, 44.261784 ] } },
{ "type": "Feature", "properties": { "wtwdis": 46.6, "catdis": 1, "OBJNAM": null, "INFORM": null, "SCAMIN": 8000 }, "geometry": { "type": "Point", "coordinates": [ 28.185576, 44.261696 ] } },
{ "type": "Feature", "properties": { "wtwdis": 46.5, "catdis": 1, "OBJNAM": null, "INFORM": null, "SCAMIN": 8000 }, "geometry": { "type": "Point", "coordinates": [ 28.186828, 44.261607 ] } },
{ "type": "Feature", "properties": { "wtwdis": 46.4, "catdis": 1, "OBJNAM": null, "INFORM": null, "SCAMIN": 8000 }, "geometry": { "type": "Point", "coordinates": [ 28.18808, 44.261519 ] } },
{ "type": "Feature", "properties": { "wtwdis": 46.3, "catdis": 1, "OBJNAM": null, "INFORM": null, "SCAMIN": 8000 }, "geometry": { "type": "Point", "coordinates": [ 28.189332, 44.261431 ] } },
{ "type": "Feature", "properties": { "wtwdis": 46.2, "catdis": 1, "OBJNAM": null, "INFORM": null, "SCAMIN": 8000 }, "geometry": { "type": "Point", "coordinates": [ 28.190583, 44.261342 ] } },
{ "type": "Feature", "properties": { "wtwdis": 46.1, "catdis": 1, "OBJNAM": null, "INFORM": null, "SCAMIN": 8000 }, "geometry": { "type": "Point", "coordinates": [ 28.191835, 44.261254 ] } },
{ "type": "Feature", "properties": { "wtwdis": 45.9, "catdis": 1, "OBJNAM": null, "INFORM": null, "SCAMIN": 8000 }, "geometry": { "type": "Point", "coordinates": [ 28.194329, 44.261079 ] } },
{ "type": "Feature", "properties": { "wtwdis": 45.8, "catdis": 1, "OBJNAM": null, "INFORM": null, "SCAMIN": 8000 }, "geometry": { "type": "Point", "coordinates": [ 28.19557, 44.260993 ] } },
{ "type": "Feature", "properties": { "wtwdis": 45.7, "catdis": 1, "OBJNAM": null, "INFORM": null, "SCAMIN": 8000 }, "geometry": { "type": "Point", "coordinates": [ 28.196809, 44.260893 ] } },
{ "type": "Feature", "properties": { "wtwdis": 45.6, "catdis": 1, "OBJNAM": null, "INFORM": null, "SCAMIN": 8000 }, "geometry": { "type": "Point", "coordinates": [ 28.198044, 44.260765 ] } },
{ "type": "Feature", "properties": { "wtwdis": 45.5, "catdis": 1, "OBJNAM": null, "INFORM": null, "SCAMIN": 8000 }, "geometry": { "type": "Point", "coordinates": [ 28.199278, 44.260636 ] } },
{ "type": "Feature", "properties": { "wtwdis": 45.4, "catdis": 1, "OBJNAM": null, "INFORM": null, "SCAMIN": 8000 }, "geometry": { "type": "Point", "coordinates": [ 28.200512, 44.260507 ] } },
{ "type": "Feature", "properties": { "wtwdis": 45.3, "catdis": 1, "OBJNAM": null, "INFORM": null, "SCAMIN": 8000 }, "geometry": { "type": "Point", "coordinates": [ 28.201746, 44.260378 ] } },
{ "type": "Feature", "properties": { "wtwdis": 45.2, "catdis": 1, "OBJNAM": null, "INFORM": null, "SCAMIN": 8000 }, "geometry": { "type": "Point", "coordinates": [ 28.202981, 44.260249 ] } },
{ "type": "Feature", "properties": { "wtwdis": 45.1, "catdis": 1, "OBJNAM": null, "INFORM": null, "SCAMIN": 8000 }, "geometry": { "type": "Point", "coordinates": [ 28.204215, 44.26012 ] } },
{ "type": "Feature", "properties": { "wtwdis": 44.9, "catdis": 1, "OBJNAM": null, "INFORM": null, "SCAMIN": 8000 }, "geometry": { "type": "Point", "coordinates": [ 28.206675, 44.259789 ] } },
{ "type": "Feature", "properties": { "wtwdis": 2.0, "catdis": 3, "OBJNAM": null, "INFORM": null, "SCAMIN": 22000 }, "geometry": { "type": "Point", "coordinates": [ 28.623109, 44.33133 ] } },
{ "type": "Feature", "properties": { "wtwdis": 2.0, "catdis": 3, "OBJNAM": null, "INFORM": null, "SCAMIN": 22000 }, "geometry": { "type": "Point", "coordinates": [ 28.621567, 44.331887 ] } },
{ "type": "Feature", "properties": { "wtwdis": 1.0, "catdis": 3, "OBJNAM": null, "INFORM": null, "SCAMIN": 22000 }, "geometry": { "type": "Point", "coordinates": [ 28.619513, 44.322997 ] } },
{ "type": "Feature", "properties": { "wtwdis": 1.0, "catdis": 3, "OBJNAM": null, "INFORM": null, "SCAMIN": 22000 }, "geometry": { "type": "Point", "coordinates": [ 28.620774, 44.32285 ] } },
{ "type": "Feature", "properties": { "wtwdis": 3.0, "catdis": 3, "OBJNAM": null, "INFORM": null, "SCAMIN": 22000 }, "geometry": { "type": "Point", "coordinates": [ 28.62855, 44.339343 ] } },
{ "type": "Feature", "properties": { "wtwdis": 3.0, "catdis": 3, "OBJNAM": null, "INFORM": null, "SCAMIN": 22000 }, "geometry": { "type": "Point", "coordinates": [ 28.630031, 44.338147 ] } },
{ "type": "Feature", "properties": { "wtwdis": 5.0, "catdis": 3, "OBJNAM": null, "INFORM": null, "SCAMIN": 22000 }, "geometry": { "type": "Point", "coordinates": [ 28.632491, 44.356802 ] } },
{ "type": "Feature", "properties": { "wtwdis": 4.0, "catdis": 3, "OBJNAM": null, "INFORM": null, "SCAMIN": 22000 }, "geometry": { "type": "Point", "coordinates": [ 28.637855, 44.345038 ] } },
{ "type": "Feature", "properties": { "wtwdis": 5.0, "catdis": 3, "OBJNAM": null, "INFORM": null, "SCAMIN": 22000 }, "geometry": { "type": "Point", "coordinates": [ 28.630956, 44.354772 ] } },
{ "type": "Feature", "properties": { "wtwdis": 2.0, "catdis": 3, "OBJNAM": null, "INFORM": null, "SCAMIN": 22000 }, "geometry": { "type": "Point", "coordinates": [ 28.626324, 44.322575 ] } },
{ "type": "Feature", "properties": { "wtwdis": 2.0, "catdis": 3, "OBJNAM": null, "INFORM": null, "SCAMIN": 22000 }, "geometry": { "type": "Point", "coordinates": [ 28.625279, 44.323286 ] } },
{ "type": "Feature", "properties": { "wtwdis": 6.0, "catdis": 3, "OBJNAM": null, "INFORM": null, "SCAMIN": 22000 }, "geometry": { "type": "Point", "coordinates": [ 28.610751, 44.289196 ] } },
{ "type": "Feature", "properties": { "wtwdis": 6.0, "catdis": 3, "OBJNAM": null, "INFORM": null, "SCAMIN": 22000 }, "geometry": { "type": "Point", "coordinates": [ 28.609945, 44.290045 ] } },
{ "type": "Feature", "properties": { "wtwdis": 5.0, "catdis": 3, "OBJNAM": null, "INFORM": null, "SCAMIN": 22000 }, "geometry": { "type": "Point", "coordinates": [ 28.615979, 44.298047 ] } },
{ "type": "Feature", "properties": { "wtwdis": 5.0, "catdis": 3, "OBJNAM": null, "INFORM": null, "SCAMIN": 22000 }, "geometry": { "type": "Point", "coordinates": [ 28.614652, 44.298269 ] } },
{ "type": "Feature", "properties": { "wtwdis": 4.0, "catdis": 3, "OBJNAM": null, "INFORM": null, "SCAMIN": 22000 }, "geometry": { "type": "Point", "coordinates": [ 28.617579, 44.307015 ] } },
{ "type": "Feature", "properties": { "wtwdis": 4.0, "catdis": 3, "OBJNAM": null, "INFORM": null, "SCAMIN": 22000 }, "geometry": { "type": "Point", "coordinates": [ 28.616343, 44.30719 ] } },
{ "type": "Feature", "properties": { "wtwdis": 3.0, "catdis": 3, "OBJNAM": null, "INFORM": null, "SCAMIN": 22000 }, "geometry": { "type": "Point", "coordinates": [ 28.618105, 44.316104 ] } },
{ "type": "Feature", "properties": { "wtwdis": 3.0, "catdis": 3, "OBJNAM": null, "INFORM": null, "SCAMIN": 22000 }, "geometry": { "type": "Point", "coordinates": [ 28.619778, 44.315505 ] } },
{ "type": "Feature", "properties": { "wtwdis": 1.0, "catdis": 1, "OBJNAM": null, "INFORM": null, "SCAMIN": 8000 }, "geometry": { "type": "Point", "coordinates": [ 28.637065, 44.325966 ] } },
{ "type": "Feature", "properties": { "wtwdis": 2.0, "catdis": 1, "OBJNAM": null, "INFORM": null, "SCAMIN": 8000 }, "geometry": { "type": "Point", "coordinates": [ 28.625916, 44.322853 ] } },
{ "type": "Feature", "properties": { "wtwdis": 2.0, "catdis": 1, "OBJNAM": null, "INFORM": null, "SCAMIN": 8000 }, "geometry": { "type": "Point", "coordinates": [ 28.626199, 44.32266 ] } },
{ "type": "Feature", "properties": { "wtwdis": 3.0, "catdis": 1, "OBJNAM": null, "INFORM": null, "SCAMIN": 8000 }, "geometry": { "type": "Point", "coordinates": [ 28.618764, 44.31587 ] } },
{ "type": "Feature", "properties": { "wtwdis": 4.0, "catdis": 1, "OBJNAM": null, "INFORM": null, "SCAMIN": 8000 }, "geometry": { "type": "Point", "coordinates": [ 28.616975, 44.3071 ] } },
{ "type": "Feature", "properties": { "wtwdis": 5.0, "catdis": 1, "OBJNAM": null, "INFORM": null, "SCAMIN": 8000 }, "geometry": { "type": "Point", "coordinates": [ 28.615315, 44.298158 ] } },
{ "type": "Feature", "properties": { "wtwdis": 6.0, "catdis": 1, "OBJNAM": null, "INFORM": null, "SCAMIN": 8000 }, "geometry": { "type": "Point", "coordinates": [ 28.610355, 44.289612 ] } },
{ "type": "Feature", "properties": { "wtwdis": 1.0, "catdis": 1, "OBJNAM": null, "INFORM": null, "SCAMIN": 8000 }, "geometry": { "type": "Point", "coordinates": [ 28.62018, 44.32292 ] } },
{ "type": "Feature", "properties": { "wtwdis": 2.0, "catdis": 1, "OBJNAM": null, "INFORM": null, "SCAMIN": 8000 }, "geometry": { "type": "Point", "coordinates": [ 28.622319, 44.331614 ] } },
{ "type": "Feature", "properties": { "wtwdis": 3.0, "catdis": 1, "OBJNAM": null, "INFORM": null, "SCAMIN": 8000 }, "geometry": { "type": "Point", "coordinates": [ 28.629224, 44.338799 ] } },
{ "type": "Feature", "properties": { "wtwdis": 4.0, "catdis": 1, "OBJNAM": null, "INFORM": null, "SCAMIN": 8000 }, "geometry": { "type": "Point", "coordinates": [ 28.636976, 44.345707 ] } },
{ "type": "Feature", "properties": { "wtwdis": 5.0, "catdis": 1, "OBJNAM": null, "INFORM": null, "SCAMIN": 8000 }, "geometry": { "type": "Point", "coordinates": [ 28.631775, 44.355855 ] } },
{ "type": "Feature", "properties": { "wtwdis": 0.0, "catdis": 1, "OBJNAM": null, "INFORM": null, "SCAMIN": 8000 }, "geometry": { "type": "Point", "coordinates": [ 28.64767, 44.32569 ] } },
{ "type": "Feature", "properties": { "wtwdis": 6.5, "catdis": 1, "OBJNAM": null, "INFORM": null, "SCAMIN": 8000 }, "geometry": { "type": "Point", "coordinates": [ 28.605867, 44.286477 ] } },
{ "type": "Feature", "properties": { "wtwdis": 6.4, "catdis": 1, "OBJNAM": null, "INFORM": null, "SCAMIN": 8000 }, "geometry": { "type": "Point", "coordinates": [ 28.606765, 44.287104 ] } },
{ "type": "Feature", "properties": { "wtwdis": 6.3, "catdis": 1, "OBJNAM": null, "INFORM": null, "SCAMIN": 8000 }, "geometry": { "type": "Point", "coordinates": [ 28.607663, 44.287731 ] } },
{ "type": "Feature", "properties": { "wtwdis": 6.2, "catdis": 1, "OBJNAM": null, "INFORM": null, "SCAMIN": 8000 }, "geometry": { "type": "Point", "coordinates": [ 28.60856, 44.288358 ] } },
{ "type": "Feature", "properties": { "wtwdis": 6.1, "catdis": 1, "OBJNAM": null, "INFORM": null, "SCAMIN": 8000 }, "geometry": { "type": "Point", "coordinates": [ 28.609458, 44.288985 ] } },
{ "type": "Feature", "properties": { "wtwdis": 5.9, "catdis": 1, "OBJNAM": null, "INFORM": null, "SCAMIN": 8000 }, "geometry": { "type": "Point", "coordinates": [ 28.611262, 44.290297 ] } },
{ "type": "Feature", "properties": { "wtwdis": 5.8, "catdis": 1, "OBJNAM": null, "INFORM": null, "SCAMIN": 8000 }, "geometry": { "type": "Point", "coordinates": [ 28.612069, 44.291044 ] } },
{ "type": "Feature", "properties": { "wtwdis": 5.7, "catdis": 1, "OBJNAM": null, "INFORM": null, "SCAMIN": 8000 }, "geometry": { "type": "Point", "coordinates": [ 28.612756, 44.291848 ] } },
{ "type": "Feature", "properties": { "wtwdis": 5.6, "catdis": 1, "OBJNAM": null, "INFORM": null, "SCAMIN": 8000 }, "geometry": { "type": "Point", "coordinates": [ 28.613383, 44.292678 ] } },
{ "type": "Feature", "properties": { "wtwdis": 5.5, "catdis": 1, "OBJNAM": null, "INFORM": null, "SCAMIN": 8000 }, "geometry": { "type": "Point", "coordinates": [ 28.613868, 44.293557 ] } },
{ "type": "Feature", "properties": { "wtwdis": 5.4, "catdis": 1, "OBJNAM": null, "INFORM": null, "SCAMIN": 8000 }, "geometry": { "type": "Point", "coordinates": [ 28.614285, 44.294452 ] } },
{ "type": "Feature", "properties": { "wtwdis": 5.3, "catdis": 1, "OBJNAM": null, "INFORM": null, "SCAMIN": 8000 }, "geometry": { "type": "Point", "coordinates": [ 28.614595, 44.29537 ] } },
{ "type": "Feature", "properties": { "wtwdis": 5.2, "catdis": 1, "OBJNAM": null, "INFORM": null, "SCAMIN": 8000 }, "geometry": { "type": "Point", "coordinates": [ 28.614835, 44.296299 ] } },
{ "type": "Feature", "properties": { "wtwdis": 5.1, "catdis": 1, "OBJNAM": null, "INFORM": null, "SCAMIN": 8000 }, "geometry": { "type": "Point", "coordinates": [ 28.615075, 44.297228 ] } },
{ "type": "Feature", "properties": { "wtwdis": 4.9, "catdis": 1, "OBJNAM": null, "INFORM": null, "SCAMIN": 8000 }, "geometry": { "type": "Point", "coordinates": [ 28.615537, 44.299046 ] } },
{ "type": "Feature", "properties": { "wtwdis": 4.8, "catdis": 1, "OBJNAM": null, "INFORM": null, "SCAMIN": 8000 }, "geometry": { "type": "Point", "coordinates": [ 28.615722, 44.299938 ] } },
{ "type": "Feature", "properties": { "wtwdis": 4.7, "catdis": 1, "OBJNAM": null, "INFORM": null, "SCAMIN": 8000 }, "geometry": { "type": "Point", "coordinates": [ 28.615894, 44.300832 ] } },
{ "type": "Feature", "properties": { "wtwdis": 4.6, "catdis": 1, "OBJNAM": null, "INFORM": null, "SCAMIN": 8000 }, "geometry": { "type": "Point", "coordinates": [ 28.616048, 44.301727 ] } },
{ "type": "Feature", "properties": { "wtwdis": 4.5, "catdis": 1, "OBJNAM": null, "INFORM": null, "SCAMIN": 8000 }, "geometry": { "type": "Point", "coordinates": [ 28.616203, 44.302623 ] } },
{ "type": "Feature", "properties": { "wtwdis": 4.4, "catdis": 1, "OBJNAM": null, "INFORM": null, "SCAMIN": 8000 }, "geometry": { "type": "Point", "coordinates": [ 28.616357, 44.303518 ] } },
{ "type": "Feature", "properties": { "wtwdis": 4.3, "catdis": 1, "OBJNAM": null, "INFORM": null, "SCAMIN": 8000 }, "geometry": { "type": "Point", "coordinates": [ 28.616511, 44.304414 ] } },
{ "type": "Feature", "properties": { "wtwdis": 4.2, "catdis": 1, "OBJNAM": null, "INFORM": null, "SCAMIN": 8000 }, "geometry": { "type": "Point", "coordinates": [ 28.616666, 44.305309 ] } },
{ "type": "Feature", "properties": { "wtwdis": 4.1, "catdis": 1, "OBJNAM": null, "INFORM": null, "SCAMIN": 8000 }, "geometry": { "type": "Point", "coordinates": [ 28.61682, 44.306205 ] } },
{ "type": "Feature", "properties": { "wtwdis": 0.1, "catdis": 1, "OBJNAM": null, "INFORM": null, "SCAMIN": 8000 }, "geometry": { "type": "Point", "coordinates": [ 28.618917, 44.316574 ] } },
{ "type": "Feature", "properties": { "wtwdis": 0.2, "catdis": 1, "OBJNAM": null, "INFORM": null, "SCAMIN": 8000 }, "geometry": { "type": "Point", "coordinates": [ 28.619071, 44.317277 ] } },
{ "type": "Feature", "properties": { "wtwdis": 0.3, "catdis": 1, "OBJNAM": null, "INFORM": null, "SCAMIN": 8000 }, "geometry": { "type": "Point", "coordinates": [ 28.619222, 44.317981 ] } },
{ "type": "Feature", "properties": { "wtwdis": 0.4, "catdis": 1, "OBJNAM": null, "INFORM": null, "SCAMIN": 8000 }, "geometry": { "type": "Point", "coordinates": [ 28.619368, 44.318686 ] } },
{ "type": "Feature", "properties": { "wtwdis": 0.5, "catdis": 1, "OBJNAM": null, "INFORM": null, "SCAMIN": 8000 }, "geometry": { "type": "Point", "coordinates": [ 28.619508, 44.319391 ] } },
{ "type": "Feature", "properties": { "wtwdis": 0.6, "catdis": 1, "OBJNAM": null, "INFORM": null, "SCAMIN": 8000 }, "geometry": { "type": "Point", "coordinates": [ 28.619637, 44.320097 ] } },
{ "type": "Feature", "properties": { "wtwdis": 0.7, "catdis": 1, "OBJNAM": null, "INFORM": null, "SCAMIN": 8000 }, "geometry": { "type": "Point", "coordinates": [ 28.619766, 44.320803 ] } },
{ "type": "Feature", "properties": { "wtwdis": 0.8, "catdis": 1, "OBJNAM": null, "INFORM": null, "SCAMIN": 8000 }, "geometry": { "type": "Point", "coordinates": [ 28.619903, 44.321509 ] } },
{ "type": "Feature", "properties": { "wtwdis": 0.9, "catdis": 1, "OBJNAM": null, "INFORM": null, "SCAMIN": 8000 }, "geometry": { "type": "Point", "coordinates": [ 28.620041, 44.322214 ] } },
{ "type": "Feature", "properties": { "wtwdis": 1.9, "catdis": 1, "OBJNAM": null, "INFORM": null, "SCAMIN": 8000 }, "geometry": { "type": "Point", "coordinates": [ 28.626737, 44.323548 ] } },
{ "type": "Feature", "properties": { "wtwdis": 1.8, "catdis": 1, "OBJNAM": null, "INFORM": null, "SCAMIN": 8000 }, "geometry": { "type": "Point", "coordinates": [ 28.627586, 44.324226 ] } },
{ "type": "Feature", "properties": { "wtwdis": 1.7, "catdis": 1, "OBJNAM": null, "INFORM": null, "SCAMIN": 8000 }, "geometry": { "type": "Point", "coordinates": [ 28.628533, 44.32483 ] } },
{ "type": "Feature", "properties": { "wtwdis": 1.6, "catdis": 1, "OBJNAM": null, "INFORM": null, "SCAMIN": 8000 }, "geometry": { "type": "Point", "coordinates": [ 28.629658, 44.325246 ] } },
{ "type": "Feature", "properties": { "wtwdis": 1.5, "catdis": 1, "OBJNAM": null, "INFORM": null, "SCAMIN": 8000 }, "geometry": { "type": "Point", "coordinates": [ 28.6308, 44.325642 ] } },
{ "type": "Feature", "properties": { "wtwdis": 1.4, "catdis": 1, "OBJNAM": null, "INFORM": null, "SCAMIN": 8000 }, "geometry": { "type": "Point", "coordinates": [ 28.631996, 44.325941 ] } },
{ "type": "Feature", "properties": { "wtwdis": 1.3, "catdis": 1, "OBJNAM": null, "INFORM": null, "SCAMIN": 8000 }, "geometry": { "type": "Point", "coordinates": [ 28.633256, 44.326036 ] } },
{ "type": "Feature", "properties": { "wtwdis": 1.2, "catdis": 1, "OBJNAM": null, "INFORM": null, "SCAMIN": 8000 }, "geometry": { "type": "Point", "coordinates": [ 28.634526, 44.326034 ] } },
{ "type": "Feature", "properties": { "wtwdis": 1.1, "catdis": 1, "OBJNAM": null, "INFORM": null, "SCAMIN": 8000 }, "geometry": { "type": "Point", "coordinates": [ 28.635795, 44.326 ] } },
{ "type": "Feature", "properties": { "wtwdis": 0.9, "catdis": 1, "OBJNAM": null, "INFORM": null, "SCAMIN": 8000 }, "geometry": { "type": "Point", "coordinates": [ 28.638125, 44.325929 ] } },
{ "type": "Feature", "properties": { "wtwdis": 0.8, "catdis": 1, "OBJNAM": null, "INFORM": null, "SCAMIN": 8000 }, "geometry": { "type": "Point", "coordinates": [ 28.639185, 44.325893 ] } },
{ "type": "Feature", "properties": { "wtwdis": 0.7, "catdis": 1, "OBJNAM": null, "INFORM": null, "SCAMIN": 8000 }, "geometry": { "type": "Point", "coordinates": [ 28.640245, 44.325856 ] } },
{ "type": "Feature", "properties": { "wtwdis": 0.6, "catdis": 1, "OBJNAM": null, "INFORM": null, "SCAMIN": 8000 }, "geometry": { "type": "Point", "coordinates": [ 28.641305, 44.325819 ] } },
{ "type": "Feature", "properties": { "wtwdis": 0.5, "catdis": 1, "OBJNAM": null, "INFORM": null, "SCAMIN": 8000 }, "geometry": { "type": "Point", "coordinates": [ 28.642366, 44.325798 ] } },
{ "type": "Feature", "properties": { "wtwdis": 0.4, "catdis": 1, "OBJNAM": null, "INFORM": null, "SCAMIN": 8000 }, "geometry": { "type": "Point", "coordinates": [ 28.643427, 44.325776 ] } },
{ "type": "Feature", "properties": { "wtwdis": 0.3, "catdis": 1, "OBJNAM": null, "INFORM": null, "SCAMIN": 8000 }, "geometry": { "type": "Point", "coordinates": [ 28.644487, 44.325755 ] } },
{ "type": "Feature", "properties": { "wtwdis": 0.2, "catdis": 1, "OBJNAM": null, "INFORM": null, "SCAMIN": 8000 }, "geometry": { "type": "Point", "coordinates": [ 28.645548, 44.325733 ] } },
{ "type": "Feature", "properties": { "wtwdis": 0.1, "catdis": 1, "OBJNAM": null, "INFORM": null, "SCAMIN": 8000 }, "geometry": { "type": "Point", "coordinates": [ 28.646609, 44.325712 ] } },
{ "type": "Feature", "properties": { "wtwdis": 1.1, "catdis": 1, "OBJNAM": null, "INFORM": null, "SCAMIN": 8000 }, "geometry": { "type": "Point", "coordinates": [ 28.620362, 44.323793 ] } },
{ "type": "Feature", "properties": { "wtwdis": 1.2, "catdis": 1, "OBJNAM": null, "INFORM": null, "SCAMIN": 8000 }, "geometry": { "type": "Point", "coordinates": [ 28.620542, 44.324668 ] } },
{ "type": "Feature", "properties": { "wtwdis": 1.3, "catdis": 1, "OBJNAM": null, "INFORM": null, "SCAMIN": 8000 }, "geometry": { "type": "Point", "coordinates": [ 28.62072, 44.325543 ] } },
{ "type": "Feature", "properties": { "wtwdis": 1.4, "catdis": 1, "OBJNAM": null, "INFORM": null, "SCAMIN": 8000 }, "geometry": { "type": "Point", "coordinates": [ 28.620898, 44.326417 ] } },
{ "type": "Feature", "properties": { "wtwdis": 1.5, "catdis": 1, "OBJNAM": null, "INFORM": null, "SCAMIN": 8000 }, "geometry": { "type": "Point", "coordinates": [ 28.621076, 44.327292 ] } },
{ "type": "Feature", "properties": { "wtwdis": 1.6, "catdis": 1, "OBJNAM": null, "INFORM": null, "SCAMIN": 8000 }, "geometry": { "type": "Point", "coordinates": [ 28.621254, 44.328167 ] } },
{ "type": "Feature", "properties": { "wtwdis": 1.7, "catdis": 1, "OBJNAM": null, "INFORM": null, "SCAMIN": 8000 }, "geometry": { "type": "Point", "coordinates": [ 28.621431, 44.329041 ] } },
{ "type": "Feature", "properties": { "wtwdis": 1.8, "catdis": 1, "OBJNAM": null, "INFORM": null, "SCAMIN": 8000 }, "geometry": { "type": "Point", "coordinates": [ 28.621681, 44.329907 ] } },
{ "type": "Feature", "properties": { "wtwdis": 1.9, "catdis": 1, "OBJNAM": null, "INFORM": null, "SCAMIN": 8000 }, "geometry": { "type": "Point", "coordinates": [ 28.621983, 44.330763 ] } },
{ "type": "Feature", "properties": { "wtwdis": 2.1, "catdis": 1, "OBJNAM": null, "INFORM": null, "SCAMIN": 8000 }, "geometry": { "type": "Point", "coordinates": [ 28.622803, 44.33242 ] } },
{ "type": "Feature", "properties": { "wtwdis": 2.2, "catdis": 1, "OBJNAM": null, "INFORM": null, "SCAMIN": 8000 }, "geometry": { "type": "Point", "coordinates": [ 28.623352, 44.333204 ] } },
{ "type": "Feature", "properties": { "wtwdis": 2.3, "catdis": 1, "OBJNAM": null, "INFORM": null, "SCAMIN": 8000 }, "geometry": { "type": "Point", "coordinates": [ 28.623953, 44.333968 ] } },
{ "type": "Feature", "properties": { "wtwdis": 2.4, "catdis": 1, "OBJNAM": null, "INFORM": null, "SCAMIN": 8000 }, "geometry": { "type": "Point", "coordinates": [ 28.624581, 44.33472 ] } },
{ "type": "Feature", "properties": { "wtwdis": 2.5, "catdis": 1, "OBJNAM": null, "INFORM": null, "SCAMIN": 8000 }, "geometry": { "type": "Point", "coordinates": [ 28.625356, 44.335399 ] } },
{ "type": "Feature", "properties": { "wtwdis": 2.6, "catdis": 1, "OBJNAM": null, "INFORM": null, "SCAMIN": 8000 }, "geometry": { "type": "Point", "coordinates": [ 28.626132, 44.336077 ] } },
{ "type": "Feature", "properties": { "wtwdis": 2.7, "catdis": 1, "OBJNAM": null, "INFORM": null, "SCAMIN": 8000 }, "geometry": { "type": "Point", "coordinates": [ 28.626907, 44.336756 ] } },
{ "type": "Feature", "properties": { "wtwdis": 2.8, "catdis": 1, "OBJNAM": null, "INFORM": null, "SCAMIN": 8000 }, "geometry": { "type": "Point", "coordinates": [ 28.62768, 44.337437 ] } },
{ "type": "Feature", "properties": { "wtwdis": 2.9, "catdis": 1, "OBJNAM": null, "INFORM": null, "SCAMIN": 8000 }, "geometry": { "type": "Point", "coordinates": [ 28.628452, 44.338118 ] } },
{ "type": "Feature", "properties": { "wtwdis": 3.1, "catdis": 1, "OBJNAM": null, "INFORM": null, "SCAMIN": 8000 }, "geometry": { "type": "Point", "coordinates": [ 28.629999, 44.339489 ] } },
{ "type": "Feature", "properties": { "wtwdis": 3.2, "catdis": 1, "OBJNAM": null, "INFORM": null, "SCAMIN": 8000 }, "geometry": { "type": "Point", "coordinates": [ 28.630774, 44.34018 ] } },
{ "type": "Feature", "properties": { "wtwdis": 3.3, "catdis": 1, "OBJNAM": null, "INFORM": null, "SCAMIN": 8000 }, "geometry": { "type": "Point", "coordinates": [ 28.631549, 44.340871 ] } },
{ "type": "Feature", "properties": { "wtwdis": 3.4, "catdis": 1, "OBJNAM": null, "INFORM": null, "SCAMIN": 8000 }, "geometry": { "type": "Point", "coordinates": [ 28.632324, 44.341562 ] } },
{ "type": "Feature", "properties": { "wtwdis": 3.5, "catdis": 1, "OBJNAM": null, "INFORM": null, "SCAMIN": 8000 }, "geometry": { "type": "Point", "coordinates": [ 28.633099, 44.342253 ] } },
{ "type": "Feature", "properties": { "wtwdis": 3.6, "catdis": 1, "OBJNAM": null, "INFORM": null, "SCAMIN": 8000 }, "geometry": { "type": "Point", "coordinates": [ 28.633875, 44.342944 ] } },
{ "type": "Feature", "properties": { "wtwdis": 3.7, "catdis": 1, "OBJNAM": null, "INFORM": null, "SCAMIN": 8000 }, "geometry": { "type": "Point", "coordinates": [ 28.63465, 44.343635 ] } },
{ "type": "Feature", "properties": { "wtwdis": 3.8, "catdis": 1, "OBJNAM": null, "INFORM": null, "SCAMIN": 8000 }, "geometry": { "type": "Point", "coordinates": [ 28.635425, 44.344325 ] } },
{ "type": "Feature", "properties": { "wtwdis": 3.9, "catdis": 1, "OBJNAM": null, "INFORM": null, "SCAMIN": 8000 }, "geometry": { "type": "Point", "coordinates": [ 28.6362, 44.345016 ] } },
{ "type": "Feature", "properties": { "wtwdis": 4.1, "catdis": 1, "OBJNAM": null, "INFORM": null, "SCAMIN": 8000 }, "geometry": { "type": "Point", "coordinates": [ 28.637763, 44.346763 ] } },
{ "type": "Feature", "properties": { "wtwdis": 4.2, "catdis": 1, "OBJNAM": null, "INFORM": null, "SCAMIN": 8000 }, "geometry": { "type": "Point", "coordinates": [ 28.638169, 44.347921 ] } },
{ "type": "Feature", "properties": { "wtwdis": 4.3, "catdis": 1, "OBJNAM": null, "INFORM": null, "SCAMIN": 8000 }, "geometry": { "type": "Point", "coordinates": [ 28.638224, 44.349115 ] } },
{ "type": "Feature", "properties": { "wtwdis": 4.4, "catdis": 1, "OBJNAM": null, "INFORM": null, "SCAMIN": 8000 }, "geometry": { "type": "Point", "coordinates": [ 28.637921, 44.35029 ] } },
{ "type": "Feature", "properties": { "wtwdis": 4.5, "catdis": 1, "OBJNAM": null, "INFORM": null, "SCAMIN": 8000 }, "geometry": { "type": "Point", "coordinates": [ 28.637322, 44.351408 ] } },
{ "type": "Feature", "properties": { "wtwdis": 4.6, "catdis": 1, "OBJNAM": null, "INFORM": null, "SCAMIN": 8000 }, "geometry": { "type": "Point", "coordinates": [ 28.636436, 44.352418 ] } },
{ "type": "Feature", "properties": { "wtwdis": 4.7, "catdis": 1, "OBJNAM": null, "INFORM": null, "SCAMIN": 8000 }, "geometry": { "type": "Point", "coordinates": [ 28.635281, 44.353284 ] } },
{ "type": "Feature", "properties": { "wtwdis": 4.8, "catdis": 1, "OBJNAM": null, "INFORM": null, "SCAMIN": 8000 }, "geometry": { "type": "Point", "coordinates": [ 28.634112, 44.354141 ] } },
{ "type": "Feature", "properties": { "wtwdis": 4.9, "catdis": 1, "OBJNAM": null, "INFORM": null, "SCAMIN": 8000 }, "geometry": { "type": "Point", "coordinates": [ 28.632943, 44.354998 ] } },
{ "type": "Feature", "properties": { "wtwdis": 2.9, "catdis": 1, "OBJNAM": null, "INFORM": null, "SCAMIN": 8000 }, "geometry": { "type": "Point", "coordinates": [ 28.619293, 44.316651 ] } },
{ "type": "Feature", "properties": { "wtwdis": 2.6, "catdis": 1, "OBJNAM": null, "INFORM": null, "SCAMIN": 8000 }, "geometry": { "type": "Point", "coordinates": [ 28.621343, 44.318787 ] } },
{ "type": "Feature", "properties": { "wtwdis": 2.5, "catdis": 1, "OBJNAM": null, "INFORM": null, "SCAMIN": 8000 }, "geometry": { "type": "Point", "coordinates": [ 28.622172, 44.31942 ] } },
{ "type": "Feature", "properties": { "wtwdis": 2.4, "catdis": 1, "OBJNAM": null, "INFORM": null, "SCAMIN": 8000 }, "geometry": { "type": "Point", "coordinates": [ 28.623001, 44.320053 ] } },
{ "type": "Feature", "properties": { "wtwdis": 2.3, "catdis": 1, "OBJNAM": null, "INFORM": null, "SCAMIN": 8000 }, "geometry": { "type": "Point", "coordinates": [ 28.623824, 44.32069 ] } },
{ "type": "Feature", "properties": { "wtwdis": 2.2, "catdis": 1, "OBJNAM": null, "INFORM": null, "SCAMIN": 8000 }, "geometry": { "type": "Point", "coordinates": [ 28.624645, 44.321328 ] } },
{ "type": "Feature", "properties": { "wtwdis": 2.1, "catdis": 1, "OBJNAM": null, "INFORM": null, "SCAMIN": 8000 }, "geometry": { "type": "Point", "coordinates": [ 28.625422, 44.321994 ] } },
{ "type": "Feature", "properties": { "wtwdis": 2.8, "catdis": 1, "OBJNAM": null, "INFORM": null, "SCAMIN": 8000 }, "geometry": { "type": "Point", "coordinates": [ 28.61984, 44.317425 ] } },
{ "type": "Feature", "properties": { "wtwdis": 2.7, "catdis": 1, "OBJNAM": null, "INFORM": null, "SCAMIN": 8000 }, "geometry": { "type": "Point", "coordinates": [ 28.620502, 44.318156 ] } },
{ "type": "Feature", "properties": { "wtwdis": 2.6, "catdis": 1, "OBJNAM": null, "INFORM": null, "SCAMIN": 8000 }, "geometry": { "type": "Point", "coordinates": [ 28.621174, 44.318883 ] } },
{ "type": "Feature", "properties": { "wtwdis": 2.5, "catdis": 1, "OBJNAM": null, "INFORM": null, "SCAMIN": 8000 }, "geometry": { "type": "Point", "coordinates": [ 28.621896, 44.319584 ] } },
{ "type": "Feature", "properties": { "wtwdis": 2.4, "catdis": 1, "OBJNAM": null, "INFORM": null, "SCAMIN": 8000 }, "geometry": { "type": "Point", "coordinates": [ 28.622684, 44.320248 ] } },
{ "type": "Feature", "properties": { "wtwdis": 2.3, "catdis": 1, "OBJNAM": null, "INFORM": null, "SCAMIN": 8000 }, "geometry": { "type": "Point", "coordinates": [ 28.623512, 44.320886 ] } },
{ "type": "Feature", "properties": { "wtwdis": 2.2, "catdis": 1, "OBJNAM": null, "INFORM": null, "SCAMIN": 8000 }, "geometry": { "type": "Point", "coordinates": [ 28.624341, 44.321524 ] } },
{ "type": "Feature", "properties": { "wtwdis": 2.1, "catdis": 1, "OBJNAM": null, "INFORM": null, "SCAMIN": 8000 }, "geometry": { "type": "Point", "coordinates": [ 28.625135, 44.322185 ] } },
{ "type": "Feature", "properties": { "wtwdis": 3.9, "catdis": 1, "OBJNAM": null, "INFORM": null, "SCAMIN": 8000 }, "geometry": { "type": "Point", "coordinates": [ 28.61713, 44.30798 ] } },
{ "type": "Feature", "properties": { "wtwdis": 3.8, "catdis": 1, "OBJNAM": null, "INFORM": null, "SCAMIN": 8000 }, "geometry": { "type": "Point", "coordinates": [ 28.617285, 44.308859 ] } },
{ "type": "Feature", "properties": { "wtwdis": 3.7, "catdis": 1, "OBJNAM": null, "INFORM": null, "SCAMIN": 8000 }, "geometry": { "type": "Point", "coordinates": [ 28.617466, 44.309736 ] } },
{ "type": "Feature", "properties": { "wtwdis": 3.6, "catdis": 1, "OBJNAM": null, "INFORM": null, "SCAMIN": 8000 }, "geometry": { "type": "Point", "coordinates": [ 28.617648, 44.310612 ] } },
{ "type": "Feature", "properties": { "wtwdis": 3.5, "catdis": 1, "OBJNAM": null, "INFORM": null, "SCAMIN": 8000 }, "geometry": { "type": "Point", "coordinates": [ 28.61785, 44.311487 ] } },
{ "type": "Feature", "properties": { "wtwdis": 3.4, "catdis": 1, "OBJNAM": null, "INFORM": null, "SCAMIN": 8000 }, "geometry": { "type": "Point", "coordinates": [ 28.61805, 44.312362 ] } },
{ "type": "Feature", "properties": { "wtwdis": 3.3, "catdis": 1, "OBJNAM": null, "INFORM": null, "SCAMIN": 8000 }, "geometry": { "type": "Point", "coordinates": [ 28.618234, 44.313238 ] } },
{ "type": "Feature", "properties": { "wtwdis": 3.2, "catdis": 1, "OBJNAM": null, "INFORM": null, "SCAMIN": 8000 }, "geometry": { "type": "Point", "coordinates": [ 28.618417, 44.314115 ] } },
{ "type": "Feature", "properties": { "wtwdis": 3.1, "catdis": 1, "OBJNAM": null, "INFORM": null, "SCAMIN": 8000 }, "geometry": { "type": "Point", "coordinates": [ 28.61859, 44.314992 ] } },
{ "type": "Feature", "properties": { "wtwdis": 1.7, "catdis": 1, "OBJNAM": null, "INFORM": null, "SCAMIN": 8000 }, "geometry": { "type": "Point", "coordinates": [ 28.628745, 44.324548 ] } },
{ "type": "Feature", "properties": { "wtwdis": 1.8, "catdis": 1, "OBJNAM": null, "INFORM": null, "SCAMIN": 8000 }, "geometry": { "type": "Point", "coordinates": [ 28.627792, 44.323918 ] } },
{ "type": "Feature", "properties": { "wtwdis": 1.9, "catdis": 1, "OBJNAM": null, "INFORM": null, "SCAMIN": 8000 }, "geometry": { "type": "Point", "coordinates": [ 28.626932, 44.323281 ] } },
{ "type": "Feature", "properties": { "wtwdis": 11.0, "catdis": 3, "OBJNAM": null, "INFORM": null, "SCAMIN": 22000 }, "geometry": { "type": "Point", "coordinates": [ 28.559996, 44.26792 ] } },
{ "type": "Feature", "properties": { "wtwdis": 11.0, "catdis": 3, "OBJNAM": null, "INFORM": null, "SCAMIN": 22000 }, "geometry": { "type": "Point", "coordinates": [ 28.55971, 44.266836 ] } },
{ "type": "Feature", "properties": { "wtwdis": 12.0, "catdis": 3, "OBJNAM": null, "INFORM": null, "SCAMIN": 22000 }, "geometry": { "type": "Point", "coordinates": [ 28.548202, 44.270775 ] } },
{ "type": "Feature", "properties": { "wtwdis": 12.0, "catdis": 3, "OBJNAM": null, "INFORM": null, "SCAMIN": 22000 }, "geometry": { "type": "Point", "coordinates": [ 28.547912, 44.269915 ] } },
{ "type": "Feature", "properties": { "wtwdis": 10.0, "catdis": 3, "OBJNAM": null, "INFORM": null, "SCAMIN": 22000 }, "geometry": { "type": "Point", "coordinates": [ 28.572394, 44.265364 ] } },
{ "type": "Feature", "properties": { "wtwdis": 10.0, "catdis": 3, "OBJNAM": null, "INFORM": null, "SCAMIN": 22000 }, "geometry": { "type": "Point", "coordinates": [ 28.572297, 44.266374 ] } },
{ "type": "Feature", "properties": { "wtwdis": 9.0, "catdis": 3, "OBJNAM": null, "INFORM": null, "SCAMIN": 22000 }, "geometry": { "type": "Point", "coordinates": [ 28.583844, 44.270282 ] } },
{ "type": "Feature", "properties": { "wtwdis": 9.0, "catdis": 3, "OBJNAM": null, "INFORM": null, "SCAMIN": 22000 }, "geometry": { "type": "Point", "coordinates": [ 28.583105, 44.271111 ] } },
{ "type": "Feature", "properties": { "wtwdis": 8.0, "catdis": 3, "OBJNAM": null, "INFORM": null, "SCAMIN": 22000 }, "geometry": { "type": "Point", "coordinates": [ 28.592767, 44.276776 ] } },
{ "type": "Feature", "properties": { "wtwdis": 8.0, "catdis": 3, "OBJNAM": null, "INFORM": null, "SCAMIN": 22000 }, "geometry": { "type": "Point", "coordinates": [ 28.591971, 44.277472 ] } },
{ "type": "Feature", "properties": { "wtwdis": 7.0, "catdis": 3, "OBJNAM": null, "INFORM": null, "SCAMIN": 22000 }, "geometry": { "type": "Point", "coordinates": [ 28.601698, 44.283001 ] } },
{ "type": "Feature", "properties": { "wtwdis": 7.0, "catdis": 3, "OBJNAM": null, "INFORM": null, "SCAMIN": 22000 }, "geometry": { "type": "Point", "coordinates": [ 28.600973, 44.283758 ] } },
{ "type": "Feature", "properties": { "wtwdis": 13.0, "catdis": 3, "OBJNAM": null, "INFORM": null, "SCAMIN": 22000 }, "geometry": { "type": "Point", "coordinates": [ 28.536016, 44.27261 ] } },
{ "type": "Feature", "properties": { "wtwdis": 13.0, "catdis": 3, "OBJNAM": null, "INFORM": null, "SCAMIN": 22000 }, "geometry": { "type": "Point", "coordinates": [ 28.536084, 44.273259 ] } },
{ "type": "Feature", "properties": { "wtwdis": 14.0, "catdis": 3, "OBJNAM": null, "INFORM": null, "SCAMIN": 22000 }, "geometry": { "type": "Point", "coordinates": [ 28.52491, 44.270966 ] } },
{ "type": "Feature", "properties": { "wtwdis": 14.0, "catdis": 3, "OBJNAM": null, "INFORM": null, "SCAMIN": 22000 }, "geometry": { "type": "Point", "coordinates": [ 28.524753, 44.271481 ] } },
{ "type": "Feature", "properties": { "wtwdis": 15.0, "catdis": 3, "OBJNAM": null, "INFORM": null, "SCAMIN": 22000 }, "geometry": { "type": "Point", "coordinates": [ 28.509475, 44.267961 ] } },
{ "type": "Feature", "properties": { "wtwdis": 15.0, "catdis": 3, "OBJNAM": null, "INFORM": null, "SCAMIN": 22000 }, "geometry": { "type": "Point", "coordinates": [ 28.509647, 44.267374 ] } },
{ "type": "Feature", "properties": { "wtwdis": 16.0, "catdis": 3, "OBJNAM": null, "INFORM": null, "SCAMIN": 22000 }, "geometry": { "type": "Point", "coordinates": [ 28.499927, 44.264874 ] } },
{ "type": "Feature", "properties": { "wtwdis": 16.0, "catdis": 3, "OBJNAM": null, "INFORM": null, "SCAMIN": 22000 }, "geometry": { "type": "Point", "coordinates": [ 28.500255, 44.26431 ] } },
{ "type": "Feature", "properties": { "wtwdis": 17.0, "catdis": 3, "OBJNAM": null, "INFORM": null, "SCAMIN": 22000 }, "geometry": { "type": "Point", "coordinates": [ 28.489428, 44.259978 ] } },
{ "type": "Feature", "properties": { "wtwdis": 17.0, "catdis": 3, "OBJNAM": null, "INFORM": null, "SCAMIN": 22000 }, "geometry": { "type": "Point", "coordinates": [ 28.489709, 44.259498 ] } },
{ "type": "Feature", "properties": { "wtwdis": 7.0, "catdis": 1, "OBJNAM": null, "INFORM": null, "SCAMIN": 8000 }, "geometry": { "type": "Point", "coordinates": [ 28.601352, 44.283362 ] } },
{ "type": "Feature", "properties": { "wtwdis": 8.0, "catdis": 1, "OBJNAM": null, "INFORM": null, "SCAMIN": 8000 }, "geometry": { "type": "Point", "coordinates": [ 28.592409, 44.277089 ] } },
{ "type": "Feature", "properties": { "wtwdis": 9.0, "catdis": 1, "OBJNAM": null, "INFORM": null, "SCAMIN": 8000 }, "geometry": { "type": "Point", "coordinates": [ 28.583505, 44.270663 ] } },
{ "type": "Feature", "properties": { "wtwdis": 10.0, "catdis": 1, "OBJNAM": null, "INFORM": null, "SCAMIN": 8000 }, "geometry": { "type": "Point", "coordinates": [ 28.572346, 44.265856 ] } },
{ "type": "Feature", "properties": { "wtwdis": 11.0, "catdis": 1, "OBJNAM": null, "INFORM": null, "SCAMIN": 8000 }, "geometry": { "type": "Point", "coordinates": [ 28.559868, 44.267434 ] } },
{ "type": "Feature", "properties": { "wtwdis": 12.0, "catdis": 1, "OBJNAM": null, "INFORM": null, "SCAMIN": 8000 }, "geometry": { "type": "Point", "coordinates": [ 28.548053, 44.270348 ] } },
{ "type": "Feature", "properties": { "wtwdis": 13.0, "catdis": 1, "OBJNAM": null, "INFORM": null, "SCAMIN": 8000 }, "geometry": { "type": "Point", "coordinates": [ 28.536052, 44.272949 ] } },
{ "type": "Feature", "properties": { "wtwdis": 14.0, "catdis": 1, "OBJNAM": null, "INFORM": null, "SCAMIN": 8000 }, "geometry": { "type": "Point", "coordinates": [ 28.524837, 44.271205 ] } },
{ "type": "Feature", "properties": { "wtwdis": 15.0, "catdis": 1, "OBJNAM": null, "INFORM": null, "SCAMIN": 8000 }, "geometry": { "type": "Point", "coordinates": [ 28.509555, 44.267687 ] } },
{ "type": "Feature", "properties": { "wtwdis": 16.0, "catdis": 1, "OBJNAM": null, "INFORM": null, "SCAMIN": 8000 }, "geometry": { "type": "Point", "coordinates": [ 28.50008, 44.264611 ] } },
{ "type": "Feature", "properties": { "wtwdis": 17.0, "catdis": 1, "OBJNAM": null, "INFORM": null, "SCAMIN": 8000 }, "geometry": { "type": "Point", "coordinates": [ 28.489568, 44.259738 ] } },
{ "type": "Feature", "properties": { "wtwdis": 17.5, "catdis": 1, "OBJNAM": null, "INFORM": null, "SCAMIN": 8000 }, "geometry": { "type": "Point", "coordinates": [ 28.484312, 44.257291 ] } },
{ "type": "Feature", "properties": { "wtwdis": 17.4, "catdis": 1, "OBJNAM": null, "INFORM": null, "SCAMIN": 8000 }, "geometry": { "type": "Point", "coordinates": [ 28.485361, 44.257783 ] } },
{ "type": "Feature", "properties": { "wtwdis": 17.3, "catdis": 1, "OBJNAM": null, "INFORM": null, "SCAMIN": 8000 }, "geometry": { "type": "Point", "coordinates": [ 28.486413, 44.258272 ] } },
{ "type": "Feature", "properties": { "wtwdis": 17.2, "catdis": 1, "OBJNAM": null, "INFORM": null, "SCAMIN": 8000 }, "geometry": { "type": "Point", "coordinates": [ 28.487465, 44.258761 ] } },
{ "type": "Feature", "properties": { "wtwdis": 17.1, "catdis": 1, "OBJNAM": null, "INFORM": null, "SCAMIN": 8000 }, "geometry": { "type": "Point", "coordinates": [ 28.488516, 44.25925 ] } },
{ "type": "Feature", "properties": { "wtwdis": 16.9, "catdis": 1, "OBJNAM": null, "INFORM": null, "SCAMIN": 8000 }, "geometry": { "type": "Point", "coordinates": [ 28.490617, 44.260228 ] } },
{ "type": "Feature", "properties": { "wtwdis": 16.8, "catdis": 1, "OBJNAM": null, "INFORM": null, "SCAMIN": 8000 }, "geometry": { "type": "Point", "coordinates": [ 28.491666, 44.260718 ] } },
{ "type": "Feature", "properties": { "wtwdis": 16.7, "catdis": 1, "OBJNAM": null, "INFORM": null, "SCAMIN": 8000 }, "geometry": { "type": "Point", "coordinates": [ 28.492715, 44.261207 ] } },
{ "type": "Feature", "properties": { "wtwdis": 16.6, "catdis": 1, "OBJNAM": null, "INFORM": null, "SCAMIN": 8000 }, "geometry": { "type": "Point", "coordinates": [ 28.493764, 44.261697 ] } },
{ "type": "Feature", "properties": { "wtwdis": 16.5, "catdis": 1, "OBJNAM": null, "INFORM": null, "SCAMIN": 8000 }, "geometry": { "type": "Point", "coordinates": [ 28.494813, 44.262186 ] } },
{ "type": "Feature", "properties": { "wtwdis": 16.4, "catdis": 1, "OBJNAM": null, "INFORM": null, "SCAMIN": 8000 }, "geometry": { "type": "Point", "coordinates": [ 28.495863, 44.262676 ] } },
{ "type": "Feature", "properties": { "wtwdis": 16.3, "catdis": 1, "OBJNAM": null, "INFORM": null, "SCAMIN": 8000 }, "geometry": { "type": "Point", "coordinates": [ 28.496916, 44.263161 ] } },
{ "type": "Feature", "properties": { "wtwdis": 16.2, "catdis": 1, "OBJNAM": null, "INFORM": null, "SCAMIN": 8000 }, "geometry": { "type": "Point", "coordinates": [ 28.49797, 44.263645 ] } },
{ "type": "Feature", "properties": { "wtwdis": 16.1, "catdis": 1, "OBJNAM": null, "INFORM": null, "SCAMIN": 8000 }, "geometry": { "type": "Point", "coordinates": [ 28.499025, 44.264128 ] } },
{ "type": "Feature", "properties": { "wtwdis": 14.9, "catdis": 1, "OBJNAM": null, "INFORM": null, "SCAMIN": 8000 }, "geometry": { "type": "Point", "coordinates": [ 28.511083, 44.268039 ] } },
{ "type": "Feature", "properties": { "wtwdis": 14.8, "catdis": 1, "OBJNAM": null, "INFORM": null, "SCAMIN": 8000 }, "geometry": { "type": "Point", "coordinates": [ 28.512611, 44.26839 ] } },
{ "type": "Feature", "properties": { "wtwdis": 14.7, "catdis": 1, "OBJNAM": null, "INFORM": null, "SCAMIN": 8000 }, "geometry": { "type": "Point", "coordinates": [ 28.51414, 44.268742 ] } },
{ "type": "Feature", "properties": { "wtwdis": 14.6, "catdis": 1, "OBJNAM": null, "INFORM": null, "SCAMIN": 8000 }, "geometry": { "type": "Point", "coordinates": [ 28.515668, 44.269094 ] } },
{ "type": "Feature", "properties": { "wtwdis": 14.5, "catdis": 1, "OBJNAM": null, "INFORM": null, "SCAMIN": 8000 }, "geometry": { "type": "Point", "coordinates": [ 28.517196, 44.269446 ] } },
{ "type": "Feature", "properties": { "wtwdis": 14.4, "catdis": 1, "OBJNAM": null, "INFORM": null, "SCAMIN": 8000 }, "geometry": { "type": "Point", "coordinates": [ 28.518724, 44.269797 ] } },
{ "type": "Feature", "properties": { "wtwdis": 14.3, "catdis": 1, "OBJNAM": null, "INFORM": null, "SCAMIN": 8000 }, "geometry": { "type": "Point", "coordinates": [ 28.520253, 44.270149 ] } },
{ "type": "Feature", "properties": { "wtwdis": 14.2, "catdis": 1, "OBJNAM": null, "INFORM": null, "SCAMIN": 8000 }, "geometry": { "type": "Point", "coordinates": [ 28.521781, 44.270501 ] } },
{ "type": "Feature", "properties": { "wtwdis": 14.1, "catdis": 1, "OBJNAM": null, "INFORM": null, "SCAMIN": 8000 }, "geometry": { "type": "Point", "coordinates": [ 28.523309, 44.270853 ] } },
{ "type": "Feature", "properties": { "wtwdis": 15.9, "catdis": 1, "OBJNAM": null, "INFORM": null, "SCAMIN": 8000 }, "geometry": { "type": "Point", "coordinates": [ 28.500964, 44.265011 ] } },
{ "type": "Feature", "properties": { "wtwdis": 15.8, "catdis": 1, "OBJNAM": null, "INFORM": null, "SCAMIN": 8000 }, "geometry": { "type": "Point", "coordinates": [ 28.501849, 44.265411 ] } },
{ "type": "Feature", "properties": { "wtwdis": 15.7, "catdis": 1, "OBJNAM": null, "INFORM": null, "SCAMIN": 8000 }, "geometry": { "type": "Point", "coordinates": [ 28.50274, 44.265802 ] } },
{ "type": "Feature", "properties": { "wtwdis": 15.6, "catdis": 1, "OBJNAM": null, "INFORM": null, "SCAMIN": 8000 }, "geometry": { "type": "Point", "coordinates": [ 28.503671, 44.266142 ] } },
{ "type": "Feature", "properties": { "wtwdis": 15.5, "catdis": 1, "OBJNAM": null, "INFORM": null, "SCAMIN": 8000 }, "geometry": { "type": "Point", "coordinates": [ 28.504628, 44.266444 ] } },
{ "type": "Feature", "properties": { "wtwdis": 15.4, "catdis": 1, "OBJNAM": null, "INFORM": null, "SCAMIN": 8000 }, "geometry": { "type": "Point", "coordinates": [ 28.505599, 44.266719 ] } },
{ "type": "Feature", "properties": { "wtwdis": 15.3, "catdis": 1, "OBJNAM": null, "INFORM": null, "SCAMIN": 8000 }, "geometry": { "type": "Point", "coordinates": [ 28.506582, 44.266975 ] } },
{ "type": "Feature", "properties": { "wtwdis": 15.2, "catdis": 1, "OBJNAM": null, "INFORM": null, "SCAMIN": 8000 }, "geometry": { "type": "Point", "coordinates": [ 28.507564, 44.26723 ] } },
{ "type": "Feature", "properties": { "wtwdis": 15.1, "catdis": 1, "OBJNAM": null, "INFORM": null, "SCAMIN": 8000 }, "geometry": { "type": "Point", "coordinates": [ 28.508559, 44.267459 ] } },
{ "type": "Feature", "properties": { "wtwdis": 13.9, "catdis": 1, "OBJNAM": null, "INFORM": null, "SCAMIN": 8000 }, "geometry": { "type": "Point", "coordinates": [ 28.525945, 44.271442 ] } },
{ "type": "Feature", "properties": { "wtwdis": 13.8, "catdis": 1, "OBJNAM": null, "INFORM": null, "SCAMIN": 8000 }, "geometry": { "type": "Point", "coordinates": [ 28.527052, 44.271679 ] } },
{ "type": "Feature", "properties": { "wtwdis": 13.7, "catdis": 1, "OBJNAM": null, "INFORM": null, "SCAMIN": 8000 }, "geometry": { "type": "Point", "coordinates": [ 28.528159, 44.271917 ] } },
{ "type": "Feature", "properties": { "wtwdis": 13.6, "catdis": 1, "OBJNAM": null, "INFORM": null, "SCAMIN": 8000 }, "geometry": { "type": "Point", "coordinates": [ 28.529263, 44.272162 ] } },
{ "type": "Feature", "properties": { "wtwdis": 13.5, "catdis": 1, "OBJNAM": null, "INFORM": null, "SCAMIN": 8000 }, "geometry": { "type": "Point", "coordinates": [ 28.530367, 44.272407 ] } },
{ "type": "Feature", "properties": { "wtwdis": 13.4, "catdis": 1, "OBJNAM": null, "INFORM": null, "SCAMIN": 8000 }, "geometry": { "type": "Point", "coordinates": [ 28.531472, 44.272652 ] } },
{ "type": "Feature", "properties": { "wtwdis": 13.3, "catdis": 1, "OBJNAM": null, "INFORM": null, "SCAMIN": 8000 }, "geometry": { "type": "Point", "coordinates": [ 28.532597, 44.27284 ] } },
{ "type": "Feature", "properties": { "wtwdis": 13.2, "catdis": 1, "OBJNAM": null, "INFORM": null, "SCAMIN": 8000 }, "geometry": { "type": "Point", "coordinates": [ 28.533743, 44.272939 ] } },
{ "type": "Feature", "properties": { "wtwdis": 13.1, "catdis": 1, "OBJNAM": null, "INFORM": null, "SCAMIN": 8000 }, "geometry": { "type": "Point", "coordinates": [ 28.534897, 44.272975 ] } },
{ "type": "Feature", "properties": { "wtwdis": 12.9, "catdis": 1, "OBJNAM": null, "INFORM": null, "SCAMIN": 8000 }, "geometry": { "type": "Point", "coordinates": [ 28.5373, 44.272837 ] } },
{ "type": "Feature", "properties": { "wtwdis": 12.8, "catdis": 1, "OBJNAM": null, "INFORM": null, "SCAMIN": 8000 }, "geometry": { "type": "Point", "coordinates": [ 28.538534, 44.272663 ] } },
{ "type": "Feature", "properties": { "wtwdis": 12.7, "catdis": 1, "OBJNAM": null, "INFORM": null, "SCAMIN": 8000 }, "geometry": { "type": "Point", "coordinates": [ 28.539741, 44.27241 ] } },
{ "type": "Feature", "properties": { "wtwdis": 12.6, "catdis": 1, "OBJNAM": null, "INFORM": null, "SCAMIN": 8000 }, "geometry": { "type": "Point", "coordinates": [ 28.540928, 44.272111 ] } },
{ "type": "Feature", "properties": { "wtwdis": 12.5, "catdis": 1, "OBJNAM": null, "INFORM": null, "SCAMIN": 8000 }, "geometry": { "type": "Point", "coordinates": [ 28.542116, 44.271812 ] } },
{ "type": "Feature", "properties": { "wtwdis": 12.4, "catdis": 1, "OBJNAM": null, "INFORM": null, "SCAMIN": 8000 }, "geometry": { "type": "Point", "coordinates": [ 28.543342, 44.271611 ] } },
{ "type": "Feature", "properties": { "wtwdis": 12.3, "catdis": 1, "OBJNAM": null, "INFORM": null, "SCAMIN": 8000 }, "geometry": { "type": "Point", "coordinates": [ 28.544556, 44.271378 ] } },
{ "type": "Feature", "properties": { "wtwdis": 11.9, "catdis": 1, "OBJNAM": null, "INFORM": null, "SCAMIN": 8000 }, "geometry": { "type": "Point", "coordinates": [ 28.549236, 44.27006 ] } },
{ "type": "Feature", "properties": { "wtwdis": 11.8, "catdis": 1, "OBJNAM": null, "INFORM": null, "SCAMIN": 8000 }, "geometry": { "type": "Point", "coordinates": [ 28.550409, 44.269751 ] } },
{ "type": "Feature", "properties": { "wtwdis": 11.7, "catdis": 1, "OBJNAM": null, "INFORM": null, "SCAMIN": 8000 }, "geometry": { "type": "Point", "coordinates": [ 28.551587, 44.269452 ] } },
{ "type": "Feature", "properties": { "wtwdis": 11.6, "catdis": 1, "OBJNAM": null, "INFORM": null, "SCAMIN": 8000 }, "geometry": { "type": "Point", "coordinates": [ 28.55277, 44.269164 ] } },
{ "type": "Feature", "properties": { "wtwdis": 11.5, "catdis": 1, "OBJNAM": null, "INFORM": null, "SCAMIN": 8000 }, "geometry": { "type": "Point", "coordinates": [ 28.553953, 44.268876 ] } },
{ "type": "Feature", "properties": { "wtwdis": 11.4, "catdis": 1, "OBJNAM": null, "INFORM": null, "SCAMIN": 8000 }, "geometry": { "type": "Point", "coordinates": [ 28.555136, 44.268588 ] } },
{ "type": "Feature", "properties": { "wtwdis": 11.3, "catdis": 1, "OBJNAM": null, "INFORM": null, "SCAMIN": 8000 }, "geometry": { "type": "Point", "coordinates": [ 28.556319, 44.268299 ] } },
{ "type": "Feature", "properties": { "wtwdis": 11.2, "catdis": 1, "OBJNAM": null, "INFORM": null, "SCAMIN": 8000 }, "geometry": { "type": "Point", "coordinates": [ 28.557502, 44.268011 ] } },
{ "type": "Feature", "properties": { "wtwdis": 11.1, "catdis": 1, "OBJNAM": null, "INFORM": null, "SCAMIN": 8000 }, "geometry": { "type": "Point", "coordinates": [ 28.558685, 44.267723 ] } },
{ "type": "Feature", "properties": { "wtwdis": 10.9, "catdis": 1, "OBJNAM": null, "INFORM": null, "SCAMIN": 8000 }, "geometry": { "type": "Point", "coordinates": [ 28.561078, 44.267128 ] } },
{ "type": "Feature", "properties": { "wtwdis": 10.8, "catdis": 1, "OBJNAM": null, "INFORM": null, "SCAMIN": 8000 }, "geometry": { "type": "Point", "coordinates": [ 28.562305, 44.26686 ] } },
{ "type": "Feature", "properties": { "wtwdis": 10.7, "catdis": 1, "OBJNAM": null, "INFORM": null, "SCAMIN": 8000 }, "geometry": { "type": "Point", "coordinates": [ 28.563535, 44.266597 ] } },
{ "type": "Feature", "properties": { "wtwdis": 10.6, "catdis": 1, "OBJNAM": null, "INFORM": null, "SCAMIN": 8000 }, "geometry": { "type": "Point", "coordinates": [ 28.564765, 44.266335 ] } },
{ "type": "Feature", "properties": { "wtwdis": 10.5, "catdis": 1, "OBJNAM": null, "INFORM": null, "SCAMIN": 8000 }, "geometry": { "type": "Point", "coordinates": [ 28.565995, 44.266073 ] } },
{ "type": "Feature", "properties": { "wtwdis": 10.4, "catdis": 1, "OBJNAM": null, "INFORM": null, "SCAMIN": 8000 }, "geometry": { "type": "Point", "coordinates": [ 28.567237, 44.265844 ] } },
{ "type": "Feature", "properties": { "wtwdis": 10.3, "catdis": 1, "OBJNAM": null, "INFORM": null, "SCAMIN": 8000 }, "geometry": { "type": "Point", "coordinates": [ 28.568504, 44.265718 ] } },
{ "type": "Feature", "properties": { "wtwdis": 10.2, "catdis": 1, "OBJNAM": null, "INFORM": null, "SCAMIN": 8000 }, "geometry": { "type": "Point", "coordinates": [ 28.569786, 44.26574 ] } },
{ "type": "Feature", "properties": { "wtwdis": 10.1, "catdis": 1, "OBJNAM": null, "INFORM": null, "SCAMIN": 8000 }, "geometry": { "type": "Point", "coordinates": [ 28.571067, 44.265786 ] } },
{ "type": "Feature", "properties": { "wtwdis": 9.9, "catdis": 1, "OBJNAM": null, "INFORM": null, "SCAMIN": 8000 }, "geometry": { "type": "Point", "coordinates": [ 28.573648, 44.266044 ] } },
{ "type": "Feature", "properties": { "wtwdis": 9.8, "catdis": 1, "OBJNAM": null, "INFORM": null, "SCAMIN": 8000 }, "geometry": { "type": "Point", "coordinates": [ 28.574928, 44.266295 ] } },
{ "type": "Feature", "properties": { "wtwdis": 9.7, "catdis": 1, "OBJNAM": null, "INFORM": null, "SCAMIN": 8000 }, "geometry": { "type": "Point", "coordinates": [ 28.576166, 44.266641 ] } },
{ "type": "Feature", "properties": { "wtwdis": 9.6, "catdis": 1, "OBJNAM": null, "INFORM": null, "SCAMIN": 8000 }, "geometry": { "type": "Point", "coordinates": [ 28.577367, 44.267049 ] } },
{ "type": "Feature", "properties": { "wtwdis": 9.5, "catdis": 1, "OBJNAM": null, "INFORM": null, "SCAMIN": 8000 }, "geometry": { "type": "Point", "coordinates": [ 28.578523, 44.267518 ] } },
{ "type": "Feature", "properties": { "wtwdis": 9.4, "catdis": 1, "OBJNAM": null, "INFORM": null, "SCAMIN": 8000 }, "geometry": { "type": "Point", "coordinates": [ 28.579607, 44.268068 ] } },
{ "type": "Feature", "properties": { "wtwdis": 9.3, "catdis": 1, "OBJNAM": null, "INFORM": null, "SCAMIN": 8000 }, "geometry": { "type": "Point", "coordinates": [ 28.580632, 44.268676 ] } },
{ "type": "Feature", "properties": { "wtwdis": 9.2, "catdis": 1, "OBJNAM": null, "INFORM": null, "SCAMIN": 8000 }, "geometry": { "type": "Point", "coordinates": [ 28.581589, 44.269338 ] } },
{ "type": "Feature", "properties": { "wtwdis": 9.1, "catdis": 1, "OBJNAM": null, "INFORM": null, "SCAMIN": 8000 }, "geometry": { "type": "Point", "coordinates": [ 28.582547, 44.270001 ] } },
{ "type": "Feature", "properties": { "wtwdis": 8.9, "catdis": 1, "OBJNAM": null, "INFORM": null, "SCAMIN": 8000 }, "geometry": { "type": "Point", "coordinates": [ 28.584394, 44.271307 ] } },
{ "type": "Feature", "properties": { "wtwdis": 8.8, "catdis": 1, "OBJNAM": null, "INFORM": null, "SCAMIN": 8000 }, "geometry": { "type": "Point", "coordinates": [ 28.585282, 44.271951 ] } },
{ "type": "Feature", "properties": { "wtwdis": 8.7, "catdis": 1, "OBJNAM": null, "INFORM": null, "SCAMIN": 8000 }, "geometry": { "type": "Point", "coordinates": [ 28.586169, 44.272595 ] } },
{ "type": "Feature", "properties": { "wtwdis": 8.6, "catdis": 1, "OBJNAM": null, "INFORM": null, "SCAMIN": 8000 }, "geometry": { "type": "Point", "coordinates": [ 28.587057, 44.27324 ] } },
{ "type": "Feature", "properties": { "wtwdis": 8.5, "catdis": 1, "OBJNAM": null, "INFORM": null, "SCAMIN": 8000 }, "geometry": { "type": "Point", "coordinates": [ 28.587947, 44.273883 ] } },
{ "type": "Feature", "properties": { "wtwdis": 8.4, "catdis": 1, "OBJNAM": null, "INFORM": null, "SCAMIN": 8000 }, "geometry": { "type": "Point", "coordinates": [ 28.588839, 44.274524 ] } },
{ "type": "Feature", "properties": { "wtwdis": 8.3, "catdis": 1, "OBJNAM": null, "INFORM": null, "SCAMIN": 8000 }, "geometry": { "type": "Point", "coordinates": [ 28.589731, 44.275165 ] } },
{ "type": "Feature", "properties": { "wtwdis": 8.2, "catdis": 1, "OBJNAM": null, "INFORM": null, "SCAMIN": 8000 }, "geometry": { "type": "Point", "coordinates": [ 28.590624, 44.275807 ] } },
{ "type": "Feature", "properties": { "wtwdis": 8.1, "catdis": 1, "OBJNAM": null, "INFORM": null, "SCAMIN": 8000 }, "geometry": { "type": "Point", "coordinates": [ 28.591516, 44.276448 ] } },
{ "type": "Feature", "properties": { "wtwdis": 7.9, "catdis": 1, "OBJNAM": null, "INFORM": null, "SCAMIN": 8000 }, "geometry": { "type": "Point", "coordinates": [ 28.593289, 44.277727 ] } },
{ "type": "Feature", "properties": { "wtwdis": 7.8, "catdis": 1, "OBJNAM": null, "INFORM": null, "SCAMIN": 8000 }, "geometry": { "type": "Point", "coordinates": [ 28.594169, 44.278364 ] } },
{ "type": "Feature", "properties": { "wtwdis": 7.7, "catdis": 1, "OBJNAM": null, "INFORM": null, "SCAMIN": 8000 }, "geometry": { "type": "Point", "coordinates": [ 28.595049, 44.279002 ] } },
{ "type": "Feature", "properties": { "wtwdis": 7.6, "catdis": 1, "OBJNAM": null, "INFORM": null, "SCAMIN": 8000 }, "geometry": { "type": "Point", "coordinates": [ 28.595929, 44.27964 ] } },
{ "type": "Feature", "properties": { "wtwdis": 7.5, "catdis": 1, "OBJNAM": null, "INFORM": null, "SCAMIN": 8000 }, "geometry": { "type": "Point", "coordinates": [ 28.596829, 44.280263 ] } },
{ "type": "Feature", "properties": { "wtwdis": 7.4, "catdis": 1, "OBJNAM": null, "INFORM": null, "SCAMIN": 8000 }, "geometry": { "type": "Point", "coordinates": [ 28.597732, 44.280884 ] } },
{ "type": "Feature", "properties": { "wtwdis": 7.3, "catdis": 1, "OBJNAM": null, "INFORM": null, "SCAMIN": 8000 }, "geometry": { "type": "Point", "coordinates": [ 28.598636, 44.281504 ] } },
{ "type": "Feature", "properties": { "wtwdis": 7.2, "catdis": 1, "OBJNAM": null, "INFORM": null, "SCAMIN": 8000 }, "geometry": { "type": "Point", "coordinates": [ 28.599541, 44.282124 ] } },
{ "type": "Feature", "properties": { "wtwdis": 7.1, "catdis": 1, "OBJNAM": null, "INFORM": null, "SCAMIN": 8000 }, "geometry": { "type": "Point", "coordinates": [ 28.600447, 44.282743 ] } },
{ "type": "Feature", "properties": { "wtwdis": 6.9, "catdis": 1, "OBJNAM": null, "INFORM": null, "SCAMIN": 8000 }, "geometry": { "type": "Point", "coordinates": [ 28.602258, 44.283983 ] } },
{ "type": "Feature", "properties": { "wtwdis": 6.8, "catdis": 1, "OBJNAM": null, "INFORM": null, "SCAMIN": 8000 }, "geometry": { "type": "Point", "coordinates": [ 28.603164, 44.284603 ] } },
{ "type": "Feature", "properties": { "wtwdis": 12.4, "catdis": 1, "OBJNAM": null, "INFORM": null, "SCAMIN": 8000 }, "geometry": { "type": "Point", "coordinates": [ 28.54326, 44.271439 ] } },
{ "type": "Feature", "properties": { "wtwdis": 12.3, "catdis": 1, "OBJNAM": null, "INFORM": null, "SCAMIN": 8000 }, "geometry": { "type": "Point", "coordinates": [ 28.544423, 44.271093 ] } },
{ "type": "Feature", "properties": { "wtwdis": 18.0, "catdis": 3, "OBJNAM": null, "INFORM": null, "SCAMIN": 22000 }, "geometry": { "type": "Point", "coordinates": [ 28.478905, 44.25512 ] } },
{ "type": "Feature", "properties": { "wtwdis": 18.0, "catdis": 3, "OBJNAM": null, "INFORM": null, "SCAMIN": 22000 }, "geometry": { "type": "Point", "coordinates": [ 28.479211, 44.254577 ] } },
{ "type": "Feature", "properties": { "wtwdis": 19.0, "catdis": 3, "OBJNAM": null, "INFORM": null, "SCAMIN": 22000 }, "geometry": { "type": "Point", "coordinates": [ 28.468471, 44.250152 ] } },
{ "type": "Feature", "properties": { "wtwdis": 19.0, "catdis": 3, "OBJNAM": null, "INFORM": null, "SCAMIN": 22000 }, "geometry": { "type": "Point", "coordinates": [ 28.468828, 44.24958 ] } },
{ "type": "Feature", "properties": { "wtwdis": 20.0, "catdis": 3, "OBJNAM": null, "INFORM": null, "SCAMIN": 22000 }, "geometry": { "type": "Point", "coordinates": [ 28.458981, 44.244315 ] } },
{ "type": "Feature", "properties": { "wtwdis": 20.0, "catdis": 3, "OBJNAM": null, "INFORM": null, "SCAMIN": 22000 }, "geometry": { "type": "Point", "coordinates": [ 28.459425, 44.243768 ] } },
{ "type": "Feature", "properties": { "wtwdis": 21.0, "catdis": 3, "OBJNAM": null, "INFORM": null, "SCAMIN": 22000 }, "geometry": { "type": "Point", "coordinates": [ 28.449864, 44.23811 ] } },
{ "type": "Feature", "properties": { "wtwdis": 21.0, "catdis": 3, "OBJNAM": null, "INFORM": null, "SCAMIN": 22000 }, "geometry": { "type": "Point", "coordinates": [ 28.450344, 44.237458 ] } },
{ "type": "Feature", "properties": { "wtwdis": 22.0, "catdis": 3, "OBJNAM": null, "INFORM": null, "SCAMIN": 22000 }, "geometry": { "type": "Point", "coordinates": [ 28.440027, 44.232585 ] } },
{ "type": "Feature", "properties": { "wtwdis": 22.0, "catdis": 3, "OBJNAM": null, "INFORM": null, "SCAMIN": 22000 }, "geometry": { "type": "Point", "coordinates": [ 28.440388, 44.231915 ] } },
{ "type": "Feature", "properties": { "wtwdis": 23.0, "catdis": 3, "OBJNAM": null, "INFORM": null, "SCAMIN": 22000 }, "geometry": { "type": "Point", "coordinates": [ 28.42881, 44.228595 ] } },
{ "type": "Feature", "properties": { "wtwdis": 23.0, "catdis": 3, "OBJNAM": null, "INFORM": null, "SCAMIN": 22000 }, "geometry": { "type": "Point", "coordinates": [ 28.429083, 44.227934 ] } },
{ "type": "Feature", "properties": { "wtwdis": 24.0, "catdis": 3, "OBJNAM": null, "INFORM": null, "SCAMIN": 22000 }, "geometry": { "type": "Point", "coordinates": [ 28.417451, 44.224809 ] } },
{ "type": "Feature", "properties": { "wtwdis": 24.0, "catdis": 3, "OBJNAM": null, "INFORM": null, "SCAMIN": 22000 }, "geometry": { "type": "Point", "coordinates": [ 28.41772, 44.224143 ] } },
{ "type": "Feature", "properties": { "wtwdis": 25.0, "catdis": 3, "OBJNAM": null, "INFORM": null, "SCAMIN": 22000 }, "geometry": { "type": "Point", "coordinates": [ 28.406338, 44.220355 ] } },
{ "type": "Feature", "properties": { "wtwdis": 18.0, "catdis": 1, "OBJNAM": null, "INFORM": null, "SCAMIN": 8000 }, "geometry": { "type": "Point", "coordinates": [ 28.479067, 44.254834 ] } },
{ "type": "Feature", "properties": { "wtwdis": 19.0, "catdis": 1, "OBJNAM": null, "INFORM": null, "SCAMIN": 8000 }, "geometry": { "type": "Point", "coordinates": [ 28.468652, 44.249861 ] } },
{ "type": "Feature", "properties": { "wtwdis": 20.0, "catdis": 1, "OBJNAM": null, "INFORM": null, "SCAMIN": 8000 }, "geometry": { "type": "Point", "coordinates": [ 28.459209, 44.244034 ] } },
{ "type": "Feature", "properties": { "wtwdis": 21.0, "catdis": 1, "OBJNAM": null, "INFORM": null, "SCAMIN": 8000 }, "geometry": { "type": "Point", "coordinates": [ 28.450115, 44.237768 ] } },
{ "type": "Feature", "properties": { "wtwdis": 22.0, "catdis": 1, "OBJNAM": null, "INFORM": null, "SCAMIN": 8000 }, "geometry": { "type": "Point", "coordinates": [ 28.440211, 44.232242 ] } },
{ "type": "Feature", "properties": { "wtwdis": 23.0, "catdis": 1, "OBJNAM": null, "INFORM": null, "SCAMIN": 8000 }, "geometry": { "type": "Point", "coordinates": [ 28.428953, 44.228247 ] } },
{ "type": "Feature", "properties": { "wtwdis": 24.0, "catdis": 1, "OBJNAM": null, "INFORM": null, "SCAMIN": 8000 }, "geometry": { "type": "Point", "coordinates": [ 28.417592, 44.224461 ] } },
{ "type": "Feature", "properties": { "wtwdis": 17.9, "catdis": 1, "OBJNAM": null, "INFORM": null, "SCAMIN": 8000 }, "geometry": { "type": "Point", "coordinates": [ 28.48012, 44.25532 ] } },
{ "type": "Feature", "properties": { "wtwdis": 17.8, "catdis": 1, "OBJNAM": null, "INFORM": null, "SCAMIN": 8000 }, "geometry": { "type": "Point", "coordinates": [ 28.481174, 44.255807 ] } },
{ "type": "Feature", "properties": { "wtwdis": 18.9, "catdis": 1, "OBJNAM": null, "INFORM": null, "SCAMIN": 8000 }, "geometry": { "type": "Point", "coordinates": [ 28.469667, 44.250386 ] } },
{ "type": "Feature", "properties": { "wtwdis": 18.8, "catdis": 1, "OBJNAM": null, "INFORM": null, "SCAMIN": 8000 }, "geometry": { "type": "Point", "coordinates": [ 28.470694, 44.250899 ] } },
{ "type": "Feature", "properties": { "wtwdis": 18.7, "catdis": 1, "OBJNAM": null, "INFORM": null, "SCAMIN": 8000 }, "geometry": { "type": "Point", "coordinates": [ 28.471729, 44.251403 ] } },
{ "type": "Feature", "properties": { "wtwdis": 18.6, "catdis": 1, "OBJNAM": null, "INFORM": null, "SCAMIN": 8000 }, "geometry": { "type": "Point", "coordinates": [ 28.472775, 44.251896 ] } },
{ "type": "Feature", "properties": { "wtwdis": 18.5, "catdis": 1, "OBJNAM": null, "INFORM": null, "SCAMIN": 8000 }, "geometry": { "type": "Point", "coordinates": [ 28.473824, 44.252385 ] } },
{ "type": "Feature", "properties": { "wtwdis": 18.4, "catdis": 1, "OBJNAM": null, "INFORM": null, "SCAMIN": 8000 }, "geometry": { "type": "Point", "coordinates": [ 28.474873, 44.252874 ] } },
{ "type": "Feature", "properties": { "wtwdis": 18.3, "catdis": 1, "OBJNAM": null, "INFORM": null, "SCAMIN": 8000 }, "geometry": { "type": "Point", "coordinates": [ 28.475923, 44.253363 ] } },
{ "type": "Feature", "properties": { "wtwdis": 18.2, "catdis": 1, "OBJNAM": null, "INFORM": null, "SCAMIN": 8000 }, "geometry": { "type": "Point", "coordinates": [ 28.476972, 44.253852 ] } },
{ "type": "Feature", "properties": { "wtwdis": 18.1, "catdis": 1, "OBJNAM": null, "INFORM": null, "SCAMIN": 8000 }, "geometry": { "type": "Point", "coordinates": [ 28.478019, 44.254343 ] } },
{ "type": "Feature", "properties": { "wtwdis": 19.9, "catdis": 1, "OBJNAM": null, "INFORM": null, "SCAMIN": 8000 }, "geometry": { "type": "Point", "coordinates": [ 28.4601, 44.244659 ] } },
{ "type": "Feature", "properties": { "wtwdis": 19.8, "catdis": 1, "OBJNAM": null, "INFORM": null, "SCAMIN": 8000 }, "geometry": { "type": "Point", "coordinates": [ 28.460998, 44.24528 ] } },
{ "type": "Feature", "properties": { "wtwdis": 19.7, "catdis": 1, "OBJNAM": null, "INFORM": null, "SCAMIN": 8000 }, "geometry": { "type": "Point", "coordinates": [ 28.461917, 44.245885 ] } },
{ "type": "Feature", "properties": { "wtwdis": 19.6, "catdis": 1, "OBJNAM": null, "INFORM": null, "SCAMIN": 8000 }, "geometry": { "type": "Point", "coordinates": [ 28.462836, 44.24649 ] } },
{ "type": "Feature", "properties": { "wtwdis": 19.5, "catdis": 1, "OBJNAM": null, "INFORM": null, "SCAMIN": 8000 }, "geometry": { "type": "Point", "coordinates": [ 28.463765, 44.247086 ] } },
{ "type": "Feature", "properties": { "wtwdis": 19.4, "catdis": 1, "OBJNAM": null, "INFORM": null, "SCAMIN": 8000 }, "geometry": { "type": "Point", "coordinates": [ 28.464729, 44.247653 ] } },
{ "type": "Feature", "properties": { "wtwdis": 19.3, "catdis": 1, "OBJNAM": null, "INFORM": null, "SCAMIN": 8000 }, "geometry": { "type": "Point", "coordinates": [ 28.465696, 44.248217 ] } },
{ "type": "Feature", "properties": { "wtwdis": 19.2, "catdis": 1, "OBJNAM": null, "INFORM": null, "SCAMIN": 8000 }, "geometry": { "type": "Point", "coordinates": [ 28.466668, 44.248778 ] } },
{ "type": "Feature", "properties": { "wtwdis": 19.1, "catdis": 1, "OBJNAM": null, "INFORM": null, "SCAMIN": 8000 }, "geometry": { "type": "Point", "coordinates": [ 28.467655, 44.249324 ] } },
{ "type": "Feature", "properties": { "wtwdis": 20.9, "catdis": 1, "OBJNAM": null, "INFORM": null, "SCAMIN": 8000 }, "geometry": { "type": "Point", "coordinates": [ 28.451024, 44.238395 ] } },
{ "type": "Feature", "properties": { "wtwdis": 20.8, "catdis": 1, "OBJNAM": null, "INFORM": null, "SCAMIN": 8000 }, "geometry": { "type": "Point", "coordinates": [ 28.451933, 44.239021 ] } },
{ "type": "Feature", "properties": { "wtwdis": 20.7, "catdis": 1, "OBJNAM": null, "INFORM": null, "SCAMIN": 8000 }, "geometry": { "type": "Point", "coordinates": [ 28.452843, 44.239648 ] } },
{ "type": "Feature", "properties": { "wtwdis": 20.6, "catdis": 1, "OBJNAM": null, "INFORM": null, "SCAMIN": 8000 }, "geometry": { "type": "Point", "coordinates": [ 28.453752, 44.240275 ] } },
{ "type": "Feature", "properties": { "wtwdis": 20.5, "catdis": 1, "OBJNAM": null, "INFORM": null, "SCAMIN": 8000 }, "geometry": { "type": "Point", "coordinates": [ 28.454662, 44.240901 ] } },
{ "type": "Feature", "properties": { "wtwdis": 20.4, "catdis": 1, "OBJNAM": null, "INFORM": null, "SCAMIN": 8000 }, "geometry": { "type": "Point", "coordinates": [ 28.455574, 44.241526 ] } },
{ "type": "Feature", "properties": { "wtwdis": 20.3, "catdis": 1, "OBJNAM": null, "INFORM": null, "SCAMIN": 8000 }, "geometry": { "type": "Point", "coordinates": [ 28.456486, 44.242151 ] } },
{ "type": "Feature", "properties": { "wtwdis": 20.2, "catdis": 1, "OBJNAM": null, "INFORM": null, "SCAMIN": 8000 }, "geometry": { "type": "Point", "coordinates": [ 28.457394, 44.242778 ] } },
{ "type": "Feature", "properties": { "wtwdis": 20.1, "catdis": 1, "OBJNAM": null, "INFORM": null, "SCAMIN": 8000 }, "geometry": { "type": "Point", "coordinates": [ 28.458301, 44.243406 ] } },
{ "type": "Feature", "properties": { "wtwdis": 21.9, "catdis": 1, "OBJNAM": null, "INFORM": null, "SCAMIN": 8000 }, "geometry": { "type": "Point", "coordinates": [ 28.441277, 44.232721 ] } },
{ "type": "Feature", "properties": { "wtwdis": 21.8, "catdis": 1, "OBJNAM": null, "INFORM": null, "SCAMIN": 8000 }, "geometry": { "type": "Point", "coordinates": [ 28.442327, 44.233217 ] } },
{ "type": "Feature", "properties": { "wtwdis": 21.7, "catdis": 1, "OBJNAM": null, "INFORM": null, "SCAMIN": 8000 }, "geometry": { "type": "Point", "coordinates": [ 28.443363, 44.233729 ] } },
{ "type": "Feature", "properties": { "wtwdis": 21.6, "catdis": 1, "OBJNAM": null, "INFORM": null, "SCAMIN": 8000 }, "geometry": { "type": "Point", "coordinates": [ 28.444398, 44.234242 ] } },
{ "type": "Feature", "properties": { "wtwdis": 21.5, "catdis": 1, "OBJNAM": null, "INFORM": null, "SCAMIN": 8000 }, "geometry": { "type": "Point", "coordinates": [ 28.44541, 44.234776 ] } },
{ "type": "Feature", "properties": { "wtwdis": 21.4, "catdis": 1, "OBJNAM": null, "INFORM": null, "SCAMIN": 8000 }, "geometry": { "type": "Point", "coordinates": [ 28.446366, 44.235362 ] } },
{ "type": "Feature", "properties": { "wtwdis": 21.3, "catdis": 1, "OBJNAM": null, "INFORM": null, "SCAMIN": 8000 }, "geometry": { "type": "Point", "coordinates": [ 28.447322, 44.235949 ] } },
{ "type": "Feature", "properties": { "wtwdis": 21.2, "catdis": 1, "OBJNAM": null, "INFORM": null, "SCAMIN": 8000 }, "geometry": { "type": "Point", "coordinates": [ 28.448278, 44.236535 ] } },
{ "type": "Feature", "properties": { "wtwdis": 21.1, "catdis": 1, "OBJNAM": null, "INFORM": null, "SCAMIN": 8000 }, "geometry": { "type": "Point", "coordinates": [ 28.449218, 44.237135 ] } },
{ "type": "Feature", "properties": { "wtwdis": 22.9, "catdis": 1, "OBJNAM": null, "INFORM": null, "SCAMIN": 8000 }, "geometry": { "type": "Point", "coordinates": [ 28.430091, 44.22863 ] } },
{ "type": "Feature", "properties": { "wtwdis": 22.8, "catdis": 1, "OBJNAM": null, "INFORM": null, "SCAMIN": 8000 }, "geometry": { "type": "Point", "coordinates": [ 28.431228, 44.229013 ] } },
{ "type": "Feature", "properties": { "wtwdis": 22.7, "catdis": 1, "OBJNAM": null, "INFORM": null, "SCAMIN": 8000 }, "geometry": { "type": "Point", "coordinates": [ 28.432366, 44.229396 ] } },
{ "type": "Feature", "properties": { "wtwdis": 22.6, "catdis": 1, "OBJNAM": null, "INFORM": null, "SCAMIN": 8000 }, "geometry": { "type": "Point", "coordinates": [ 28.433503, 44.22978 ] } },
{ "type": "Feature", "properties": { "wtwdis": 22.5, "catdis": 1, "OBJNAM": null, "INFORM": null, "SCAMIN": 8000 }, "geometry": { "type": "Point", "coordinates": [ 28.434646, 44.230154 ] } },
{ "type": "Feature", "properties": { "wtwdis": 22.4, "catdis": 1, "OBJNAM": null, "INFORM": null, "SCAMIN": 8000 }, "geometry": { "type": "Point", "coordinates": [ 28.435789, 44.230528 ] } },
{ "type": "Feature", "properties": { "wtwdis": 22.3, "catdis": 1, "OBJNAM": null, "INFORM": null, "SCAMIN": 8000 }, "geometry": { "type": "Point", "coordinates": [ 28.43691, 44.230936 ] } },
{ "type": "Feature", "properties": { "wtwdis": 22.2, "catdis": 1, "OBJNAM": null, "INFORM": null, "SCAMIN": 8000 }, "geometry": { "type": "Point", "coordinates": [ 28.438018, 44.231362 ] } },
{ "type": "Feature", "properties": { "wtwdis": 22.1, "catdis": 1, "OBJNAM": null, "INFORM": null, "SCAMIN": 8000 }, "geometry": { "type": "Point", "coordinates": [ 28.439123, 44.231792 ] } },
{ "type": "Feature", "properties": { "wtwdis": 23.9, "catdis": 1, "OBJNAM": null, "INFORM": null, "SCAMIN": 8000 }, "geometry": { "type": "Point", "coordinates": [ 28.418728, 44.224841 ] } },
{ "type": "Feature", "properties": { "wtwdis": 23.8, "catdis": 1, "OBJNAM": null, "INFORM": null, "SCAMIN": 8000 }, "geometry": { "type": "Point", "coordinates": [ 28.419863, 44.225221 ] } },
{ "type": "Feature", "properties": { "wtwdis": 23.7, "catdis": 1, "OBJNAM": null, "INFORM": null, "SCAMIN": 8000 }, "geometry": { "type": "Point", "coordinates": [ 28.420998, 44.2256 ] } },
{ "type": "Feature", "properties": { "wtwdis": 23.6, "catdis": 1, "OBJNAM": null, "INFORM": null, "SCAMIN": 8000 }, "geometry": { "type": "Point", "coordinates": [ 28.422134, 44.22598 ] } },
{ "type": "Feature", "properties": { "wtwdis": 23.5, "catdis": 1, "OBJNAM": null, "INFORM": null, "SCAMIN": 8000 }, "geometry": { "type": "Point", "coordinates": [ 28.423269, 44.22636 ] } },
{ "type": "Feature", "properties": { "wtwdis": 23.4, "catdis": 1, "OBJNAM": null, "INFORM": null, "SCAMIN": 8000 }, "geometry": { "type": "Point", "coordinates": [ 28.424406, 44.226737 ] } },
{ "type": "Feature", "properties": { "wtwdis": 23.3, "catdis": 1, "OBJNAM": null, "INFORM": null, "SCAMIN": 8000 }, "geometry": { "type": "Point", "coordinates": [ 28.425543, 44.227115 ] } },
{ "type": "Feature", "properties": { "wtwdis": 23.2, "catdis": 1, "OBJNAM": null, "INFORM": null, "SCAMIN": 8000 }, "geometry": { "type": "Point", "coordinates": [ 28.426679, 44.227492 ] } },
{ "type": "Feature", "properties": { "wtwdis": 23.1, "catdis": 1, "OBJNAM": null, "INFORM": null, "SCAMIN": 8000 }, "geometry": { "type": "Point", "coordinates": [ 28.427816, 44.22787 ] } },
{ "type": "Feature", "properties": { "wtwdis": 24.9, "catdis": 1, "OBJNAM": null, "INFORM": null, "SCAMIN": 8000 }, "geometry": { "type": "Point", "coordinates": [ 28.407361, 44.221063 ] } },
{ "type": "Feature", "properties": { "wtwdis": 24.8, "catdis": 1, "OBJNAM": null, "INFORM": null, "SCAMIN": 8000 }, "geometry": { "type": "Point", "coordinates": [ 28.408498, 44.221441 ] } },
{ "type": "Feature", "properties": { "wtwdis": 24.7, "catdis": 1, "OBJNAM": null, "INFORM": null, "SCAMIN": 8000 }, "geometry": { "type": "Point", "coordinates": [ 28.409634, 44.221819 ] } },
{ "type": "Feature", "properties": { "wtwdis": 24.6, "catdis": 1, "OBJNAM": null, "INFORM": null, "SCAMIN": 8000 }, "geometry": { "type": "Point", "coordinates": [ 28.41077, 44.222198 ] } },
{ "type": "Feature", "properties": { "wtwdis": 24.5, "catdis": 1, "OBJNAM": null, "INFORM": null, "SCAMIN": 8000 }, "geometry": { "type": "Point", "coordinates": [ 28.411907, 44.222575 ] } },
{ "type": "Feature", "properties": { "wtwdis": 24.4, "catdis": 1, "OBJNAM": null, "INFORM": null, "SCAMIN": 8000 }, "geometry": { "type": "Point", "coordinates": [ 28.413044, 44.222953 ] } },
{ "type": "Feature", "properties": { "wtwdis": 24.3, "catdis": 1, "OBJNAM": null, "INFORM": null, "SCAMIN": 8000 }, "geometry": { "type": "Point", "coordinates": [ 28.414181, 44.22333 ] } },
{ "type": "Feature", "properties": { "wtwdis": 24.2, "catdis": 1, "OBJNAM": null, "INFORM": null, "SCAMIN": 8000 }, "geometry": { "type": "Point", "coordinates": [ 28.415318, 44.223707 ] } },
{ "type": "Feature", "properties": { "wtwdis": 24.1, "catdis": 1, "OBJNAM": null, "INFORM": null, "SCAMIN": 8000 }, "geometry": { "type": "Point", "coordinates": [ 28.416455, 44.224084 ] } }
]
}
