{
  "type": "FeatureCollection",
  "features": [
    {
      "type": "Feature",
      "properties": {
        "dataset_group": "fast2_ddni_863_375",
        "needs_manual_review": false,
        "id": "STU-SPAWN-843",
        "layer": "fast2_sturgeons_spawning_potential",
        "habitat_type": "spawning_potential",
        "label_ro": "Reproducere potențială",
        "rkm_start": 843,
        "rkm_end": 841,
        "bank_side": "left",
        "bank_side_ro": "mal stâng",
        "substrate_ro": "substrat de pietriș",
        "confidence_ro": "habitat potențial / evaluare preliminară",
        "popup_priority": null,
        "related_fast_pc": [],
        "source": "Honț et al. 2022 / DDNI + puncte AFDJ",
        "geometry_method": "bank_and_fairway_corridor",
        "interpolation_used": true,
        "hectometric_points_used": false,
        "source_km_values": [
          843,
          842,
          841
        ]
      },
      "geometry": {
        "type": "Polygon",
        "coordinates": [
          [
            [
              22.7038466,
              44.2072566
            ],
            [
              22.70504721,
              44.20720872
            ],
            [
              22.706247819999998,
              44.20716084
            ],
            [
              22.70744843,
              44.20711296
            ],
            [
              22.708649039999997,
              44.20706508
            ],
            [
              22.70984965,
              44.207017199999996
            ],
            [
              22.71105026,
              44.20696932
            ],
            [
              22.71225087,
              44.206921439999995
            ],
            [
              22.71345148,
              44.20687356
            ],
            [
              22.714652089999998,
              44.20682568
            ],
            [
              22.7158527,
              44.2067778
            ],
            [
              22.71722076,
              44.206668379999996
            ],
            [
              22.71858882,
              44.206558959999995
            ],
            [
              22.719956879999998,
              44.20644954
            ],
            [
              22.72132494,
              44.20634012
            ],
            [
              22.722693,
              44.2062307
            ],
            [
              22.72406106,
              44.20612128
            ],
            [
              22.72542912,
              44.20601186
            ],
            [
              22.72679718,
              44.20590244
            ],
            [
              22.72816524,
              44.20579302
            ],
            [
              22.7295333,
              44.2056836
            ],
            [
              22.728575322,
              44.203977518
            ],
            [
              22.727319129,
              44.2040825196
            ],
            [
              22.726062935999998,
              44.204187521200005
            ],
            [
              22.724806743000002,
              44.204292522799996
            ],
            [
              22.72355055,
              44.2043975244
            ],
            [
              22.722294357000003,
              44.204502526
            ],
            [
              22.721038164,
              44.204607527600004
            ],
            [
              22.719781971,
              44.2047125292
            ],
            [
              22.718525778,
              44.20481753079999
            ],
            [
              22.717269585,
              44.2049225324
            ],
            [
              22.716013392,
              44.205027533999996
            ],
            [
              22.7147918366,
              44.2050966198
            ],
            [
              22.7135702812,
              44.205165705599995
            ],
            [
              22.7123487258,
              44.205234791399995
            ],
            [
              22.7111271704,
              44.205303877199995
            ],
            [
              22.709905615,
              44.205372962999995
            ],
            [
              22.7086840596,
              44.2054420488
            ],
            [
              22.7074625042,
              44.2055111346
            ],
            [
              22.706240948799998,
              44.2055802204
            ],
            [
              22.7050193934,
              44.205649306199994
            ],
            [
              22.703797838,
              44.205718392
            ],
            [
              22.7038466,
              44.2072566
            ]
          ]
        ]
      }
    },
    {
      "type": "Feature",
      "properties": {
        "dataset_group": "fast2_ddni_863_375",
        "needs_manual_review": false,
        "id": "STU-SPAWN-831",
        "layer": "fast2_sturgeons_spawning_potential",
        "habitat_type": "spawning_potential",
        "label_ro": "Reproducere potențială",
        "rkm_start": 831,
        "rkm_end": 824,
        "bank_side": "right",
        "bank_side_ro": "mal drept",
        "substrate_ro": "maluri stâncoase și substrat de pietriș",
        "confidence_ro": "habitat potențial / evaluare preliminară",
        "popup_priority": null,
        "related_fast_pc": [
          "PC2"
        ],
        "source": "Honț et al. 2022 / DDNI + puncte AFDJ",
        "geometry_method": "bank_and_fairway_corridor",
        "interpolation_used": true,
        "hectometric_points_used": false,
        "source_km_values": [
          831,
          830,
          829,
          828,
          827,
          826,
          825,
          824
        ]
      },
      "geometry": {
        "type": "Polygon",
        "coordinates": [
          [
            [
              22.8153056,
              44.1479723
            ],
            [
              22.81650282,
              44.14779173
            ],
            [
              22.81770004,
              44.14761116
            ],
            [
              22.81889726,
              44.14743059
            ],
            [
              22.820094479999998,
              44.14725002
            ],
            [
              22.8212917,
              44.147069450000004
            ],
            [
              22.82248892,
              44.14688888
            ],
            [
              22.82368614,
              44.14670831
            ],
            [
              22.82488336,
              44.14652774
            ],
            [
              22.82608058,
              44.14634717
            ],
            [
              22.8272778,
              44.1461666
            ],
            [
              22.828250020000002,
              44.14557772
            ],
            [
              22.82922224,
              44.14498884
            ],
            [
              22.83019446,
              44.14439996
            ],
            [
              22.83116668,
              44.14381108
            ],
            [
              22.8321389,
              44.1432222
            ],
            [
              22.83311112,
              44.14263332
            ],
            [
              22.83408334,
              44.14204444
            ],
            [
              22.83505556,
              44.14145556
            ],
            [
              22.83602778,
              44.14086668
            ],
            [
              22.837,
              44.1402778
            ],
            [
              22.83792196,
              44.13991528
            ],
            [
              22.838843920000002,
              44.13955276
            ],
            [
              22.839765879999998,
              44.13919024
            ],
            [
              22.84068784,
              44.13882772
            ],
            [
              22.8416098,
              44.1384652
            ],
            [
              22.84253176,
              44.138102679999996
            ],
            [
              22.843453720000003,
              44.13774016
            ],
            [
              22.84437568,
              44.13737764
            ],
            [
              22.845297640000002,
              44.13701512
            ],
            [
              22.8462196,
              44.1366526
            ],
            [
              22.84752542,
              44.136398449999994
            ],
            [
              22.848831240000003,
              44.1361443
            ],
            [
              22.85013706,
              44.13589015
            ],
            [
              22.85144288,
              44.135636
            ],
            [
              22.8527487,
              44.13538185
            ],
            [
              22.854054520000002,
              44.1351277
            ],
            [
              22.85536034,
              44.134873549999995
            ],
            [
              22.85666616,
              44.1346194
            ],
            [
              22.857971980000002,
              44.13436525
            ],
            [
              22.8592778,
              44.1341111
            ],
            [
              22.86028058,
              44.13364721
            ],
            [
              22.86128336,
              44.13318332
            ],
            [
              22.862286140000002,
              44.13271943
            ],
            [
              22.863288920000002,
              44.13225554
            ],
            [
              22.864291700000003,
              44.13179165
            ],
            [
              22.86529448,
              44.13132776
            ],
            [
              22.86629726,
              44.13086387
            ],
            [
              22.86730004,
              44.13039998
            ],
            [
              22.86830282,
              44.12993609
            ],
            [
              22.8693056,
              44.1294722
            ],
            [
              22.86996393,
              44.12900553
            ],
            [
              22.87062226,
              44.12853886
            ],
            [
              22.87128059,
              44.128072190000005
            ],
            [
              22.87193892,
              44.12760552
            ],
            [
              22.87259725,
              44.12713885
            ],
            [
              22.87325558,
              44.12667218
            ],
            [
              22.87391391,
              44.12620551
            ],
            [
              22.87457224,
              44.125738840000004
            ],
            [
              22.87523057,
              44.12527217
            ],
            [
              22.8758889,
              44.1248055
            ],
            [
              22.87655001,
              44.12432217
            ],
            [
              22.87721112,
              44.12383884
            ],
            [
              22.87787223,
              44.12335551
            ],
            [
              22.87853334,
              44.12287218
            ],
            [
              22.87919445,
              44.12238885
            ],
            [
              22.87985556,
              44.12190552
            ],
            [
              22.88051667,
              44.12142219
            ],
            [
              22.88117778,
              44.12093886
            ],
            [
              22.88183889,
              44.12045553
            ],
            [
              22.8825,
              44.1199722
            ],
            [
              22.88525226,
              44.121330186
            ],
            [
              22.884527255400002,
              44.12179764
            ],
            [
              22.8838022508,
              44.122265094
            ],
            [
              22.8830772462,
              44.122732547999995
            ],
            [
              22.8823522416,
              44.123200002
            ],
            [
              22.881627237,
              44.123667456
            ],
            [
              22.8809022324,
              44.12413491
            ],
            [
              22.8801772278,
              44.124602364000005
            ],
            [
              22.8794522232,
              44.125069818
            ],
            [
              22.878727218599998,
              44.125537272
            ],
            [
              22.878002214,
              44.126004726
            ],
            [
              22.8772403708,
              44.1264815264
            ],
            [
              22.8764785276,
              44.1269583268
            ],
            [
              22.8757166844,
              44.1274351272
            ],
            [
              22.8749548412,
              44.1279119276
            ],
            [
              22.874192997999998,
              44.128388728000004
            ],
            [
              22.873431154800002,
              44.1288655284
            ],
            [
              22.8726693116,
              44.1293423288
            ],
            [
              22.8719074684,
              44.1298191292
            ],
            [
              22.8711456252,
              44.1302959296
            ],
            [
              22.870383782,
              44.130772730000004
            ],
            [
              22.8693714932,
              44.1312241922
            ],
            [
              22.8683592044,
              44.1316756544
            ],
            [
              22.8673469156,
              44.132127116599996
            ],
            [
              22.8663346268,
              44.1325785788
            ],
            [
              22.865322338000002,
              44.133030041
            ],
            [
              22.8643100492,
              44.1334815032
            ],
            [
              22.863297760400002,
              44.1339329654
            ],
            [
              22.8622854716,
              44.134384427600004
            ],
            [
              22.8612731828,
              44.1348358898
            ],
            [
              22.860260894,
              44.135287352
            ],
            [
              22.858999022800003,
              44.1356192062
            ],
            [
              22.8577371516,
              44.1359510604
            ],
            [
              22.856475280399998,
              44.136282914599995
            ],
            [
              22.8552134092,
              44.136614768799994
            ],
            [
              22.853951538,
              44.136946623
            ],
            [
              22.8526896668,
              44.1372784772
            ],
            [
              22.8514277956,
              44.1376103314
            ],
            [
              22.850165924400002,
              44.1379421856
            ],
            [
              22.8489040532,
              44.138274039799995
            ],
            [
              22.847642182,
              44.138605893999994
            ],
            [
              22.846695841000003,
              44.1389729836
            ],
            [
              22.845749499999997,
              44.139340073199996
            ],
            [
              22.844803159,
              44.1397071628
            ],
            [
              22.843856818,
              44.1400742524
            ],
            [
              22.842910477,
              44.140441341999995
            ],
            [
              22.841964136,
              44.1408084316
            ],
            [
              22.841017795,
              44.1411755212
            ],
            [
              22.840071454,
              44.1415426108
            ],
            [
              22.839125112999998,
              44.1419097004
            ],
            [
              22.838178772,
              44.14227679
            ],
            [
              22.8371700708,
              44.1427920188
            ],
            [
              22.8361613696,
              44.1433072476
            ],
            [
              22.8351526684,
              44.1438224764
            ],
            [
              22.8341439672,
              44.1443377052
            ],
            [
              22.833135266,
              44.144852934
            ],
            [
              22.8321265648,
              44.1453681628
            ],
            [
              22.8311178636,
              44.1458833916
            ],
            [
              22.8301091624,
              44.1463986204
            ],
            [
              22.829100461200003,
              44.1469138492
            ],
            [
              22.82809176,
              44.147429078
            ],
            [
              22.826930092999998,
              44.1476858318
            ],
            [
              22.825768426,
              44.1479425856
            ],
            [
              22.824606758999998,
              44.1481993394
            ],
            [
              22.823445092,
              44.1484560932
            ],
            [
              22.822283425,
              44.148712847
            ],
            [
              22.821121758,
              44.1489696008
            ],
            [
              22.819960091,
              44.1492263546
            ],
            [
              22.818798423999997,
              44.1494831084
            ],
            [
              22.817636757,
              44.1497398622
            ],
            [
              22.816475089999997,
              44.149996615999996
            ],
            [
              22.8153056,
              44.1479723
            ]
          ]
        ]
      }
    },
    {
      "type": "Feature",
      "properties": {
        "dataset_group": "fast2_ddni_863_375",
        "needs_manual_review": false,
        "id": "STU-SPAWN-786",
        "layer": "fast2_sturgeons_spawning_potential",
        "habitat_type": "spawning_potential",
        "label_ro": "Reproducere potențială",
        "rkm_start": 786,
        "rkm_end": 785,
        "bank_side": "left",
        "bank_side_ro": "mal stâng",
        "substrate_ro": "maluri verticale de argilă",
        "confidence_ro": "habitat potențial / evaluare preliminară",
        "popup_priority": null,
        "related_fast_pc": [
          "PC3"
        ],
        "source": "Honț et al. 2022 / DDNI + puncte AFDJ",
        "geometry_method": "bank_and_fairway_corridor",
        "interpolation_used": true,
        "hectometric_points_used": true,
        "source_km_values": [
          786,
          785
        ]
      },
      "geometry": {
        "type": "Polygon",
        "coordinates": [
          [
            [
              22.8725379,
              43.943002
            ],
            [
              22.872743,
              43.9418483
            ],
            [
              22.8725226,
              43.9409698
            ],
            [
              22.8723024,
              43.9400915
            ],
            [
              22.8720821,
              43.9392132
            ],
            [
              22.8718618,
              43.9383348
            ],
            [
              22.8716415,
              43.9374565
            ],
            [
              22.8714213,
              43.9365782
            ],
            [
              22.8712011,
              43.9356998
            ],
            [
              22.8709808,
              43.9348215
            ],
            [
              22.870417,
              43.934158
            ],
            [
              22.869221386,
              43.934866792
            ],
            [
              22.8696436502,
              43.9356237084
            ],
            [
              22.869866684399998,
              43.9365052088
            ],
            [
              22.8700896606,
              43.937386767199996
            ],
            [
              22.8703126368,
              43.9382682676
            ],
            [
              22.870535671000003,
              43.939149768
            ],
            [
              22.8707587052,
              43.940031326399996
            ],
            [
              22.870981739399998,
              43.9409128268
            ],
            [
              22.8712047156,
              43.9417943272
            ],
            [
              22.8714278078,
              43.942675943599994
            ],
            [
              22.87140411,
              43.943717176
            ],
            [
              22.8725379,
              43.943002
            ]
          ]
        ]
      }
    },
    {
      "type": "Feature",
      "properties": {
        "dataset_group": "fast2_ddni_863_375",
        "needs_manual_review": false,
        "id": "STU-SPAWN-778",
        "layer": "fast2_sturgeons_spawning_potential",
        "habitat_type": "spawning_potential",
        "label_ro": "Reproducere potențială",
        "rkm_start": 778,
        "rkm_end": 776,
        "bank_side": "right",
        "bank_side_ro": "mal drept",
        "substrate_ro": "maluri stâncoase și substrat de pietriș",
        "confidence_ro": "habitat potențial / evaluare preliminară",
        "popup_priority": null,
        "related_fast_pc": [],
        "source": "Honț et al. 2022 / DDNI + puncte AFDJ",
        "geometry_method": "bank_and_fairway_corridor",
        "interpolation_used": true,
        "hectometric_points_used": true,
        "source_km_values": [
          778,
          777,
          776
        ]
      },
      "geometry": {
        "type": "Polygon",
        "coordinates": [
          [
            [
              22.8307507,
              43.8771179
            ],
            [
              22.8306555,
              43.8757922
            ],
            [
              22.8305904,
              43.8744667
            ],
            [
              22.8308213,
              43.8731529
            ],
            [
              22.8312153,
              43.8718567
            ],
            [
              22.8294618,
              43.8711696
            ],
            [
              22.8302987,
              43.8698508
            ],
            [
              22.8311658,
              43.8685517
            ],
            [
              22.8320596,
              43.8672708
            ],
            [
              22.8329765,
              43.8660063
            ],
            [
              22.8401112,
              43.8641945
            ],
            [
              22.8348654,
              43.8635184
            ],
            [
              22.8358303,
              43.8622901
            ],
            [
              22.8368042,
              43.8610689
            ],
            [
              22.8377835,
              43.8598522
            ],
            [
              22.8387649,
              43.8586371
            ],
            [
              22.8397449,
              43.8574208
            ],
            [
              22.84072,
              43.8562007
            ],
            [
              22.8416869,
              43.854974
            ],
            [
              22.8426468,
              43.853742
            ],
            [
              22.84375,
              43.8526389
            ],
            [
              22.845593716,
              43.853698812
            ],
            [
              22.8447505296,
              43.854744917999994
            ],
            [
              22.8439904572,
              43.855865785999995
            ],
            [
              22.8432263248,
              43.85698358
            ],
            [
              22.8424574364,
              43.858097546
            ],
            [
              22.841685706,
              43.859209308000004
            ],
            [
              22.8409131636,
              43.860320374
            ],
            [
              22.8401418392,
              43.861432368
            ],
            [
              22.839373646800002,
              43.862546972000004
            ],
            [
              22.8386106744,
              43.863665694
            ],
            [
              22.841449908,
              43.86446414
            ],
            [
              22.837231079000002,
              43.865968924200004
            ],
            [
              22.836618574,
              43.8671562744
            ],
            [
              22.836019467,
              43.8683531366
            ],
            [
              22.835435846,
              43.8695605548
            ],
            [
              22.834869741,
              43.870779399
            ],
            [
              22.835806068,
              43.8716318572
            ],
            [
              22.835496845,
              43.8728375934
            ],
            [
              22.83528222,
              43.8740535376
            ],
            [
              22.835239275,
              43.875276267800004
            ],
            [
              22.835213788,
              43.876499114000005
            ],
            [
              22.8307507,
              43.8771179
            ]
          ]
        ]
      }
    },
    {
      "type": "Feature",
      "properties": {
        "dataset_group": "fast2_ddni_863_375",
        "needs_manual_review": false,
        "id": "STU-SPAWN-775",
        "layer": "fast2_sturgeons_spawning_potential",
        "habitat_type": "spawning_potential",
        "label_ro": "Reproducere potențială",
        "rkm_start": 775,
        "rkm_end": 771,
        "bank_side": "right",
        "bank_side_ro": "mal drept",
        "substrate_ro": "maluri stâncoase și substrat de pietriș",
        "confidence_ro": "habitat potențial / evaluare preliminară",
        "popup_priority": null,
        "related_fast_pc": [],
        "source": "Honț et al. 2022 / DDNI + puncte AFDJ",
        "geometry_method": "bank_and_fairway_corridor",
        "interpolation_used": true,
        "hectometric_points_used": true,
        "source_km_values": [
          775,
          774,
          773,
          772,
          771
        ]
      },
      "geometry": {
        "type": "Polygon",
        "coordinates": [
          [
            [
              22.8516111,
              43.8446389
            ],
            [
              22.8524806,
              43.8440305
            ],
            [
              22.85335,
              43.8434223
            ],
            [
              22.8542195,
              43.8428139
            ],
            [
              22.8550889,
              43.8422055
            ],
            [
              22.8559584,
              43.8415972
            ],
            [
              22.8568278,
              43.8409889
            ],
            [
              22.8576972,
              43.8403806
            ],
            [
              22.8585667,
              43.8397722
            ],
            [
              22.8594361,
              43.8391639
            ],
            [
              22.8603056,
              43.8385556
            ],
            [
              22.8616705,
              43.8376165
            ],
            [
              22.863045,
              43.8366915
            ],
            [
              22.8644387,
              43.8357957
            ],
            [
              22.8658603,
              43.8349451
            ],
            [
              22.8673176,
              43.8341572
            ],
            [
              22.8688161,
              43.8334512
            ],
            [
              22.8703586,
              43.8328476
            ],
            [
              22.8719408,
              43.8323572
            ],
            [
              22.8735466,
              43.8319498
            ],
            [
              22.8751623,
              43.8315835
            ],
            [
              22.8762732,
              43.8310887
            ],
            [
              22.8774569,
              43.8308125
            ],
            [
              22.8786585,
              43.8306198
            ],
            [
              22.8798528,
              43.8303863
            ],
            [
              22.8810402,
              43.8301198
            ],
            [
              22.8822235,
              43.8298354
            ],
            [
              22.8834054,
              43.8295452
            ],
            [
              22.8845865,
              43.8292521
            ],
            [
              22.8857672,
              43.8289569
            ],
            [
              22.8869476,
              43.8286609
            ],
            [
              22.8881279,
              43.8282504
            ],
            [
              22.8893081,
              43.8278398
            ],
            [
              22.8904883,
              43.8274293
            ],
            [
              22.8916686,
              43.8270187
            ],
            [
              22.8928488,
              43.8266083
            ],
            [
              22.8940291,
              43.8261977
            ],
            [
              22.8952093,
              43.8257872
            ],
            [
              22.8963895,
              43.8253766
            ],
            [
              22.8975698,
              43.8249661
            ],
            [
              22.89875,
              43.8245555
            ],
            [
              22.899850652,
              43.826303834
            ],
            [
              22.8985941464,
              43.8266637694
            ],
            [
              22.8973375828,
              43.8270236468
            ],
            [
              22.8960810772,
              43.8273835822
            ],
            [
              22.8948245716,
              43.8277434596
            ],
            [
              22.893568008,
              43.828103395
            ],
            [
              22.8923115024,
              43.8284632144
            ],
            [
              22.8910549388,
              43.8288231498
            ],
            [
              22.889798433200003,
              43.829183027199996
            ],
            [
              22.888541927600002,
              43.8295429626
            ],
            [
              22.887285364,
              43.82990284
            ],
            [
              22.886123192,
              43.830196299
            ],
            [
              22.884960846000002,
              43.830489293999996
            ],
            [
              22.883798268,
              43.830781071
            ],
            [
              22.882635225999998,
              43.831071166
            ],
            [
              22.881471372,
              43.831357897000004
            ],
            [
              22.88030514,
              43.831634246
            ],
            [
              22.879134906,
              43.831891455000004
            ],
            [
              22.877960438,
              43.832125000000005
            ],
            [
              22.876796352,
              43.832406975
            ],
            [
              22.87567449,
              43.832815738
            ],
            [
              22.8742250008,
              43.833292309
            ],
            [
              22.8727812536,
              43.833792718
            ],
            [
              22.8713511944,
              43.834341267
            ],
            [
              22.8699441612,
              43.834955472
            ],
            [
              22.868562648,
              43.835629069
            ],
            [
              22.8672050308,
              43.836350167999996
            ],
            [
              22.8658681196,
              43.837107632999995
            ],
            [
              22.8645473904,
              43.837891314000004
            ],
            [
              22.8632377972,
              43.838691931
            ],
            [
              22.861933772,
              43.839500726
            ],
            [
              22.861065616,
              43.8401163592
            ],
            [
              22.860197518,
              43.840731992399995
            ],
            [
              22.859329362,
              43.841347683600006
            ],
            [
              22.858461264,
              43.8419633168
            ],
            [
              22.857593165999997,
              43.842578950000004
            ],
            [
              22.856725009999998,
              43.843194583199995
            ],
            [
              22.855856912,
              43.8438102744
            ],
            [
              22.854988756,
              43.8444259656
            ],
            [
              22.854120658,
              43.845041540800004
            ],
            [
              22.853252502,
              43.845657232
            ],
            [
              22.8516111,
              43.8446389
            ]
          ]
        ]
      }
    },
    {
      "type": "Feature",
      "properties": {
        "dataset_group": "fast2_ddni_863_375",
        "needs_manual_review": false,
        "id": "STU-SPAWN-770",
        "layer": "fast2_sturgeons_spawning_potential",
        "habitat_type": "spawning_potential",
        "label_ro": "Reproducere potențială",
        "rkm_start": 770,
        "rkm_end": 769,
        "bank_side": "left",
        "bank_side_ro": "mal stâng",
        "substrate_ro": "maluri verticale de argilă",
        "confidence_ro": "habitat potențial / evaluare preliminară",
        "popup_priority": null,
        "related_fast_pc": [],
        "source": "Honț et al. 2022 / DDNI + puncte AFDJ",
        "geometry_method": "bank_and_fairway_corridor",
        "interpolation_used": true,
        "hectometric_points_used": true,
        "source_km_values": [
          770,
          769
        ]
      },
      "geometry": {
        "type": "Polygon",
        "coordinates": [
          [
            [
              22.9132958,
              43.8296531
            ],
            [
              22.9144387,
              43.8296713
            ],
            [
              22.9155816,
              43.8296575
            ],
            [
              22.9167241,
              43.8296321
            ],
            [
              22.9178645,
              43.8295771
            ],
            [
              22.9190055,
              43.8295319
            ],
            [
              22.9201483,
              43.8295145
            ],
            [
              22.9212914,
              43.8295084
            ],
            [
              22.9224345,
              43.8295022
            ],
            [
              22.9235776,
              43.829496
            ],
            [
              22.9247207,
              43.8294897
            ],
            [
              22.924356392,
              43.82733678
            ],
            [
              22.923211347400002,
              43.8274387686
            ],
            [
              22.9220663028,
              43.8275406992
            ],
            [
              22.920921258200003,
              43.8276426298
            ],
            [
              22.9197762136,
              43.8277445024
            ],
            [
              22.918631343,
              43.827852929
            ],
            [
              22.9174875164,
              43.8279774796
            ],
            [
              22.9163440378,
              43.828107714199994
            ],
            [
              22.9151993412,
              43.8282207808
            ],
            [
              22.9140544126,
              43.8283271194
            ],
            [
              22.912909484,
              43.828414898
            ],
            [
              22.9132958,
              43.8296531
            ]
          ]
        ]
      }
    },
    {
      "type": "Feature",
      "properties": {
        "dataset_group": "fast2_ddni_863_375",
        "needs_manual_review": false,
        "id": "STU-SPAWN-762",
        "layer": "fast2_sturgeons_spawning_potential",
        "habitat_type": "spawning_potential",
        "label_ro": "Reproducere potențială",
        "rkm_start": 762,
        "rkm_end": 761,
        "bank_side": "left",
        "bank_side_ro": "mal stâng",
        "substrate_ro": "maluri verticale de argilă",
        "confidence_ro": "habitat potențial / evaluare preliminară",
        "popup_priority": null,
        "related_fast_pc": [
          "PC4"
        ],
        "source": "Honț et al. 2022 / DDNI + puncte AFDJ",
        "geometry_method": "bank_and_fairway_corridor",
        "interpolation_used": true,
        "hectometric_points_used": false,
        "source_km_values": [
          762,
          761
        ]
      },
      "geometry": {
        "type": "Polygon",
        "coordinates": [
          [
            [
              23.0048518,
              43.8096217
            ],
            [
              23.00587308,
              43.80950748
            ],
            [
              23.00689436,
              43.80939326
            ],
            [
              23.00791564,
              43.80927904
            ],
            [
              23.00893692,
              43.80916482
            ],
            [
              23.0099582,
              43.8090506
            ],
            [
              23.01097948,
              43.80893638
            ],
            [
              23.01200076,
              43.80882216
            ],
            [
              23.01302204,
              43.80870794
            ],
            [
              23.01404332,
              43.80859372
            ],
            [
              23.0150646,
              43.8084795
            ],
            [
              23.015160696,
              43.807263432
            ],
            [
              23.0140530934,
              43.8073460596
            ],
            [
              23.0129454908,
              43.8074286872
            ],
            [
              23.0118378882,
              43.807511314799996
            ],
            [
              23.0107302856,
              43.8075939424
            ],
            [
              23.009622683,
              43.80767657
            ],
            [
              23.008515080400002,
              43.8077591976
            ],
            [
              23.0074074778,
              43.8078418252
            ],
            [
              23.0062998752,
              43.8079244528
            ],
            [
              23.0051922726,
              43.8080070804
            ],
            [
              23.00408467,
              43.808089708
            ],
            [
              23.0048518,
              43.8096217
            ]
          ]
        ]
      }
    },
    {
      "type": "Feature",
      "properties": {
        "dataset_group": "fast2_ddni_863_375",
        "needs_manual_review": false,
        "id": "STU-WIN-678",
        "layer": "fast2_sturgeons_wintering_refuge",
        "habitat_type": "wintering_refuge",
        "label_ro": "Iernare / refugiu",
        "rkm_start": 678,
        "rkm_end": 677,
        "bank_side": "left",
        "bank_side_ro": "mal stâng",
        "substrate_ro": "apă adâncă, aprox. 8 m, aproape de mal",
        "confidence_ro": "habitat potențial / evaluare preliminară",
        "popup_priority": null,
        "related_fast_pc": [
          "PC5"
        ],
        "source": "Honț et al. 2022 / DDNI + puncte AFDJ",
        "geometry_method": "bank_and_fairway_corridor",
        "interpolation_used": true,
        "hectometric_points_used": true,
        "source_km_values": [
          678,
          677
        ]
      },
      "geometry": {
        "type": "Polygon",
        "coordinates": [
          [
            [
              23.9662156,
              43.7492255
            ],
            [
              23.9675577,
              43.7493466
            ],
            [
              23.9689007,
              43.7494616
            ],
            [
              23.9702446,
              43.7495719
            ],
            [
              23.9715929,
              43.7496439
            ],
            [
              23.9729428,
              43.7497031
            ],
            [
              23.9742889,
              43.7496794
            ],
            [
              23.9756344,
              43.7495861
            ],
            [
              23.9769828,
              43.7495188
            ],
            [
              23.9783226,
              43.7493859
            ],
            [
              23.9796587,
              43.749233
            ],
            [
              23.978928194,
              43.747907774
            ],
            [
              23.977606185,
              43.7479660228
            ],
            [
              23.97628203,
              43.7480126716
            ],
            [
              23.974952887,
              43.7480212724
            ],
            [
              23.973625426,
              43.7480449532
            ],
            [
              23.972297617,
              43.748028266
            ],
            [
              23.970967604000002,
              43.747963496800004
            ],
            [
              23.969638519,
              43.7478913036
            ],
            [
              23.968311986,
              43.7477968964
            ],
            [
              23.966985975,
              43.7476997632
            ],
            [
              23.965660486,
              43.747599092
            ],
            [
              23.9662156,
              43.7492255
            ]
          ]
        ]
      }
    },
    {
      "type": "Feature",
      "properties": {
        "dataset_group": "fast2_ddni_863_375",
        "needs_manual_review": false,
        "id": "STU-SPAWN-678",
        "layer": "fast2_sturgeons_spawning_potential",
        "habitat_type": "spawning_potential",
        "label_ro": "Reproducere potențială",
        "rkm_start": 678,
        "rkm_end": 673,
        "bank_side": "right",
        "bank_side_ro": "mal drept",
        "substrate_ro": "substrat stâncos / pietriș",
        "confidence_ro": "habitat potențial / evaluare preliminară",
        "popup_priority": null,
        "related_fast_pc": [
          "PC5"
        ],
        "source": "Honț et al. 2022 / DDNI + puncte AFDJ",
        "geometry_method": "bank_and_fairway_corridor",
        "interpolation_used": true,
        "hectometric_points_used": true,
        "source_km_values": [
          678,
          677,
          676,
          675,
          674,
          673
        ]
      },
      "geometry": {
        "type": "Polygon",
        "coordinates": [
          [
            [
              23.9632778,
              43.7406667
            ],
            [
              23.9643042,
              43.7405013
            ],
            [
              23.9653176,
              43.7402712
            ],
            [
              23.9663089,
              43.7399586
            ],
            [
              23.9672793,
              43.7395861
            ],
            [
              23.9682366,
              43.7391807
            ],
            [
              23.9691927,
              43.7387724
            ],
            [
              23.9701598,
              43.738391
            ],
            [
              23.9711477,
              43.7380684
            ],
            [
              23.9721588,
              43.7378274
            ],
            [
              23.9731807,
              43.7377183
            ],
            [
              23.9741551,
              43.737653
            ],
            [
              23.9750763,
              43.7373083
            ],
            [
              23.9760048,
              43.7369814
            ],
            [
              23.976946,
              43.7366922
            ],
            [
              23.9778828,
              43.7363891
            ],
            [
              23.9788183,
              43.7360822
            ],
            [
              23.9797595,
              43.735793
            ],
            [
              23.9807117,
              43.735543
            ],
            [
              23.9816773,
              43.7353513
            ],
            [
              23.9826504,
              43.7351997
            ],
            [
              23.9836537,
              43.7349745
            ],
            [
              23.984661,
              43.7347666
            ],
            [
              23.9856744,
              43.7345916
            ],
            [
              23.9866927,
              43.7344471
            ],
            [
              23.9877136,
              43.7343221
            ],
            [
              23.9887354,
              43.7342053
            ],
            [
              23.989757,
              43.7340857
            ],
            [
              23.9907767,
              43.7339522
            ],
            [
              23.9917936,
              43.7337981
            ],
            [
              23.9928248,
              43.7336669
            ],
            [
              23.9941015,
              43.7332942
            ],
            [
              23.9953766,
              43.7328947
            ],
            [
              23.9966248,
              43.7324179
            ],
            [
              23.9978516,
              43.731888
            ],
            [
              23.9990849,
              43.7313737
            ],
            [
              24.0003411,
              43.7309183
            ],
            [
              24.0016229,
              43.730541
            ],
            [
              24.0029283,
              43.7302564
            ],
            [
              24.0042314,
              43.7299621
            ],
            [
              24.0055067,
              43.7295628
            ],
            [
              24.0064329,
              43.7291188
            ],
            [
              24.0073609,
              43.7286784
            ],
            [
              24.0082921,
              43.7282449
            ],
            [
              24.0092258,
              43.7278165
            ],
            [
              24.0101556,
              43.72738
            ],
            [
              24.0110744,
              43.7269209
            ],
            [
              24.0119738,
              43.7264248
            ],
            [
              24.0128466,
              43.7258834
            ],
            [
              24.0136984,
              43.7253093
            ],
            [
              24.0145392,
              43.7247193
            ],
            [
              24.017735232,
              43.728383506
            ],
            [
              24.0167808808,
              43.728864410999996
            ],
            [
              24.0158201496,
              43.729336094000004
            ],
            [
              24.0148472384,
              43.729788811
            ],
            [
              24.0138588992,
              43.730215254
            ],
            [
              24.012859308,
              43.730620237
            ],
            [
              24.011853336799998,
              43.731012112
            ],
            [
              24.010845103599998,
              43.731399289
            ],
            [
              24.0098383204,
              43.731789424
            ],
            [
              24.0088333932,
              43.732183561
            ],
            [
              24.00782951,
              43.732579785999995
            ],
            [
              24.0066571352,
              43.7330330812
            ],
            [
              24.0054686364,
              43.7334254764
            ],
            [
              24.004278803600002,
              43.7338122456
            ],
            [
              24.0031026588,
              43.7342527808
            ],
            [
              24.001941362,
              43.734738614
            ],
            [
              24.000793347200002,
              43.7352586092
            ],
            [
              23.9996491024,
              43.7357876524
            ],
            [
              23.9984924456,
              43.7362858976
            ],
            [
              23.9973201868,
              43.736739308800004
            ],
            [
              23.996147,
              43.737177176
            ],
            [
              23.9952586924,
              43.73735361
            ],
            [
              23.9943786788,
              43.737543326
            ],
            [
              23.9934970412,
              43.737721094
            ],
            [
              23.9926143016,
              43.7378908
            ],
            [
              23.991731446,
              43.738058882
            ],
            [
              23.9908491124,
              43.73823172
            ],
            [
              23.9899682868,
              43.738415868000004
            ],
            [
              23.9890903032,
              43.738617706
            ],
            [
              23.988215857600004,
              43.738838626
            ],
            [
              23.987343732,
              43.739069580000006
            ],
            [
              23.9861112988,
              43.739227396
            ],
            [
              23.9848832156,
              43.73940847
            ],
            [
              23.983662904400003,
              43.739623358
            ],
            [
              23.9824489732,
              43.739860981999996
            ],
            [
              23.981238348,
              43.740108872
            ],
            [
              23.9800269688,
              43.740354558
            ],
            [
              23.9788130376,
              43.740592182
            ],
            [
              23.9776064724,
              43.740851672
            ],
            [
              23.9764041412,
              43.741121486000004
            ],
            [
              23.975170954,
              43.741229247999996
            ],
            [
              23.974031181,
              43.7412620928
            ],
            [
              23.972897672,
              43.7413714396
            ],
            [
              23.971777619,
              43.7415281144
            ],
            [
              23.97066963,
              43.7417188932
            ],
            [
              23.969568021,
              43.741925274
            ],
            [
              23.968465716,
              43.7421299728
            ],
            [
              23.967355813,
              43.742315589600004
            ],
            [
              23.966233788,
              43.7424664644
            ],
            [
              23.965098945,
              43.7425694892
            ],
            [
              23.963956562,
              43.742634988
            ],
            [
              23.9632778,
              43.7406667
            ]
          ]
        ]
      }
    },
    {
      "type": "Feature",
      "properties": {
        "dataset_group": "fast2_ddni_863_375",
        "needs_manual_review": false,
        "id": "STU-SPAWN-662",
        "layer": "fast2_sturgeons_spawning_potential",
        "habitat_type": "spawning_potential",
        "label_ro": "Reproducere potențială",
        "rkm_start": 662,
        "rkm_end": 651,
        "bank_side": "right",
        "bank_side_ro": "mal drept",
        "substrate_ro": "substrat stâncos / pietriș și pietre moi mari",
        "confidence_ro": "habitat potențial / evaluare preliminară",
        "popup_priority": null,
        "related_fast_pc": [],
        "source": "Honț et al. 2022 / DDNI + puncte AFDJ",
        "geometry_method": "bank_and_fairway_corridor",
        "interpolation_used": true,
        "hectometric_points_used": false,
        "source_km_values": [
          662,
          661,
          660,
          659,
          658,
          657,
          656,
          655,
          654,
          653,
          652,
          651
        ]
      },
      "geometry": {
        "type": "Polygon",
        "coordinates": [
          [
            [
              24.140178,
              43.6874902
            ],
            [
              24.141415759999997,
              43.68694952
            ],
            [
              24.14265352,
              43.68640884
            ],
            [
              24.14389128,
              43.68586816
            ],
            [
              24.14512904,
              43.68532748
            ],
            [
              24.1463668,
              43.6847868
            ],
            [
              24.147604559999998,
              43.684246120000005
            ],
            [
              24.14884232,
              43.683705440000004
            ],
            [
              24.15008008,
              43.683164760000004
            ],
            [
              24.15131784,
              43.682624080000004
            ],
            [
              24.1525556,
              43.6820834
            ],
            [
              24.15393657,
              43.68184686
            ],
            [
              24.15531754,
              43.681610320000004
            ],
            [
              24.15669851,
              43.68137378
            ],
            [
              24.158079479999998,
              43.681137240000005
            ],
            [
              24.159460449999997,
              43.6809007
            ],
            [
              24.16084142,
              43.68066416
            ],
            [
              24.16222239,
              43.68042762
            ],
            [
              24.16360336,
              43.68019108
            ],
            [
              24.16498433,
              43.679954540000004
            ],
            [
              24.1663653,
              43.679718
            ],
            [
              24.167820759999998,
              43.67961678
            ],
            [
              24.16927622,
              43.67951556
            ],
            [
              24.17073168,
              43.67941434
            ],
            [
              24.17218714,
              43.67931312
            ],
            [
              24.1736426,
              43.6792119
            ],
            [
              24.17509806,
              43.67911068
            ],
            [
              24.17655352,
              43.67900946
            ],
            [
              24.178008979999998,
              43.678908240000005
            ],
            [
              24.17946444,
              43.67880702
            ],
            [
              24.1809199,
              43.6787058
            ],
            [
              24.18226151,
              43.67881924
            ],
            [
              24.18360312,
              43.67893268
            ],
            [
              24.184944729999998,
              43.67904612
            ],
            [
              24.18628634,
              43.67915956
            ],
            [
              24.18762795,
              43.679273
            ],
            [
              24.18896956,
              43.67938644
            ],
            [
              24.19031117,
              43.67949988
            ],
            [
              24.19165278,
              43.67961332
            ],
            [
              24.19299439,
              43.67972676
            ],
            [
              24.194336,
              43.6798402
            ],
            [
              24.19555917,
              43.68004629
            ],
            [
              24.196782340000002,
              43.68025238
            ],
            [
              24.198005509999998,
              43.68045847
            ],
            [
              24.19922868,
              43.68066456
            ],
            [
              24.20045185,
              43.68087065
            ],
            [
              24.20167502,
              43.68107674
            ],
            [
              24.202898190000003,
              43.68128283
            ],
            [
              24.20412136,
              43.68148892
            ],
            [
              24.20534453,
              43.68169501
            ],
            [
              24.2065677,
              43.6819011
            ],
            [
              24.20785816,
              43.68188043
            ],
            [
              24.20914862,
              43.681859759999995
            ],
            [
              24.21043908,
              43.68183909
            ],
            [
              24.21172954,
              43.68181842
            ],
            [
              24.21302,
              43.68179775
            ],
            [
              24.21431046,
              43.681777079999996
            ],
            [
              24.21560092,
              43.68175641
            ],
            [
              24.21689138,
              43.68173574
            ],
            [
              24.21818184,
              43.681715069999996
            ],
            [
              24.2194723,
              43.6816944
            ],
            [
              24.22056395,
              43.68196108
            ],
            [
              24.221655600000002,
              43.682227759999996
            ],
            [
              24.222747249999998,
              43.68249444
            ],
            [
              24.2238389,
              43.682761119999995
            ],
            [
              24.22493055,
              43.6830278
            ],
            [
              24.2260222,
              43.68329448
            ],
            [
              24.227113850000002,
              43.68356116
            ],
            [
              24.228205499999998,
              43.68382784
            ],
            [
              24.22929715,
              43.684094519999995
            ],
            [
              24.2303888,
              43.6843612
            ],
            [
              24.23184714,
              43.68456397
            ],
            [
              24.233305480000002,
              43.68476674
            ],
            [
              24.234763819999998,
              43.684969509999995
            ],
            [
              24.23622216,
              43.685172279999996
            ],
            [
              24.2376805,
              43.68537505
            ],
            [
              24.23913884,
              43.68557782
            ],
            [
              24.24059718,
              43.68578059
            ],
            [
              24.242055519999997,
              43.685983359999994
            ],
            [
              24.24351386,
              43.686186129999996
            ],
            [
              24.2449722,
              43.6863889
            ],
            [
              24.24615276,
              43.68659168
            ],
            [
              24.24733332,
              43.686794459999994
            ],
            [
              24.248513879999997,
              43.68699724
            ],
            [
              24.24969444,
              43.68720002
            ],
            [
              24.250875,
              43.6874028
            ],
            [
              24.25205556,
              43.687605579999996
            ],
            [
              24.25323612,
              43.68780836
            ],
            [
              24.25441668,
              43.68801114
            ],
            [
              24.255597239999997,
              43.688213919999995
            ],
            [
              24.2567778,
              43.6884167
            ],
            [
              24.25791113,
              43.68861114
            ],
            [
              24.25904446,
              43.68880558
            ],
            [
              24.260177789999997,
              43.689000019999995
            ],
            [
              24.26131112,
              43.689194459999996
            ],
            [
              24.262444449999997,
              43.6893889
            ],
            [
              24.26357778,
              43.68958334
            ],
            [
              24.26471111,
              43.68977778
            ],
            [
              24.26584444,
              43.689972219999994
            ],
            [
              24.266977769999997,
              43.690166659999996
            ],
            [
              24.2681111,
              43.6903611
            ],
            [
              24.26929999,
              43.69051388
            ],
            [
              24.27048888,
              43.69066666
            ],
            [
              24.27167777,
              43.69081944
            ],
            [
              24.27286666,
              43.69097222
            ],
            [
              24.27405555,
              43.691125
            ],
            [
              24.27524444,
              43.69127778
            ],
            [
              24.27643333,
              43.69143056
            ],
            [
              24.27762222,
              43.69158334
            ],
            [
              24.27881111,
              43.69173612
            ],
            [
              24.28,
              43.6918889
            ],
            [
              24.279692014000002,
              43.693351676
            ],
            [
              24.2785241576,
              43.693192780800004
            ],
            [
              24.2773563012,
              43.6930338856
            ],
            [
              24.2761884448,
              43.6928749904
            ],
            [
              24.2750205884,
              43.6927160952
            ],
            [
              24.273852731999998,
              43.6925572
            ],
            [
              24.2726848756,
              43.6923983048
            ],
            [
              24.2715170192,
              43.6922394096
            ],
            [
              24.2703491628,
              43.6920805144
            ],
            [
              24.2691813064,
              43.691921619199995
            ],
            [
              24.268013449999998,
              43.691762724
            ],
            [
              24.2668612536,
              43.691587373
            ],
            [
              24.2657090572,
              43.691412021999994
            ],
            [
              24.2645568608,
              43.691236671
            ],
            [
              24.2634046644,
              43.69106132
            ],
            [
              24.262252467999996,
              43.690885969
            ],
            [
              24.2611002716,
              43.690710618
            ],
            [
              24.259948075199997,
              43.690535266999994
            ],
            [
              24.2587958788,
              43.690359916
            ],
            [
              24.2576436824,
              43.690184564999996
            ],
            [
              24.256491485999998,
              43.690009214
            ],
            [
              24.255296343599998,
              43.6898179336
            ],
            [
              24.254101201199997,
              43.6896266532
            ],
            [
              24.2529060588,
              43.6894353728
            ],
            [
              24.2517109164,
              43.689244092399996
            ],
            [
              24.250515774,
              43.689052812
            ],
            [
              24.2493206316,
              43.6888615316
            ],
            [
              24.2481254892,
              43.688670251199994
            ],
            [
              24.2469303468,
              43.6884789708
            ],
            [
              24.245735204400003,
              43.6882876904
            ],
            [
              24.244540062,
              43.68809641
            ],
            [
              24.2431312904,
              43.687893522399996
            ],
            [
              24.2417225188,
              43.6876906348
            ],
            [
              24.240313747200002,
              43.6874877472
            ],
            [
              24.2389049756,
              43.6872848596
            ],
            [
              24.237496204,
              43.687081972
            ],
            [
              24.2360874324,
              43.6868790844
            ],
            [
              24.2346786608,
              43.68667619679999
            ],
            [
              24.233269889200002,
              43.6864733092
            ],
            [
              24.231861117599998,
              43.6862704216
            ],
            [
              24.230452346,
              43.686067533999996
            ],
            [
              24.2293383604,
              43.685845121999996
            ],
            [
              24.2282243748,
              43.68562271
            ],
            [
              24.2271103892,
              43.685400298
            ],
            [
              24.2259964036,
              43.685177886
            ],
            [
              24.224882418,
              43.684955474
            ],
            [
              24.2237684324,
              43.684733062
            ],
            [
              24.2226544468,
              43.68451065
            ],
            [
              24.2215404612,
              43.684288238
            ],
            [
              24.2204264756,
              43.684065826
            ],
            [
              24.21931249,
              43.683843414
            ],
            [
              24.218051388,
              43.683780063
            ],
            [
              24.216790286000002,
              43.683716712
            ],
            [
              24.215529184,
              43.683653361
            ],
            [
              24.214268082,
              43.683590009999996
            ],
            [
              24.21300698,
              43.683526659
            ],
            [
              24.211745878,
              43.683463308
            ],
            [
              24.210484776,
              43.683399957
            ],
            [
              24.209223674,
              43.683336606
            ],
            [
              24.207962572,
              43.683273254999996
            ],
            [
              24.20670147,
              43.683209903999995
            ],
            [
              24.2054618192,
              43.683026745999996
            ],
            [
              24.204222168399998,
              43.682843588
            ],
            [
              24.202982517600002,
              43.68266043
            ],
            [
              24.2017428668,
              43.682477272
            ],
            [
              24.200503216,
              43.682294114
            ],
            [
              24.1992635652,
              43.682110956
            ],
            [
              24.1980239144,
              43.681927798
            ],
            [
              24.1967842636,
              43.68174464
            ],
            [
              24.1955446128,
              43.681561482
            ],
            [
              24.194304962,
              43.681378324
            ],
            [
              24.193023437199997,
              43.6813177452
            ],
            [
              24.191741912399998,
              43.6812571664
            ],
            [
              24.1904603876,
              43.6811965876
            ],
            [
              24.1891788628,
              43.6811360088
            ],
            [
              24.187897338,
              43.68107543
            ],
            [
              24.1866158132,
              43.681014851200004
            ],
            [
              24.1853342884,
              43.6809542724
            ],
            [
              24.1840527636,
              43.6808936936
            ],
            [
              24.1827712388,
              43.6808331148
            ],
            [
              24.181489714,
              43.680772536
            ],
            [
              24.180139619400002,
              43.680885138
            ],
            [
              24.1787895248,
              43.68099774
            ],
            [
              24.1774394302,
              43.681110342
            ],
            [
              24.1760893356,
              43.681222944
            ],
            [
              24.174739241,
              43.681335546
            ],
            [
              24.1733891464,
              43.681448148
            ],
            [
              24.172039051800002,
              43.68156075
            ],
            [
              24.1706889572,
              43.681673352
            ],
            [
              24.1693388626,
              43.681785954
            ],
            [
              24.167988768,
              43.681898556
            ],
            [
              24.1667072876,
              43.682189696
            ],
            [
              24.1654258072,
              43.682480836
            ],
            [
              24.1641443268,
              43.682771976
            ],
            [
              24.1628628464,
              43.683063116
            ],
            [
              24.161581365999997,
              43.683354256
            ],
            [
              24.1602998856,
              43.683645396
            ],
            [
              24.1590184052,
              43.683936536000004
            ],
            [
              24.1577369248,
              43.684227676
            ],
            [
              24.1564554444,
              43.684518816
            ],
            [
              24.155173964,
              43.684809956
            ],
            [
              24.153949585200003,
              43.6852995388
            ],
            [
              24.1527252064,
              43.6857891216
            ],
            [
              24.1515008276,
              43.6862787044
            ],
            [
              24.1502764488,
              43.6867682872
            ],
            [
              24.14905207,
              43.687257869999996
            ],
            [
              24.1478276912,
              43.687747452800004
            ],
            [
              24.1466033124,
              43.6882370356
            ],
            [
              24.1453789336,
              43.6887266184
            ],
            [
              24.144154554799997,
              43.6892162012
            ],
            [
              24.142930176,
              43.689705784
            ],
            [
              24.140178,
              43.6874902
            ]
          ]
        ]
      }
    },
    {
      "type": "Feature",
      "properties": {
        "dataset_group": "fast2_ddni_863_375",
        "needs_manual_review": false,
        "id": "STU-SPAWN-649",
        "layer": "fast2_sturgeons_spawning_potential",
        "habitat_type": "spawning_potential",
        "label_ro": "Reproducere potențială",
        "rkm_start": 649,
        "rkm_end": 640,
        "bank_side": "right",
        "bank_side_ro": "mal drept",
        "substrate_ro": "maluri stâncoase și substrat de pietriș",
        "confidence_ro": "habitat potențial / evaluare preliminară",
        "popup_priority": null,
        "related_fast_pc": [],
        "source": "Honț et al. 2022 / DDNI + puncte AFDJ",
        "geometry_method": "bank_and_fairway_corridor",
        "interpolation_used": true,
        "hectometric_points_used": false,
        "source_km_values": [
          649,
          648,
          647,
          646,
          645,
          644,
          643,
          642,
          641,
          640
        ]
      },
      "geometry": {
        "type": "Polygon",
        "coordinates": [
          [
            [
              24.3024679,
              43.6930813
            ],
            [
              24.30365166,
              43.69334261
            ],
            [
              24.30483542,
              43.69360392
            ],
            [
              24.30601918,
              43.69386523
            ],
            [
              24.30720294,
              43.69412654
            ],
            [
              24.3083867,
              43.69438785
            ],
            [
              24.30957046,
              43.694649160000004
            ],
            [
              24.31075422,
              43.69491047
            ],
            [
              24.31193798,
              43.69517178
            ],
            [
              24.31312174,
              43.69543309
            ],
            [
              24.3143055,
              43.6956944
            ],
            [
              24.31593329,
              43.6953944
            ],
            [
              24.31756108,
              43.6950944
            ],
            [
              24.319188869999998,
              43.6947944
            ],
            [
              24.32081666,
              43.6944944
            ],
            [
              24.32244445,
              43.6941944
            ],
            [
              24.32407224,
              43.6938944
            ],
            [
              24.32570003,
              43.6935944
            ],
            [
              24.327327819999997,
              43.6932944
            ],
            [
              24.328955609999998,
              43.6929944
            ],
            [
              24.3305834,
              43.6926944
            ],
            [
              24.331937699999997,
              43.69253425
            ],
            [
              24.333292,
              43.6923741
            ],
            [
              24.3346463,
              43.69221395
            ],
            [
              24.3360006,
              43.692053800000004
            ],
            [
              24.3373549,
              43.69189365
            ],
            [
              24.3387092,
              43.6917335
            ],
            [
              24.3400635,
              43.69157335
            ],
            [
              24.3414178,
              43.6914132
            ],
            [
              24.3427721,
              43.69125305
            ],
            [
              24.3441264,
              43.6910929
            ],
            [
              24.34546483,
              43.69167529
            ],
            [
              24.34680326,
              43.69225768
            ],
            [
              24.34814169,
              43.69284007
            ],
            [
              24.34948012,
              43.69342246
            ],
            [
              24.35081855,
              43.69400485
            ],
            [
              24.35215698,
              43.69458724
            ],
            [
              24.35349541,
              43.695169629999995
            ],
            [
              24.354833839999998,
              43.69575202
            ],
            [
              24.35617227,
              43.69633441
            ],
            [
              24.3575107,
              43.6969168
            ],
            [
              24.3586763,
              43.69753623
            ],
            [
              24.3598419,
              43.69815566
            ],
            [
              24.3610075,
              43.69877509
            ],
            [
              24.3621731,
              43.69939452
            ],
            [
              24.3633387,
              43.70001395
            ],
            [
              24.3645043,
              43.70063338
            ],
            [
              24.3656699,
              43.70125281
            ],
            [
              24.3668355,
              43.70187224
            ],
            [
              24.3680011,
              43.70249167
            ],
            [
              24.3691667,
              43.7031111
            ],
            [
              24.370227800000002,
              43.70353888
            ],
            [
              24.371288900000003,
              43.70396666
            ],
            [
              24.37235,
              43.70439444
            ],
            [
              24.373411100000002,
              43.70482222
            ],
            [
              24.3744722,
              43.70525
            ],
            [
              24.3755333,
              43.70567778
            ],
            [
              24.376594400000002,
              43.70610556
            ],
            [
              24.3776555,
              43.70653334
            ],
            [
              24.3787166,
              43.706961119999995
            ],
            [
              24.3797777,
              43.7073889
            ],
            [
              24.38078604,
              43.707619449999996
            ],
            [
              24.381794380000002,
              43.70785
            ],
            [
              24.38280272,
              43.70808055
            ],
            [
              24.383811060000003,
              43.708311099999996
            ],
            [
              24.3848194,
              43.70854165
            ],
            [
              24.38582774,
              43.7087722
            ],
            [
              24.386836080000002,
              43.709002749999996
            ],
            [
              24.38784442,
              43.709233299999994
            ],
            [
              24.388852760000002,
              43.70946385
            ],
            [
              24.3898611,
              43.7096944
            ],
            [
              24.39120277,
              43.709958289999996
            ],
            [
              24.39254444,
              43.710222179999995
            ],
            [
              24.39388611,
              43.710486069999995
            ],
            [
              24.395227780000003,
              43.710749959999994
            ],
            [
              24.39656945,
              43.71101385
            ],
            [
              24.39791112,
              43.71127774
            ],
            [
              24.399252790000002,
              43.71154163
            ],
            [
              24.40059446,
              43.71180552
            ],
            [
              24.401936130000003,
              43.71206941
            ],
            [
              24.4032778,
              43.7123333
            ],
            [
              24.40458058,
              43.712594419999995
            ],
            [
              24.40588336,
              43.71285554
            ],
            [
              24.40718614,
              43.71311666
            ],
            [
              24.40848892,
              43.71337778
            ],
            [
              24.4097917,
              43.7136389
            ],
            [
              24.411094480000003,
              43.71390002
            ],
            [
              24.412397260000002,
              43.71416114
            ],
            [
              24.413700040000002,
              43.71442226
            ],
            [
              24.41500282,
              43.714683380000004
            ],
            [
              24.4163056,
              43.7149445
            ],
            [
              24.41466403,
              43.717509817999996
            ],
            [
              24.413418928600002,
              43.7171805488
            ],
            [
              24.4121738272,
              43.7168512796
            ],
            [
              24.4109287258,
              43.7165220104
            ],
            [
              24.4096836244,
              43.7161927412
            ],
            [
              24.408438523,
              43.715863472
            ],
            [
              24.407193421600002,
              43.7155342028
            ],
            [
              24.4059483202,
              43.7152049336
            ],
            [
              24.4047032188,
              43.714875664400004
            ],
            [
              24.4034581174,
              43.714546395199996
            ],
            [
              24.402213016,
              43.714217126
            ],
            [
              24.4009253034,
              43.7139161416
            ],
            [
              24.3996375908,
              43.7136151572
            ],
            [
              24.3983498782,
              43.713314172800004
            ],
            [
              24.397062165599998,
              43.7130131884
            ],
            [
              24.395774453,
              43.712712204
            ],
            [
              24.3944867404,
              43.7124112196
            ],
            [
              24.3931990278,
              43.712110235199994
            ],
            [
              24.3919113152,
              43.711809250799995
            ],
            [
              24.390623602599998,
              43.711508266399996
            ],
            [
              24.38933589,
              43.711207282
            ],
            [
              24.3883106744,
              43.7109388102
            ],
            [
              24.387285458799997,
              43.71067033839999
            ],
            [
              24.386260243200002,
              43.710401866599994
            ],
            [
              24.3852350276,
              43.710133394799996
            ],
            [
              24.384209811999998,
              43.709864923
            ],
            [
              24.383184596400003,
              43.7095964512
            ],
            [
              24.3821593808,
              43.7093279794
            ],
            [
              24.381134165200002,
              43.7090595076
            ],
            [
              24.3801089496,
              43.7087910358
            ],
            [
              24.379083734,
              43.708522564
            ],
            [
              24.378010659799997,
              43.7080992108
            ],
            [
              24.3769375856,
              43.7076758576
            ],
            [
              24.3758645114,
              43.707252504399996
            ],
            [
              24.374791437200003,
              43.7068291512
            ],
            [
              24.373718363,
              43.706405798
            ],
            [
              24.3726452888,
              43.7059824448
            ],
            [
              24.3715722146,
              43.7055590916
            ],
            [
              24.370499140400003,
              43.7051357384
            ],
            [
              24.369426066200003,
              43.7047123852
            ],
            [
              24.368352992000002,
              43.704289032
            ],
            [
              24.3671376976,
              43.7036971582
            ],
            [
              24.3659224032,
              43.703105284399996
            ],
            [
              24.3647071088,
              43.7025134106
            ],
            [
              24.3634918144,
              43.7019215368
            ],
            [
              24.36227652,
              43.701329662999996
            ],
            [
              24.3610612256,
              43.7007377892
            ],
            [
              24.3598459312,
              43.7001459154
            ],
            [
              24.3586306368,
              43.6995540416
            ],
            [
              24.3574153424,
              43.6989621678
            ],
            [
              24.356200047999998,
              43.698370294
            ],
            [
              24.3548557926,
              43.6978818664
            ],
            [
              24.3535115372,
              43.6973934388
            ],
            [
              24.3521672818,
              43.6969050112
            ],
            [
              24.3508230264,
              43.6964165836
            ],
            [
              24.349478771,
              43.695928156
            ],
            [
              24.348134515599998,
              43.695439728400004
            ],
            [
              24.3467902602,
              43.6949513008
            ],
            [
              24.345446004800003,
              43.6944628732
            ],
            [
              24.3441017494,
              43.6939744456
            ],
            [
              24.342757494,
              43.693486018
            ],
            [
              24.3414393392,
              43.6935999344
            ],
            [
              24.3401211844,
              43.6937138508
            ],
            [
              24.3388030296,
              43.6938277672
            ],
            [
              24.3374848748,
              43.6939416836
            ],
            [
              24.33616672,
              43.6940556
            ],
            [
              24.334848565199998,
              43.6941695164
            ],
            [
              24.333530410399998,
              43.6942834328
            ],
            [
              24.332212255600002,
              43.6943973492
            ],
            [
              24.3308941008,
              43.6945112656
            ],
            [
              24.329575946,
              43.694625182
            ],
            [
              24.3280569318,
              43.694834151200006
            ],
            [
              24.3265379176,
              43.6950431204
            ],
            [
              24.3250189034,
              43.6952520896
            ],
            [
              24.3234998892,
              43.6954610588
            ],
            [
              24.321980875,
              43.695670028
            ],
            [
              24.3204618608,
              43.695878997200005
            ],
            [
              24.3189428466,
              43.6960879664
            ],
            [
              24.3174238324,
              43.6962969356
            ],
            [
              24.3159048182,
              43.6965059048
            ],
            [
              24.314385804,
              43.696714874
            ],
            [
              24.31320448,
              43.696584553600005
            ],
            [
              24.312023156,
              43.6964542332
            ],
            [
              24.310841832,
              43.696323912800004
            ],
            [
              24.309660508,
              43.6961935924
            ],
            [
              24.308479184,
              43.696063271999996
            ],
            [
              24.30729786,
              43.6959329516
            ],
            [
              24.306116535999998,
              43.6958026312
            ],
            [
              24.304935212,
              43.6956723108
            ],
            [
              24.303753888,
              43.6955419904
            ],
            [
              24.302572564,
              43.69541167
            ],
            [
              24.3024679,
              43.6930813
            ]
          ]
        ]
      }
    },
    {
      "type": "Feature",
      "properties": {
        "dataset_group": "fast2_ddni_863_375",
        "needs_manual_review": false,
        "id": "STU-FEED-626",
        "layer": "fast2_sturgeons_feeding_yoy",
        "habitat_type": "feeding_yoy",
        "label_ro": "Hrănire / juvenili",
        "rkm_start": 626,
        "rkm_end": 624,
        "bank_side": "left",
        "bank_side_ro": "mal stâng",
        "substrate_ro": "probe de fund cu viermi / substrat favorabil juvenilor",
        "confidence_ro": "habitat potențial / evaluare preliminară",
        "popup_priority": null,
        "related_fast_pc": [
          "PC6"
        ],
        "source": "Honț et al. 2022 / DDNI + puncte AFDJ",
        "geometry_method": "bank_and_fairway_corridor",
        "interpolation_used": true,
        "hectometric_points_used": false,
        "source_km_values": [
          626,
          625,
          624
        ]
      },
      "geometry": {
        "type": "Polygon",
        "coordinates": [
          [
            [
              24.5649864,
              43.7603749
            ],
            [
              24.56579352,
              43.760157650000004
            ],
            [
              24.56660064,
              43.759940400000005
            ],
            [
              24.56740776,
              43.75972315
            ],
            [
              24.56821488,
              43.7595059
            ],
            [
              24.569021999999997,
              43.75928865
            ],
            [
              24.569829119999998,
              43.7590714
            ],
            [
              24.57063624,
              43.758854150000005
            ],
            [
              24.571443359999996,
              43.7586369
            ],
            [
              24.572250479999997,
              43.75841965
            ],
            [
              24.5730576,
              43.7582024
            ],
            [
              24.57411921,
              43.75804664
            ],
            [
              24.57518082,
              43.75789088
            ],
            [
              24.576242429999997,
              43.75773512
            ],
            [
              24.577304039999998,
              43.75757936
            ],
            [
              24.57836565,
              43.757423599999996
            ],
            [
              24.57942726,
              43.75726784
            ],
            [
              24.58048887,
              43.75711208
            ],
            [
              24.581550479999997,
              43.75695632
            ],
            [
              24.582612089999998,
              43.756800559999995
            ],
            [
              24.5836737,
              43.7566448
            ],
            [
              24.58334295,
              43.755428857999995
            ],
            [
              24.582274036199998,
              43.755612401
            ],
            [
              24.581205122399997,
              43.755795944
            ],
            [
              24.580136208600003,
              43.755979487
            ],
            [
              24.5790672948,
              43.756163029999996
            ],
            [
              24.577998381,
              43.756346572999995
            ],
            [
              24.5769294672,
              43.756530116
            ],
            [
              24.5758605534,
              43.756713659
            ],
            [
              24.5747916396,
              43.756897202
            ],
            [
              24.5737227258,
              43.757080745
            ],
            [
              24.572653812,
              43.757264288
            ],
            [
              24.571805032199997,
              43.7574552166
            ],
            [
              24.5709562524,
              43.7576461452
            ],
            [
              24.5701074726,
              43.757837073800005
            ],
            [
              24.5692586928,
              43.7580280024
            ],
            [
              24.568409913,
              43.758218931
            ],
            [
              24.567561133199998,
              43.7584098596
            ],
            [
              24.5667123534,
              43.7586007882
            ],
            [
              24.5658635736,
              43.758791716800005
            ],
            [
              24.5650147938,
              43.7589826454
            ],
            [
              24.564166013999998,
              43.759173574
            ],
            [
              24.5649864,
              43.7603749
            ]
          ]
        ]
      }
    },
    {
      "type": "Feature",
      "properties": {
        "dataset_group": "fast2_ddni_863_375",
        "needs_manual_review": false,
        "id": "STU-SPAWN-603",
        "layer": "fast2_sturgeons_spawning_potential",
        "habitat_type": "spawning_potential",
        "label_ro": "Reproducere potențială",
        "rkm_start": 603,
        "rkm_end": 602,
        "bank_side": "right",
        "bank_side_ro": "mal drept",
        "substrate_ro": "substrat stâncos / pietriș",
        "confidence_ro": "habitat potențial / evaluare preliminară",
        "popup_priority": null,
        "related_fast_pc": [],
        "source": "Honț et al. 2022 / DDNI + puncte AFDJ",
        "geometry_method": "bank_and_fairway_corridor",
        "interpolation_used": true,
        "hectometric_points_used": false,
        "source_km_values": [
          603,
          602
        ]
      },
      "geometry": {
        "type": "Polygon",
        "coordinates": [
          [
            [
              24.8206218,
              43.7098687
            ],
            [
              24.821869640000003,
              43.70976485
            ],
            [
              24.82311748,
              43.709661000000004
            ],
            [
              24.824365320000002,
              43.70955715
            ],
            [
              24.82561316,
              43.7094533
            ],
            [
              24.826861,
              43.709349450000005
            ],
            [
              24.828108840000002,
              43.7092456
            ],
            [
              24.82935668,
              43.70914175
            ],
            [
              24.83060452,
              43.7090379
            ],
            [
              24.83185236,
              43.70893405
            ],
            [
              24.8331002,
              43.7088302
            ],
            [
              24.833224814,
              43.710497516000004
            ],
            [
              24.831902709599998,
              43.7105098018
            ],
            [
              24.8305806052,
              43.7105220876
            ],
            [
              24.829258500799998,
              43.7105343734
            ],
            [
              24.827936396400002,
              43.7105466592
            ],
            [
              24.826614292000002,
              43.710558945
            ],
            [
              24.8252921876,
              43.7105712308
            ],
            [
              24.823970083200003,
              43.7105835166
            ],
            [
              24.8226479788,
              43.7105958024
            ],
            [
              24.821325874400003,
              43.7106080882
            ],
            [
              24.82000377,
              43.710620374
            ],
            [
              24.8206218,
              43.7098687
            ]
          ]
        ]
      }
    },
    {
      "type": "Feature",
      "properties": {
        "dataset_group": "fast2_ddni_863_375",
        "needs_manual_review": false,
        "id": "STU-SPAWN-596",
        "layer": "fast2_sturgeons_spawning_potential",
        "habitat_type": "spawning_potential",
        "label_ro": "Reproducere potențială",
        "rkm_start": 596,
        "rkm_end": 593,
        "bank_side": "right",
        "bank_side_ro": "mal drept",
        "substrate_ro": "maluri stâncoase și substrat de pietriș",
        "confidence_ro": "habitat potențial / evaluare preliminară",
        "popup_priority": null,
        "related_fast_pc": [],
        "source": "Honț et al. 2022 / DDNI + puncte AFDJ",
        "geometry_method": "bank_and_fairway_corridor",
        "interpolation_used": true,
        "hectometric_points_used": false,
        "source_km_values": [
          596,
          595,
          594,
          593
        ]
      },
      "geometry": {
        "type": "Polygon",
        "coordinates": [
          [
            [
              24.9082303,
              43.7087968
            ],
            [
              24.908993119999998,
              43.70898193
            ],
            [
              24.90975594,
              43.70916706
            ],
            [
              24.91051876,
              43.709352190000004
            ],
            [
              24.91128158,
              43.70953732
            ],
            [
              24.9120444,
              43.70972245
            ],
            [
              24.912807219999998,
              43.70990758
            ],
            [
              24.91357004,
              43.71009271
            ],
            [
              24.91433286,
              43.71027784
            ],
            [
              24.91509568,
              43.71046297
            ],
            [
              24.9158585,
              43.7106481
            ],
            [
              24.91704492,
              43.71085204
            ],
            [
              24.91823134,
              43.71105598
            ],
            [
              24.919417759999998,
              43.71125992
            ],
            [
              24.920604179999998,
              43.71146386
            ],
            [
              24.9217906,
              43.7116678
            ],
            [
              24.92297702,
              43.71187174
            ],
            [
              24.92416344,
              43.71207568
            ],
            [
              24.92534986,
              43.712279620000004
            ],
            [
              24.92653628,
              43.71248356
            ],
            [
              24.9277227,
              43.7126875
            ],
            [
              24.92857232,
              43.71258232
            ],
            [
              24.92942194,
              43.712477140000004
            ],
            [
              24.93027156,
              43.71237196
            ],
            [
              24.93112118,
              43.71226678
            ],
            [
              24.931970800000002,
              43.7121616
            ],
            [
              24.93282042,
              43.71205642
            ],
            [
              24.93367004,
              43.711951240000005
            ],
            [
              24.93451966,
              43.71184606
            ],
            [
              24.93536928,
              43.71174088
            ],
            [
              24.9362189,
              43.7116357
            ],
            [
              24.93627161,
              43.714026928
            ],
            [
              24.9353941986,
              43.7140311736
            ],
            [
              24.9345167872,
              43.7140354192
            ],
            [
              24.9336393758,
              43.714039664800005
            ],
            [
              24.9327619644,
              43.7140439104
            ],
            [
              24.931884553,
              43.714048156
            ],
            [
              24.931007141600002,
              43.7140524016
            ],
            [
              24.9301297302,
              43.7140566472
            ],
            [
              24.929252318800003,
              43.714060892800006
            ],
            [
              24.928374907400002,
              43.7140651384
            ],
            [
              24.927497496,
              43.714069384000005
            ],
            [
              24.9263276576,
              43.7138652256
            ],
            [
              24.925157819200003,
              43.71366106720001
            ],
            [
              24.9239879808,
              43.7134569088
            ],
            [
              24.9228181424,
              43.7132527504
            ],
            [
              24.921648304,
              43.713048592
            ],
            [
              24.9204784656,
              43.712844433600004
            ],
            [
              24.9193086272,
              43.7126402752
            ],
            [
              24.918138788799997,
              43.7124361168
            ],
            [
              24.916968950399998,
              43.7122319584
            ],
            [
              24.915799112,
              43.7120278
            ],
            [
              24.9149792266,
              43.7118375208
            ],
            [
              24.914159341199998,
              43.7116472416
            ],
            [
              24.9133394558,
              43.7114569624
            ],
            [
              24.912519570399997,
              43.7112666832
            ],
            [
              24.911699685,
              43.711076404
            ],
            [
              24.9108797996,
              43.710886124800005
            ],
            [
              24.910059914199998,
              43.7106958456
            ],
            [
              24.9092400288,
              43.7105055664
            ],
            [
              24.908420143399997,
              43.7103152872
            ],
            [
              24.907600258,
              43.710125008000006
            ],
            [
              24.9082303,
              43.7087968
            ]
          ]
        ]
      }
    },
    {
      "type": "Feature",
      "properties": {
        "dataset_group": "fast2_ddni_863_375",
        "needs_manual_review": false,
        "id": "STU-WIN-586",
        "layer": "fast2_sturgeons_wintering_refuge",
        "habitat_type": "wintering_refuge",
        "label_ro": "Iernare / refugiu",
        "rkm_start": 586,
        "rkm_end": 585,
        "bank_side": "left",
        "bank_side_ro": "mal stâng",
        "substrate_ro": "apă adâncă / groapă",
        "confidence_ro": "habitat potențial / evaluare preliminară",
        "popup_priority": null,
        "related_fast_pc": [],
        "source": "Honț et al. 2022 / DDNI + puncte AFDJ",
        "geometry_method": "bank_and_fairway_corridor",
        "interpolation_used": true,
        "hectometric_points_used": false,
        "source_km_values": [
          590,
          585
        ]
      },
      "geometry": {
        "type": "Polygon",
        "coordinates": [
          [
            [
              25.011272220000002,
              43.719301779999995
            ],
            [
              25.012258618,
              43.718912532
            ],
            [
              25.013245016000003,
              43.718523284
            ],
            [
              25.014231414,
              43.718134035999995
            ],
            [
              25.015217812,
              43.717744788
            ],
            [
              25.01620421,
              43.71735554
            ],
            [
              25.017190608,
              43.716966291999995
            ],
            [
              25.018177006000002,
              43.716577044
            ],
            [
              25.019163404,
              43.716187796
            ],
            [
              25.020149802,
              43.715798547999995
            ],
            [
              25.0211362,
              43.7154093
            ],
            [
              25.018098172000002,
              43.712889258
            ],
            [
              25.01719599828,
              43.713231649959994
            ],
            [
              25.016293824559998,
              43.713574041920005
            ],
            [
              25.01539165084,
              43.71391643388
            ],
            [
              25.01448947712,
              43.71425882584
            ],
            [
              25.0135873034,
              43.7146012178
            ],
            [
              25.01268512968,
              43.71494360976
            ],
            [
              25.01178295596,
              43.715286001719996
            ],
            [
              25.01088078224,
              43.71562839368
            ],
            [
              25.00997860852,
              43.71597078564
            ],
            [
              25.0090764348,
              43.7163131776
            ],
            [
              25.011272220000002,
              43.719301779999995
            ]
          ]
        ]
      }
    },
    {
      "type": "Feature",
      "properties": {
        "dataset_group": "fast2_ddni_863_375",
        "needs_manual_review": false,
        "id": "STU-SPAWN-579",
        "layer": "fast2_sturgeons_spawning_potential",
        "habitat_type": "spawning_potential",
        "label_ro": "Reproducere potențială",
        "rkm_start": 579,
        "rkm_end": 577,
        "bank_side": "right",
        "bank_side_ro": "mal drept",
        "substrate_ro": "substrat de pietriș",
        "confidence_ro": "habitat potențial / evaluare preliminară",
        "popup_priority": null,
        "related_fast_pc": [
          "PC7"
        ],
        "source": "Honț et al. 2022 / DDNI + puncte AFDJ",
        "geometry_method": "bank_and_fairway_corridor",
        "interpolation_used": true,
        "hectometric_points_used": false,
        "source_km_values": [
          579,
          578,
          577
        ]
      },
      "geometry": {
        "type": "Polygon",
        "coordinates": [
          [
            [
              25.0777673,
              43.6842905
            ],
            [
              25.07887806,
              43.68419816
            ],
            [
              25.07998882,
              43.68410582
            ],
            [
              25.08109958,
              43.684013480000004
            ],
            [
              25.08221034,
              43.68392114
            ],
            [
              25.0833211,
              43.6838288
            ],
            [
              25.084431860000002,
              43.68373646
            ],
            [
              25.085542620000002,
              43.68364412
            ],
            [
              25.08665338,
              43.68355178
            ],
            [
              25.08776414,
              43.68345944
            ],
            [
              25.0888749,
              43.6833671
            ],
            [
              25.09023642,
              43.68298658
            ],
            [
              25.09159794,
              43.68260606
            ],
            [
              25.09295946,
              43.68222554
            ],
            [
              25.09432098,
              43.68184502
            ],
            [
              25.095682500000002,
              43.681464500000004
            ],
            [
              25.097044020000002,
              43.681083980000004
            ],
            [
              25.09840554,
              43.680703460000004
            ],
            [
              25.09976706,
              43.68032294
            ],
            [
              25.10112858,
              43.67994242
            ],
            [
              25.1024901,
              43.6795619
            ],
            [
              25.10353212,
              43.682470274
            ],
            [
              25.1022019824,
              43.682706595400006
            ],
            [
              25.1008718448,
              43.6829429168
            ],
            [
              25.0995417072,
              43.683179238200005
            ],
            [
              25.0982115696,
              43.68341555960001
            ],
            [
              25.096881432000004,
              43.683651881
            ],
            [
              25.0955512944,
              43.6838882024
            ],
            [
              25.0942211568,
              43.684124523799994
            ],
            [
              25.0928910192,
              43.6843608452
            ],
            [
              25.0915608816,
              43.6845971666
            ],
            [
              25.090230744,
              43.684833487999995
            ],
            [
              25.089067580600002,
              43.684947197599996
            ],
            [
              25.0879044172,
              43.685060907200004
            ],
            [
              25.0867412538,
              43.6851746168
            ],
            [
              25.085578090400002,
              43.6852883264
            ],
            [
              25.084414926999997,
              43.685402036
            ],
            [
              25.0832517636,
              43.6855157456
            ],
            [
              25.0820886002,
              43.6856294552
            ],
            [
              25.0809254368,
              43.6857431648
            ],
            [
              25.0797622734,
              43.6858568744
            ],
            [
              25.07859911,
              43.685970584
            ],
            [
              25.0777673,
              43.6842905
            ]
          ]
        ]
      }
    },
    {
      "type": "Feature",
      "properties": {
        "dataset_group": "fast2_ddni_863_375",
        "needs_manual_review": false,
        "id": "STU-FEED-572",
        "layer": "fast2_sturgeons_feeding_yoy",
        "habitat_type": "feeding_yoy",
        "label_ro": "Hrănire / juvenili",
        "rkm_start": 572,
        "rkm_end": 571,
        "bank_side": "left",
        "bank_side_ro": "mal stâng",
        "substrate_ro": "coada insulei; probe de fund cu viermi",
        "confidence_ro": "habitat potențial / evaluare preliminară",
        "popup_priority": null,
        "related_fast_pc": [
          "PC7"
        ],
        "source": "Honț et al. 2022 / DDNI + puncte AFDJ",
        "geometry_method": "bank_and_fairway_corridor",
        "interpolation_used": true,
        "hectometric_points_used": false,
        "source_km_values": [
          572,
          571
        ]
      },
      "geometry": {
        "type": "Polygon",
        "coordinates": [
          [
            [
              25.1619539,
              43.7037635
            ],
            [
              25.16335298,
              43.70375943
            ],
            [
              25.16475206,
              43.70375536
            ],
            [
              25.16615114,
              43.70375129
            ],
            [
              25.16755022,
              43.703747220000004
            ],
            [
              25.1689493,
              43.70374315
            ],
            [
              25.17034838,
              43.70373908
            ],
            [
              25.17174746,
              43.70373501
            ],
            [
              25.173146539999998,
              43.70373094
            ],
            [
              25.17454562,
              43.703726870000004
            ],
            [
              25.1759447,
              43.7037228
            ],
            [
              25.175573336,
              43.702171152
            ],
            [
              25.17423671,
              43.7020896008
            ],
            [
              25.172900084,
              43.7020080496
            ],
            [
              25.171563458,
              43.701926498400006
            ],
            [
              25.170226832,
              43.7018449472
            ],
            [
              25.168890206,
              43.701763396
            ],
            [
              25.16755358,
              43.7016818448
            ],
            [
              25.166216954,
              43.7016002936
            ],
            [
              25.164880328000002,
              43.701518742400005
            ],
            [
              25.163543702,
              43.7014371912
            ],
            [
              25.162207076,
              43.70135564
            ],
            [
              25.1619539,
              43.7037635
            ]
          ]
        ]
      }
    },
    {
      "type": "Feature",
      "properties": {
        "dataset_group": "fast2_ddni_863_375",
        "needs_manual_review": false,
        "id": "STU-SPAWN-570",
        "layer": "fast2_sturgeons_spawning_potential",
        "habitat_type": "spawning_potential",
        "label_ro": "Reproducere potențială",
        "rkm_start": 570,
        "rkm_end": 569,
        "bank_side": "left",
        "bank_side_ro": "mal stâng",
        "substrate_ro": "maluri verticale de argilă",
        "confidence_ro": "habitat potențial / evaluare preliminară",
        "popup_priority": null,
        "related_fast_pc": [
          "PC7"
        ],
        "source": "Honț et al. 2022 / DDNI + puncte AFDJ",
        "geometry_method": "bank_and_fairway_corridor",
        "interpolation_used": true,
        "hectometric_points_used": false,
        "source_km_values": [
          570,
          569
        ]
      },
      "geometry": {
        "type": "Polygon",
        "coordinates": [
          [
            [
              25.1883352,
              43.7016492
            ],
            [
              25.189496000000002,
              43.7012661
            ],
            [
              25.190656800000003,
              43.700883
            ],
            [
              25.1918176,
              43.7004999
            ],
            [
              25.1929784,
              43.700116799999996
            ],
            [
              25.194139200000002,
              43.699733699999996
            ],
            [
              25.1953,
              43.6993506
            ],
            [
              25.1964608,
              43.6989675
            ],
            [
              25.197621599999998,
              43.6985844
            ],
            [
              25.1987824,
              43.6982013
            ],
            [
              25.1999432,
              43.6978182
            ],
            [
              25.199588258,
              43.697155104000004
            ],
            [
              25.1984302048,
              43.697520501
            ],
            [
              25.1972721516,
              43.697885898
            ],
            [
              25.196114098400002,
              43.698251295
            ],
            [
              25.1949560452,
              43.698616692
            ],
            [
              25.193797992,
              43.698982089
            ],
            [
              25.1926399388,
              43.699347486
            ],
            [
              25.1914818856,
              43.699712883
            ],
            [
              25.1903238324,
              43.70007828
            ],
            [
              25.1891657792,
              43.700443676999996
            ],
            [
              25.188007726,
              43.700809074
            ],
            [
              25.1883352,
              43.7016492
            ]
          ]
        ]
      }
    },
    {
      "type": "Feature",
      "properties": {
        "dataset_group": "fast2_ddni_863_375",
        "needs_manual_review": false,
        "id": "STU-WIN-524",
        "layer": "fast2_sturgeons_wintering_refuge",
        "habitat_type": "wintering_refuge",
        "label_ro": "Iernare / refugiu",
        "rkm_start": 524,
        "rkm_end": 523,
        "bank_side": "left",
        "bank_side_ro": "mal stâng",
        "substrate_ro": "apă adâncă / groapă",
        "confidence_ro": "habitat potențial / evaluare preliminară",
        "popup_priority": null,
        "related_fast_pc": [
          "PC10"
        ],
        "source": "Honț et al. 2022 / DDNI + puncte AFDJ",
        "geometry_method": "bank_and_fairway_corridor",
        "interpolation_used": true,
        "hectometric_points_used": false,
        "source_km_values": [
          524,
          523
        ]
      },
      "geometry": {
        "type": "Polygon",
        "coordinates": [
          [
            [
              25.7018008,
              43.697069
            ],
            [
              25.703097680000003,
              43.69707052
            ],
            [
              25.70439456,
              43.69707204
            ],
            [
              25.70569144,
              43.69707356
            ],
            [
              25.70698832,
              43.69707508
            ],
            [
              25.7082852,
              43.6970766
            ],
            [
              25.70958208,
              43.69707812
            ],
            [
              25.710878960000002,
              43.69707964
            ],
            [
              25.71217584,
              43.697081159999996
            ],
            [
              25.71347272,
              43.69708268
            ],
            [
              25.7147696,
              43.6970842
            ],
            [
              25.71669551,
              43.692653494
            ],
            [
              25.7153693224,
              43.692701681
            ],
            [
              25.7140431348,
              43.692749868
            ],
            [
              25.7127169472,
              43.692798055
            ],
            [
              25.7113907596,
              43.692846242
            ],
            [
              25.710064572,
              43.692894429
            ],
            [
              25.7087383844,
              43.692942615999996
            ],
            [
              25.7074121968,
              43.692990803
            ],
            [
              25.7060860092,
              43.693038990000005
            ],
            [
              25.7047598216,
              43.693087176999995
            ],
            [
              25.703433634,
              43.693135364
            ],
            [
              25.7018008,
              43.697069
            ]
          ]
        ]
      }
    },
    {
      "type": "Feature",
      "properties": {
        "dataset_group": "fast2_ddni_863_375",
        "needs_manual_review": false,
        "id": "STU-SPAWN-414",
        "layer": "fast2_sturgeons_spawning_potential",
        "habitat_type": "spawning_potential",
        "label_ro": "Reproducere potențială",
        "rkm_start": 414,
        "rkm_end": 412,
        "bank_side": "left",
        "bank_side_ro": "mal stâng",
        "substrate_ro": "substrat de pietriș",
        "confidence_ro": "habitat potențial / evaluare preliminară",
        "popup_priority": null,
        "related_fast_pc": [],
        "source": "Honț et al. 2022 / DDNI + puncte AFDJ",
        "geometry_method": "bank_and_fairway_corridor",
        "interpolation_used": true,
        "hectometric_points_used": false,
        "source_km_values": [
          414,
          413,
          412
        ]
      },
      "geometry": {
        "type": "Polygon",
        "coordinates": [
          [
            [
              26.8245943,
              44.1082703
            ],
            [
              26.82558909,
              44.1088562
            ],
            [
              26.82658388,
              44.1094421
            ],
            [
              26.82757867,
              44.110028
            ],
            [
              26.82857346,
              44.110613900000004
            ],
            [
              26.82956825,
              44.1111998
            ],
            [
              26.83056304,
              44.1117857
            ],
            [
              26.83155783,
              44.1123716
            ],
            [
              26.83255262,
              44.1129575
            ],
            [
              26.83354741,
              44.113543400000005
            ],
            [
              26.8345422,
              44.1141293
            ],
            [
              26.83550775,
              44.11471164
            ],
            [
              26.8364733,
              44.115293980000004
            ],
            [
              26.83743885,
              44.11587632
            ],
            [
              26.8384044,
              44.11645866
            ],
            [
              26.83936995,
              44.117041
            ],
            [
              26.8403355,
              44.11762334
            ],
            [
              26.84130105,
              44.11820568
            ],
            [
              26.8422666,
              44.11878802
            ],
            [
              26.84323215,
              44.11937036
            ],
            [
              26.8441977,
              44.1199527
            ],
            [
              26.845784123999998,
              44.117722541999996
            ],
            [
              26.8447853772,
              44.117222832799996
            ],
            [
              26.8437866304,
              44.116723123599996
            ],
            [
              26.8427878836,
              44.116223414400004
            ],
            [
              26.8417891368,
              44.115723705200004
            ],
            [
              26.84079039,
              44.115223996
            ],
            [
              26.8397916432,
              44.1147242868
            ],
            [
              26.8387928964,
              44.1142245776
            ],
            [
              26.8377941496,
              44.113724868400006
            ],
            [
              26.8367954028,
              44.1132251592
            ],
            [
              26.835796656,
              44.11272545
            ],
            [
              26.8347683878,
              44.1121457492
            ],
            [
              26.8337401196,
              44.1115660484
            ],
            [
              26.8327118514,
              44.110986347600004
            ],
            [
              26.8316835832,
              44.1104066468
            ],
            [
              26.830655315,
              44.109826946
            ],
            [
              26.8296270468,
              44.1092472452
            ],
            [
              26.8285987786,
              44.1086675444
            ],
            [
              26.8275705104,
              44.1080878436
            ],
            [
              26.826542242200002,
              44.1075081428
            ],
            [
              26.825513974,
              44.106928442
            ],
            [
              26.8245943,
              44.1082703
            ]
          ]
        ]
      }
    },
    {
      "type": "Feature",
      "properties": {
        "dataset_group": "fast2_ddni_863_375",
        "needs_manual_review": false,
        "id": "STU-WIN-409",
        "layer": "fast2_sturgeons_wintering_refuge",
        "habitat_type": "wintering_refuge",
        "label_ro": "Iernare / refugiu",
        "rkm_start": 409.3,
        "rkm_end": 408.7,
        "bank_side": "left",
        "bank_side_ro": "mal stâng",
        "substrate_ro": "groapă adâncă la coada insulei",
        "confidence_ro": "habitat potențial / evaluare preliminară",
        "popup_priority": null,
        "related_fast_pc": [],
        "source": "Honț et al. 2022 / DDNI + puncte AFDJ",
        "geometry_method": "bank_and_fairway_corridor",
        "interpolation_used": true,
        "hectometric_points_used": false,
        "source_km_values": [
          410,
          409,
          408
        ]
      },
      "geometry": {
        "type": "Polygon",
        "coordinates": [
          [
            [
              26.87590439,
              44.12584248
            ],
            [
              26.87694826,
              44.12615292
            ],
            [
              26.87799213,
              44.12646336
            ],
            [
              26.879036,
              44.1267738
            ],
            [
              26.88014191,
              44.127255420000004
            ],
            [
              26.88124782,
              44.12773704
            ],
            [
              26.88235373,
              44.12821866
            ],
            [
              26.8832701406,
              44.1262974456
            ],
            [
              26.8821687204,
              44.1259028244
            ],
            [
              26.8810673002,
              44.125508203200006
            ],
            [
              26.87996588,
              44.125113582000004
            ],
            [
              26.8789009638,
              44.1248160948
            ],
            [
              26.8778360476,
              44.1245186076
            ],
            [
              26.876771131399998,
              44.1242211204
            ],
            [
              26.87590439,
              44.12584248
            ]
          ]
        ]
      }
    },
    {
      "type": "Feature",
      "properties": {
        "dataset_group": "lower_danube_below_375",
        "needs_manual_review": true,
        "id": "STU-CONF-SPAWN-RASOVA-311",
        "layer": "fast2_sturgeons_spawning_confirmed",
        "habitat_type": "confirmed_spawning",
        "label_ro": "Reproducere confirmată sturioni",
        "name_ro": "Rasova / Red Rock",
        "rkm_start": 311.5,
        "rkm_end": 310.5,
        "original_position": "Dunăre km 310–311 / Red Rock",
        "bank_side": "use_nearest_rocky_bank_or_both_if_uncertain",
        "substrate_ro": "mal stâncos, substrat dur, pietriș / rocă",
        "evidence_ro": "ouă fecundate și larve capturate; habitat confirmat",
        "confidence_ro": "foarte ridicată",
        "popup_priority": "maximă",
        "notes_ro": "Dacă bank_side nu poate fi determinat sigur automat, construiește un coridor îngust în jurul șenalului pe intervalul 311.5–310.5 și marchează needs_manual_review = true.",
        "related_fast_pc": [],
        "source": "Set intern Lower Danube + puncte AFDJ",
        "geometry_method": "bank_points_corridor",
        "interpolation_used": true,
        "hectometric_points_used": false,
        "source_km_values": [
          312,
          311,
          310
        ]
      },
      "geometry": {
        "type": "Polygon",
        "coordinates": [
          [
            [
              27.949840008000002,
              44.258255006
            ],
            [
              27.950506823199998,
              44.25881156
            ],
            [
              27.9511736384,
              44.259368114
            ],
            [
              27.9518404536,
              44.259924668
            ],
            [
              27.952507268799998,
              44.260481222
            ],
            [
              27.953174084,
              44.261037775999995
            ],
            [
              27.9539244232,
              44.2618273528
            ],
            [
              27.9546747624,
              44.2626169296
            ],
            [
              27.9554251016,
              44.263406506399996
            ],
            [
              27.9561754408,
              44.2641960832
            ],
            [
              27.95692578,
              44.26498566
            ],
            [
              27.957876979999998,
              44.264114012
            ],
            [
              27.9571400744,
              44.2633305216
            ],
            [
              27.956403168799998,
              44.26254703119999
            ],
            [
              27.9556662632,
              44.2617635408
            ],
            [
              27.954929357599998,
              44.2609800504
            ],
            [
              27.954192452,
              44.26019656
            ],
            [
              27.95351668,
              44.2596250012
            ],
            [
              27.952840908,
              44.259053442399996
            ],
            [
              27.952165135999998,
              44.2584818836
            ],
            [
              27.951489364,
              44.2579103248
            ],
            [
              27.950813592,
              44.257338766
            ],
            [
              27.949840008000002,
              44.258255006
            ]
          ]
        ]
      }
    },
    {
      "type": "Feature",
      "properties": {
        "dataset_group": "lower_danube_below_375",
        "needs_manual_review": true,
        "id": "STU-CONF-SPAWN-ISACCEA-1005",
        "layer": "fast2_sturgeons_spawning_confirmed",
        "habitat_type": "confirmed_spawning",
        "label_ro": "Reproducere confirmată sturioni",
        "name_ro": "Isaccea / Noviodunum",
        "rkm_start": 101,
        "rkm_end": 100,
        "mm_start": 54,
        "mm_end": 53,
        "original_position": "Dunăre km 100.5 / Mm 53–54",
        "bank_side": "use_nearest_rocky_bank_or_both_if_uncertain",
        "substrate_ro": "substrat dur, maluri stâncoase, curenți/contracurenți",
        "evidence_ro": "larve capturate; habitat confirmat",
        "confidence_ro": "foarte ridicată",
        "popup_priority": "maximă",
        "notes_ro": "Dacă există layer de mile marine, leagă și de Mm 53–54. Dacă nu există, folosește rkm 101.0–100.0 și marchează needs_manual_review = true.",
        "related_fast_pc": [],
        "source": "Set intern Lower Danube + puncte AFDJ",
        "geometry_method": "bank_points_corridor",
        "positioning_method": "marine_mile_geometry",
        "interpolation_used": true,
        "hectometric_points_used": false,
        "source_km_values": [
          54,
          53
        ]
      },
      "geometry": {
        "type": "Polygon",
        "coordinates": [
          [
            [
              28.498448976,
              45.275427016
            ],
            [
              28.5005119874,
              45.2745684178
            ],
            [
              28.5025749988,
              45.2737098196
            ],
            [
              28.5046380102,
              45.272851221399996
            ],
            [
              28.5067010216,
              45.2719926232
            ],
            [
              28.508764033,
              45.271134024999995
            ],
            [
              28.5108270444,
              45.2702754268
            ],
            [
              28.512890055799996,
              45.2694168286
            ],
            [
              28.5149530672,
              45.2685582304
            ],
            [
              28.517016078599998,
              45.2676996322
            ],
            [
              28.519079089999998,
              45.266841033999995
            ],
            [
              28.51717781,
              45.264282666
            ],
            [
              28.5151203314,
              45.2651864578
            ],
            [
              28.5130628528,
              45.2660902496
            ],
            [
              28.5110053742,
              45.2669940414
            ],
            [
              28.5089478956,
              45.267897833199996
            ],
            [
              28.506890417,
              45.268801624999995
            ],
            [
              28.5048329384,
              45.2697054168
            ],
            [
              28.502775459800002,
              45.2706092086
            ],
            [
              28.500717981199998,
              45.2715130004
            ],
            [
              28.4986605026,
              45.2724167922
            ],
            [
              28.496603024,
              45.273320584
            ],
            [
              28.498448976,
              45.275427016
            ]
          ]
        ]
      }
    },
    {
      "type": "Feature",
      "properties": {
        "dataset_group": "lower_danube_below_375",
        "needs_manual_review": true,
        "id": "STU-SENS-BORCEA-41-37",
        "layer": "fast2_sturgeons_sensitive_protection_lower_danube",
        "habitat_type": "sensitive_protection",
        "label_ro": "Zonă sensibilă sturioni / protecție",
        "name_ro": "Brațul Borcea – Stelnica–Fetești",
        "branch": "Borcea",
        "rkm_start": 41,
        "rkm_end": 37,
        "original_position": "Brațul Borcea km 37–41",
        "bank_side": "both_or_branch_corridor",
        "substrate_ro": "sector sensibil; legat de migrație, capturi/monitorizare și zone de refacere",
        "evidence_ro": "zonă menționată în acte normative pentru sturioni / refacere biologică / capturare în stare vie cu autorizație",
        "confidence_ro": "ridicată pentru sensibilitate; nu marca drept reproducere confirmată",
        "popup_priority": "foarte ridicată",
        "related_fast_pc": [],
        "source": "Set intern Lower Danube + puncte AFDJ",
        "geometry_method": "bank_and_fairway_corridor",
        "positioning_method": "branch_km_geometry",
        "interpolation_used": true,
        "hectometric_points_used": true,
        "source_km_values": [
          41,
          40,
          39,
          38,
          37
        ]
      },
      "geometry": {
        "type": "Polygon",
        "coordinates": [
          [
            [
              27.86087947268985,
              44.39181985262799
            ],
            [
              27.86170609268985,
              44.39244604262799
            ],
            [
              27.86253271268984,
              44.39307223262798
            ],
            [
              27.86335933268984,
              44.39369842262799
            ],
            [
              27.864185952689848,
              44.39432461262799
            ],
            [
              27.865012572689846,
              44.39495080262799
            ],
            [
              27.865839192689847,
              44.39557699262799
            ],
            [
              27.866665812689842,
              44.396203182627985
            ],
            [
              27.86749243268984,
              44.396829372627984
            ],
            [
              27.868319052689845,
              44.39745556262799
            ],
            [
              27.86933029661653,
              44.398207906457436
            ],
            [
              27.870627176601662,
              44.398876844321215
            ],
            [
              27.871765846601658,
              44.39945709432121
            ],
            [
              27.872904516601658,
              44.40003734432121
            ],
            [
              27.87404318660166,
              44.40061759432122
            ],
            [
              27.87518185660166,
              44.40119784432122
            ],
            [
              27.876320526601663,
              44.401778094321216
            ],
            [
              27.87745919660166,
              44.40235834432121
            ],
            [
              27.87859786660166,
              44.40293859432121
            ],
            [
              27.879736536601662,
              44.40351884432122
            ],
            [
              27.88058389538038,
              44.40392216118781
            ],
            [
              27.88101943089934,
              44.40442185164412
            ],
            [
              27.881764610899342,
              44.40518750164413
            ],
            [
              27.882509790899345,
              44.40595315164413
            ],
            [
              27.88325497089934,
              44.406718801644125
            ],
            [
              27.88400015089934,
              44.40748445164413
            ],
            [
              27.884745330899346,
              44.408250101644136
            ],
            [
              27.885490510899345,
              44.40901575164413
            ],
            [
              27.88623569089934,
              44.409781401644125
            ],
            [
              27.886980870899343,
              44.41054705164413
            ],
            [
              27.888696491954654,
              44.41190493455623
            ],
            [
              27.890995516170108,
              44.41193012740478
            ],
            [
              27.89251613617011,
              44.411857757404775
            ],
            [
              27.8940367561701,
              44.41178538740478
            ],
            [
              27.895557376170107,
              44.41171301740478
            ],
            [
              27.897077996170108,
              44.411640647404774
            ],
            [
              27.8985986161701,
              44.411568277404776
            ],
            [
              27.900119236170102,
              44.41149590740478
            ],
            [
              27.901639856170107,
              44.41142353740478
            ],
            [
              27.903160476170108,
              44.411351167404774
            ],
            [
              27.9046810961701,
              44.411278797404776
            ],
            [
              27.904463503829902,
              44.406706802595224
            ],
            [
              27.902942883829894,
              44.40677917259522
            ],
            [
              27.901422263829893,
              44.40685154259523
            ],
            [
              27.899901643829903,
              44.406923912595225
            ],
            [
              27.898381023829902,
              44.40699628259522
            ],
            [
              27.896860403829894,
              44.40706865259522
            ],
            [
              27.895339783829893,
              44.407141022595226
            ],
            [
              27.8938191638299,
              44.407213392595224
            ],
            [
              27.892298543829895,
              44.40728576259522
            ],
            [
              27.890777923829894,
              44.40735813259523
            ],
            [
              27.890035708045346,
              44.40752806544377
            ],
            [
              27.89026096910066,
              44.40735464835588
            ],
            [
              27.889515789100656,
              44.40658899835587
            ],
            [
              27.888770609100654,
              44.405823348355874
            ],
            [
              27.888025429100654,
              44.40505769835587
            ],
            [
              27.887280249100655,
              44.40429204835588
            ],
            [
              27.886535069100656,
              44.40352639835587
            ],
            [
              27.885789889100653,
              44.402760748355874
            ],
            [
              27.885044709100658,
              44.401995098355876
            ],
            [
              27.884299529100655,
              44.40122944835587
            ],
            [
              27.883244704619617,
              44.40019783881219
            ],
            [
              27.881814723398335,
              44.39944065567878
            ],
            [
              27.88067605339834,
              44.39886040567879
            ],
            [
              27.87953738339834,
              44.39828015567878
            ],
            [
              27.878398713398337,
              44.39769990567878
            ],
            [
              27.877260043398334,
              44.39711965567878
            ],
            [
              27.876121373398334,
              44.39653940567878
            ],
            [
              27.874982703398338,
              44.39595915567879
            ],
            [
              27.87384403339834,
              44.39537890567878
            ],
            [
              27.872705363398335,
              44.39479865567878
            ],
            [
              27.87172490338347,
              44.39430709354256
            ],
            [
              27.87108290731015,
              44.39380705737201
            ],
            [
              27.87025628731016,
              44.39318086737202
            ],
            [
              27.86942966731016,
              44.392554677372004
            ],
            [
              27.868603047310152,
              44.391928487372006
            ],
            [
              27.86777642731015,
              44.39130229737201
            ],
            [
              27.866949807310153,
              44.39067610737201
            ],
            [
              27.86612318731016,
              44.39004991737201
            ],
            [
              27.86529656731016,
              44.38942372737201
            ],
            [
              27.864469947310155,
              44.38879753737201
            ],
            [
              27.863643327310154,
              44.38817134737201
            ],
            [
              27.86087947268985,
              44.39181985262799
            ]
          ]
        ]
      }
    },
    {
      "type": "Feature",
      "properties": {
        "dataset_group": "lower_danube_below_375",
        "needs_manual_review": true,
        "id": "STU-SENS-DANUBE-MM-53-54",
        "layer": "fast2_sturgeons_sensitive_protection_lower_danube",
        "habitat_type": "sensitive_protection",
        "label_ro": "Zonă sensibilă sturioni / protecție",
        "name_ro": "Dunăre – Isaccea Mm 53–54",
        "river_unit": "marine_mile",
        "mm_start": 54,
        "mm_end": 53,
        "approx_rkm_start": 100,
        "approx_rkm_end": 98.2,
        "original_position": "Dunăre Mm 53–54 / Isaccea",
        "bank_side": "both_or_use_marine_mile_geometry",
        "substrate_ro": "zonă critică Isaccea / Noviodunum",
        "evidence_ro": "zonă oficială sensibilă; se suprapune cu sectorul confirmat de reproducere Isaccea",
        "confidence_ro": "foarte ridicată",
        "popup_priority": "maximă",
        "related_fast_pc": [],
        "source": "Set intern Lower Danube + puncte AFDJ",
        "geometry_method": "bank_points_corridor",
        "positioning_method": "marine_mile_geometry",
        "interpolation_used": true,
        "hectometric_points_used": false,
        "source_km_values": [
          54,
          53
        ]
      },
      "geometry": {
        "type": "Polygon",
        "coordinates": [
          [
            [
              28.498448976,
              45.275427016
            ],
            [
              28.5005119874,
              45.2745684178
            ],
            [
              28.5025749988,
              45.2737098196
            ],
            [
              28.5046380102,
              45.272851221399996
            ],
            [
              28.5067010216,
              45.2719926232
            ],
            [
              28.508764033,
              45.271134024999995
            ],
            [
              28.5108270444,
              45.2702754268
            ],
            [
              28.512890055799996,
              45.2694168286
            ],
            [
              28.5149530672,
              45.2685582304
            ],
            [
              28.517016078599998,
              45.2676996322
            ],
            [
              28.519079089999998,
              45.266841033999995
            ],
            [
              28.51717781,
              45.264282666
            ],
            [
              28.5151203314,
              45.2651864578
            ],
            [
              28.5130628528,
              45.2660902496
            ],
            [
              28.5110053742,
              45.2669940414
            ],
            [
              28.5089478956,
              45.267897833199996
            ],
            [
              28.506890417,
              45.268801624999995
            ],
            [
              28.5048329384,
              45.2697054168
            ],
            [
              28.502775459800002,
              45.2706092086
            ],
            [
              28.500717981199998,
              45.2715130004
            ],
            [
              28.4986605026,
              45.2724167922
            ],
            [
              28.496603024,
              45.273320584
            ],
            [
              28.498448976,
              45.275427016
            ]
          ]
        ]
      }
    },
    {
      "type": "Feature",
      "properties": {
        "dataset_group": "lower_danube_below_375",
        "needs_manual_review": true,
        "id": "STU-SENS-DANUBE-MM-645-655",
        "layer": "fast2_sturgeons_sensitive_protection_lower_danube",
        "habitat_type": "sensitive_protection",
        "label_ro": "Zonă sensibilă sturioni / protecție",
        "name_ro": "Dunăre Mm 64,5–65,5",
        "river_unit": "marine_mile",
        "mm_start": 65.5,
        "mm_end": 64.5,
        "approx_rkm_start": 121.3,
        "approx_rkm_end": 119.5,
        "bank_side": "both_or_use_marine_mile_geometry",
        "substrate_ro": "zonă oficială sensibilă pentru sturioni",
        "evidence_ro": "zonă menționată în acte normative pentru capturare în stare vie / scop științific",
        "confidence_ro": "ridicată pentru sensibilitate; nu marca drept reproducere confirmată",
        "popup_priority": "ridicată",
        "related_fast_pc": [],
        "source": "Set intern Lower Danube + puncte AFDJ",
        "geometry_method": "bank_points_corridor",
        "positioning_method": "marine_mile_geometry",
        "interpolation_used": true,
        "hectometric_points_used": false,
        "source_km_values": [
          66,
          65,
          64
        ]
      },
      "geometry": {
        "type": "Polygon",
        "coordinates": [
          [
            [
              28.294141437,
              45.389429886
            ],
            [
              28.2952908924,
              45.387933273600005
            ],
            [
              28.2964403478,
              45.3864366612
            ],
            [
              28.297589803199998,
              45.384940048800004
            ],
            [
              28.298739258599998,
              45.3834434364
            ],
            [
              28.299888714,
              45.381946824
            ],
            [
              28.3010097134,
              45.380458874800006
            ],
            [
              28.3021307128,
              45.3789709256
            ],
            [
              28.303251712199998,
              45.3774829764
            ],
            [
              28.3043727116,
              45.3759950272
            ],
            [
              28.305493711,
              45.374507078
            ],
            [
              28.303408639,
              45.373815622
            ],
            [
              28.3024036684,
              45.3753352128
            ],
            [
              28.3013986978,
              45.376854803600004
            ],
            [
              28.300393727200003,
              45.378374394400005
            ],
            [
              28.299388756600003,
              45.379893985200006
            ],
            [
              28.298383786,
              45.38141357600001
            ],
            [
              28.296941751400002,
              45.3828488636
            ],
            [
              28.295499716800002,
              45.384284151200006
            ],
            [
              28.294057682200002,
              45.3857194388
            ],
            [
              28.2926156476,
              45.387154726400006
            ],
            [
              28.291173613,
              45.388590014
            ],
            [
              28.294141437,
              45.389429886
            ]
          ]
        ]
      }
    },
    {
      "type": "Feature",
      "properties": {
        "dataset_group": "lower_danube_below_375",
        "needs_manual_review": true,
        "id": "STU-SENS-GROAPA-CATARGULUI-PLUTON-MM-67-685",
        "layer": "fast2_sturgeons_sensitive_protection_lower_danube",
        "habitat_type": "sensitive_protection",
        "label_ro": "Zonă sensibilă sturioni / protecție",
        "name_ro": "Groapa Catargului și Pluton",
        "river_unit": "marine_mile",
        "mm_start": 68.5,
        "mm_end": 67,
        "approx_rkm_start": 126.9,
        "approx_rkm_end": 124.1,
        "bank_side": "both_or_use_marine_mile_geometry",
        "substrate_ro": "zonă oficială sensibilă pentru sturioni",
        "evidence_ro": "zonă menționată în acte normative pentru capturare în stare vie / scop științific",
        "confidence_ro": "ridicată pentru sensibilitate; nu marca drept reproducere confirmată",
        "popup_priority": "ridicată",
        "related_fast_pc": [],
        "source": "Set intern Lower Danube + puncte AFDJ",
        "geometry_method": "bank_points_corridor",
        "positioning_method": "marine_mile_geometry",
        "interpolation_used": true,
        "hectometric_points_used": false,
        "source_km_values": [
          69,
          68,
          67
        ]
      },
      "geometry": {
        "type": "Polygon",
        "coordinates": [
          [
            [
              28.283860661000002,
              45.437258922000005
            ],
            [
              28.284382062800002,
              45.435969559600004
            ],
            [
              28.2849034646,
              45.4346801972
            ],
            [
              28.2854248664,
              45.4333908348
            ],
            [
              28.2859462682,
              45.4321014724
            ],
            [
              28.28646767,
              45.430812110000005
            ],
            [
              28.286305946,
              45.4290646624
            ],
            [
              28.286144221999997,
              45.4273172148
            ],
            [
              28.285982498,
              45.4255697672
            ],
            [
              28.285820773999998,
              45.4238223196
            ],
            [
              28.28565905,
              45.422074872
            ],
            [
              28.285497325999998,
              45.4203274244
            ],
            [
              28.285335601999996,
              45.4185799768
            ],
            [
              28.285173878,
              45.4168325292
            ],
            [
              28.285012153999997,
              45.4150850816
            ],
            [
              28.28485043,
              45.413337634
            ],
            [
              28.28206787,
              45.413422466
            ],
            [
              28.282274425999997,
              45.4151360384
            ],
            [
              28.282480982,
              45.4168496108
            ],
            [
              28.282687537999998,
              45.4185631832
            ],
            [
              28.282894094,
              45.4202767556
            ],
            [
              28.28310065,
              45.421990328
            ],
            [
              28.283307206,
              45.4237039004
            ],
            [
              28.283513762000002,
              45.4254174728
            ],
            [
              28.283720318,
              45.4271310452
            ],
            [
              28.283926874,
              45.4288446176
            ],
            [
              28.284133429999997,
              45.43055819
            ],
            [
              28.2835321018,
              45.4318164676
            ],
            [
              28.2829307736,
              45.4330747452
            ],
            [
              28.2823294454,
              45.4343330228
            ],
            [
              28.2817281172,
              45.4355913004
            ],
            [
              28.281126789,
              45.436849578
            ],
            [
              28.283860661000002,
              45.437258922000005
            ]
          ]
        ]
      }
    },
    {
      "type": "Feature",
      "properties": {
        "dataset_group": "lower_danube_below_375",
        "needs_manual_review": true,
        "id": "STU-FEED-NURSERY-309",
        "layer": "fast2_sturgeons_feeding_yoy",
        "habitat_type": "feeding_yoy",
        "label_ro": "Hrănire / nursery juvenili sturioni",
        "name_ro": "Dunăre km 309",
        "rkm_start": 309.5,
        "rkm_end": 308.5,
        "original_position": "Dunăre km 309",
        "bank_side": "both_or_nearest_nursery_bank",
        "substrate_ro": "habitat nursery / YOY",
        "evidence_ro": "zonă indicată ca nursery pentru juvenili",
        "confidence_ro": "ridicată",
        "popup_priority": "ridicată",
        "related_fast_pc": [],
        "source": "Set intern Lower Danube + puncte AFDJ",
        "geometry_method": "bank_points_corridor",
        "interpolation_used": true,
        "hectometric_points_used": false,
        "source_km_values": [
          310,
          309,
          308
        ]
      },
      "geometry": {
        "type": "Polygon",
        "coordinates": [
          [
            [
              27.964296956,
              44.274001524
            ],
            [
              27.965020852,
              44.27501512
            ],
            [
              27.965744748,
              44.276028716
            ],
            [
              27.966468644,
              44.277042312
            ],
            [
              27.96719254,
              44.278055908000006
            ],
            [
              27.967916436,
              44.279069504
            ],
            [
              27.968336181999998,
              44.2798404408
            ],
            [
              27.968755928,
              44.280611377599996
            ],
            [
              27.969175674,
              44.2813823144
            ],
            [
              27.969595419999997,
              44.2821532512
            ],
            [
              27.970015165999996,
              44.282924188
            ],
            [
              27.971716494,
              44.282315676
            ],
            [
              27.971295752799996,
              44.2815012576
            ],
            [
              27.9708750116,
              44.2806868392
            ],
            [
              27.970454270399998,
              44.2798724208
            ],
            [
              27.9700335292,
              44.2790580024
            ],
            [
              27.969612788,
              44.278243584
            ],
            [
              27.96880766,
              44.277222372000004
            ],
            [
              27.968002532,
              44.27620116
            ],
            [
              27.967197404,
              44.275179948
            ],
            [
              27.966392275999997,
              44.274158736000004
            ],
            [
              27.965587148,
              44.273137524
            ],
            [
              27.964296956,
              44.274001524
            ]
          ]
        ]
      }
    },
    {
      "type": "Feature",
      "properties": {
        "dataset_group": "lower_danube_below_375",
        "needs_manual_review": true,
        "id": "STU-FEED-NURSERY-123",
        "layer": "fast2_sturgeons_feeding_yoy",
        "habitat_type": "feeding_yoy",
        "label_ro": "Hrănire / nursery juvenili sturioni",
        "name_ro": "Dunăre km 123",
        "rkm_start": 123.5,
        "rkm_end": 122.5,
        "original_position": "Dunăre km 123",
        "bank_side": "both_or_nearest_nursery_bank",
        "substrate_ro": "habitat nursery / juvenili",
        "evidence_ro": "capturi juvenili / conținut stomacal menționat în materialul DDNI",
        "confidence_ro": "ridicată",
        "popup_priority": "ridicată",
        "related_fast_pc": [],
        "source": "Set intern Lower Danube + puncte AFDJ",
        "geometry_method": "manual_review_needed",
        "positioning_method": "scaled_rkm_reference_centerline",
        "interpolation_used": true,
        "hectometric_points_used": false,
        "source_km_values": [
          124.6,
          122.7,
          120.6
        ]
      },
      "geometry": {
        "type": "Polygon",
        "coordinates": [
          [
            [
              28.285827728944344,
              45.40346885600096
            ],
            [
              28.285723139470658,
              45.402573361264125
            ],
            [
              28.285618549996975,
              45.40167786652728
            ],
            [
              28.28551396052329,
              45.40078237179044
            ],
            [
              28.285409371049607,
              45.399886877053596
            ],
            [
              28.28530478157592,
              45.39899138231676
            ],
            [
              28.285200192102238,
              45.39809588757991
            ],
            [
              28.28509560262855,
              45.397200392843075
            ],
            [
              28.284863195570445,
              45.39719807933745
            ],
            [
              28.285192362840043,
              45.397130277027564
            ],
            [
              28.285970724744807,
              45.396434572265655
            ],
            [
              28.28361772287424,
              45.39380200868673
            ],
            [
              28.282839360969476,
              45.39449771344864
            ],
            [
              28.281611804429552,
              45.395821320662556
            ],
            [
              28.28158857631881,
              45.39760999663062
            ],
            [
              28.281693165792497,
              45.39850549136746
            ],
            [
              28.28179775526618,
              45.399400986104304
            ],
            [
              28.281902344739866,
              45.40029648084114
            ],
            [
              28.28200693421355,
              45.40119197557799
            ],
            [
              28.282111523687234,
              45.402087470314825
            ],
            [
              28.282216113160917,
              45.40298296505167
            ],
            [
              28.282320702634603,
              45.40387845978851
            ],
            [
              28.285827728944344,
              45.40346885600096
            ]
          ]
        ]
      }
    },
    {
      "type": "Feature",
      "properties": {
        "dataset_group": "lower_danube_below_375",
        "needs_manual_review": true,
        "id": "STU-WIN-BORCEA-49",
        "layer": "fast2_sturgeons_wintering_refuge",
        "habitat_type": "wintering_refuge",
        "label_ro": "Iernare / refugiu sturioni",
        "name_ro": "Brațul Borcea km 49",
        "branch": "Borcea",
        "rkm_start": 49.5,
        "rkm_end": 48.5,
        "original_position": "Brațul Borcea km 49",
        "bank_side": "both_or_branch_corridor",
        "substrate_ro": "zonă adâncă / habitat de iernare",
        "evidence_ro": "batimetrie 3D / habitat de iernare indicat în materialul DDNI",
        "confidence_ro": "ridicată",
        "popup_priority": "ridicată",
        "related_fast_pc": [],
        "source": "Set intern Lower Danube + puncte AFDJ",
        "geometry_method": "bank_and_fairway_corridor",
        "positioning_method": "branch_km_geometry",
        "interpolation_used": true,
        "hectometric_points_used": true,
        "source_km_values": [
          50,
          49,
          48
        ]
      },
      "geometry": {
        "type": "Polygon",
        "coordinates": [
          [
            [
              27.798813752791563,
              44.33340463374526
            ],
            [
              27.799900412791565,
              44.33411879374526
            ],
            [
              27.800987072791575,
              44.33483295374526
            ],
            [
              27.802073732791573,
              44.33554711374526
            ],
            [
              27.80316039279157,
              44.33626127374526
            ],
            [
              27.80508315022381,
              44.33739145578594
            ],
            [
              27.80729294898977,
              44.337736229417466
            ],
            [
              27.80860723898977,
              44.33787674941746
            ],
            [
              27.809921528989758,
              44.33801726941746
            ],
            [
              27.811235818989758,
              44.338157789417465
            ],
            [
              27.812550108989758,
              44.33829830941747
            ],
            [
              27.813381391010243,
              44.33052329058253
            ],
            [
              27.812067101010243,
              44.33038277058253
            ],
            [
              27.810752811010243,
              44.33024225058253
            ],
            [
              27.809438521010232,
              44.33010173058253
            ],
            [
              27.808124231010233,
              44.32996121058253
            ],
            [
              27.807705449776194,
              44.33002494421405
            ],
            [
              27.807454887208436,
              44.32972680625473
            ],
            [
              27.806368227208427,
              44.32901264625473
            ],
            [
              27.80528156720843,
              44.32829848625474
            ],
            [
              27.804194907208434,
              44.32758432625474
            ],
            [
              27.80310824720844,
              44.326870166254736
            ],
            [
              27.798813752791563,
              44.33340463374526
            ]
          ]
        ]
      }
    },
    {
      "type": "Feature",
      "properties": {
        "dataset_group": "lower_danube_below_375",
        "needs_manual_review": true,
        "id": "STU-WIN-BALA-7-7",
        "layer": "fast2_sturgeons_wintering_refuge",
        "habitat_type": "wintering_refuge",
        "label_ro": "Iernare / refugiu sturioni",
        "name_ro": "Brațul Bala km 7,7",
        "branch": "Bala",
        "rkm_start": 8,
        "rkm_end": 7.4,
        "original_position": "Brațul Bala km 7,7",
        "bank_side": "both_or_branch_corridor",
        "substrate_ro": "zonă adâncă / habitat de iernare",
        "evidence_ro": "batimetrie 3D / habitat de iernare indicat în materialul DDNI",
        "confidence_ro": "ridicată",
        "popup_priority": "ridicată",
        "related_fast_pc": [],
        "source": "Set intern Lower Danube + puncte AFDJ",
        "geometry_method": "manual_review_needed",
        "positioning_method": "branch_km_geometry",
        "interpolation_used": false,
        "hectometric_points_used": true,
        "source_km_values": [
          8,
          7.9,
          7.8,
          7.7,
          7.6,
          7.5,
          7.4
        ]
      },
      "geometry": {
        "type": "Polygon",
        "coordinates": [
          [
            [
              28.59215055690197,
              44.27744499140751
            ],
            [
              28.59303066651094,
              44.278082698369765
            ],
            [
              28.593910889381828,
              44.278720414939414
            ],
            [
              28.59479108938183,
              44.27935801493941
            ],
            [
              28.595675125808405,
              44.279998462915046
            ],
            [
              28.59657948754641,
              44.28062454336495
            ],
            [
              28.597482197826828,
              44.28124642635272
            ],
            [
              28.59798100217317,
              44.28052237364727
            ],
            [
              28.59707911245359,
              44.279901056635055
            ],
            [
              28.596183274191596,
              44.27928093708495
            ],
            [
              28.59530691061817,
              44.278645985060585
            ],
            [
              28.59442671061817,
              44.27800838506059
            ],
            [
              28.59354653348906,
              44.27737070163024
            ],
            [
              28.592666443098032,
              44.27673300859248
            ],
            [
              28.59215055690197,
              44.27744499140751
            ]
          ]
        ]
      }
    }
  ]
}
